english,lunyoro
"[GENERAL_PRON] who, of, these, for",aba
[GENERAL_NOUN] someone's relatives,abaanyu
[GENERAL_VERB] to rise quick ly,abuuka
"[GENERAL_VERB] to undo, unfasten",abuurra
[GENERAL_NOUN] sub county chiefs,abagomborozi
[GENERAL_NOUN] mine,abange
[GENERAL_NOUN] county chiefs,abamasaza
[GENERAL_NOUN] sub-parish chiefs,abatongole
[GENERAL_NOUN] parish chiefs,abemiruka
[GENERAL_NOUN] mine,agange
[GENERAL_NOUN] he who relieves distress,agutamba
[GENERAL_VERB] to thin out seedlings,aguurra
"[GENERAL_ADV] adv., out, outside",aheeru
[GENERAL_NOUN] wait for,aheeru ya
[GENERAL_NOUN] there,aho
"[GENERAL_NOUN] immediately, at once",abonaaho
"[GENERAL_VERB] to separate, divide, differentiate",ahukaniza
[GENERAL_NOUN] entrust with,ahuza
[GENERAL_VERB] to part from,abukana
[GENERAL_ADV] at that very moment,ahonaaho
[COMMON_ANIMALS_NOUN] squirrel,akaamuje
[COMMON_ANIMALS_NOUN_PLURAL] squirrels,utuamuje
[GENERAL_NOUN] indicating sequence of events,ahanyima
[COMMON_ANIMALS_NOUN] eagle,akabbarama
[COMMON_ANIMALS_NOUN_PLURAL] eagles,utubbarama
"[GENERAL_NOUN] force,compulsion",akagemo
"[GENERAL_NOUN_PLURAL] force,compulsions",utugemo
[GENERAL_ADV] up in the sky,akaabunga
"[GENERAL_NOUN] razor blade,shaving blade",akagirita
"[GENERAL_NOUN_PLURAL] razor blade,shaving blades",utugirita
[GENERAL_NOUN] win in a game,akagobo
[GENERAL_NOUN_PLURAL] win in a games,utugobo
[GENERAL_NOUN] shortest period of time,akaanya
[GENERAL_NOUN_PLURAL] shortest period of times,utuanya
[GENERAL_NOUN] a type of swamp,akaaya
[GENERAL_NOUN_PLURAL] type of swamps,utuaya
[COMMON_ANIMALS_NOUN] a small caterpillar,akababa-bahiigi
[COMMON_ANIMALS_NOUN_PLURAL] small caterpillars,utubaba-bahiigi
[GENERAL_NOUN] nice scent,akahooho
[GENERAL_NOUN_PLURAL] nice scents,utuhooho
[GENERAL_NOUN] initial stage of flowering,akababagazi
[GENERAL_NOUN_PLURAL] initial stage of flowerings,utubabagazi
[GENERAL_NOUN] silence due to suprise,akahuno
[GENERAL_NOUN_PLURAL] silence due to suprises,utuhuno
[COMMON_ANIMALS_NOUN] small lizard-like animal,akahuuhirizi
[COMMON_ANIMALS_NOUN_PLURAL] small lizard-like animals,utuhuuhirizi
[GENERAL_NOUN] hymen: vagina membrane,akabubi
[GENERAL_NOUN_PLURAL] hymen: vagina membranes,utububi
[GENERAL_NOUN] end of breastbone,akaimeeme
[GENERAL_NOUN_PLURAL] end of breastbones,utuimeeme
[GENERAL_NOUN] hillock: small hill,akaburyo
[GENERAL_NOUN_PLURAL] hillock: small hills,utuburyo
[COMMON_ANIMALS_NOUN] sparrow-hawk,akaca
[COMMON_ANIMALS_NOUN_PLURAL] sparrow-hawks,utuca
[GENERAL_NOUN] weasel,akakorwa
[GENERAL_NOUN_PLURAL] weasels,utukorwa
[GENERAL_NOUN] rags:an old torn cloth,akacancabari
[GENERAL_NOUN_PLURAL] rags:an old torn cloths,utucancabari
[GENERAL_NOUN] a sieve,akacencuzo
[GENERAL_NOUN_PLURAL] sieves,utucencuzo
[GENERAL_NOUN] blemish,akacookore
[GENERAL_NOUN_PLURAL] blemishes,utucookore
[GENERAL_NOUN] a very old cloth,akacuju
[GENERAL_NOUN_PLURAL] very old cloths,utucuju
"[GENERAL_NOUN] hole,small",akaina
"[GENERAL_NOUN_PLURAL] hole,smalls",utuina
[COMMON_ANIMALS_NOUN] bat: a flying mammal,akacurama
[COMMON_ANIMALS_NOUN_PLURAL] bat: a flying mammals,utucurama
[GENERAL_NOUN] penis,akacwa mabunu
[GENERAL_NOUN_PLURAL] penises,utucwa mabunu
[COMMON_ANIMALS_NOUN] a type of snake,akacwa-mburara
[COMMON_ANIMALS_NOUN_PLURAL] type of snakes,utucwa-mburara
[GENERAL_NOUN] something done excessively,akacwano
[GENERAL_NOUN_PLURAL] something done excessivelies,utucwano
[GENERAL_NOUN] pail or bucket,akadobo
[GENERAL_NOUN_PLURAL] pail or buckets,utudobo
[GENERAL_NOUN] cyperus papyrus,akafunjo
[GENERAL_NOUN_PLURAL] cyperus papyruses,utufunjo
[GENERAL_NOUN] darkness,akairima
[GENERAL_NOUN_PLURAL] darknesses,utuirima
[NATURE_AND_ENVIRONMENT_NOUN] whirlwind,akairiringwa
[NATURE_AND_ENVIRONMENT_NOUN_PLURAL] whirlwinds,utuiriringwa
[GENERAL_NOUN] bungle: a bracelet,akagoroda
[GENERAL_NOUN_PLURAL] bungle: a bracelets,utugoroda
[GENERAL_NOUN] calamity: unexpected bad situation,akagwe
[GENERAL_NOUN_PLURAL] calamity: unexpected bad situations,utugwe
"[GENERAL_NOUN] twilight,dusk",akairirizi
"[GENERAL_NOUN_PLURAL] twilight,dusks",utuiririzi
[COMMON_ANIMALS_NOUN] . a brownish grasshopper,akagenda-kahiire
[COMMON_ANIMALS_NOUN_PLURAL] . a brownish grasshoppers,utugenda-kahiire
[GENERAL_NOUN] chaos,akairukairukaine
[GENERAL_NOUN_PLURAL] chaoses,utuirukairukaine
[GENERAL_NOUN] competetion for something,akahatano
[GENERAL_NOUN_PLURAL] competetion for somethings,utuhatano
[GENERAL_NOUN] hiccup,akaisikina
[GENERAL_NOUN_PLURAL] hiccups,utuisikina
[GENERAL_NOUN] clitoris,akahimba
[GENERAL_NOUN_PLURAL] clitorises,utuhimba
[COMMON_ANIMALS_NOUN] a small moth,akahoiho
[COMMON_ANIMALS_NOUN_PLURAL] small moths,utuhoiho
[GENERAL_NOUN] hiccup,akaisikondo
[GENERAL_NOUN_PLURAL] hiccups,utuisikondo
[GENERAL_NOUN] a state of confusion,akahuna
[GENERAL_NOUN_PLURAL] state of confusions,utuhuna
[COMMON_ANIMALS_NOUN] a small flying termite,akahungabeebe
[COMMON_ANIMALS_NOUN_PLURAL] small flying termites,utuhungabeebe
[GENERAL_NOUN] contempt,akajoogo
[GENERAL_NOUN_PLURAL] contempts,utujoogo
[GENERAL_NOUN] a pen cover,akajugo
[GENERAL_NOUN_PLURAL] pen covers,utujugo
[GENERAL_NOUN] stench: an unpleasant smell,akajunde
[GENERAL_NOUN_PLURAL] stench: an unpleasant smells,utujunde
[GENERAL_NOUN] a small hillock,akakiro
[GENERAL_NOUN_PLURAL] small hillocks,utukiro
[GENERAL_NOUN] dizziness,akaizigorro
[GENERAL_NOUN_PLURAL] dizzinesses,utuizigorro
[GENERAL_NOUN] a muddy area,akajabago
[GENERAL_NOUN_PLURAL] muddy areas,utujabago
[GENERAL_NOUN] sweet taste,akanuriirizi
[GENERAL_NOUN_PLURAL] sweet tastes,utunuriirizi
[GENERAL_NOUN] over excitement,akajabirro
[GENERAL_NOUN_PLURAL] over excitements,utujabirro
[GENERAL_NOUN] commotion,akajagarro
[GENERAL_NOUN_PLURAL] commotions,utujagarro
"[GENERAL_VERB] to level, flat",aliirra
[GENERAL_VERB] to spread for,aJiirra
[GENERAL_VERB] to come,alika
[GENERAL_NOUN] diamond,alimansr
[GENERAL_VERB] to get started,akya
[GENERAL_NOUN] passion for roaming,akajaiko
[GENERAL_NOUN_PLURAL] passion for roamings,utujaiko
[COMMON_ANIMALS_NOUN] small or beautiful cat,akajangu
[COMMON_ANIMALS_NOUN_PLURAL] small or beautiful cats,utujangu
[GENERAL_NOUN] nut grass,akanyamukara
[GENERAL_NOUN_PLURAL] nut grasses,utunyamukara
[GENERAL_NOUN] superficial behaviour,akajanja
[GENERAL_NOUN_PLURAL] superficial behaviours,utujanja
[GENERAL_NOUN] dung maggot,akanyamukira
[GENERAL_NOUN_PLURAL] dung maggots,utunyamukira
[COMMON_ANIMALS_NOUN] a fresh fried grasshopper,akanyamuniini
[COMMON_ANIMALS_NOUN_PLURAL] fresh fried grasshoppers,utunyamuniini
[GENERAL_NOUN] small snail,akanyamuntinda
[GENERAL_NOUN_PLURAL] small snails,utunyamuntinda
[ART_AND_ENTERTAINMENT_NOUN] flute: a musical instrument,akanyamurera
[ART_AND_ENTERTAINMENT_NOUN_PLURAL] flute: a musical instruments,utunyamurera
[COMMON_ANIMALS_NOUN] squirrel,akanyamwenyi
[COMMON_ANIMALS_NOUN_PLURAL] squirrels,utunyamwenyi
[GENERAL_NOUN] an undeveloped banana,akanyancooni
[GENERAL_NOUN_PLURAL] undeveloped bananas,utunyancooni
"[GENERAL_VERB] to exercise, remove evil",ambuurra
[GENERAL_VERB] to call a bud,amiirra
[GENERAL_VERB] to shout at,amira
[GENERAL_NOUN] continuous disturbance or provocation,akanyoomoozano
[GENERAL_NOUN_PLURAL] continuous disturbance or provocations,utunyoomoozano
[NATURE_AND_ENVIRONMENT_NOUN] shrub eaten by goats,akanyuunyarume
[NATURE_AND_ENVIRONMENT_NOUN_PLURAL] shrub eaten by goatses,utunyuunyarume
[GENERAL_NOUN] : hyphen,akanywanisa
[GENERAL_NOUN_PLURAL] : hyphens,utunywanisa
[GENERAL_NOUN] :a very tight cloth,akanywero
[GENERAL_NOUN_PLURAL] :a very tight cloths,utunywero
[GENERAL_NOUN] :mustard seed,akaradaari
[GENERAL_NOUN_PLURAL] :mustard seeds,uturadaari
[GENERAL_NOUN] :inherited trait,akaragwa
[GENERAL_NOUN_PLURAL] :inherited traits,uturagwa
[GENERAL_NOUN] :inherited character or trait,akarande
[GENERAL_NOUN_PLURAL] :inherited character or traits,uturande
[GENERAL_NOUN] :a slunderous utterance,akarebure
[GENERAL_NOUN_PLURAL] :a slunderous utterances,uturebure
[GENERAL_NOUN] : a steep slope,akarengutuko
[GENERAL_NOUN_PLURAL] : a steep slopes,uturengutuko
[GENERAL_NOUN] :sarcasm,akarenzyo
[GENERAL_NOUN_PLURAL] :sarcasms,uturenzyo
[GENERAL_NOUN] :lust for sex,akari
[GENERAL_NOUN_PLURAL] :lust for sexes,uturi
[GENERAL_VERB] to scratch the body,agura
[GENERAL_NOUN] :peer pressure,akariibe
[GENERAL_NOUN_PLURAL] :peer pressures,uturiibe
[GENERAL_NOUN] :lineage,akarondo
[GENERAL_NOUN_PLURAL] :lineages,uturondo
"[GENERAL_NOUN] :something good, or beautiful",akarungi
"[GENERAL_NOUN_PLURAL] :something good, or beautifuls",uturungi
[HEALTH_AND_MEDICINE_NOUN] :a clinic,akarwariro
[HEALTH_AND_MEDICINE_NOUN_PLURAL] :a clinics,uturwariro
[GENERAL_NOUN] :.a steep slope,akashuumo
[GENERAL_NOUN_PLURAL] :.a steep slopes,utushuumo
[TRANSPORT_NOUN] :valve for a tyre,akatima
[TRANSPORT_NOUN_PLURAL] :valve for a tyres,ututima
[GENERAL_NOUN] :a small hut,akatindi
[GENERAL_NOUN_PLURAL] :a small huts,ututindi
[GENERAL_NOUN] :a sloppy place,akasintsimuko
[GENERAL_NOUN_PLURAL] :a sloppy places,utusintsimuko
"[GENERAL_NOUN] slope, descent",akasirimuko
"[GENERAL_NOUN_PLURAL] slope, descents",utusirimuko
[GENERAL_NOUN] :plastic sheeting,akaveera
[GENERAL_NOUN_PLURAL] :plastic sheetings,utuveera
[GENERAL_NOUN] :God in Islamic religion,arrah
[GENERAL_NOUN] :beer: an alcoholic drink,amaarwa
[COMMON_ANIMALS_NOUN] : dog teats,amabwabwa
[GENERAL_NOUN] :being stylish,amadaraka
[ECONOMICS_AND_COMMERCE_NOUN] :Rwandese currency,amafaranga
[GENERAL_NOUN] : hospitable people,amafura
[GENERAL_NOUN] :spots,amagondo
"[GENERAL_NOUN] :conflicts, intrigues, etc",amahaane
[GENERAL_NOUN] :first leaves of beans,amakatyo
[GENERAL_NOUN] ish scales,amakoora
[GENERAL_NOUN] undiluted banana juice.),amakuuta
[GENERAL_NOUN] neighbouring countries),amakuute
[GENERAL_NOUN] a hearty laugh,amakwenkwe
[GENERAL_NOUN] sunflower),amakyandara
[GENERAL_NOUN] germinated plants,amamera
[GENERAL_NOUN] pelvic bones,amanyaanya
[GENERAL_NOUN] rays of the sun,amaranzi
[GENERAL_NOUN] sweating profusely,amaringa-ngingo
[GENERAL_NOUN] type of beads,amarira ga Yubu
[GENERAL_NOUN] water;cold water,amaruhuura-ngingo
"[GENERAL_NOUN] nothing, emptiness",amasa
[GENERAL_NOUN] .dry banana leaves,amasansa
[TECHNOLOGY_NOUN] . electricity,amasanyarazi
[GENERAL_NOUN] breastmilk,amasereka
[COMMON_ANIMALS_NOUN] . a cat's dung,amasobe
[GENERAL_NOUN] bird's droppings,amasokorindo
[GENERAL_NOUN] fresh milk,amasununu
[GENERAL_NOUN] burns,amasya
[GENERAL_NOUN] hot water,amasoso
[GENERAL_NOUN] a road junction,amataane
"[GENERAL_NOUN] steps, or staircases",amatembezo
[GENERAL_NOUN] shelves,amaterekero
[GENERAL_NOUN] dots or spots,amatone
"[GENERAL_NOUN] expectancy, suspense, uncertaint",amasiko
[GENERAL_NOUN] identical twins,amayangi
[GENERAL_NOUN] dancing styles,amazina
[GENERAL_NOUN] no: a negative response,apaana
[GENERAL_NOUN] precious stone,arimansi
[GENERAL_NOUN] Ascension Day,asensiyo
[GENERAL_NOUN] no: a negative response,aswihi
[CHEMISTRY_NOUN] acid,asidi
[GENERAL_NOUN] small hut,akaju k'ekifuuha
[GENERAL_NOUN_PLURAL] small huts,utuju k'ekifuuha
[MATHEMATICS_NOUN] one million,akakaikuru
[MATHEMATICS_NOUN_PLURAL] one millions,utukaikuru
[GENERAL_NOUN] a sieve,akakekeeyo
[GENERAL_NOUN_PLURAL] sieves,utukekeeyo
[GENERAL_NOUN] heel,akakongoijo
[GENERAL_NOUN_PLURAL] heels,utukongoijo
[GENERAL_NOUN] slope,akakonkomoko
[GENERAL_NOUN_PLURAL] slopes,utukonkomoko
[GENERAL_NOUN] apostrophe,akakunukizi
[GENERAL_NOUN_PLURAL] apostrophes,utukunukizi
[NATURE_AND_ENVIRONMENT_NOUN] a creeping plant,akakwatango
[NATURE_AND_ENVIRONMENT_NOUN_PLURAL] creeping plants,utukwatango
[GENERAL_NOUN] a careless talk,akalebule
[GENERAL_NOUN_PLURAL] careless talks,utulebule
[GENERAL_NOUN] difficult times,akalebulebu
[GENERAL_NOUN_PLURAL] difficult timeses,utulebulebu
[GENERAL_NOUN] some peace,akaleecu
[GENERAL_NOUN_PLURAL] some peaces,utuleecu
[GENERAL_NOUN] small packet,akalegete
[GENERAL_NOUN_PLURAL] small packets,utulegete
[GENERAL_NOUN] chin,akaleju
[GENERAL_NOUN_PLURAL] chins,utuleju
[GENERAL_NOUN] thin leg,akalenge
[GENERAL_NOUN_PLURAL] thin legs,utulenge
"[GENERAL_NOUN] pail,bucket",akarobo
"[GENERAL_NOUN_PLURAL] pail,buckets",uturobo
[GENERAL_NOUN] tangerine,akamaganda
[GENERAL_NOUN_PLURAL] tangerines,utumaganda
[GENERAL_NOUN] sign,akamanyiso
[GENERAL_NOUN_PLURAL] signs,utumanyiso
[COMMON_ANIMALS_NOUN] hare,akame
[COMMON_ANIMALS_NOUN_PLURAL] hares,utume
"[GENERAL_NOUN] stool,lockable desk",akameeza
"[GENERAL_NOUN_PLURAL] stool,lockable desks",utumeeza
"[GENERAL_NOUN] a mark,a scar",akamogo
"[GENERAL_NOUN_PLURAL] mark,a scars",utumogo
[COMMON_ANIMALS_NOUN] a chick-bone,akanenero
[COMMON_ANIMALS_NOUN_PLURAL] chick-bones,utunenero
[GENERAL_NOUN] finely ground millet flour,akaniini
[GENERAL_NOUN_PLURAL] finely ground millet flours,utuniini
[GENERAL_NOUN] mouth,akanwa
[GENERAL_NOUN_PLURAL] mouths,utunwa
[COMMON_ANIMALS_NOUN] tortoise,akanyamankogoto
[COMMON_ANIMALS_NOUN_PLURAL] tortoises,utunyamankogoto
"[GENERAL_NOUN] tumult, uproar",akanyamuryaine
"[GENERAL_NOUN_PLURAL] tumult, uproars",utunyamuryaine
[GENERAL_NOUN] type of mushroom,akanyanaka
[GENERAL_NOUN_PLURAL] type of mushrooms,utunyanaka
[GENERAL_NOUN] small white mushroom,akanyansooro
[GENERAL_NOUN_PLURAL] small white mushrooms,utunyansooro
[GENERAL_NOUN] yellow oxalis,akanyuunyambuzi
[GENERAL_NOUN_PLURAL] yellow oxalises,utunyuunyambuzi
"[GENERAL_NOUN] small ball, condom",akapiira
"[GENERAL_NOUN_PLURAL] small ball, condoms",utupiira
[COMMON_ANIMALS_NOUN] chameleon,akapimpina
[COMMON_ANIMALS_NOUN_PLURAL] chameleons,utupimpina
[GENERAL_NOUN] misfortune curse grumbling,empipina /enyapimpina
[GENERAL_NOUN] trait of weakness,akaronkoronko
[GENERAL_NOUN_PLURAL] trait of weaknesses,uturonkoronko
"[GENERAL_NOUN] sign, symbol",akarorwaho
"[GENERAL_NOUN_PLURAL] sign, symbols",uturorwaho
[GENERAL_NOUN] tiny biting fly,akarumanfuuzi
[GENERAL_NOUN_PLURAL] tiny biting flies,uturumanfuuzi
[GENERAL_NOUN] a comma,akasale
[GENERAL_NOUN_PLURAL] commas,utusale
"[GENERAL_NOUN] comb, hair brush",akasanuruzo
"[GENERAL_NOUN_PLURAL] comb, hair brushes",utusanuruzo
"[GENERAL_NOUN] danger, difficulty",akasarre
"[GENERAL_NOUN_PLURAL] danger, difficulties",utusarre
"[GENERAL_NOUN] greatcommotion, confusion",akasasamaro
"[GENERAL_NOUN_PLURAL] greatcommotion, confusions",utusasamaro
[GENERAL_NOUN] shaker,akasekende
[GENERAL_NOUN_PLURAL] shakers,utusekende
[GENERAL_NOUN] seed,akasigo
[GENERAL_NOUN_PLURAL] seeds,utusigo
[GENERAL_NOUN] complete darkness,akasiira
[GENERAL_NOUN_PLURAL] complete darknesses,utusiira
[GENERAL_NOUN] make shift hut,akasiisira
[GENERAL_NOUN_PLURAL] make shift huts,utusiisira
[GENERAL_NOUN] epiglottis,akasondaburo
[GENERAL_NOUN_PLURAL] epiglottises,utusondaburo
[GENERAL_NOUN] tip of a roof,akasorya
[GENERAL_NOUN_PLURAL] tip of a roofs,utusorya
[GENERAL_NOUN] tip of something,akasonga
[GENERAL_NOUN_PLURAL] tip of somethings,utusonga
"[GENERAL_NOUN] enticement, persuasion",akasoono
"[GENERAL_NOUN_PLURAL] enticement, persuasions",utusoono
[GENERAL_NOUN] morning sunshine,akasoonooki
[GENERAL_NOUN_PLURAL] morning sunshines,utusoonooki
"[GENERAL_NOUN] time, season",akasumi
"[GENERAL_NOUN_PLURAL] time, seasons",utusumi
[GENERAL_NOUN] a straw of grass,akasungu
[GENERAL_NOUN_PLURAL] straw of grasses,utusungu
[COMMON_ANIMALS_NOUN] small anthill,akaswa
[COMMON_ANIMALS_NOUN_PLURAL] small anthills,utuswa
[COMMON_ANIMALS_NOUN] small sheep,akataama
[COMMON_ANIMALS_NOUN_PLURAL] small sheeps,ututaama
[GENERAL_NOUN] market,akatale
[GENERAL_NOUN_PLURAL] markets,ututale
[GENERAL_NOUN] handkerchief,akatambaara
[GENERAL_NOUN_PLURAL] handkerchiefs,ututambaara
[GENERAL_NOUN] newly found excitement,akatiiko
[GENERAL_NOUN_PLURAL] newly found excitements,ututiiko
"[GENERAL_NOUN] net, wire mesh",akatimba
"[GENERAL_NOUN_PLURAL] net, wire meshes",ututimba
"[GENERAL_NOUN] a thicket, small forest",akatongo
"[GENERAL_NOUN_PLURAL] thicket, small forests",ututongo
"[GENERAL_NOUN] a dot, full stop",akatoonyezi
"[GENERAL_NOUN_PLURAL] dot, full stops",ututoonyezi
[GENERAL_NOUN] small passion fruit,akatunda
[GENERAL_NOUN_PLURAL] small passion fruits,ututunda
[GENERAL_NOUN] an onion,akatunguru
[GENERAL_NOUN_PLURAL] onions,ututunguru
[GENERAL_NOUN] small mushroom,akatuzi
[GENERAL_NOUN_PLURAL] small mushrooms,ututuzi
[COMMON_ANIMALS_NOUN] squirrel,akawamuje
[COMMON_ANIMALS_NOUN_PLURAL] squirrels,utuwamuje
[GENERAL_NOUN] chronic,akazingo
[GENERAL_NOUN_PLURAL] chronics,utuzingo
[GENERAL_NOUN] uncalled for familiarity,akeemanyiizo
[GENERAL_NOUN] something for emergency,akeerinzo
[GENERAL_NOUN] alphabet,alifu
[GENERAL_NOUN] report,alipoota
"[GENERAL_NOUN] strength,authority, violence, force",amaani
[GENERAL_NOUN] stones,amabaale
[GENERAL_NOUN] shoulders,amabega
[GENERAL_NOUN] fresh air,amabeho
"[GENERAL_NOUN] reeds, elephant grass",amabingo
"[GENERAL_NOUN] savouries, delicacies",amacarya
[GENERAL_NOUN] sesame,amacande
[GENERAL_NOUN] sesame,entungo
"[HEALTH_AND_MEDICINE_NOUN] asthma, bronchitis",amacu
[GENERAL_NOUN] spears,amacumu
[GENERAL_NOUN] churned milk,amacunda
"[GENERAL_NOUN] cunning, craft, wisdom",amacwacwa
"[GENERAL_NOUN] saliva, spittle",amacwanta
"[GENERAL_NOUN] ladders, steps",amadaara
[GENERAL_NOUN] pleats,amadinda
[GENERAL_NOUN] eyes,amadoli
[GENERAL_NOUN] hemp seed,amaduli
"[GENERAL_NOUN] faeces, excrement",amafakubi
[GENERAL_NOUN] difficulty,amagaga
"[GENERAL_NOUN] hundred(100), wealth",amagana
[COMMON_ANIMALS_NOUN] urine of cattle,amaganga
[GENERAL_NOUN] grief,amaganya
"[GENERAL_NOUN] health, strength, life",amagara
[GENERAL_NOUN] overflowing grains,amagaro
[GENERAL_NOUN] return journey,amagaruka
"[GENERAL_VERB] going, an outward journey",amagenda
[GENERAL_NOUN] reaping,amagesa
[GENERAL_NOUN] wisdom,amagezi
[GENERAL_NOUN] profits,amagoba
[GENERAL_NOUN] testicles,amagosi
[GENERAL_NOUN] large granaries,amaguli
[GENERAL_NOUN] nations,amahanga
[GENERAL_NOUN] wonders,amahano
[GENERAL_NOUN] horns,amahembe
[GENERAL_NOUN] eggs,amahuli
[GENERAL_NOUN] Northwest wind,amahunge
[GENERAL_NOUN] news,amahurre
[GENERAL_NOUN] small royal drums,amahurru
[GENERAL_NOUN] intense desire,amairu
"[GENERAL_NOUN] eyes, face",amaiso
"[GENERAL_NOUN] frayed, jagged edges",amajabali
[GENERAL_NOUN] hair,amajagaate
[GENERAL_VERB] to drive from lair,ahya
"[GENERAL_NOUN] decoration, adornment, exaggerations",amajahya
[GENERAL_VERB] to tie loosely,amajenjeka
"[GENERAL_NOUN] red stitching, embroidery",amajooba
"[GENERAL_NOUN] homes, homestead",arnaka
"[GENERAL_NOUN] curdled milk, junket",amakamo
[GENERAL_NOUN] charcoal,amakara
"[GENERAL_VERB] to answer, reply",akiirra
[GENERAL_NOUN] fat cheeks,amakebe
[GENERAL_NOUN] waist,amakendu
[GENERAL_NOUN] wild strawbberries,amakerre
[GENERAL_NOUN] round shoulders,amakooti
[GENERAL_NOUN] hospitality,amakune
[GENERAL_NOUN] in footmall,amakuura
"[GENERAL_NOUN] news, meaning, sense, interpretation",amakuru
[GENERAL_NOUN] short cut,amakutu
[GENERAL_NOUN] round shoulders,amakuuma
[GENERAL_NOUN] rudeness,amakuumuule
[GENERAL_NOUN] water lilies,amalebe
[GENERAL_NOUN] fern,amalere
"[GENERAL_NOUN] over doing, exaggeration",amaligisa
"[GENERAL_NOUN] cunning, craft",amaryo
"[TRANSPORT_NOUN] ford, landing site",amambukiro
[GENERAL_VERB] to be exhausted,andabana
"[GENERAL_VERB] to scatter, exhaust",andakaraza
[GENERAL_NOUN] old mines,amanambo
[GENERAL_NOUN] truth,amananu
"[GENERAL_NOUN] hot charcoal, coals, charcoal",amanda
[HEALTH_AND_MEDICINE_NOUN] mumps,amanduguya
[GENERAL_NOUN] armpits,amankwaha
[GENERAL_NOUN] tunnels made by termites,amanogo
[GENERAL_NOUN] claws of an animal,amanono
[GENERAL_NOUN] semen,amanyaali
"[GENERAL_NOUN] damp , cold",amanyazi
[GENERAL_NOUN] cartridge bolt,amanzamba
"[GENERAL_NOUN] bowels, small intenstines",atnara
"[GENERAL_NOUN] voices, throat, larynx",amaraka
"[GENERAL_NOUN] squint, cross-eyes",amarali
[GENERAL_VERB] to be left friendless,angaarra
[GENERAL_NOUN] divorce,angana
[GENERAL_VERB] to bate each other,angangana
[GENERAL_VERB] to shine,angasana
[GENERAL_VERB] to be quick,anguha
"[GENERAL_VERB] to hasten , accelerate",anguhya
[GENERAL_VERB] to dry slowly,aoikiriza
"[GENERAL_VERB] to make, to bear(fruit)",anisa
[GENERAL_VERB] to spread out,anjara
"[GENERAL_VERB] to be lascivious, licentious",anjuka
"[GENERAL_VERB] to make lascivious, licentious",anjura
[GENERAL_NOUN] forge,anjurukuka
[GENERAL_VERB] to open (book),anjuurra
"[GENERAL_VERB] to question deceitifully, provoke",araara
[GENERAL_VERB] to be level,arra
"[GENERAL_VERB] to be spread, furnished",anva
[GENERAL_VERB] to open (of mouth),asama
"[GENERAL_VERB] to crush, pound",atangura
[GENERAL_VERB] to hatch out,atira
[GENERAL_NOUN] type of lilies,amaranga
[GENERAL_NOUN] pride,amarara
[GENERAL_NOUN] scarlet seeds,amarunga
"[GENERAL_NOUN] estates, plantations",amasamba
[GENERAL_NOUN] latex of rubber tree,amasanda
"[GENERAL_NOUN] ivory, tusks",amasanga
"[GENERAL_NOUN] leafy twigs, foliage",amasanyu
[GENERAL_NOUN] sparks,amasasaazi
[GENERAL_NOUN] bullets,amasasi
"[GENERAL_NOUN] descent, slope,south",amasirimuko
[GENERAL_NOUN] top of a tree,amasorya
"[GENERAL_NOUN] loneliness, solitude",amasu
[GENERAL_NOUN] fresh milk,amasumi
[GENERAL_NOUN] whiskers,amasurubbu
[GENERAL_NOUN] raffia,amaswale
[GENERAL_NOUN] milk,amata
"[GENERAL_NOUN] harness, saddle",amatandiiko
[GENERAL_NOUN] patches,amatanga
"[GENERAL_NOUN] cross-roads, junction",amatangatangano
[GENERAL_NOUN] ladders,amatembero
[GENERAL_NOUN] ears,amatu
[GENERAL_NOUN] fungus found on trees,amatu g'abakaikuru
[GENERAL_NOUN] birthday,amazaarwa
"[GENERAL_NOUN] dung, feaces,stool",amazi
[GENERAL_NOUN] tears,amaziga
[GENERAL_NOUN] truth,amazima
[GENERAL_NOUN] sharpness,amoogi
[GENERAL_NOUN] feathers/hair,amooya
[GENERAL_NOUN] mine,ange
[GENERAL_NOUN] answer,ansa
"[GENERAL_NOUN] black, black person",arukwiragura
[GENERAL_NOUN] yours,awe
[GENERAL_VERB] to catchin the hands,baka
[GENERAL_NOUN] relatives,baabu
[GENERAL_VERB] to dig over lightly,baajura
"[GENERAL_NOUN] chorus, choir",baanuukuzi
[GENERAL_NOUN] bleached calico (best quality),bafuta
[GENERAL_VERB] speak loudly with anger,baguka
[GENERAL_NOUN] okra,baamya
"[MILITARY_NOUN] demi-god, soldier",bachwezi
[GENERAL_NOUN] they despise,bagaya
[GENERAL_NOUN] agricultural people and artisans,bahera
[GENERAL_NOUN] pastoralists,bahima
[COMMON_ANIMALS_NOUN] pastroral cow-men,bahuma
[GENERAL_NOUN] beyond expectation,bakisaagya
"[GENERAL_VERB] to seize on, catch",bakura
[GENERAL_VERB] to catch fire (house),bakwa
[GENERAL_NOUN] Monday,Baraza
"[GENERAL_VERB] to estimate, budget, calculate",barurra
[GENERAL_VERB] to be joyfu,bambagya
[GENERAL_VERB] to be squashed (soil),bambatara
[GENERAL_VERB] to squash,bambataza
[GENERAL_VERB] to fulfill,bambika
"[GENERAL_VERB] to lift up, raise",bandaatura
[GENERAL_VERB] to belp,banganira
[GENERAL_NOUN] large purple orchid,bankizaki
"[GENERAL_VERB] to count,calculate",bara
[GOVERNANCE_AND_ADMINISTRATION_NOUN] a governor,Barozi
[GENERAL_VERB] to baptize,batiza
[GENERAL_VERB] to talk,baza
[GENERAL_VERB] to sew,baziira
"[GENERAL_VERB] to be bent, warped",bbaama
"[GENERAL_VERB] to straighten, unbend",bbaamuura
"[GENERAL_VERB] to make crooked, warp",bbaamya
[GENERAL_NOUN] envelope,bbabaasa
[GENERAL_NOUN] intensive with,bbamu
[GENERAL_VERB] to come unexpectedly,bbamuka
[GENERAL_NOUN] guardians of others' flocks,banyamalindwa
[COMMON_ANIMALS_NOUN] buffalo hide,bbani
[GENERAL_NOUN] bank,bbanka
[GENERAL_VERB] to dash down,bbanura
[GENERAL_NOUN] council,bbaraza
[GENERAL_VERB] to burst,bbaruka
"[GENERAL_NOUN] pistol, revolver",bbasitooro
"[GENERAL_NOUN] flag. banner, sail",bbeeru
[GENERAL_NOUN] basin,bbeeseni
[GENERAL_NOUN] kettle,bbinika
[GENERAL_NOUN] bicycle pump,bbomba
[GENERAL_VERB] to collapse completely,bbootoka
[GENERAL_NOUN] dig deep,bbukura
[GENERAL_NOUN] roar,bbuukura
"[GENERAL_NOUN] crunch, snap",bbwarruza
[GENERAL_NOUN] relative,beene
"[GENERAL_NOUN] food, portion out",begebege
[GENERAL_NOUN] walk on heels,bembeka
[GENERAL_VERB] to talk very fast,beregesa
[GENERAL_NOUN] grave clothes,bibugo
[GENERAL_NOUN] young beans,bicoboyo
[GENERAL_NOUN] dust. rubbish,bicucuke
[GENERAL_NOUN] broth,bicwe
[GENERAL_NOUN] invited thing,bicwereriirwe
[GENERAL_NOUN] dead goats;rotten seeds,bifu
[GENERAL_NOUN] papyrus,bifunjo
[GENERAL_NOUN] entertaining conversation,bigene
[HEALTH_AND_MEDICINE_NOUN] leprosy,bigenge
[GENERAL_NOUN] hair plaited style,bigesera
"[GENERAL_NOUN] stubble, straw",bigesero
"[GENERAL_NOUN] happenings, occurrences",bigondonka
[GENERAL_NOUN] snoring,bigono
[GENERAL_NOUN] recover,bigoye
[GENERAL_NOUN] ring conn,biguuna
[GENERAL_NOUN] (used only inpl .fonn),bihaarro
[GENERAL_NOUN] dyspepsia pains,bihana
"[GENERAL_NOUN] warning, caution",bibaniirro
"[GENERAL_NOUN] rubbish, refuse",bihunda
[GENERAL_NOUN] whispered words,bihwa
"[GENERAL_VERB] to entice, seduce",biihabiiha
"[GENERAL_NOUN] bad, ugly",blibire
"[GENERAL_VERB] be vexed, annoyed, troubled",biihirwa
[GENERAL_VERB] to set down,biikiza
[HEALTH_AND_MEDICINE_NOUN] severe chronic syphilis,bijaga
"[GENERAL_NOUN] saliva, dribble",bijwajwa
[GENERAL_NOUN] long thick hair; fringe,bijwenge
[GENERAL_NOUN] announce the death,bika
[GENERAL_NOUN] young beans,bikaiga
"[GENERAL_NOUN] dregs,refuse, rubbish",bikambi
[GENERAL_NOUN] old leaves of herbs,bikaogaara
[BIOLOGY_NOUN] skeleton,bikangaarra
[GENERAL_NOUN] dregs of beer,bikaoja
[GENERAL_NOUN] make threats,bikanka
[GENERAL_NOUN] waning moon,bikeerranwa
[GENERAL_NOUN] leaves of omuko tree,biko
"[GENERAL_NOUN] leaves, runners, dry tobaco",bikoora
[GENERAL_NOUN] sputum,bikoorro
[GENERAL_NOUN] middle husk of millet,bikuti
[GENERAL_NOUN] a response,Bikwebe
[GENERAL_NOUN] neck,bikya
[GENERAL_NOUN] mucus of the nose,brmira
[GENERAL_NOUN] smile,bimwemwe
[GENERAL_NOUN] mucus of tbe nose,binagwa
[GENERAL_VERB] to wear a loin-cloth,binda
[GENERAL_NOUN] force a laugh,binkuti
[GENERAL_NOUN] hair in the armpits,binkwabwa
"[GENERAL_NOUN] things,wealth",bintu
[GENERAL_NOUN] weeds; worms,binyansi
[GENERAL_NOUN] ground outs,binyoobwa
[GENERAL_NOUN] curry powder,binzaah
[GENERAL_NOUN] hurriedly,biraapara
[GENERAL_NOUN] husks of simsim,birerya
[GENERAL_NOUN] secretion from eyes,birezi
"[GENERAL_NOUN] root, two",biri
"[GENERAL_NOUN] eatables, food",biriibwa
"[GENERAL_VERB] to discharge, water (eyes)",biriirra
[GENERAL_NOUN] snow,birika
"[GENERAL_NOUN] accuse, tell tales about",birikiirra
[GENERAL_NOUN] days; periods,biro
[GENERAL_NOUN] sleepiness in the eyes,birumizo
"[GENERAL_NOUN] seasoning,spices",birungo
[GENERAL_NOUN] saliva,birusu
[HEALTH_AND_MEDICINE_NOUN] labour pains,bisa
[GENERAL_NOUN] young reed,bisagazi
[GENERAL_NOUN] fat of animals,bisajwa
[GENERAL_NOUN] herbal medicine,bisaka
[COMMON_ANIMALS_NOUN] dry cow dung,bisanku
[GENERAL_NOUN] beans,biseereere
"[GENERAL_NOUN] ironstone, dross, slag",bisengere
"[GENERAL_NOUN] raw, uncooked, unripe, fresh",bisi
"[HEALTH_AND_MEDICINE_NOUN] syphilis, yaws",bisonde
[GENERAL_NOUN] leaves of young beans,bisoobooza
"[GENERAL_NOUN] fowls' dung, birds' droppings",bisoodo
"[GENERAL_NOUN] lies, deceit",bisuba
"[ASTRONOMY_AND_THE_UNIVERSE_NOUN] the Great Bear, Constellation",Bisuma
"[GENERAL_NOUN] husks, shavings, refuse",bisunga
"[COMMON_ANIMALS_NOUN] variola, chicken pox",bisuoi
[GENERAL_NOUN] sodomy,bisuyaga
[GENERAL_NOUN] maizebefore it is fully-grown,bitaigi
[GENERAL_NOUN] vomit,bitanaki
[GENERAL_NOUN] labia,bitanta
[GENERAL_NOUN] whiskers,bitaarra
[GENERAL_NOUN] bandy legs,bitege
[GENERAL_NOUN] ragged clothes or skins,bitengo
[GENERAL_NOUN] birds' dropping,bitontoorro
[GENERAL_NOUN] addled infertile eggs,biyaga
[GENERAL_NOUN] flop down,biyogoma
"[GENERAL_NOUN] ja kcal, fox",boba
"[GENERAL_VERB] to fasten, tie up",boha
[GENERAL_NOUN] unfasten,boboorra
[GENERAL_VERB] to unfasten,bohorrooka
[GENERAL_VERB] to be fat,boiga
[GENERAL_VERB] to bark; speak roughly,boigora
[GENERAL_NOUN] market toll collectors,bomwiboolezo
"[GENERAL_NOUN] experience (trouble, etc.)",bona
[GENERAL_NOUN] suffer,bonabona
[GENERAL_VERB] to make one suffer,bonabonesa
"[GENERAL_NOUN] forge, to dissolv",bondeerra
[GENERAL_VERB] to appear to,bonekera
"[GENERAL_VERB] to hurt, punish",bonesa
[GENERAL_VERB] to be thoroughly cooked,boobeera
"[GENERAL_NOUN] wailing,lamentation",boroogo
"[GENERAL_VERB] to quarrel with, attack",boyera
[GENERAL_VERB] to attack eachother,boyerangana
"[GENERAL_NOUN] scent, perfume",boyesa
[GENERAL_NOUN] flaying,bubaagi
"[GENERAL_NOUN] carpentry, joinery",bubaizi
[ECONOMICS_AND_COMMERCE_NOUN] economy.stinginess,bubaliirizi
[GENERAL_NOUN] mad behavior,bubambaazi
"[BIOLOGY_NOUN] species of resin, incense",bubbaani
"[GENERAL_NOUN] evil, harm;excrement",bubi
"[GENERAL_NOUN] lying, deceitfulness",bubtihi
"[GENERAL_NOUN] loneliness, friendlessness, solitude",buboijana
[GENERAL_NOUN] large edible mushroom,bubu
[GENERAL_NOUN] loneliness solitude,bubuura
"[GENERAL_NOUN] weakness,feebleness",buceke
"[GENERAL_NOUN] humility,meekness, docil ity, gentleness",buculeezi
"[GENERAL_NOUN] deceit,fraud",bucwangya
"[GENERAL_NOUN] loss of children, bereavement",bucwekaih
[GENERAL_VERB] to knead (cooked plantains),buda
[GENERAL_NOUN] ceaselessly,budaida
[GENERAL_VERB] to folly,budomadoma
"[GENERAL_NOUN] mud, mortar,clay for building",budongo
"[GENERAL_NOUN] little, tinny",budoolidooli
"[GENERAL_NOUN] cunning,craftiness",buduupe
"[GENERAL_NOUN] scorn, derision",buduuzi
[GENERAL_NOUN] widowhood,bufaakatr
"[GENERAL_NOUN] greediness,selfishness",bufu
"[GENERAL_NOUN] narrowness,compression",bufuoda
"[GENERAL_NOUN] suffocation, stifling,asphyx",bufuodaano
[GENERAL_NOUN] jealousy,bufuuhi
[GENERAL_NOUN] redness,bugaajuki
"[GENERAL_NOUN] freedom,right",bugabe
"[GENERAL_NOUN] generosity,booty",bugabi
[GENERAL_VERB] to be near death,bugabuga
[GENERAL_NOUN] talk at random,bugambirambere
[GENERAL_NOUN] at liberty,bugana
[GENERAL_VERB] to clasp,buganiza
"[GENERAL_NOUN] friendship, affection",buga.njaine
[GENERAL_NOUN] forch,buganjani
"[GENERAL_NOUN] pity, mercy",buganyizi
"[GENERAL_NOUN] affection,favoritism",buganzi
[GENERAL_NOUN] feast,bugeoyi
[GENERAL_NOUN] sores between the toes,bugeregere
"[GENERAL_NOUN] ability, power",bugizi
"[GENERAL_NOUN] deceit, fraud,hypocrisy",bugobya
"[GENERAL_NOUN] nature,disposition. way etc",bugoga
"[GENERAL_NOUN] sisal, hemp",bugoigo
[GENERAL_NOUN] wedding,bugole
"[GENERAL_NOUN] African eggplant, Solanum Macrocarpan",bugoorra
[COMMON_ANIMALS_NOUN] feed (cattle) early,bugoro
"[GENERAL_NOUN] stiffness, fimmess, hardness, rigidness",bugumangani
"[GENERAL_NOUN] barrenness, sterility",bugumba
"[GENERAL_NOUN] reliance,security, strength, refuge",bugumiro
[GENERAL_NOUN] forge,bugumizo
[GENERAL_NOUN] stubbornness,buguniiriza
[GENERAL_NOUN] insolence,bugunule
[GENERAL_NOUN] old age,bugurusi
[GENERAL_VERB] to rustle,buguta
"[GENERAL_NOUN] wealth , riches",buguuda
[GENERAL_NOUN] merchandise,buguzi
[GENERAL_NOUN] foolishness,bugwagwa
"[GENERAL_NOUN] inheritance, succession",bugweterano
[GENERAL_NOUN] inheritedproperty,bugwetwa
[GENERAL_NOUN] for nothing,buha
[GENERAL_NOUN] folly,buhaba
"[GENERAL_NOUN] force,compulsion",buhambirize
"[GENERAL_NOUN] stronghold,support, influence",buhamizo
"[GENERAL_NOUN] written matter, correspondence",bubaodiike
[GEOGRAPHY_NOUN] distant country,buhanga
"[GENERAL_NOUN] longevity, durability",bubangaazi
[GENERAL_NOUN] scarcity,buhangami
[GENERAL_NOUN] slander,buhangirizi
"[GENERAL_NOUN] weight, size, bulk",buhango
"[GENERAL_NOUN] inherent,nature",buhangwa
"[GENERAL_NOUN] girlhood,maidenhood",buhara
[GENERAL_NOUN] spitefulness,buhate
[GENERAL_NOUN] service,buheereza
"[GENERAL_NOUN] shame, disgrace",buhemu
"[GENERAL_NOUN] fracture,sprain",bubendeke
[HEALTH_AND_MEDICINE_NOUN] scabies. the itch,buhere
"[GENERAL_NOUN] good fortune, prosperity, success",bu hiire
"[GENERAL_NOUN] extortion,rapine, plunder, fraud",buhoogozi
"[GENERAL_NOUN] insolence,self-wi ll, naughtiness, profligacy",buhoole
"[GENERAL_NOUN] order,discipline, obedience",buhulizi
"[GENERAL_NOUN] multitude, crowd; delicacy",buhumbe
[GENERAL_NOUN] flour,buhu nga
"[GENERAL_NOUN] folly,indecency",bubungu
"[GENERAL_NOUN] wound,injury",bobuta
"[NATURE_AND_ENVIRONMENT_NOUN] fine rain,drizzle",buhuuhirizi
"[GENERAL_NOUN] senility, senile, decay",bubwite
[GENERAL_NOUN] pitfall for animals,buhya
[GENERAL_NOUN] newness,buh yaka
[GENERAL_NOUN] stupidity,bujamaali
[GENERAL_NOUN] elephantiasis,bujojo
[GENERAL_NOUN] secretion of the eyes,bujonjo
"[LEGAL_AND_LAW_MATTERS_NOUN] evidence, testimony",bujulizi
[GENERAL_NOUN] responsibility,bujunaanizibwa
"[GENERAL_NOUN] sorrow, trouble, misery, melancholy",bujune
"[GENERAL_NOUN] weariness, fatigue",bujwahi
[GOVERNANCE_AND_ADMINISTRATION_NOUN] Kingdom,Bukama
[GENERAL_ADV] at a high price,bukanga
[GENERAL_NOUN] violence,bukatuzi
[GENERAL_NOUN] fierceness,bukaya
"[GENERAL_NOUN] womanhood ,female genitals",bukazi
"[GENERAL_NOUN] littleness, fewness",buke
[GENERAL_NOUN] stewardship,bukeeto
[GENERAL_NOUN] die uncared for,bukene
[GENERAL_NOUN] infancy,bukerembe
[GENERAL_NOUN] trypanosomyasis,bukigi
[GENERAL_NOUN] sarcasm,bukiioiiki
[GENERAL_NOUN] rudeness,bukiiouuki
"[GENERAL_NOUN] help,assistance",bukoon
"[GENERAL_NOUN] size,bigness",bukooto
[GENERAL_NOUN] Christianity,Bukristaayo
"[GENERAL_NOUN] stinginess,rancidity",bukuku
"[GENERAL_NOUN] discord, strife",bukungani
[GENERAL_NOUN] minor chieftainship,bukungu
"[GENERAL_NOUN] cunnningness, craftiness",bukorungutaniza
"[GENERAL_NOUN] assistance,support",bukwa sizo
[GENERAL_NOUN] relationship,bukwataoe
"[GENERAL_NOUN] captivity,imprisonment",bukwatwa
"[GENERAL_NOUN] deputed authority, ambassadorship, ministry,commission",bukwenda
"[GENERAL_NOUN] daily, always",bukyabukya
[GENERAL_NOUN] Europe,Bura
[GENERAL_NOUN] completely,bulebule
[GENERAL_NOUN] begging,buleegi
"[GENERAL_NOUN] compensation,reparation",bulehe
"[GENERAL_NOUN] weight,difficulty",bulemeezi
"[GENERAL_NOUN] rule, control,government, force",bulemi
"[MILITARY_NOUN] war, battle, struggle, conflict",bulemo
[GENERAL_NOUN] careful measurement (of food),bulengerezi
[GENERAL_NOUN] stinginess,bulengi
[GENERAL_NOUN] care of children,bulezi
[COMMON_ANIMALS_NOUN] join,burr
[COMMON_ANIMALS_NOUN] rat trap,buliba
[GENERAL_NOUN] corruption,bulibweoguzi
[GENERAL_NOUN] greed,buliiririzi
"[GENERAL_NOUN] source of foodsupply, pasture",burliro
[GENERAL_NOUN] work of ashepherd; pastorate,buJiisa
[GENERAL_NOUN] pasture,burlisizo
[GENERAL_NOUN] lisp,bu limi
[GENERAL_NOUN] cultivation,bulimi
[GENERAL_NOUN] protection,bulindwa
[GENERAL_NOUN] unsociability,bulingiri
[GENERAL_NOUN] guardianship,bulinzi
"[GENERAL_NOUN] justice, reason",buryo
"[GENERAL_NOUN] knowledge,understand recognition",bumanyi
[GENERAL_NOUN] experience,bumanyiizi
[GENERAL_NOUN] courage,bumanzi
[GENERAL_NOUN] poison,bumara
[GENERAL_NOUN] mould,bumba
"[GENERAL_VERB] to clasp, tightly",bumbaataniza
[GENERAL_VERB] to gather under wings,bumbaatira
[GENERAL_VERB] to clasp tightly,bumbaatiza
[BIOLOGY_NOUN] species of beer banana,bumburu
[GENERAL_VERB] to emerge from undenvate,bumbu ruka
[GENERAL_NOUN] rust,bumome
"[GENERAL_NOUN] oneness, unity",bu mu
"[GENERAL_NOUN] lameness,disableness",bumuga
[GENERAL_NOUN] smile,bumwemwe
[GENERAL_NOUN] prophecy,bu nabbi
[GENERAL_NOUN] poverty,bunaku
[GENERAL_NOUN] redness,bunanasi
"[GENERAL_NOUN] trustfulness,confidence",bunanu
[GENERAL_NOUN] foreg,bunanuki
"[GENERAL_NOUN] tolie in wait, for",bunda arra
"[GENERAL_VERB] to humble, abase",bundaaza
"[GENERAL_VERB] to press down, squash",bundiika
[GENERAL_NOUN] liver,bune
[GENERAL_NOUN] England,Bungereza
[GENERAL_NOUN] gulp,bungurya
"[GENERAL_NOUN] satisfaction,repletion",bunihe
[GENERAL_NOUN] inedible termites,bunkohoob
"[GENERAL_NOUN] bolt food, gulp",bunkuli
[GENERAL_NOUN] hatred,buoobi
"[GENERAL_NOUN] mumble, mutter, murmur",buntamantama
"[GENERAL_NOUN] being, humanity",buotu
[GENERAL_NOUN] this,bunu
[GENERAL_NOUN] sweetness,bunuliirizi
"[GENERAL_NOUN] flavor, taste",bunuzi
[GENERAL_NOUN] flattery,bunwekinweki
[GENERAL_NOUN] eating without a relish,bunyaata
"[GENERAL_NOUN] plunder, violence, rapine",bunyagi
[GENERAL_NOUN] captivity,bunyagwa
"[GENERAL_NOUN] hasty,temper",buoyakantu
"[GENERAL_NOUN] stiffness, aching",bunyamarumbu
[GENERAL_NOUN] good looks,bunyamibwa
[GENERAL_NOUN] imprisonment,bunyankomo
[GENERAL_NOUN] grass,bunyansi
[GENERAL_NOUN] enemity,bunyanzigwa
[GENERAL_NOUN] position,bunyaruguru
[GENERAL_NOUN] stoutness,bunyeete
"[GENERAL_NOUN] meanness,stinginess, miserliness",bunyigi
[GENERAL_NOUN] foreg,bunyuunyuguzi
"[GENERAL_NOUN] friendship, blood brother-hood",bunywani
[GENERAL_NOUN] foreg,bunyigitiro
[GENERAL_NOUN] plant like clover,bunyuunyambuzi
[GENERAL_NOUN] tickling sensation,"bunyu unyuguru,"
[GENERAL_NOUN] plant withhairy stinging leaves,bura ara
[GENERAL_NOUN] lodging,buraaro
"[GENERAL_NOUN] path, passage,way",burabo
[GENERAL_NOUN] divination,buraguzi
[GENERAL_NOUN] height,buraibuTa
"[GENERAL_NOUN] length, height",buraira
"[GENERAL_NOUN] fixed, firmly",buramata
[GENERAL_NOUN] stir up trouble,burangara
"[HEALTH_AND_MEDICINE_NOUN] opthalmia,trachoma",burangura
[GENERAL_NOUN] small millet,buro
"[GENERAL_NOUN] filth., dirtiness,slovenness",burofu
[CULTURE_AND_TRADITION_NOUN] witchcraft,bu rogo
[GENERAL_NOUN] forced labour,buronde
"[GENERAL_NOUN] tread of foot, sole",burubatiro
[GENERAL_NOUN] place of origin,burugo
"[GENERAL_NOUN] roar, sound",buruguta
[GENERAL_NOUN] holiness,burukwera
"[GENERAL_NOUN] ache, pain",burumi
"[GENERAL_VERB] to rustle, swish",burumuka
[HEALTH_AND_MEDICINE_NOUN] smallpox,burundu
"[GENERAL_NOUN] beauty, goodness",burungi
[GENERAL_NOUN] alone,burungurungu
"[GENERAL_VERB] to bustle about, hustle",burungutana
"[GENERAL_NOUN] fierceness,ferocity, harshness",bururumi
"[GENERAL_NOUN] rip, tear",buruutura
[COMMON_ANIMALS_NOUN] ashes of burnt cow-dung,burwa
"[GENERAL_NOUN] illness, sickness, disease",burwaire
[GENERAL_NOUN] time,busumi
[GENERAL_NOUN] fastening. joint,busumiikiranizo
[GENERAL_NOUN] trade,busuubuzi
"[GEOGRAPHY_NOUN] exile, emigration",busuuh uuki
[GENERAL_NOUN] raffia,buswale
[GENERAL_NOUN] ground-rent,busuuru
[GENERAL_NOUN] Arab robe,busuuti
[GENERAL_NOUN] flattery,buswagirizi
"[GENERAL_NOUN] provocation, taunting, booing",buswahirizi
[GENERAL_VERB] be feeble,buta
"[GENERAL_NOUN] neighbourhood,neighbourliness",butaahi
"[GENERAL_NOUN] residence, dwelling place",butaaho
[GENERAL_NOUN] foolishness,butaami
"[GENERAL_NOUN] weakness,thinness of the legs",butagali
[GENERAL_NOUN] warmth,butagasi
[GENERAL_NOUN] blindness,butabweza
"[GENERAL_NOUN] collapse, fall",butama
[GENERAL_NOUN] unceasingly,buta ikya
"[GENERAL_NOUN] littleness.smallness, fewness","bu taito,"
[GENERAL_NOUN] iron ore,butale
"[GENERAL_NOUN] drunkenness, intoxication",butamilzi
[GENERAL_NOUN] starting point,butandikiro
"[GENERAL_NOUN] unforeseen peril, accident",butandwa
[GENERAL_NOUN] accidental occurrence,butanwa
[GENERAL_NOUN] espionage,butasi
[GENERAL_VERB] to spread about,butatara
[GENERAL_NOUN] preaching,butebezi
[GENERAL_NOUN] joint,buteeraniro
[GENERAL_VERB] to fall,buteero
[GENERAL_NOUN] slipperiness,buteerre
[GENERAL_NOUN] inbreeding,butembane
[CULTURE_AND_TRADITION_NOUN] initiation ceremony of diviner,butende
[GENERAL_NOUN] task,buteodebeki
"[GENERAL_NOUN] impossibility, difficulty",butentebeke
[GENERAL_NOUN] fat tai,butere
[GENERAL_NOUN] catapult,butida
"[GENERAL_NOUN] forwardness, perversity",butigi
[GENERAL_NOUN] minced meat,butiime
"[GENERAL_NOUN] fear, cowardice",butiini
[GENERAL_VERB] to dump down,butika
"[GENERAL_NOUN] childhood,youth",buto
[GENERAL_NOUN] bloodpudding,butogoro
"[GENERAL_NOUN] excuse, defence",butooganiro
"[GENERAL_NOUN] conunission,apostleship, ministry",botumwa
"[GENERAL_NOUN] sloth,slackness",buturumuki
[GENERAL_NOUN] wealth,butungi
[GENERAL_NOUN] the East,buturukaizooba
[GENERAL_NOUN] button mushrooms,butuzi
[GENERAL_NOUN] poison,butwa
[HEALTH_AND_MEDICINE_NOUN] pregnancy of unmarried woman,butweke
[GENERAL_NOUN] fomication(male),butweki
[GENERAL_NOUN] give warning,buura
[GENERAL_NOUN] open the eyes,buurra
[GENERAL_NOUN] cloud of dust,buurru
[GENERAL_NOUN] very feeble person; idiot,buuta
[GENERAL_NOUN] stoop,buutabu
"[GENERAL_VERB] to smother, cover up",buutikira
[GENERAL_VERB] to be sleepless,buya
"[GENERAL_NOUN] help, aid,assistance",buyambi
"[GENERAL_NOUN] wavelets, ripples",buyanja
[GENERAL_NOUN] twisted fringe,buyondo
"[GENERAL_NOUN] joint , splice",buyungiro
[GENERAL_NOUN] lose,buza
"[GENERAL_NOUN] clanship, relationship, kinship",buzaale
[GENERAL_NOUN] slavery,buzaana
"[GENERAL_NOUN] parentage, birthplace",buzaarwa
"[HEALTH_AND_MEDICINE_NOUN] hostility,enemity; smallpox",buzigu
[HEALTH_AND_MEDICINE_NOUN] tuberculosis,buzimba
[GENERAL_NOUN] bulk,buzimbira
[GENERAL_NOUN] hoarseness,buzindaazi
[GENERAL_VERB] to crunch,bwabwanura
[GENERAL_VERB] to be squashed,bwagaarra
"[COMMON_ANIMALS_VERB] to bear (puppy, cubs)",bwagura
"[GENERAL_NOUN] storing up,stewardship",bwahuzi
[GENERAL_NOUN] second time,bwakabiri
"[LEGAL_AND_LAW_MATTERS_NOUN] witness,testimony, evidence",bwakaiso
[GENERAL_NOUN] tinny flowers,bwakyo
"[GENERAL_NOUN] laziness,foolishness",bwalingi
[GENERAL_NOUN] tonsils,bwamata
[GENERAL_NOUN] copious,bwamba
[GENERAL_NOUN] yellow stonecrop,bwanda
[GENERAL_NOUN] hollows,bwanga
[GENERAL_NOUN] refusal,bwangi
[GENERAL_NOUN] priesthood,bwanyakatagara
"[GENERAL_VERB] to crouch down, hide",bwarabwara
[GENERAL_NOUN] atmosphere,bwarangasa
[GENERAL_NOUN] godhead,bwarubanga
[GENERAL_NOUN] jealousy,bwate
[HEALTH_AND_MEDICINE_NOUN] fissures of childbirth,bwati
[GENERAL_VERB] to make noise,bwatuka
[GENERAL_NOUN] slope,bweculiko
"[GENERAL_NOUN] neatness,smartness, cleanliness, adornment",bwecumi
[GENERAL_NOUN] expiation,bwecwiso
[GENERAL_NOUN] self-pity,bwcganyi
"[GENERAL_NOUN] slackness, laziness",bwcganyirizi
[GENERAL_NOUN] carefully,bwcgege
"[GENERAL_NOUN] carefulness, circumspection, thrift",bwegendereza
[GENERAL_NOUN] teaching,bwcgesa
[GENERAL_NOUN] civilization,bwcgcsibwa
[GENERAL_NOUN] covetousness,bwcgombi
"[GENERAL_NOUN] room to tum, freedom",bwebinduurro
"[GENERAL_NOUN] deligeocc, zeal, earnestness, zest",bwekambi
"[GENERAL_NOUN] laziness, indolence",bwckanasi
"[GENERAL_NOUN] bend, curve,tum",bwekiiko
[GENERAL_NOUN] conspiracy,bwckobi
"[GENERAL_NOUN] careful up bringing, petting",bwekubizo
"[GENERAL_NOUN] , conceit, showing off",bwekuniki
"[GENERAL_NOUN] generosity,liberality, bounty",bwenda
"[GENERAL_NOUN] oppression,bullying",bwenderezi
[GENERAL_NOUN] neglect of owcrcowcre,bwenugi
[GENERAL_NOUN] openly,bwerebwerc
"[GENERAL_NOUN] willfulness,rebellion, impudence",bwereme
[GENERAL_NOUN] sole ownership,bweremera
"[GENERAL_NOUN] bullying, scornfulness",bwerengcrezi
[GENERAL_NOUN] fragility,bwerindwa
[GENERAL_NOUN] rustling,bwesaganirizo
[GENERAL_NOUN] leasehold land,bwesengeze
"[GENERAL_NOUN] hiding place, refuge",bwesereko
"[GENERAL_NOUN] trust,confidence, assurance",bwesige
"[GENERAL_NOUN] trustworthiness, faithfulness",bwesigwa
[GENERAL_NOUN] shelter from rain,bwesumbo
[GENERAL_NOUN] lumps,bwesumikiri
"[GENERAL_NOUN] cheek, impudence, naughtiness",bwesungi
"[GENERAL_NOUN] curve,bend , round about",bwezigooro
[GENERAL_NOUN] theft,bwibi
[GENERAL_NOUN] support,bwigamiro
[GENERAL_NOUN] shelter,bwigamo
[GENERAL_INTERJ] expression of pity,Bwigara
[HEALTH_AND_MEDICINE_NOUN] smallpox,bwigara
[GENERAL_NOUN] bigness,bwigurumba
[GENERAL_NOUN] bully,bwiguu
[COMMON_ANIMALS_NOUN] stinging centipede,bwihulebwona
"[GENERAL_NOUN] ancestry,generations",bwijukuru
"[GENERAL_NOUN] place, residence, abode",bwikaro
[GENERAL_NOUN] foreg,bwikazi
[GENERAL_NOUN] refuge,bwikizo
"[GENERAL_NOUN] mutual hatred,enmity",bwiko
[GENERAL_NOUN] house of thequeen consort,Bwikya
"[GENERAL_NOUN] meanness,stinginess",bwimi
"[GENERAL_NOUN] linleholes, tunnels",bwina
[GENERAL_NOUN] poverty,bwinazi
[GENERAL_NOUN] plenty,bwingi
[GENERAL_NOUN] cave. den,bwingira
[GENERAL_NOUN] serfdom,bwinike
[GENERAL_NOUN] slavery,bwiru
"[GENERAL_NOUN] place of refuge, retreat",bwirukiro
[GENERAL_NOUN] murder,bwisi
[GENERAL_NOUN] girlhood,bwisik
"[GENERAL_NOUN] sharpness, edge",bwogi
"[GENERAL_NOUN] tumult, uproar",bwogo
[GENERAL_NOUN] boyhood,bwojo
[GENERAL_NOUN] honey,bwoki
[GENERAL_NOUN] toughness,bwomangane
"[GENERAL_NOUN] health, life, soul",bwomeezi
[GENERAL_NOUN] dryness,bwomi
[GENERAL_NOUN] dryness,bwomoomo
[GENERAL_NOUN] humanity,bwomuntu
[GENERAL_NOUN] brain,bwongo
[GENERAL_VERB] to go away stealthily,bwonjooka
"[GENERAL_NOUN] softness, tenderness",bworobi
[GENERAL_NOUN] guardianshjp,bworoozi
[GENERAL_NOUN] butter mixed with perfume,bwotere
[GENERAL_NOUN] hair,bwoya
[GENERAL_NOUN] nothing at all,bwoyooyo
"[GENERAL_NOUN] skin mats, child's bedding",byahi
[GENERAL_NOUN] hair in the annat,byakeeri
[GENERAL_NOUN] dirt,byamba
"[GENERAL_NOUN] fruit, offspring",byaoa
[GENERAL_NOUN] fingers,byara
[GENERAL_NOUN] entrails,byeoda
"[GENERAL_NOUN] slag of iron, dross",byenga
[GENERAL_VERB] find no one in,byeyererwa
"[GENERAL_NOUN] health,sanitation matters",byobwomeezi
[GENERAL_VERB] to attack,byokera
[GENERAL_NOUN] food,byokurya
[GENERAL_NOUN] immorality,byorwaoju
"[GENERAL_NOUN] feathers,fur(animal hair)",byoya
[GENERAL_NOUN] these ones,banu
[GENERAL_NOUN] chwezi priests,bandwa
[GENERAL_NOUN] your husband,baro
[GENERAL_NOUN] he/she is good looking,basemera
"[GENERAL_NOUN] courtier or fort-dweller, attendant",basingo
"[GENERAL_NOUN] pioneers, harbigners",batembuzi
[GENERAL_NOUN] parents,bazaire
[GENERAL_NOUN] they produce[children] for nothing,bazarrabusa
[GENERAL_NOUN] enough,bbaasi!
[GENERAL_NOUN] bible,bbaibbuli
[GENERAL_NOUN] pistol,bbasitoora
[GENERAL_NOUN] plantain,bbogoya
[GENERAL_NOUN] openly,bbwa
[GENERAL_NOUN] they can forget,beebwa
[GENERAL_NOUN] sickle,biringi
[GENERAL_NOUN] two hundred,bibiri
[GENERAL_NUM] two hundred and one,bibiri n'emu
[GENERAL_NUM] two hundred and ten,bibiri n'ikumi
"[GENERAL_NOUN] place, city",bigo
[GENERAL_NOUN] two hundred,bikumi bibiri
[GENERAL_NOUN] four hundred,bikumi bina
[GENERAL_NOUN] three hundred,bikumi bisatu
[GENERAL_NOUN] five hundred,bikumi bitaano
[COMMON_ANIMALS_NOUN] meat of a sheep,biizi-bitoosa
[GENERAL_NOUN] carelessly,binkwatiireki
[GENERAL_NOUN] orange colour,binzaari
[GENERAL_NOUN] these ones,binu
[GENERAL_NOUN] bishop,biisopu
[GENERAL_NOUN] they alone,bonka
[GENERAL_NOUN] three of them,bonsatu
[GENERAL_NOUN] five of them,bontaano
[GENERAL_NOUN] please,boojo
[TRANSPORT_NOUN] bicycle or motorcycle taxi,bbooda-booda
[GENERAL_NOUN] government ground or station,booma
[GENERAL_NOUN] all of them,boona
[GENERAL_NOUN] upside down,bucuzi
[GENERAL_NOUN] facing up,bugazi
"[GENERAL_NOUN] dangerous, deadly",bugingo
[GENERAL_NOUN] quickly and carelessly,bugubugu
[GENERAL_VERB] to walk sluggishly,bugendandara
[GENERAL_NOUN] West,bugwaizooba
[GENERAL_NOUN] vehemence,buheekwa
"[GENERAL_NOUN] anew, again",buhyaka
[GENERAL_NOUN] across,bukiika
[GENERAL_NOUN] everyday,buli kiro
[GENERAL_NOUN] another time,bundi
[GENERAL_NOUN] East,burugaizooba
[GENERAL_NOUN] for nothing,buturukamusanaj busa
[GENERAL_ADV] on the opposite hills,busi bwa nseeri
[GENERAL_NOUN] peacefully,businge
"[GENERAL_NOUN] uncreasingly, continuously",butaleka
"[GENERAL_NOUN] everyday, always",butoosa
[GENERAL_NOUN] something that is shaky,bujenjebere
[COMMON_ANIMALS_NOUN] a sheep without ears,bujinja
[GENERAL_NOUN] a good singing voice,bujumeera
[GENERAL_NOUN] left hand side,bumoso
[GENERAL_NOUN] that time,buri
[GENERAL_NOUN] head on collision,buso-bwa-ntaama
[GENERAL_NOUN] afresh; once more,busa
[GENERAL_VERB] to speak openly,bwa
[GENERAL_NOUN] now and then,bwakeire-bwaizire
[GENERAL_NOUN] quickly,bwangu
[GENERAL_NOUN] a parish priest,bwanamukuru
[GENERAL_NOUN] afterwards; later,bwanyima
[GENERAL_NOUN] doing something openly,bwatu
[GENERAL_NOUN] open,bweera
"[GENERAL_NOUN] upright, standing up",bwemi
[GENERAL_NOUN] a very young baby,bwereere
"[GENERAL_NOUN] ink ,written",bwino
"[GENERAL_NOUN] it, itself, they, themselves",bwo
[GENERAL_NOUN] temptation,bwohe
[GENERAL_NOUN] of parents,byabazaire
"[GENERAL_NOUN] they, themselves",byo
[GENERAL_NOUN] all of them,byona
[GENERAL_VERB] to be always visiting,caacaarya
"[GENERAL_NOUN] tea, tea leaves,tea plant",caai
"[GENERAL_VERB] to begin, start",caaka
"[GENERAL_NOUN] expresses pity, admiration",Caali
"[GENERAL_VERB] to shake about, spill",cambaitu
[GENERAL_VERB] to be exhausted,candakaarra
[GENERAL_NOUN] torture,canza
[GENERAL_NOUN] slap,capa
[GENERAL_VERB] to be chipped,capuka
"[GENERAL_VERB] to chip, break off",capura
"[GENERAL_VERB] to pound, crush",ccba
[GENERAL_VERB] to trot,cebaceba
[GENERAL_VERB] to mock,ccccba
[GENERAL_NOUN] cebaceba,ceeceeba
"[GENERAL_NOUN] weak, feeble",cekc
"[GENERAL_VERB] to dance,leap",cekeca
[GENERAL_NOUN] completely,cekeceke
[GENERAL_VERB] to weaken,cekya
"[GENERAL_VERB] to be tom, ragged",cencebuka
[GENERAL_VERB] to tear into pieces,cenccbura
[GENERAL_VERB] to chew,cenkaccnka
[GENERAL_NOUN] discuss thoroughly,cika
"[GENERAL_VERB] be tidy, neat, quiet",cikinya
"[GENERAL_VERB] to shake about, strew",cikinyiza
[GENERAL_VERB] to be deceitful,compacompya
[GENERAL_VERB] to become destitute,concoboza
"[GENERAL_VERB] to crush, pound",concona
[GENERAL_NOUN] sleep,cubira
[GENERAL_INTERJ] expression of fraight,cucu
[GENERAL_VERB] to have diarrhoea,cugura
[GENERAL_NOUN] Get out,Cukanaho
[GENERAL_VERB] to discard,cukumura
[GENERAL_VERB] to over lap,curlikana
[GENERAL_VERB] to push,cumo
"[GENERAL_VERB] to push repeatedly, neglect",cumanga
[GENERAL_VERB] to refuse,cumanganiza
"[GENERAL_VERB] to cook, boil",cumba
[GENERAL_VERB] to limp,cumbagira
[GENERAL_VERB] to set fire,cumika
"[GENERAL_VERB] to stab, spear, pierce",cumita
"[GENERAL_VERB] to drive away, scareaway",cuncumura
[GENERAL_VERB] be corpulent,cunduka
[GENERAL_VERB] to grow tall,cunguk
"[GENERAL_VERB] to buy back, redeem",cungura
[GENERAL_VERB] to suck dry,cunkura
[GENERAL_NOUN] bottle,cupa
"[COMMON_ANIMALS_NOUN] old cow, old woman",cura
[GENERAL_NOUN] a destitute person,curru
[GENERAL_NOUN] dust,cuucu
[GENERAL_NOUN] wean,cuukun
[GENERAL_VERB] to eat ravenously,cwagura
[GENERAL_NOUN] settle matters,cwamu
[GENERAL_VERB] to go across,cwanganiza
[GENERAL_VERB] to divide,cwanganizaamu
"[GENERAL_VERB] be cunning, crafty, sly",cwaogya
[GENERAL_VERB] to chew,cwankuna
[GENERAL_VERB] to break,cweka
[GENERAL_VERB] to succumb,cwekana
[GENERAL_NOUN] rush at joyfully,cwekanira
[GENERAL_VERB] to invent,cwereeira
[GENERAL_NOUN] cross a path,rnisikaniza
[GENERAL_NOUN] sound made by footsteps,cacaca
[GENERAL_NOUN] quickly,cakucaku
[GENERAL_NOUN] in total silence,ceiceice
[GENERAL_NOUN] soya beans,coroko
[GENERAL_NOUN] quiet,culeezi
[GENERAL_NOUN] too much smell,cuucuucu
[GENERAL_VERB] to walk majestically,daata
[GENERAL_NOUN] intensive with guma,dai
"[GENERAL_NOUN] slemon, devil, evil spirit",daimoni
[GENERAL_NOUN] minute,dakiika
[HEALTH_AND_MEDICINE_NOUN] doctor,"dakit aali,"
[GENERAL_NOUN] woven border on cloth,dalizi
"[GENERAL_VERB] to be flabby, inert",dambakaarra
[GENERAL_VERB] to move,damura
[GENERAL_NOUN] tolap,demba
"[GENERAL_VERB] to rundown , defame",dibisa
"[GENERAL_VERB] to become stupid,backward",dibya
[GENERAL_NOUN] intensive with boha (fasten),digidigi
"[GENERAL_NOUN] tie tightly, tighten",diidigiza
[GENERAL_NOUN] religion,diini
[GENERAL_NOUN] compass,diira
[GENERAL_VERB] to sink,dikira
[GENERAL_VERB] to hit hard,dikya
[GENERAL_NOUN] blue soap,dimiryangombe
[GENERAL_NOUN] seldom,dimunadimu
[GENERAL_VERB] to become stupid,dinga
[GENERAL_VERB] to bubble,dogoma
"[GENERAL_VERB] to bestupid, silly, foolish",doma
"[GENERAL_VERB] to become stupid, foolish",domahara
[GENERAL_VERB] to stupefy,domya
"[GENERAL_VERB] to mock, ridicule",doodokya
[GENERAL_NOUN] cement,dongobuJaaya
[GENERAL_NOUN] native soap,dongoro
[GENERAL_VERB] to be stripped,dooba
"[GENERAL_VERB] be exhausted, done up",dookooli
[GENERAL_NOUN] Look! Behold!,Dora
"[GENERAL_VERB] to hollow out, probe,lance",dubungura
"[GENERAL_VERB] to rumble, whirr, hum",duduma
"[GENERAL_NOUN] beat unmercifully, flog",dudura
[GENERAL_VERB] to tantalize,dundukya
[GENERAL_VERB] to grow very quickly,dundumuka
[GENERAL_VERB] to be very tall,dunga
[GENERAL_NOUN] barrel,duraamu
[GENERAL_VERB] to waste,duubuuda
[GENERAL_NOUN] shop,duuka
"[GENERAL_VERB] to announce, command, proclaim,interpret",duuma
"[GENERAL_NOUN] t oderide, scorn",duura
[GENERAL_NOUN] drill,dwiro
[GENERAL_NOUN] very hard,dai-dai
[GENERAL_NOUN] double colour,daburokara
[GENERAL_NOUN] dining room,dainingi
"[GENERAL_ADV] here is, there is",dara
[TRANSPORT_NOUN] driver,dereeva
"[GENERAL_NOUN] now, today",deero
[GENERAL_NOUN] discotheque,disiko
[GENERAL_NOUN] double: twice as much,doboro
[GENERAL_VERB] making continous andirritating noise,doi doi
[GENERAL_NOUN] amarinthus,doodo
[GENERAL_NOUN] jerrycan,ekidomora
[GENERAL_NOUN_PLURAL] jerrycans,ebidomora
[COMMON_ANIMALS_NOUN] a heron,ekidongodongo
[COMMON_ANIMALS_NOUN_PLURAL] herons,ebidongodongo
"[GENERAL_NOUN] punishment, penalty",ekifubiro
"[GENERAL_NOUN_PLURAL] punishment, penalties",ebifubiro
[GENERAL_NOUN] food without salt,ekifuka
[GENERAL_NOUN_PLURAL] food without salts,ebifuka
[GENERAL_NOUN] a very greedy person,ekifu kyenda
[GENERAL_NOUN_PLURAL] very greedy persons,ebifu kyenda
[GENERAL_NOUN] large intestine,ekifunjo mururuma
[GENERAL_NOUN_PLURAL] large intestines,ebifunjo mururuma
[GENERAL_NOUN] a word,ekigambo
[GENERAL_NOUN_PLURAL] words,ebigambo
[GENERAL_NOUN] room for catechism classes,ekigango
[GENERAL_NOUN_PLURAL] room for catechism classeses,ebigango
[GENERAL_NOUN] idiom,ekidikizo
[GENERAL_NOUN_PLURAL] idioms,ebidikizo
[GENERAL_NOUN] a guitar,ekidongo
[GENERAL_NOUN_PLURAL] guitars,ebidongo
[GENERAL_NOUN] a stupid person,ekifaafa
[GENERAL_NOUN_PLURAL] stupid persons,ebifaafa
[GENERAL_NOUN_PLURAL] ekifubas,ebifuba
[GENERAL_NOUN] a bruise,ekifufu
[GENERAL_NOUN_PLURAL] bruises,ebifufu
[GENERAL_NOUN] a packet,ekifunga
[GENERAL_NOUN_PLURAL] packets,ebifunga
"[GENERAL_NOUN] cover, used banana leaf",ekifundikizo
"[GENERAL_NOUN_PLURAL] cover, used banana leafs",ebifundikizo
[GENERAL_NOUN] rectum,ekifunjo
[GENERAL_NOUN_PLURAL] rectums,ebifunjo
[GENERAL_NOUN] a wheel barrow,ekigaali
[GENERAL_NOUN_PLURAL] wheel barrows,ebigaali
[GENERAL_NOUN] a tall mascular person,ekigando
[GENERAL_NOUN_PLURAL] tall mascular persons,ebigando
[GENERAL_NOUN] forgiveness,ekiganyiro
[GENERAL_NOUN_PLURAL] forgivenesses,ebiganyiro
[GENERAL_NOUN] answer,ekigarukwamu
[GENERAL_NOUN_PLURAL] answers,ebigarukwamu
[GENERAL_NOUN] joke,ekigene
[GENERAL_NOUN_PLURAL] jokes,ebigene
[GENERAL_NOUN] spoon,ekigiiko
[GENERAL_NOUN_PLURAL] spoons,ebigiiko
[GENERAL_NOUN] something very surprising,ekihano
[GENERAL_NOUN_PLURAL] something very surprisings,ebihano
[GENERAL_NOUN] a big basket,ekigega
[GENERAL_NOUN_PLURAL] big baskets,ebigega
"[GENERAL_NOUN] foot, foot print",ekigere
"[GENERAL_NOUN_PLURAL] foot, foot prints",ebigere
[GENERAL_NOUN] molar tooth,ekigigo
[GENERAL_NOUN_PLURAL] molar tooths,ebigigo
[GENERAL_NOUN] a round plastic jerrycan,ekigunguru
[GENERAL_NOUN_PLURAL] round plastic jerrycans,ebigunguru
[GENERAL_NOUN] a young pumpkin's garden,ekihambo
[GENERAL_NOUN_PLURAL] young pumpkin's gardens,ebihambo
[GENERAL_NOUN] soft immature calabash,ekihohe
[GENERAL_NOUN_PLURAL] soft immature calabashes,ebihohe
[GENERAL_NOUN] latrine,ekihorooni
[GENERAL_NOUN_PLURAL] latrines,ebihorooni
[GENERAL_NOUN] beetle,ekijunjuuzi
[GENERAL_NOUN_PLURAL] beetles,ebijunjuuzi
"[GENERAL_NOUN] garment, wear",ekijwaro
"[GENERAL_NOUN_PLURAL] garment, wears",ebijwaro
[GOVERNANCE_AND_ADMINISTRATION_NOUN] king's or chiefs enclosure,ekikaali
[GOVERNANCE_AND_ADMINISTRATION_NOUN_PLURAL] king's or chiefs enclosures,ebikaali
[GENERAL_NOUN] sugarcane,ekikaijo
[GENERAL_NOUN_PLURAL] sugarcanes,ebikaijo
[GENERAL_NOUN] a tree specie,ekikaragwe
[GENERAL_NOUN_PLURAL] tree species,ebikaragwe
[GENERAL_NOUN] a palm tree,ekikindo
[GENERAL_NOUN_PLURAL] palm trees,ebikindo
[GENERAL_NOUN] pumpkin,ekikeke
[GENERAL_NOUN_PLURAL] pumpkins,ebikeke
"[GENERAL_NOUN] frog, toad",ekikere
"[GENERAL_NOUN_PLURAL] frog, toads",ebikere
[COMMON_ANIMALS_NOUN] an old emanciated cow,ekikoco
[COMMON_ANIMALS_NOUN_PLURAL] old emanciated cows,ebikoco
[GENERAL_NOUN] maize cob,ekikongoriro
[GENERAL_NOUN_PLURAL] maize cobs,ebikongoriro
[GENERAL_NOUN] eyelid,ekikohi
[GENERAL_NOUN_PLURAL] eyelids,ebikohi
[STORYTELLING_AND_NARRATIVES_NOUN] riddle,ekikoikyo
[STORYTELLING_AND_NARRATIVES_NOUN_PLURAL] riddles,ebikoikyo
"[GENERAL_NOUN] yoke problem, obstacle",ekikoligo
"[GENERAL_NOUN_PLURAL] yoke problem, obstacles",ebikoligo
[GENERAL_NOUN] a herdsman's whistle,ekikoobe
[GENERAL_NOUN_PLURAL] herdsman's whistles,ebikoobe
[GENERAL_NOUN] an animal,ekikooko
[GENERAL_NOUN_PLURAL] animals,ebikooko
[MILITARY_NOUN] a battalion,ekikoosi
[MILITARY_NOUN_PLURAL] battalions,ebikoosi
[GENERAL_NOUN] cup: a trophy,ekikopo
[GENERAL_NOUN_PLURAL] cup: a trophies,ebikopo
[GENERAL_NOUN] rotten thing,ekijunzire
[GENERAL_NOUN_PLURAL] rotten things,ebijunzire
[GENERAL_NOUN] sub-clan,ekika
[GENERAL_NOUN_PLURAL] sub-clans,ebika
[GENERAL_NOUN] question,ekikaguzo
[GENERAL_NOUN_PLURAL] questions,ebikaguzo
[GENERAL_NOUN] frying-pan,ekikarango
[GENERAL_NOUN_PLURAL] frying-pans,ebikarango
[GENERAL_NOUN] a memorial remembrance,ekiijukyo
[GENERAL_NOUN_PLURAL] memorial remembrances,ebiijukyo
[GENERAL_NOUN] type of horizontal grass,ekijubwa
[GENERAL_NOUN_PLURAL] type of horizontal grasses,ebijubwa
"[GENERAL_NOUN] a fruit, a table",ekijuma
"[GENERAL_NOUN_PLURAL] fruit, a tables",ebijuma
"[GENERAL_NOUN] hole, ditch, pit",ekiina
"[GENERAL_NOUN_PLURAL] hole, ditch, pits",ebiina
"[GENERAL_NOUN] great grief, be sorrowful",ekiinamirro
"[GENERAL_NOUN_PLURAL] great grief, be sorrowfuls",ebiinamirro
[GENERAL_NOUN] large hornbill,ekiisamuhana
[GENERAL_NOUN_PLURAL] large hornbills,ebiisamuhana
"[GENERAL_NOUN] waterfall, rushing flood",ekiisurumba
"[GENERAL_NOUN_PLURAL] waterfall, rushing floods",ebiisurumba
[GENERAL_NOUN] a big brown bird,ekiisa-mutuutu
[GENERAL_NOUN_PLURAL] big brown birds,ebiisa-mutuutu
[GENERAL_NOUN] a seasonal swamp,ekijinja
[GENERAL_NOUN_PLURAL] seasonal swamps,ebijinja
[GENERAL_NOUN] fresh banana tree sheath,ekijoojo
[GENERAL_NOUN_PLURAL] fresh banana tree sheaths,ebijoojo
[NATURE_AND_ENVIRONMENT_NOUN] a type of grass,ekijubwe
[NATURE_AND_ENVIRONMENT_NOUN_PLURAL] type of grasses,ebijubwe
[GENERAL_NOUN] odour: unpleasant smell,ekijujuka
[GENERAL_NOUN_PLURAL] odour: unpleasant smells,ebijujuka
[GENERAL_NOUN] exaggerated information,ekijaju
[GENERAL_NOUN_PLURAL] exaggerated informations,ebijaju
[GENERAL_NOUN] severe famine,ekiihe
[GENERAL_NOUN_PLURAL] severe famines,ebiihe
[GENERAL_NOUN] a crater lake,ekiijongo
[GENERAL_NOUN_PLURAL] crater lakes,ebiijongo
[GENERAL_NOUN] heavy smoke,ekiika
[GENERAL_NOUN_PLURAL] heavy smokes,ebiika
"[GENERAL_NOUN] place, spot",ekiikaro
"[GENERAL_NOUN_PLURAL] place, spots",ebiikaro
[GENERAL_NOUN] a bird's nest,ekiju
[GENERAL_NOUN_PLURAL] bird's nests,ebiju
"[GENERAL_NOUN] an insult, an abuse",ekijumo
"[GENERAL_NOUN_PLURAL] insult, an abuses",ebijumo
[GENERAL_NOUN] pit latrine,ekiinazi
[GENERAL_NOUN_PLURAL] pit latrines,ebiinazi
"[GENERAL_NOUN] a shade, shadow",ekiituuru
"[GENERAL_NOUN_PLURAL] shade, shadows",ebiituuru
[GENERAL_NOUN] a snail shell,ekijogojogo
[GENERAL_NOUN_PLURAL] snail shells,ebijogojogo
[GENERAL_NOUN] giant,ekikaaka
[GENERAL_NOUN_PLURAL] giants,ebikaaka
[GENERAL_NOUN] a reed fenced enclosure,ekikaari
[GENERAL_NOUN_PLURAL] reed fenced enclosures,ebikaari
"[GENERAL_NOUN] festivity, celebration",ekijaguzo
"[GENERAL_NOUN_PLURAL] festivity, celebrations",ebijaguzo
"[GENERAL_NOUN] argument, strife, dispute",empaka
"[GENERAL_NOUN] knickers, trousers, shorts",empale
[GENERAL_NOUN] one who uses force,empambiriza
[GENERAL_NOUN] seeds of gourds,empambo
"[GENERAL_NOUN] advice, counsel, discussion",empanuura
[GENERAL_NOUN] swift runner,emparacuki
[COMMON_ANIMALS_NOUN] kind of locust,emparra
[GENERAL_NOUN] space,empataniza
[TOURISM_NOUN] safari ants,empazi
[GENERAL_NOUN] service,empeereza
"[GENERAL_NOUN] gristle, cartilage",empegecu
[GENERAL_NOUN] bed-bug,empere
[GENERAL_NOUN] a ring,empeta
[COMMON_ANIMALS_NOUN] hunting dog,empiigi
"[COMMON_ANIMALS_NOUN] a blind cow, goat",empimbaale
[COMMON_ANIMALS_NOUN] chameleon,empitmpina
"[GENERAL_NOUN] poor soil, hard earth",empaama
[COMMON_ANIMALS_NOUN] male dog,empairimi
"[GENERAL_NOUN] argumentative person, rival, competitor",empakani
"[GENERAL_NOUN] mourning, lamentation",empamo
[GENERAL_NOUN] firm breasts not pendant,empanabeera
[GENERAL_NOUN] Uganda Cob,empara
[GENERAL_NOUN] quarrelsome person,emparangani
[GENERAL_NOUN] constipation,empata
[GENERAL_NOUN] fluffy seeds of reeds,empeehe
"[GENERAL_NOUN] wage, pay, reward",empeera
[GENERAL_NOUN] a new hoe,empeese
"[GENERAL_NOUN] gristle, cartilage",empekenyu
"[GENERAL_NOUN] enmity, persecution",empiigani
"[GENERAL_NOUN] double edged sword, dagger",empirima
[GENERAL_NOUN] hole in a tree,empogoma
[GENERAL_NOUN] grasshoppers: small grasshoppers,enkunguru
[GENERAL_NOUN] firewood,enku
[COMMON_ANIMALS_NOUN] worker termite,enkubebe
"[GENERAL_NOUN] strength, vigour",enkubiti
[GENERAL_NOUN] flea,enkukuni
"[GENERAL_NOUN] multitude, crowd,abundance",enkumbititi
"[GENERAL_NOUN] hospitality, entertaining",enkuna
[COMMON_ANIMALS_NOUN] red tailed colobus monkey,enkunga
[GENERAL_NOUN] hangnail,enkunuukizi
[COMMON_ANIMALS_NOUN] rhinoceros,enkura
"[GENERAL_NOUN] cheat, swindler, crafty person",enkurugu
[GENERAL_NOUN] blue banana eater,enkurungo
[NATURE_AND_ENVIRONMENT_NOUN] a plant species,enkuraijo
"[GENERAL_NOUN] coughing disease, cough",enkorro
[GENERAL_NOUN] repeatedly,enkubirane
[GENERAL_NOUN] horn trumpet,enkukuuru
[GENERAL_NOUN] white millet,enkumba
[GENERAL_NOUN] fingers,enkumo
[GENERAL_NOUN] red-tailed cercopitheque,enkunda
"[GENERAL_NOUN] strife, quarrel",enkungani
[GENERAL_NOUN] type of banana,enkunku
[GENERAL_NOUN] lover,enkunzi
[GENERAL_NOUN] guinea fowl,enkakaara
[GENERAL_NOUN] intruder,enkurugusi
"[GENERAL_NOUN] subtlety, cunning, cheating",enkurungutaniza
[GENERAL_NOUN] stupid person,enkusi
[GENERAL_NOUN] pigeon peas,enkuuku
[GENERAL_NOUN] armpit,enkwahwa
[GENERAL_NOUN] beads,enkwanzi
"[GENERAL_NOUN] careful,deliberate, economical person",enkwatirizi
"[HEALTH_AND_MEDICINE_NOUN] care, good treatment, neatness",enkwato
[GENERAL_NOUN] surplus,ensaagi
[GENERAL_NOUN] an adulterous person,ensambani
[GENERAL_NOUN] strippings from papyrus stems,ensasanure
[COMMON_ANIMALS_NOUN] a male dog,ensongore
[GENERAL_NOUN] SW.voilence or force,ensumbi
[GENERAL_NOUN] big white beads,**ensunga**
"[GENERAL_NOUN] dislike, enmity, hatred",enobi
[GENERAL_NOUN] tree with edible fruit,enondwa
[GENERAL_NOUN] loquats,ensaali
[GOVERNANCE_AND_ADMINISTRATION_NOUN] illness of king only,ensaasi
[COMMON_ANIMALS_NOUN] large ape,enkuya
"[GENERAL_NOUN] main root, tap root",enkuzi
[GENERAL_NOUN] quail,enkwali
[GENERAL_NOUN] waning moon,enkwomoro
[GENERAL_NOUN] simsim,ensamya
[GENERAL_NOUN] a male animal,ensaija
[COMMON_ANIMALS_NOUN] a ram,ensekure
[GENERAL_NOUN] SW.a desparate person,ensoberwa
[GENERAL_NOUN] SW.someone who explains something,ensoboorozi
[GENERAL_NOUN] the way of reading,ensoma
[HEALTH_AND_MEDICINE_NOUN] menstruation period,ensonga
[HEALTH_AND_MEDICINE_NOUN] SW.cattle disease,ensonga
[GENERAL_NOUN] honey guide bird,ensoigo
[GENERAL_NOUN] a soft red clay,enombe
[GENERAL_NOUN] fish,ensamaaki
"[GENERAL_NOUN] flour, powder",ensaano
"[GENERAL_NOUN] pipe, flute",enseegu
[GENERAL_NOUN] edible grasshoppers,enseenene
[GENERAL_NOUN] loose cents,enseesekale
[GENERAL_NOUN] upper grinding stone,enseiso
"[GENERAL_NOUN] laughter, fun",enseko
"[GENERAL_NOUN] dear one, beloved",ensemere
[GENERAL_NOUN] giant hog,ensenge
[GENERAL_NOUN] good clear eyes,ensenyerre
"[GENERAL_NOUN] nausea, vomit",ensesemi
"[GEOGRAPHY_NOUN] earth, land, country",ensi
[GENERAL_NOUN] muzzle-loader,ensidirirwa
[GENERAL_NOUN] kidney; seed,ensigo
[GENERAL_NOUN] upper grind stone,ensiiso
[GENERAL_NOUN] money,ensimbi
[GENERAL_NOUN] full moon when rising,ensinduro
"[GENERAL_NOUN] shape, appearance",ensisana
[GENERAL_NOUN] talent: a natural gift,entaranta
"[GENERAL_NOUN] mistake, error",ensobi
"[GENERAL_NOUN] reedbuck, water buck",ensama
[GENERAL_NOUN] border of mat,ensandaigo
[GENERAL_NOUN] become very exhausted,ensazi
[GENERAL_NOUN] sty (in eye),ensekere
[GENERAL_NOUN] short-bladed spear,ensembukya
[GENERAL_NOUN] cast,ensenada
[GENERAL_NOUN] fetters,ensengo
[COMMON_ANIMALS_NOUN] hippopotamus,ensere
"[HEALTH_AND_MEDICINE_NOUN] dysentery, diarrhoea with blood",ensese
[GENERAL_NOUN] cane for bow string,ensibago
[GENERAL_NOUN] type of potato,ensibyemu
[GENERAL_NOUN] temporary shelter,ensiisira
"[COMMON_ANIMALS_NOUN] owl, sad, lonely person",ensindizi
[GENERAL_NOUN] grin showing teeth,ensinika
[GENERAL_NOUN] secret,ensita
[GENERAL_NOUN] explanation,ensoborra
[GENERAL_NOUN] castor oil berry,ensoga
[GENERAL_NOUN] castor oil plant,ensogasoga
[GENERAL_NOUN] housefly,ensohera
"[COMMON_ANIMALS_NOUN] young dog, puppy",ensole
[GENERAL_NOUN] silkworm,ensombabyoma
[GENERAL_NOUN] biting ant,ensondokozi
"[GENERAL_NOUN] protruding, prominent forehead",ensongo y'omutwe
[HEALTH_AND_MEDICINE_NOUN] tertiary syphilis,ensonjogo
[GENERAL_NOUN] small black fish,ensonzi
[GENERAL_NOUN] spring of water,ensoro
[GENERAL_NOUN] assemblies,ensorrokano
[GENERAL_NOUN] imitator,ensubiirizi
[COMMON_ANIMALS_NOUN] swallow,entaahi
[GENERAL_NOUN] vomit,entanaki
[GENERAL_NUM] one's opinions and ideas,enteekateeka
[GENERAL_NOUN] being very tired,enteere
[COMMON_ANIMALS_NOUN] a good female cow,ente-matako
[GENERAL_NOUN] small beads,entenge
"[GENERAL_NOUN] extreme edge, unsafe place",ensunsunikizo
[GENERAL_NOUN] flakes of skin,ensusu
[GENERAL_NOUN] white ants,enswa
[GENERAL_NOUN] water- jar,ensoha
[COMMON_ANIMALS_NOUN] large type of rat,ensolima
[GENERAL_NOUN] mud-fish,ensombi
[GENERAL_NOUN] cape of land,ensondo
"[GENERAL_NOUN] shame, embarrassment",ensoni
[GENERAL_NOUN] insolent person,ensooki
[GENERAL_NOUN] collection,ensorooza
[GENERAL_NOUN] imitation,ensubiiriza
[GENERAL_NOUN] black nightshade,enswiga
"[GENERAL_NOUN] red clay, fertile soil",entabo n
[COMMON_ANIMALS_NOUN] an irreplaceable cow,entasumbuswa
[GENERAL_NOUN] a type of potatoes,entembarusaka
[GENERAL_NOUN] seeds of a pumpkin,entetere
[GENERAL_NOUN] borrowed things,entiizano
"[GENERAL_NOUN] small red bird, wax-bill",ensundi
[GENERAL_NOUN] behind,enyuma
"[GENERAL_NOUN] pipe, earthenware, cooking-pot",enyungu
[GENERAL_NOUN] a cartapillas cacoon,enzibira-busa
[COMMON_ANIMALS_NOUN] python,enziramira
[GENERAL_NOUN] burial fee,enziiki
[GENERAL_NOUN] a holy person,enzira-kabi
[GENERAL_NOUN] muscular and strong,enzirigi
[GENERAL_NOUN] West wind,enziransi
[GENERAL_NOUN] deep sorrow or bitterness,enzonza-mutima
[GENERAL_NOUN] spoilt beer or porridge,erende
[GENERAL_NOUN] full moon,enzooro
[GENERAL_NOUN] a pound,eraatiri
[GENERAL_NOUN] colour,erangi
"[GENERAL_NOUN] dove, pigeon",eriiba
"[GENERAL_NOUN_PLURAL] dove, pigeons",amaiba
[GENERAL_NOUN] abyss,eriiso-ry'ensi
[GENERAL_NOUN_PLURAL] abysses,amaiso-ry'ensi
[GENERAL_NOUN] thin or not fat,erooro
[COMMON_ANIMALS_NOUN] young female goat,eruusi
[GENERAL_NOUN] bathroom,eryogero
[GENERAL_NOUN_PLURAL] bathrooms,amaogero
"[GENERAL_NOUN] sympathy, mercy, kindness",esaasi
[GENERAL_NOUN] prayer,esaara
[EDUCATION_AND_LEARNING_NOUN] letter of the alphabet,enyuguta
[COMMON_ANIMALS_NOUN] mule,enyumbu
[GENERAL_NOUN] pubic Hair,enza
"[GENERAL_NOUN] home-born, native, original",enzaarwa
[GENERAL_NOUN] strong feeling of hatred,enziika
[COMMON_ANIMALS_NOUN] locust,enzige
[GENERAL_NOUN] deep water,enziha
[GENERAL_NOUN] gonorrhoea,enziku
"[ART_AND_ENTERTAINMENT_NOUN] singer, dancer",enzini
[GENERAL_NOUN] wound,enzizi
[HEALTH_AND_MEDICINE_NOUN] shrub with much syrup,ereka
"[GENERAL_NOUN] these days, nowadays",eriigenda
"[GENERAL_NOUN_PLURAL] these days, nowadayses",amaigenda
"[GENERAL_NOUN] appearance, view",enzooka
"[GENERAL_NOUN] barrel, pipe",epipa
[GENERAL_NOUN] which,eri
[GENERAL_NOUN_PLURAL] whiches,ama
[GENERAL_NOUN] tooth,eriino
[GENERAL_NOUN_PLURAL] tooths,amaino
[GENERAL_NOUN] a dry cell,eryanda
[GENERAL_NOUN_PLURAL] dry cells,amaanda
[GENERAL_NOUN] a boat,eryato
[GENERAL_NOUN_PLURAL] boats,amaato
[GENERAL_NOUN] season of weeding millet,eryombera
[GENERAL_NOUN_PLURAL] season of weeding millets,amaombera
"[GENERAL_NOUN] top, overthere",eruguru
[GENERAL_NOUN] childishness,eryana
[GENERAL_NOUN_PLURAL] childishnesses,amaana
[GENERAL_NOUN] aheap of unorganised things,esaatumba
[GENERAL_NOUN] shirt,esaati
[GENERAL_NOUN] upper grinding stone,esaiso
[GENERAL_NOUN] sparks,esasi
[GENERAL_NOUN] butter sauce,esabwe
[GENERAL_NOUN] saucepan,esafuliya
[GENERAL_NOUN] bandle of grass,esa
[GENERAL_NOUN] type of a bird,esande
[COMMON_ANIMALS_NOUN] SW.cane rat,esenza
[COMMON_ANIMALS_NOUN] caterpillar,esokondwa
[GENERAL_NOUN] type of yellow bananas,esusure
[GENERAL_NOUN] bed sheets,esuuka
[GENERAL_NOUN] common duiker,esirabo
[GENERAL_NOUN] cigarettes,esigara
[GENERAL_NOUN] telephone,esimu
[GENERAL_NOUN] soap,esabbuuni
"[GENERAL_NOUN] journey, tour",esafaali
[GENERAL_NOUN] blood,esagama
[GENERAL_NOUN] rosary,esapuli
[GENERAL_NOUN] banana juice,esande
[GENERAL_NOUN] SW.urine in droplets,esarisari
[GENERAL_NOUN] Spear grass (Heteropogon contortus),esojo
[GENERAL_NOUN] sweater,esweta
[GENERAL_NOUN] SW.section of a book,esiba
[GENERAL_NOUN] fifty cents,esimooni
[GENERAL_NOUN] whistle,esirimbi
"[GENERAL_NOUN] tobacco, cigeretts",etaaba
[GENERAL_NOUN] placenta: the afterbirth,etabaaro
[GENERAL_NOUN] lantern,etabaaza
[GENERAL_NOUN] turkish hut,etarabuusu
[GENERAL_NOUN] tank,etanka
[GENERAL_NOUN] veil,evaaro/eveero
[GENERAL_NOUN] vest,eveesiti
[GENERAL_NOUN] mine,eyange
[GENERAL_NOUN] mine,ezange
[GENERAL_NOUN] pelican,ezikeere
[GENERAL_NOUN] See: ETABAAZA,etawaaza
"[GENERAL_NOUN] sweat, perspiration",etuutu
[GENERAL_NOUN] tarpauline,etundubaale
[GENERAL_NOUN] the gospel,evanjiri
[GENERAL_NOUN] wine,eviini
[GENERAL_NOUN] gold,ezaabbu
"[GENERAL_NOUN] those ones, which",ezi
[GENERAL_NOUN] a curse,ekikonderezo
[GENERAL_NOUN_PLURAL] curses,ebikonderezo
[GENERAL_NOUN] thorn of palm tree,ekikangi
[GENERAL_NOUN_PLURAL] thorn of palm trees,ebikangi
[GENERAL_NOUN] fish: Salted fish,ekikayaabu
[GENERAL_NOUN_PLURAL] fish: Salted fishes,ebikayaabu
[GENERAL_NOUN] peeled off skin,ekikoba
[GENERAL_NOUN_PLURAL] peeled off skins,ebikoba
[GENERAL_NOUN] sugarcane,ekikoijo
[GENERAL_NOUN_PLURAL] sugarcanes,ebikoijo
"[GENERAL_NOUN] copper, large brass bracelet",ekikomo
"[GENERAL_NOUN_PLURAL] copper, large brass bracelets",ebikomo
[GENERAL_NOUN] necklace of headwork,ekikondere
[GENERAL_NOUN_PLURAL] necklace of headworks,ebikondere
[GENERAL_NOUN] milestone,ekikondo
[GENERAL_NOUN_PLURAL] milestones,ebikondo
[COMMON_ANIMALS_NOUN] millipede,ekikongoijo
[COMMON_ANIMALS_NOUN_PLURAL] millipedes,ebikongoijo
[GENERAL_NOUN] empty maize cob,ekikonko
[GENERAL_NOUN_PLURAL] empty maize cobs,ebikonko
[GENERAL_NOUN] eye blow,ekikoori
[GENERAL_NOUN_PLURAL] eye blows,ebikoori
[GENERAL_NOUN] a torch,ekikorongezo
[GENERAL_NOUN_PLURAL] torches,ebikorongezo
[GENERAL_NOUN] an act,ekikorwa
[GENERAL_NOUN_PLURAL] acts,ebikorwa
[GENERAL_NOUN] toe or finger,ekikumu
[GENERAL_NOUN_PLURAL] toe or fingers,ebikumu
"[GENERAL_NOUN] snail, slug",ekitindinda
"[GENERAL_NOUN_PLURAL] snail, slugs",ebitindinda
[GENERAL_NOUN] small piece of meat,ekitime
[GENERAL_NOUN_PLURAL] small piece of meats,ebitime
[GENERAL_NOUN] the last,ekitimatima
[GENERAL_NOUN_PLURAL] lasts,ebitimatima
"[GENERAL_NOUN] anus, buttock",ekitiiri
"[GENERAL_NOUN_PLURAL] anus, buttocks",ebitiiri
[GENERAL_NOUN] a piece of stick,ekiti
[GENERAL_NOUN_PLURAL] piece of sticks,ebiti
[COMMON_ANIMALS_NOUN] fatty tail of sheep,ekitere
[COMMON_ANIMALS_NOUN_PLURAL] fatty tail of sheeps,ebitere
[GENERAL_NOUN] umoa grass,ekiteete
[GENERAL_NOUN_PLURAL] umoa grasses,ebiteete
"[GENERAL_NOUN] idea, thought",ekiteekerezo
"[GENERAL_NOUN_PLURAL] idea, thoughts",ebiteekerezo
[GENERAL_NOUN] an offering to God,ekitoijo
[GENERAL_NOUN_PLURAL] offering to Gods,ebitoijo
[GENERAL_NOUN] something young or imature,ekitoga
[GENERAL_NOUN_PLURAL] something young or imatures,ebitoga
[GENERAL_NOUN] sexually loose,ekitingwa
[GENERAL_NOUN_PLURAL] sexually looses,ebitingwa
[GENERAL_NOUN] lemon grass,ekiteete
[GENERAL_NOUN_PLURAL] lemon grasses,ebiteete
[GENERAL_NOUN] a clay water pot,ekiteba
[GENERAL_NOUN_PLURAL] clay water pots,ebiteba
[COMMON_ANIMALS_NOUN] a young grasshopper,ekitentere
[COMMON_ANIMALS_NOUN_PLURAL] young grasshoppers,ebitentere
[GENERAL_NOUN] millet drying rack,ekitindiriro
[GENERAL_NOUN_PLURAL] millet drying racks,ebitindiriro
[GENERAL_NOUN] dress,ekiteetei
[GENERAL_NOUN_PLURAL] dresses,ebiteetei
[GENERAL_NOUN] a kind of bird,ekitenterezi
[GENERAL_NOUN_PLURAL] kind of birds,ebitenterezi
[GENERAL_NOUN] soft straight hair,ekitereza
[GENERAL_NOUN_PLURAL] soft straight hairs,ebitereza
"[GENERAL_NOUN] glory, honour, respect, reverence",ekitiinisa
"[GENERAL_NOUN_PLURAL] glory, honour, respect, reverences",ebitiinisa
[GENERAL_NOUN] a patched garmen,ekitinti
[GENERAL_NOUN_PLURAL] patched garmens,ebitinti
[GENERAL_NOUN] spade,ekitiyo
[GENERAL_NOUN_PLURAL] spades,ebitiyo
[GENERAL_NOUN] honey-eating animal,ekyata-muzinga
[GENERAL_NOUN_PLURAL] honey-eating animals,ebyata-muzinga
[GENERAL_NOUN] century: a hundred years,ekyasa
[GENERAL_NOUN_PLURAL] century: a hundred yearses,ebyasa
[GENERAL_NOUN] corner: a sharp bend,ekoona
[GENERAL_NOUN] valley dam or pond,ekiziba
[GENERAL_NOUN_PLURAL] valley dam or ponds,ebiziba
[GENERAL_NOUN] a small measuring basket,ekiyengo
[GENERAL_NOUN_PLURAL] small measuring baskets,ebiyengo
[GENERAL_NOUN] a big storage basket,ekitwaro
[GENERAL_NOUN_PLURAL] big storage baskets,ebitwaro
[GENERAL_NOUN] mushroom:a large size mushroom,ekituzi
[GENERAL_NOUN_PLURAL] mushroom:a large size mushrooms,ebituzi
[GENERAL_NOUN] **unripe fruit.**,ekitumbwe
[GENERAL_NOUN_PLURAL] **unripe fruit.**s,ebitumbwe
[GENERAL_NOUN] eye blows,ekisige
[GENERAL_NOUN_PLURAL] eye blowses,ebisige
[GENERAL_NOUN] ficus tree,ekitooma
[GENERAL_NOUN_PLURAL] ficus trees,ebitooma
[GENERAL_NOUN] poem,ekitontome
[GENERAL_NOUN_PLURAL] poems,ebitontome
"[GENERAL_NOUN] the stomach,intestine",ekyenda
"[GENERAL_NOUN_PLURAL] stomach,intestines",ebyenda
[GENERAL_NOUN] physical stature,ekyemo
[GENERAL_NOUN_PLURAL] physical statures,ebyemo
[GENERAL_NOUN] stature,ekyemerro
[GENERAL_NOUN_PLURAL] statures,ebyemerro
[GENERAL_NOUN] a self-propagated plant,ekyemeza
[GENERAL_NOUN_PLURAL] self-propagated plants,ebyemeza
[GENERAL_NOUN] excuse,ekyekwaso
[GENERAL_NOUN_PLURAL] excuses,ebyekwaso
[GENERAL_NOUN] a crawling thing,ekyekurra
[GENERAL_NOUN_PLURAL] crawling things,ebyekurra
[MATHEMATICS_NOUN] a set-square,ekyegemera
[MATHEMATICS_NOUN_PLURAL] set-squares,ebyegemera
"[GENERAL_NOUN] corner of cloth, skin",ekyebu
"[GENERAL_NOUN_PLURAL] corner of cloth, skins",ebyebu
[GENERAL_NOUN] albino,ekyeera
[GENERAL_NOUN_PLURAL] albinos,ebyeera
[GENERAL_NOUN] a heart burn,ekyata
[GENERAL_NOUN_PLURAL] heart burns,ebyata
[GENERAL_NOUN] a crack,ekyate
[GENERAL_NOUN_PLURAL] cracks,ebyate
[GENERAL_NOUN] piece of split firewood,ekyasa
[GENERAL_NOUN_PLURAL] piece of split firewoods,ebyasa
[GENERAL_NOUN] gap in the teeth,ekyasi
[GENERAL_NOUN_PLURAL] gap in the teeths,ebyasi
"[GENERAL_NOUN] village, estate",ekyaro
"[GENERAL_NOUN_PLURAL] village, estates",ebyaro
[COMMON_ANIMALS_NOUN] grass spread for cattle,ekyarre
[COMMON_ANIMALS_NOUN_PLURAL] grass spread for cattles,ebyarre
[GENERAL_NOUN] sowing machine,ekyaraani
[GENERAL_NOUN_PLURAL] sowing machines,ebyaraani
"[GENERAL_NOUN] finger, toe",ekyara
"[GENERAL_NOUN_PLURAL] finger, toes",ebyara
[GENERAL_NOUN] hollow infront of neck,ekyano
[GENERAL_NOUN_PLURAL] hollow infront of necks,ebyano
"[GENERAL_NOUN] post, stamp",ekyanyuma
"[GENERAL_NOUN_PLURAL] post, stamps",ebyanyuma
[GENERAL_NOUN] mine,ekyange
[GENERAL_NOUN_PLURAL] mines,ebyange
[GENERAL_NOUN] pestle,eky'ensekuro
[GENERAL_NOUN_PLURAL] pestles,eby'ensekuro
[GENERAL_NOUN] river,ekyambu
[GENERAL_NOUN_PLURAL] rivers,ebyambu
"[GENERAL_NOUN] worthless person, good-for-nothing",ekyalinga
"[GENERAL_NOUN_PLURAL] worthless person, good-for-nothings",ebyalinga
[COMMON_ANIMALS_NOUN] dog's collar,ekyambara
[COMMON_ANIMALS_NOUN_PLURAL] dog's collars,ebyambara
"[GENERAL_NOUN] flower,blossom",ekyakyo
"[GENERAL_NOUN_PLURAL] flower,blossoms",ebyakyo
[GENERAL_NOUN] drink,"ekyahati, nitwija"
[GENERAL_NOUN_PLURAL] drinks,"ebyahati, nitwija"
[GENERAL_NOUN] today,ekyahati
[GENERAL_NOUN_PLURAL] todays,ebyahati
"[GENERAL_NOUN] placenta, after birth",ekyahanyuma
"[GENERAL_NOUN_PLURAL] placenta, after births",ebyahanyuma
"[GENERAL_NOUN] pouch,crop",ekyadundu
"[GENERAL_NOUN_PLURAL] pouch,crops",ebyadundu
"[GENERAL_NOUN] placenta, after birth",ekyadaadi
"[GENERAL_NOUN_PLURAL] placenta, after births",ebyadaadi
"[GENERAL_NOUN] cart, rickshaw coat, jacket",ekyabuuramuti ekooti
"[GENERAL_NOUN_PLURAL] cart, rickshaw coat, jackets",ebyabuuramuti ekooti
"[GENERAL_NOUN] lock, padlock",ekufuru
[GENERAL_NOUN] cocoa fruit,ekooko
[GENERAL_NOUN] coronets,ekondo
[GENERAL_NOUN] swarm,ekizizi
[GENERAL_NOUN_PLURAL] swarms,ebizizi
"[COMMON_ANIMALS_NOUN] duck, goose",embaata
"[GENERAL_NOUN] a hero, brave person",emanzi
[GENERAL_NOUN] vagina,emana
"[GENERAL_NOUN] dawn, day break",emamba
[GENERAL_NOUN] pegs,emambo
[COMMON_ANIMALS_NOUN] ostrich,emaaya
"[GENERAL_NOUN] pail, bucket",elobo
"[GENERAL_NOUN] feather, hair",ekyoya
"[GENERAL_NOUN_PLURAL] feather, hairs",ebyoya
"[GENERAL_NOUN] fireplace, hearth",ekyoto
"[GENERAL_NOUN_PLURAL] fireplace, hearths",ebyoto
[GENERAL_NOUN] hair bracelet,ekyose
[GENERAL_NOUN_PLURAL] hair bracelets,ebyose
[GENERAL_NOUN] sacrifice,ekyonzira
[GENERAL_NOUN_PLURAL] sacrifices,ebyonzira
"[GENERAL_NOUN] sailing ship, dhow",ekyombo
"[GENERAL_NOUN_PLURAL] sailing ship, dhows",ebyombo
[GENERAL_NOUN] forbidden thing,ekyomuziro
[GENERAL_NOUN_PLURAL] forbidden things,ebyomuziro
[GENERAL_NOUN] building,ekyombeko
[GENERAL_NOUN_PLURAL] buildings,ebyombeko
[GENERAL_NOUN] weapon,ekyokurwanisa
[GENERAL_NOUN_PLURAL] weapons,ebyokurwanisa
[GENERAL_NOUN] offering,ekyokuhonga
[GENERAL_NOUN_PLURAL] offerings,ebyokuhonga
"[GENERAL_NOUN] garment, cloth",ekyokujwara
"[GENERAL_NOUN_PLURAL] garment, cloths",ebyokujwara
[GENERAL_NOUN] poison given by witchdoctors,ekyokoora
[GENERAL_NOUN_PLURAL] poison given by witchdoctorses,ebyokoora
[GENERAL_NOUN] temptation,ekyohyo
[GENERAL_NOUN_PLURAL] temptations,ebyohyo
[GENERAL_NOUN] broom,ekyeyo
[GENERAL_NOUN_PLURAL] brooms,ebyeyo
"[GENERAL_NOUN] corner, turn, bend,curve",ekyezigolezo
"[GENERAL_NOUN_PLURAL] corner, turn, bend,curves",ebyezigolezo
[GENERAL_NOUN] yawn,ekyeyamura
[GENERAL_NOUN_PLURAL] yawns,ebyeyamura
[GENERAL_NOUN] a level plain,ekyeya
[GENERAL_NOUN_PLURAL] level plains,ebyeya
[GENERAL_NOUN] a need,ekyetaago
[GENERAL_NOUN_PLURAL] needs,ebyetaago
[GENERAL_NOUN] an echo,ekyetebuko
[GENERAL_NOUN_PLURAL] echos,ebyetebuko
"[GENERAL_NOUN] covering, blanket, sheet",ekyesweko
"[GENERAL_NOUN_PLURAL] covering, blanket, sheets",ebyesweko
"[GENERAL_NOUN] coat, made-up garment, overal",ekyesomeko
"[GENERAL_NOUN_PLURAL] coat, made-up garment, overals",ebyesomeko
[GENERAL_NOUN] self-will,ekyesingo
[GENERAL_NOUN_PLURAL] self-wills,ebyesingo
"[GENERAL_NOUN] self-confidence, self-assurance,leisurely, stately walk",ekyesindiko
"[GENERAL_NOUN_PLURAL] self-confidence, self-assurance,leisurely, stately walks",ebyesindiko
"[GENERAL_NOUN] loofah, sponge",ekyesingiso
"[GENERAL_NOUN_PLURAL] loofah, sponges",ebyesingiso
[GENERAL_NOUN] strainer for water,ekyesegenyu
[GENERAL_NOUN_PLURAL] strainer for waters,ebyesegenyu
"[GENERAL_NOUN] rebelliousness, disobedience",ekyeremye
"[GENERAL_NOUN_PLURAL] rebelliousness, disobediences",ebyeremye
[GENERAL_NOUN] fish,ekyenyanja
[GENERAL_NOUN_PLURAL] fishes,ebyenyanja
[GENERAL_NOUN] a burning place,ekyokyezo
[GENERAL_NOUN_PLURAL] burning places,ebyokyezo
[GENERAL_VERB] to stand on tiptoe,eraihiriza
[GENERAL_VERB] to announce oneself,eraoga
"[GENERAL_VERB] to be taut, tightened",ereega
"[GENERAL_VERB] to wince, start",erinduka
[GENERAL_VERB] to examine or seeoneself,erora
"[GENERAL_VERB] to be insolent, inquisitive",erabura
[GENERAL_VERB] to pretend to search,erozaroza
[GENERAL_VERB] to scatter,esansara
[GENERAL_VERB] to hide oneself,esereka
"[GENERAL_VERB] to trust, rely on",esiga
[GENERAL_VERB] to smear oneself,esiiga
"[GENERAL_VERB] to coveroneself, camouflage",esiikiriza
"[GENERAL_VERB] to stumble, trip",esiitara
[GENERAL_VERB] to become surety,esimba
[GENERAL_VERB] to stick on; insist,esibiirra
[COMMON_ANIMALS_VERB] to give water (cattle),escra
[GENERAL_VERB] to settle on lees,esenguJa
[GENERAL_VERB] to sneeze,eseemura
[GENERAL_VERB] to open the mouth,esama
[GENERAL_VERB] to pillow one's self,esagura
[GENERAL_NOUN] raise ones grief,erya
[GENERAL_NOUN_PLURAL] raise ones griefs,amaa
[GENERAL_VERB] to mix with,eruuba
[GENERAL_VERB] to hide,erimba
[GENERAL_VERB] to lick up one's,erambira
[GENERAL_VERB] to make a vow,erahiirra
[GENERAL_VERB] to sweep idly,esingoleza
[GENERAL_VERB] to miss,esobwa
[GENERAL_VERB] to gorge oneself,esoka
"[GENERAL_VERB] to plume feathers, preen",esonsogora
[GENERAL_VERB] to slink off,esooboora
"[GENERAL_VERB] to assemble, come together",esorooza
[GENERAL_VERB] to keep to oneself,esungunika
"[GENERAL_VERB] to call, invite",eta
[GENERAL_NOUN] intrude,etaabya
[GENERAL_NOUN] splash about,etabaga
[GENERAL_VERB] to be mixed up,etabatabika
[GENERAL_VERB] to dodge,eteba
[GENERAL_VERB] to gird oneself,eteega
"[GENERAL_VERB] to get ready, prepare",eteekaniza
[GENERAL_VERB] to balance oneself,etendebeka
[GENERAL_VERB] to skip,etiriiba
[GENERAL_NOUN] go hunting alone,etomera
[GENERAL_VERB] to wriggle,etiriginya
"[GENERAL_VERB] to gambol, skip",eterega
[GENERAL_VERB] to fidget,eteogeesa
"[GENERAL_VERB] to skip, gambol",etendiiga
"[GENERAL_VERB] to presume, take upon",etembeeka
"[GENERAL_VERB] to securitise, examine, understand",etegya
[GENERAL_VERB] to ungird oneself,eteegura
"[GENERAL_VERB] to control oneself, refrain",etanga
[GENERAL_NOUN] toentangle oneself,etaba
[GENERAL_VERB] to cover oneself,esweka
[GENERAL_VERB] to swing oneself,esuusa
[GENERAL_NOUN] go away alone,esungusura
"[GENERAL_VERB] to separate oneself, withdraw",esoroora
"[GENERAL_VERB] to clean, pick out",esokoora
"[GENERAL_VERB] to be handy, skilful",etooratoora
"[GENERAL_VERB] to worry, be anxious",etuntrrUI
"[GENERAL_VERB] to be lazy, dawdle",eturumbwijura
"[GENERAL_VERB] to separate oneself,exclude oneself",eyahukaniza
[GENERAL_VERB] to yawn,eyamura
[GENERAL_VERB] to challenge,eyetera
"[GENERAL_VERB] to escape, slink off",eyiba
[GENERAL_VERB] to commit suicide,eyi.ita
[GENERAL_VERB] to twist; go unwillingly,eyongosa
"[GENERAL_VERB] to insinuate oneself,fawn",eyorobya
"[GENERAL_VERB] to separate, disperse",eyunguura
[GENERAL_VERB] to destroy oneself,ezinda
[GENERAL_VERB] to unwind oneself,ezinguurra
[GENERAL_NOUN] Spider plant,eyobyo
[GENERAL_VERB] to scratch oneself,eyagura
[GENERAL_VERB] to crowd together,etuuma
[GENERAL_VERB] to huddle oneself up,eturubika
[GENERAL_VERB] to slip off,etunguurra
"[GENERAL_VERB] to be skilful, romantic",etooliikn
[GENERAL_NOUN] 1) materials. 2) utensils,ebikoreso
[GENERAL_NOUN] animals,ebikooko
"[GENERAL_NOUN] clothings, garments",ebijwaro
[GENERAL_NOUN] fomentations,ebijaburiro
[GENERAL_NOUN] large teeth,ebiino
[GENERAL_NOUN] odd numbers,ebihera
[GENERAL_NOUN] saliva,ebicwanta
[GENERAL_NOUN] maize plant,ebicooli
[GENERAL_NOUN] campfire made for cows,ebicaani
[GENERAL_NOUN] a basin,ebbeeseni
[GENERAL_NOUN] The Bible,ebbaibbuli
[GENERAL_NOUN] envelope,ebbahaasa
[GENERAL_NOUN] examinations or tests,ebibuuzo
[GENERAL_NOUN] **broken pieces**,ebicwanyagurika
[GENERAL_NOUN] something done excessively,ebigene
[GENERAL_NOUN] waves,ebigonzi
[GENERAL_NOUN] pieces of advice,ebihaburo
[GENERAL_NOUN] beans,ebihimba
[GENERAL_NOUN] impaired vision,ebihwazi
[COMMON_ANIMALS_NOUN] swellings on cattle hips,ebiiga
[HEALTH_AND_MEDICINE_NOUN] syphilis,ebijaga
[GENERAL_NOUN] beans,**ebijanjaaro**
[GENERAL_NOUN] water-logged ground,ebijenge
[GENERAL_NOUN] sweet potatoes,ebitakuri
[GENERAL_NOUN] new things,ebihya
[GENERAL_NOUN] garden rubbish,ebisingo
[GENERAL_NOUN] left-overs,ebisigarira
[GENERAL_NOUN] food without salt,ebisekule
[HEALTH_AND_MEDICINE_NOUN] labour pains,ebisa
[GENERAL_NOUN] weapons,ebirwaniso
[GENERAL_NOUN] spices,ebirungo
[GENERAL_NOUN] rumours,ebirego
[GENERAL_NOUN] a pair of shoes,ebiraatwa
[GENERAL_NOUN] saltless food or sauce,ebinyiga
[GENERAL_NOUN] edible mushrooms,ebinyangabo
"[GENERAL_NOUN] weeds, tall grass",ebinyansi
[GENERAL_NOUN] water waves,ebingonzi
[GENERAL_NOUN] mucus from the nose,ebimira
[GENERAL_NOUN] neck,ebikya
"[GENERAL_NOUN] items touse, tools, implements",ebikwato
[GENERAL_NOUN] millet husks,ebikuti
[GENERAL_NOUN] pozzolan,ebikyenkya
[GENERAL_NOUN] others: the rest,ebindi
[GENERAL_NOUN] nasalised manner of speech,ebinyaanyindo
[GENERAL_NOUN] groundnuts,ebinyoobwa
[GENERAL_NOUN] curry powder,ebinzaali
[GENERAL_NOUN] sw.1) spectacles. 2) glasses,ekirahure
[GENERAL_NOUN_PLURAL] sw.1) spectacles. 2) glasseses,ebirahure
[GENERAL_NOUN] beards,ebireju
[GENERAL_NOUN] snow,ebirika
[GENERAL_NOUN] good things,ebirungi
[GENERAL_NOUN] empty match boxes,ebisosonkoro
[GENERAL_NOUN] ear wax,ebisurugutururu
[GENERAL_NOUN] shallow pool,ekiigaana
[GENERAL_NOUN_PLURAL] shallow pools,ebiigaana
"[GENERAL_NOUN] fern, air freshener",ekihwijo
"[GENERAL_NOUN_PLURAL] fern, air fresheners",ebihwijo
[GENERAL_NOUN] creeper,ekihurro
[GENERAL_NOUN_PLURAL] creepers,ebihurro
[COMMON_ANIMALS_NOUN] a mole,ekihukuzi
[COMMON_ANIMALS_NOUN_PLURAL] moles,ebihukuzi
[GENERAL_NOUN] shade for calves,ekihongole
[GENERAL_NOUN_PLURAL] shade for calveses,ebihongole
[GENERAL_NOUN] bit of grass,ekihoiga
[GENERAL_NOUN_PLURAL] bit of grasses,ebihoiga
"[GENERAL_NOUN] haze, mist, fog",ekiho
"[GENERAL_NOUN_PLURAL] haze, mist, fogs",ebiho
"[GENERAL_NOUN] expectation, curiosity, longing for",ekihika
"[GENERAL_NOUN_PLURAL] expectation, curiosity, longing fors",ebihika
[GENERAL_NOUN] fresh beans,ekihiiso
[GENERAL_NOUN_PLURAL] fresh beanses,ebihiiso
"[GENERAL_NOUN] a creature, created thing",ekihangwa
"[GENERAL_NOUN_PLURAL] creature, created things",ebihangwa
[GENERAL_NOUN] valley,ekihanga
[GENERAL_NOUN_PLURAL] valleys,ebihanga
[GENERAL_NOUN] a lung,ekihaha
[GENERAL_NOUN_PLURAL] lungs,ebihaha
[GENERAL_NOUN] a fall,ekigwo
[GENERAL_NOUN_PLURAL] falls,ebigwo
[GENERAL_NOUN] smell of burning food,ekigugu
[GENERAL_NOUN_PLURAL] smell of burning foods,ebigugu
[GENERAL_NOUN] a wave,ekigonzi
[GENERAL_NOUN_PLURAL] waves,ebigonzi
[GENERAL_NOUN] occasionally; not often,ekigurukano
[GENERAL_NOUN_PLURAL] occasionally; not oftens,ebigurukano
[GENERAL_NOUN] an absent minded person,ekihuurika
[GENERAL_NOUN_PLURAL] absent minded persons,ebihuurika
[GENERAL_NOUN] occasionally; not often,ekigwara
[GENERAL_NOUN_PLURAL] occasionally; not oftens,ebigwara
[GENERAL_NOUN] banana fibre,ekigogo
[GENERAL_NOUN_PLURAL] banana fibres,ebigogo
[GENERAL_NOUN] the act of snoring,ekigono
[GENERAL_NOUN_PLURAL] act of snorings,ebigono
[GENERAL_NOUN] the big one,ekigundu
[GENERAL_NOUN_PLURAL] big ones,ebigundu
"[GENERAL_NOUN] accident, unexpected problem",ekigwererezi
"[GENERAL_NOUN_PLURAL] accident, unexpected problems",ebigwererezi
[GENERAL_NOUN] palate,ekihangara
[GENERAL_NOUN_PLURAL] palates,ebihangara
[HEALTH_AND_MEDICINE_NOUN] pneumonia,ekihaso
[HEALTH_AND_MEDICINE_NOUN_PLURAL] pneumonias,ebihaso
"[GENERAL_NOUN] cold, dull weather",ekihihi
"[GENERAL_NOUN_PLURAL] cold, dull weathers",ebihihi
[COMMON_ANIMALS_NOUN] butterfly,ekihoihorya
[COMMON_ANIMALS_NOUN_PLURAL] butterflies,ebihoihorya
[GENERAL_NOUN] tsetsefly,ekijuju
[GENERAL_NOUN_PLURAL] tsetseflies,ebijuju
"[GENERAL_NOUN] wound, sore",ekihooya
"[GENERAL_NOUN_PLURAL] wound, sores",ebihooya
[COMMON_ANIMALS_NOUN] a bat,ekihuguhugu
[COMMON_ANIMALS_NOUN_PLURAL] bats,ebihuguhugu
[NATURE_AND_ENVIRONMENT_NOUN] climbing plant,ekihururwa
[NATURE_AND_ENVIRONMENT_NOUN_PLURAL] climbing plants,ebihururwa
"[GENERAL_NOUN] holiday,rest",ekihuumuro
"[GENERAL_NOUN_PLURAL] holiday,rests",ebihuumuro
"[GENERAL_NOUN] large knife, machete, sword",ekihyo
"[GENERAL_NOUN_PLURAL] large knife, machete, swords",ebihyo
"[GENERAL_NOUN] passing air, a fart",ekinyampo
"[GENERAL_NOUN_PLURAL] passing air, a farts",ebinyampo
[GENERAL_NOUN] civet-ca,ekinyamakeka
[GENERAL_NOUN_PLURAL] civet-cas,ebinyamakeka
[COMMON_ANIMALS_NOUN] a woolly caterpillar,ekinyabwoya
[COMMON_ANIMALS_NOUN_PLURAL] woolly caterpillars,ebinyabwoya
[GENERAL_NOUN] bad smell,ekinunko
[GENERAL_NOUN_PLURAL] bad smells,ebinunko
[GOVERNANCE_AND_ADMINISTRATION_NOUN] the queen termite,ekintana
[GOVERNANCE_AND_ADMINISTRATION_NOUN_PLURAL] queen termites,ebintana
[GENERAL_NOUN] anger,ekiniga
[GENERAL_NOUN_PLURAL] angers,ebiniga
"[GENERAL_NOUN] an idiot, an imbecile",ekingoleka
"[GENERAL_NOUN_PLURAL] idiot, an imbeciles",ebingoleka
[GENERAL_NOUN] cooking pot,ekinaga
[GENERAL_NOUN_PLURAL] cooking pots,ebinaga
[GENERAL_NOUN] a deep voice,ekimiro
[GENERAL_NOUN_PLURAL] deep voices,ebimiro
[GENERAL_NOUN] a growing plant,ekimera
[GENERAL_NOUN_PLURAL] growing plants,ebimera
[GENERAL_NOUN] arrow,ekimara
[GENERAL_NOUN_PLURAL] arrows,ebimara
[GENERAL_NOUN] household,ekikwato
[GENERAL_NOUN_PLURAL] households,ebikwato
[GENERAL_NOUN] safety pin,ekikwasi
[GENERAL_NOUN_PLURAL] safety pins,ebikwasi
"[GENERAL_NOUN] **track, trail**",ekikururuzo
"[GENERAL_NOUN_PLURAL] **track, trail**s",ebikururuzo
[GENERAL_NOUN] stump of a tree,ekikunya
[GENERAL_NOUN_PLURAL] stump of a trees,ebikunya
[GENERAL_NOUN] a projecting thing,ekikungulima
[GENERAL_NOUN_PLURAL] projecting things,ebikungulima
[GENERAL_NOUN] hunting-horn,ekikule
[GENERAL_NOUN_PLURAL] hunting-horns,ebikule
[GENERAL_NOUN] title of honour,ekikugizo
[GENERAL_NOUN_PLURAL] title of honours,ebikugizo
[GENERAL_NOUN] woodpecker,ekikonkonamiti
[GENERAL_NOUN_PLURAL] woodpeckers,ebikonkonamiti
[GENERAL_NOUN] wood pecker,ekikonkomago
[GENERAL_NOUN_PLURAL] wood peckers,ebikonkomago
[COMMON_ANIMALS_NOUN] large lizard,ekikonkomi
[COMMON_ANIMALS_NOUN_PLURAL] large lizards,ebikonkomi
[COMMON_ANIMALS_NOUN] bull dozer,ekikoonora
[COMMON_ANIMALS_NOUN_PLURAL] bull dozers,ebikoonora
"[GENERAL_NOUN] deed, act",ekikorwa
"[GENERAL_NOUN_PLURAL] deed, acts",ebikorwa
[GENERAL_NOUN] a large trench,ekikura
[GENERAL_NOUN_PLURAL] large trenches,ebikura
[GENERAL_NOUN] stench: a bad smell,ekinuuko
[GENERAL_NOUN_PLURAL] stench: a bad smells,ebinuuko
[GENERAL_NOUN] irish potato,ekilaaya
[GENERAL_NOUN_PLURAL] irish potatos,ebilaaya
[GENERAL_NOUN] friendship without blood- brotherhood,ekimeeri
[GENERAL_NOUN_PLURAL] friendship without blood- brotherhoods,ebimeeri
[GENERAL_NOUN] bathroom,ekinaabiro
[GENERAL_NOUN_PLURAL] bathrooms,ebinaabiro
[COMMON_ANIMALS_NOUN] crow,ekingoora
[COMMON_ANIMALS_NOUN_PLURAL] crows,ebingoora
[GENERAL_NOUN] protuberance above navel,ekinosi
[GENERAL_NOUN_PLURAL] protuberance above navels,ebinosi
[GENERAL_NOUN] a thing,ekintu
[GENERAL_NOUN_PLURAL] things,ebintu
[GENERAL_NOUN] mushroom: an edible mushroom,ekinyabaisiki
[GENERAL_NOUN_PLURAL] mushroom: an edible mushrooms,ebinyabaisiki
[GENERAL_NOUN] sentence: a complete statement,ekibazo
[GENERAL_NOUN_PLURAL] sentence: a complete statements,ebibazo
[GENERAL_NOUN] an old iron sheet,ekibbaati
[GENERAL_NOUN_PLURAL] old iron sheets,ebibbaati
[GENERAL_NOUN] a match box,ekibbiriiti
[GENERAL_NOUN_PLURAL] match boxes,ebibbiriiti
"[GENERAL_NOUN] thigh, lap",ekibero
"[GENERAL_NOUN_PLURAL] thigh, laps",ebibero
[GENERAL_NOUN] boiled meat,ekibiriza
[GENERAL_NOUN_PLURAL] boiled meats,ebibiriza
[GENERAL_NOUN] clay or wooden bowl,ekibindi
[GENERAL_NOUN_PLURAL] clay or wooden bowls,ebibindi
[GENERAL_NOUN] buttocks,ekibunu
[GENERAL_NOUN_PLURAL] buttockses,ebibunu
[COMMON_ANIMALS_NOUN] a hairy stinging caterpillar,ekibwegurra
[COMMON_ANIMALS_NOUN_PLURAL] hairy stinging caterpillars,ebibwegurra
[GENERAL_NOUN] sw.cereal: maize cob,ekicoori
[GENERAL_NOUN_PLURAL] sw.cereal: maize cobs,ebicoori
[GENERAL_NOUN] cloud,ekicu
[GENERAL_NOUN_PLURAL] clouds,ebicu
[CULTURE_AND_TRADITION_NOUN] spirit shrine for twins,ekibbaali
[CULTURE_AND_TRADITION_NOUN_PLURAL] spirit shrine for twinses,ebibbaali
[GENERAL_NOUN] match box,ekibiriiti
[GENERAL_NOUN_PLURAL] match boxes,ebibiriiti
[GENERAL_NOUN] forest,ekibira
[GENERAL_NOUN_PLURAL] forests,ebibira
[GENERAL_NOUN] a shooting star,ekibonwomwe
[GENERAL_NOUN_PLURAL] shooting stars,ebibonwomwe
[GENERAL_NOUN] a dull rainy day,ekibunda
[GENERAL_NOUN_PLURAL] dull rainy days,ebibunda
[COMMON_ANIMALS_NOUN] puppy: a young dog,ekibwana
[COMMON_ANIMALS_NOUN_PLURAL] puppy: a young dogs,ebibwana
[GENERAL_NOUN] maize,ekicooli
[GENERAL_NOUN_PLURAL] maizes,ebicooli
[GENERAL_NOUN] a snail,ekinyangondookyera
[GENERAL_NOUN_PLURAL] snails,ebinyangondookyera
[GENERAL_NOUN] fish-trap,ekinyege
[GENERAL_NOUN_PLURAL] fish-traps,ebinyege
[GENERAL_NOUN] a large brown ant,ekinyomo
[GENERAL_NOUN_PLURAL] large brown ants,ebinyomo
[GENERAL_NOUN] bird,ekinyonyi
[GENERAL_NOUN_PLURAL] birds,ebinyonyi
"[BIOLOGY_NOUN] vein, artery",ekinywa
"[BIOLOGY_NOUN_PLURAL] vein, arteries",ebinywa
[GENERAL_NOUN] things,ekinywansani
[GENERAL_NOUN_PLURAL] thingses,ebinywansani
[GENERAL_NOUN] mud guard,ekipampagara
[GENERAL_NOUN_PLURAL] mud guards,ebipampagara
[GENERAL_NOUN] a broken pot,ekiranga
[GENERAL_NOUN_PLURAL] broken pots,ebiranga
"[GENERAL_NOUN] panga, matchet",ekipanga
"[GENERAL_NOUN_PLURAL] panga, matchets",ebipanga
"[GENERAL_NOUN] covenant, agreement",ekiragaano
"[GENERAL_NOUN_PLURAL] covenant, agreements",ebiragaano
"[GENERAL_NOUN] glass, tumbler",ekirahuli
"[GENERAL_NOUN_PLURAL] glass, tumblers",ebirahuli
[GENERAL_NOUN] wild,ekirali
[GENERAL_NOUN_PLURAL] wilds,ebirali
"[GENERAL_NOUN] small present, remembrance",ekiramukyo
"[GENERAL_NOUN_PLURAL] small present, remembrances",ebiramukyo
[COMMON_ANIMALS_NOUN] crested eagle,ekinyamunsungusungu
[COMMON_ANIMALS_NOUN_PLURAL] crested eagles,ebinyamunsungusungu
[GENERAL_NOUN] groundnut,ekinyoobwa
[GENERAL_NOUN_PLURAL] groundnuts,ebinyoobwa
[GENERAL_NOUN] festivity or feast,ekinyumyo
[GENERAL_NOUN_PLURAL] festivity or feasts,ebinyumyo
[GENERAL_NOUN] blotting paper,ekinywabwino
[GENERAL_NOUN_PLURAL] blotting papers,ebinywabwino
[GENERAL_NOUN] papyrus mat,ekipaali
[GENERAL_NOUN_PLURAL] papyrus mats,ebipaali
"[GENERAL_NOUN] reading sheet, notice, card",ekipande
"[GENERAL_NOUN_PLURAL] reading sheet, notice, cards",ebipande
[GENERAL_NOUN] a useless person,ekirandakwata
[GENERAL_NOUN_PLURAL] useless persons,ebirandakwata
[GENERAL_NOUN] jerrycan,ekipiira
[GENERAL_NOUN_PLURAL] jerrycans,ebipiira
"[GENERAL_NOUN] flower, blossom",ekirabyo
"[GENERAL_NOUN_PLURAL] flower, blossoms",ebirabyo
"[GENERAL_NOUN] oath, vow",ekirahiro
"[GENERAL_NOUN_PLURAL] oath, vows",ebirahiro
[GENERAL_NOUN] a trail of men,ekirale
[GENERAL_NOUN_PLURAL] trail of mens,ebirale
"[GENERAL_NOUN] proclamation,anouncement",ekirangirro
"[GENERAL_NOUN_PLURAL] proclamation,anouncements",ebirangirro
[GENERAL_NOUN] dry banana fibres,ekireere
[GENERAL_NOUN_PLURAL] dry banana fibreses,ebireere
"[GENERAL_NOUN] sympathy,grace, kindness",embabazi
"[GENERAL_NOUN] smart, clever person",embambagya
[COMMON_ANIMALS_NOUN] horse,embaraasi
[GENERAL_NOUN] spring of trap,embasuko
"[GENERAL_NOUN] speech, pronunciation, talking of",embaza
[COMMON_ANIMALS_NOUN] fish with snout virgin,embegede  emberra
[COMMON_ANIMALS_NOUN] buffalo,embogo
[GENERAL_NOUN] round shaped,embumbe
[GENERAL_NOUN] rounded or rotund object,embunduguru
[GENERAL_NOUN] a friendless person,emboijana
"[GENERAL_NOUN] lonely person, vagrant",embomboza
[EDUCATION_AND_LEARNING_NOUN] pupil of the eye,emboni
[GENERAL_NOUN] beginning,embanza
[GENERAL_NOUN] extended flat bums,embatamo
[GENERAL_NOUN] eyelids,embone
[GENERAL_NOUN] dry papyrus stalks,embaya
[GENERAL_NOUN] dried maize grains,emberenge
"[GENERAL_NOUN] bully, tyrant",emboyi
"[COMMON_ANIMALS_NOUN] sitting hen, broody hen",embumbatizi
[GENERAL_NOUN] jaraguá (Hyparrhenia rufa),emburara
[COMMON_ANIMALS_NOUN] a dog planting,embwa embyara
[GENERAL_NOUN] table,emeeza
"[GENERAL_NOUN] shape, appearance",emera
"[GENERAL_NOUN] way of speaking, pronunciation",emigambire
[COMMON_ANIMALS_NOUN] bitch: a female dog,embwakazi
[GENERAL_NOUN] malnourished domestic animals,emigaatwa
[GENERAL_NOUN] a small boring beetle,embungu
"[GENERAL_NOUN] foreigner, homeless person",emburabura
[GENERAL_NOUN] blaze,emenge
[GENERAL_NOUN] half-cooked potatoes,emibbwebbwe
"[GENERAL_NOUN] idleness, leisure",emigaramo
[GENERAL_NOUN] bowed legs,emitego
[GENERAL_NOUN] bark cloth,embugo
[GENERAL_NOUN] a dull day,embunda
[GENERAL_NOUN] sea: very large lake,embuuru
[COMMON_ANIMALS_NOUN] a goat or sheep,embuzi
[GENERAL_NOUN] a reclining chair,embyamyamu
[GENERAL_NOUN] grinning stones,emengo
[GENERAL_NOUN] self sown or planted,emerezi
[GENERAL_NOUN] dirt in the nail,emicungiro
[GENERAL_NOUN] bothersome problems,emirabanamu
[GENERAL_NOUN] ten million,emilyoni ikumi
[GENERAL_NOUN] Bambara nuts,empande
[MATHEMATICS_NOUN] one billion,emilyoni
[GENERAL_NOUN] lips,eminwa
[GENERAL_NOUN] the youth,eminyeeto
[GENERAL_NOUN] peace,emirembe emitalibaine
"[GENERAL_NOUN] problems , worries, difficultie",emitalibaine
"[GENERAL_NOUN] business, hard work",emitegano
[GENERAL_NOUN] tramping of many fee,emirindi
[GENERAL_ADV] between the shoulder blades,emitumanyuma
"[GENERAL_NOUN] showing off, affectation, vanity",emyetuno
"[GENERAL_NOUN] taxi levied, dues, customs",empooza
[GENERAL_NOUN] undiluted sweet banana juice,empotole
[GENERAL_NOUN] east wind,empuka
[GENERAL_NOUN] small opening of cavity,empulirizo
[GENERAL_NOUN] thick eye secretions,encumate
[GENERAL_NOUN] someone who dies childless,encwekye
"[GENERAL_NOUN] sliding loop, noose, bow",empuruuturro
"[GENERAL_NOUN] unground millet, loose grain",empuule
[GENERAL_NOUN] nasal sounds,empuunisa
"[GENERAL_NOUN] invalid, weak, passive person",empwamaani
[GENERAL_NOUN] utterly destitute person,empwerwa
"[GENERAL_NOUN] very old person, senile",empwite
[GENERAL_NOUN] spots: small round spots,ebitanga
[GENERAL_NOUN] scriptures: religious writings,ebyahandiikirwe
[POLITICS_AND_CURRENT_AFFAIRS_NOUN] politics: matters of politics,ebyobutegeki
[GENERAL_NOUN] eyebrows,ebisigi
[GENERAL_NOUN] car head lamps,ebitaara
[GENERAL_NOUN] dried cassava,ebiteere
"[GENERAL_NOUN] intestines, offals",ebyenda
[GENERAL_NOUN] mud: soft sticky mud,ebyondo
[GENERAL_NOUN] roastings,ebyohyo
[GENERAL_NOUN] hair,ebyoya
"[GENERAL_NOUN] shop, business premise",eduuka
[GENERAL_NOUN] whistle,efirimbi
[GENERAL_NOUN] scattered animal spots,ebitarira
[GENERAL_NOUN] the aged,eboote
[GENERAL_NOUN] armpit hair,ebyakwahwa
[GENERAL_NOUN] family matters,ebyamaka
[GENERAL_NOUN] rags,ebyari
[GENERAL_NOUN] evil acts,ebya Sitaani
[GENERAL_NOUN] bottle,ecupa
[GENERAL_NOUN] Sear,edubu
[COMMON_ANIMALS_NOUN] a brown cow,egaaju
[GENERAL_NOUN] type of loan grass,Egiigya
[GENERAL_NOUN] sub-county,egomborra
[GENERAL_NOUN] machette,egyambiya
[GENERAL_NOUN] roll ofcloth,ejoora
"[GENERAL_NOUN] a home, a homestead",eka
[GENERAL_NOUN] hard working,ekambi
[NATURE_AND_ENVIRONMENT_NOUN] type of grass,ekarwa
[GENERAL_NOUN] church,ekelezia
[GENERAL_NOUN] tomb,ekibako
[GENERAL_NOUN_PLURAL] tombs,ebibako
[GENERAL_NOUN_PLURAL] ekibaaras,ebibaara
[GENERAL_NOUN] carpenter's shade,ekibanda
[GENERAL_NOUN_PLURAL] carpenter's shades,ebibanda
[GENERAL_NOUN] bicycle,egaali
[COMMON_ANIMALS_NOUN] lizard,egaragara
[GENERAL_NOUN] which,egi
[GENERAL_NOUN] a specie of grass,egunga
[GENERAL_NOUN] truly,ego mail
[GENERAL_NOUN] porriedge: sour porridge,ehiira
[GENERAL_NOUN] behind the house,ekaanyuma
"[GENERAL_NOUN] pencil, writing instrument",ekaraamu
[GENERAL_NOUN] church,ekanisa
[GENERAL_NOUN] flames of fire,ekirimi
[GENERAL_NOUN_PLURAL] flames of fires,ebirimi
[GENERAL_NOUN] a secret accusation,ekirego
[GENERAL_NOUN_PLURAL] secret accusations,ebirego
[GENERAL_NOUN] a head- cloth,ekiremba
[GENERAL_NOUN_PLURAL] head- cloths,ebiremba
[GENERAL_NOUN] fertility/ nutrition,ekiriisa
[GENERAL_NOUN_PLURAL] fertility/ nutritions,ebiriisa
[GENERAL_NOUN] a furnace,ekirubi
[GENERAL_NOUN_PLURAL] furnaces,ebirubi
[GENERAL_NOUN] return present,ekirongooro
[GENERAL_NOUN_PLURAL] return presents,ebirongooro
"[GENERAL_NOUN] seasoning, spice",ekirungo
"[GENERAL_NOUN_PLURAL] seasoning, spices",ebirungo
[GENERAL_NOUN] taut string,ekireego
[GENERAL_NOUN_PLURAL] taut strings,ebireego
"[GENERAL_NOUN] hoof, foot",ekirenge
"[GENERAL_NOUN_PLURAL] hoof, foots",ebirenge
[GENERAL_NOUN] gourd of milk,ekirere
[GENERAL_NOUN_PLURAL] gourd of milks,ebirere
[GENERAL_NOUN] a vessel cupping- hoi,ekirumiko
[GENERAL_NOUN_PLURAL] vessel cupping- hois,ebirumiko
[GENERAL_NOUN] i protruding navel,ekiromba
[GENERAL_NOUN_PLURAL] i protruding navels,ebiromba
[GENERAL_NOUN] a dream,ekirooto
[GENERAL_NOUN_PLURAL] dreams,ebirooto
[GENERAL_NOUN] nickname,ekirukirro
[GENERAL_NOUN_PLURAL] nicknames,ebirukirro
[GENERAL_NOUN] a low-pitched mumbling sound,ekirurumo
[GENERAL_NOUN_PLURAL] low-pitched mumbling sounds,ebirurumo
[GENERAL_NOUN] a reedlike swamp grass,ekisaaru
[GENERAL_NOUN_PLURAL] reedlike swamp grasses,ebisaaru
[GENERAL_NOUN] ornament: hair beads,ekisagiko
[GENERAL_NOUN_PLURAL] ornament: hair beadses,ebisagiko
[GENERAL_NOUN] labour pain,ekisa
[GENERAL_NOUN_PLURAL] labour pains,ebisa
"[GENERAL_NOUN] swamp, stream, river",ekizaaiiiro/ ekisaaru
"[GENERAL_NOUN_PLURAL] swamp, stream, rivers",ebizaaiiiro/ ekisaaru
[GENERAL_NOUN] herbal purgative,ekisabiko
[GENERAL_NOUN_PLURAL] herbal purgatives,ebisabiko
[GENERAL_NOUN] whip,ekisanju
[GENERAL_NOUN_PLURAL] whips,ebisanju
[GENERAL_NOUN] spark (of fire),ekisasaazi
[GENERAL_NOUN_PLURAL] spark (of fire)s,ebisasaazi
[GENERAL_NOUN] sexual urge,ekisegu
[GENERAL_NOUN_PLURAL] sexual urges,ebisegu
[GENERAL_NOUN] filter,ekisengiijo
[GENERAL_NOUN_PLURAL] filters,ebisengiijo
"[GENERAL_NOUN] ragged edge, rag",ekisense
"[GENERAL_NOUN_PLURAL] ragged edge, rags",ebisense
[COMMON_ANIMALS_NOUN] dry cow dung,ekisanku
[COMMON_ANIMALS_NOUN_PLURAL] dry cow dungs,ebisanku
[GENERAL_NOUN] entrance: a posterior gate,ekisensero
[GENERAL_NOUN_PLURAL] entrance: a posterior gates,ebisensero
[GENERAL_NOUN] rage: violent uncontrolled anger,ekisinjo
[GENERAL_NOUN_PLURAL] rage: violent uncontrolled angers,ebisinjo
[COMMON_ANIMALS_NOUN] puppy: a young dog,ekisore
[COMMON_ANIMALS_NOUN_PLURAL] puppy: a young dogs,ebisore
[GENERAL_NOUN] a traditional stool,ekisutama-hamwe
[GENERAL_NOUN_PLURAL] traditional stools,ebisutama-hamwe
"[GENERAL_NOUN] skin, hide",ekisaatu
"[GENERAL_NOUN_PLURAL] skin, hides",ebisaatu
"[GENERAL_NOUN] a pillow,cushion",ekisago
"[GENERAL_NOUN_PLURAL] pillow,cushions",ebisago
[COMMON_ANIMALS_NOUN] spur of cock comb,ekisambizo ekisanuruzo
[COMMON_ANIMALS_NOUN_PLURAL] spur of cock combs,ebisambizo ekisanuruzo
"[GENERAL_NOUN] numbness, cramp",ekisarazi
"[GENERAL_NOUN_PLURAL] numbness, cramps",ebisarazi
"[BIOLOGY_NOUN] beetle larva, grub",ekisebe
"[BIOLOGY_NOUN_PLURAL] beetle larva, grubs",ebisebe
[GENERAL_NOUN] strainer,ekisengeijo
[GENERAL_NOUN_PLURAL] strainers,ebisengeijo
[GENERAL_NOUN] floating vegetation on water,ekisamba
[GENERAL_NOUN_PLURAL] floating vegetation on waters,ebisamba
[GENERAL_NOUN] chest pain,ekisonga
[GENERAL_NOUN_PLURAL] chest pains,ebisonga
[GENERAL_NOUN] navel: a big navel,ekisorosoro
[GENERAL_NOUN_PLURAL] navel: a big navels,ebisorosoro
[GENERAL_NOUN] fresh bean leaves,ekisoma
[GENERAL_NOUN_PLURAL] fresh bean leaveses,ebisoma
[GENERAL_NOUN] groundnut husk,ekisurugu
[GENERAL_NOUN_PLURAL] groundnut husks,ebisurugu
[GENERAL_NOUN] a plant disease,ekisizi
[GENERAL_NOUN_PLURAL] plant diseases,ebisizi
[GENERAL_NOUN] stagnant water,ekisyarazi
[GENERAL_NOUN_PLURAL] stagnant waters,ebisyarazi
[GENERAL_NOUN] ditch,ekitaba
[GENERAL_NOUN_PLURAL] ditches,ebitaba
[GENERAL_NOUN] a suit case,ekitabaswa
[GENERAL_NOUN_PLURAL] suit cases,ebitabaswa
[GENERAL_NOUN] a clod,ekitaka
[GENERAL_NOUN_PLURAL] clods,ebitaka
[GENERAL_NOUN] something that happens unexpectedly,ekitaraariire
[GENERAL_NOUN_PLURAL] something that happens unexpectedlies,ebitaraariire
"[GENERAL_NOUN] partition,wall, room",ekisiika
"[GENERAL_NOUN_PLURAL] partition,wall, rooms",ebisiika
"[GENERAL_NOUN] turf, sod",ekisindikwa
"[GENERAL_NOUN_PLURAL] turf, sods",ebisindikwa
[GENERAL_NOUN] heel,ekisinziro
[GENERAL_NOUN_PLURAL] heels,ebisinziro
"[GENERAL_NOUN] calabash, gourd",ekisirya
"[GENERAL_NOUN_PLURAL] calabash, gourds",ebisirya
[GENERAL_NOUN] a nightjar bird,ekisomabwire
[GENERAL_NOUN_PLURAL] nightjar birds,ebisomabwire
[GENERAL_NOUN] a very large basket,ekisombera
[GENERAL_NOUN_PLURAL] very large baskets,ebisombera
[GENERAL_NOUN] sea shell,ekisonko
[GENERAL_NOUN_PLURAL] sea shells,ebisonko
[NATURE_AND_ENVIRONMENT_NOUN] a kind of grass,ekisoonante
[NATURE_AND_ENVIRONMENT_NOUN_PLURAL] kind of grasses,ebisoonante
[GENERAL_NOUN] a comb,ekisunsuzo
[GENERAL_NOUN_PLURAL] combs,ebisunsuzo
[GENERAL_NOUN] blister,ekisweko
[GENERAL_NOUN_PLURAL] blisters,ebisweko
"[GENERAL_NOUN] emetic, makesone vomit",ekitanakya
"[GENERAL_NOUN_PLURAL] emetic, makesone vomits",ebitanakya
[GENERAL_NOUN] obstinate person,ekisire
[GENERAL_NOUN_PLURAL] obstinate persons,ebisire
[GENERAL_NOUN] a locally made cigarette,ekisooko
[GENERAL_NOUN_PLURAL] locally made cigarettes,ebisooko
[GENERAL_NOUN] the guest of honour,ekitabaraara
[GENERAL_NOUN_PLURAL] guest of honours,ebitabaraara
[GENERAL_NOUN] fasting period,ekisiibo
[GENERAL_NOUN_PLURAL] fasting periods,ebisiibo
[GENERAL_NOUN] a broom,ekisingolezo
[GENERAL_NOUN_PLURAL] brooms,ebisingolezo
"[GENERAL_NOUN] a key, an opener",ekisumuruzo
"[GENERAL_NOUN_PLURAL] key, an openers",ebisumuruzo
"[GENERAL_NOUN] wildcat, bed bug",ekisuzi
"[GENERAL_NOUN_PLURAL] wildcat, bed bugs",ebisuzi
"[GENERAL_NOUN] peel, husk, fore skin",ekisusu
"[GENERAL_NOUN_PLURAL] peel, husk, fore skins",ebisusu
[GENERAL_NOUN] nonsense,ekitaatnutoole
[GENERAL_NOUN_PLURAL] nonsenses,ebitaatnutoole
[COMMON_ANIMALS_NOUN] civet-cat,ekitabujuguta
[COMMON_ANIMALS_NOUN_PLURAL] civet-cats,ebitabujuguta
[GENERAL_NOUN] potato,ekitakuli
[GENERAL_NOUN_PLURAL] potatos,ebitakuli
[GENERAL_NOUN] heap of vomit,ekitanake
[GENERAL_NOUN_PLURAL] heap of vomits,ebitanake
[GENERAL_NOUN] a microscope,ekitangaazo
[GENERAL_NOUN_PLURAL] microscopes,ebitangaazo
[COMMON_ANIMALS_NOUN] mouse,endyakiro
"[GENERAL_NOUN] skinbag, leather bag",endyanga
[GENERAL_NOUN] orphan,enfuuzi
"[GENERAL_NOUN] distribution, giving",engaba
[GENERAL_NOUN] vowels,engambisa
"[GENERAL_NOUN] wheat flour,wheat",engano
[GENERAL_NOUN] white geranium,enganja
[GENERAL_NOUN] untrust-worthy person,engurumbanyi
[GENERAL_NOUN] plenty of food,endyaga
[COMMON_ANIMALS_NOUN] bull: male cattle,eenimi
[GENERAL_NOUN] tapeworm,enfaana
[ART_AND_ENTERTAINMENT_NOUN] papyrus for craft work,enfunjo
[GENERAL_NOUN] a worn out hoe,enfuuni
[GENERAL_NOUN] swollen glands,enfumbi
[GENERAL_NOUN] bushbuck,engabi
"[MILITARY_NOUN] general, commander, ambassador, representative",engabwa
[COMMON_ANIMALS_NOUN] large spotted hyena,engagya
"[GENERAL_NOUN] shell spoon,sea shell",engamba
"[GENERAL_NOUN] dialect, speech,utterance or rumour",engambo
[GENERAL_NOUN] loan meat,enganga
[GENERAL_NOUN] friend,enganjani
"[GENERAL_NOUN] sorrow, sadness",enganyi
[GENERAL_NOUN] small delicious fish,engasa
[GENERAL_NOUN] palm oil,engazi
"[GENERAL_NOUN] travels, journeys",engendo
[GENERAL_NOUN] type of beetle,engenzigenzi
"[GENERAL_NOUN] shape, figure, joint",engingo
[GENERAL_NOUN] open wound,engoga
[GENERAL_NOUN] hoot,engombe
[GENERAL_NOUN] secretion from the mouth,engonero
"[GENERAL_NOUN] love, affection",engonzi
[GENERAL_NOUN] reed,engoro
[GENERAL_NOUN] nape of neck,engoto
"[GENERAL_NOUN] tick, mite",enguha
"[GENERAL_NOUN] hard-hearted, obstinate",engumangane
[GENERAL_NOUN] gum (of teeth),engunu
[GENERAL_NOUN] stunted child,engururrumi
"[GENERAL_NOUN] high road, street",enguudo
[GENERAL_NOUN] bribe,enguzi
"[GENERAL_NOUN] buttocks, bottom",enio
[GENERAL_NOUN] reedbuck,enjaza
"[COMMON_ANIMALS_NOUN] white sheep, cow",enjeru
[GENERAL_NOUN] way of answering,engarukamu
[GENERAL_NOUN] sundried meat,engaase
[GENERAL_NOUN] traveller,engenzi
"[GENERAL_NOUN] notch, joint, point",engiga
[COMMON_ANIMALS_NOUN] leopard,engo
"[GENERAL_NOUN] cunning deceitful person, cheat",engobya
"[GOVERNANCE_AND_ADMINISTRATION_NOUN] drum, throne",engoma
[GENERAL_NOUN] slime on stagnant water,engona
[GENERAL_NOUN] cuts on the body,engondo
[GENERAL_NOUN] otter,engonge
"[GENERAL_NOUN] camping-place, tennporary shelter",engoonyo
"[COMMON_ANIMALS_NOUN] stunted child, cow",engorombe
[GENERAL_NOUN] clothes,engoye
[GENERAL_NOUN] obstinate,engungumale
[GENERAL_NOUN] weakling; long-lived person,engundizi
[GENERAL_NOUN] horn trumpet,engwara
[GENERAL_NOUN] from generation to generation,engweterano
[COMMON_ANIMALS_NOUN] bull,enimi
"[GENERAL_NOUN] Indian hemp, opium, bhang",enjaahi
[GENERAL_NOUN] cropped ears,enjabule
[GENERAL_NOUN] flatterer,enjagirizi
[NATURE_AND_ENVIRONMENT_NOUN] destructive gale,enjatu
[GENERAL_NOUN] many banana gardens together,enjenga
[GENERAL_NOUN] water container,enjoga
[COMMON_ANIMALS_NOUN] snake; internal pains,enjoka
[GENERAL_NOUN] bees,enjoki
[GENERAL_NOUN] blood pudding,enjuba
[GENERAL_NOUN] jigger,enjunza
[GENERAL_NOUN] restcamp,enkambi
[GENERAL_NOUN] urine,enkali
"[GENERAL_NOUN] end goal, stopping-place",enkango
[GENERAL_NOUN] vinegar,enkenko
"[COMMON_ANIMALS_NOUN] dog-faced ape, baboon",enkerebe
[GENERAL_NOUN] a neck swelling,enkana
[GENERAL_NOUN] twisted papyrus ropes,enjuza
"[GENERAL_NOUN] way of clothing, attire",enjwaranna
[COMMON_ANIMALS_NOUN] flowers donkey,enkaanaana enkaina
"[GENERAL_NOUN] heart-burn, anthrax",enkaka
"[GENERAL_NOUN] diligent, work hard",enkamba-be
[GENERAL_NOUN] hoof,enkangaasi
[GENERAL_NOUN] times,enkanjaiga
[GENERAL_NOUN] huge elephant,enkaranga
[GENERAL_NOUN] leg trick in wrestling,enkarwa
[GENERAL_NOUN] waning moon,enkeeho
"[GENERAL_NOUN] groaning, discontent; pain, ache",enkenyera
[GENERAL_NOUN] water frog,enkere
"[GENERAL_NOUN] infant, baby",enkerembe
"[GENERAL_NOUN] muddle, confusion, commotion",entabukatabuka
"[GENERAL_NOUN] clod, sod",entaka
[GENERAL_NOUN] time just after sunrise,entangize
"[GENERAL_NOUN] wanderer, roamer",entaratazi
[COMMON_ANIMALS_NOUN] cock,enteerabwire
[GENERAL_NOUN] a way of joining,enteeraniza
[GENERAL_NOUN] mantis,entemamuhoro
"[GENERAL_NOUN] shirker, dodger",enterebuki
[GOVERNANCE_AND_ADMINISTRATION_NOUN] small royal drum,entimbo
[COMMON_ANIMALS_NOUN] freshly churned cow ghee,entoijo
[GENERAL_NOUN] defence; apology; pleading,entongana
[GENERAL_NOUN] guinea fowl,entajumba
[GENERAL_NOUN] mouthful,entama
[COMMON_ANIMALS_NOUN] a lion,entale
"[GENERAL_NOUN] pace, short distance, strides",entambu
"[GENERAL_NOUN] beginning, start, origin",entandikiro
"[GENERAL_NOUN] cross-roads, junction",entangatangano
[GENERAL_NOUN] walk very quickly,entarutahu
[GENERAL_NOUN] chair,entebe
[GENERAL_NOUN] small calabash cup,entema
[GENERAL_NOUN] trial by ordeal,entenyi
[GOVERNANCE_AND_ADMINISTRATION_NOUN] malachite king-fisher,entimagizi
[GENERAL_NOUN] mixed food,entimbure
[COMMON_ANIMALS_NOUN] small type of grasshopper,entondo
[GENERAL_NOUN] kind of harp,entongole
"[GENERAL_NOUN] water frog, stupid person",entoole
[GENERAL_NOUN] a loud fart,entumba
[GENERAL_NOUN] self-sown potatoes,entulirra
[GENERAL_NOUN] very lightcoloured millet,entundwa
[GENERAL_NOUN] sim-sim seeds,entungo
[COMMON_ANIMALS_NOUN] a wild cat,entuuru
[COMMON_ANIMALS_NOUN] bull: a male cow,enumi
[COMMON_ANIMALS_NOUN] a green coloured snake,enyakibabi
[GENERAL_NOUN] swollen gland,enturabusa
"[GENERAL_NOUN] sourness, acidity",enturro
[COMMON_ANIMALS_NOUN] crested crane,entuuha
"[GENERAL_NOUN] state of perspiration, sweat",entuuyo
[BIOLOGY_NOUN] a species of mushrooms,entyabiri
[GENERAL_NOUN] duodenum,enuuni
[GENERAL_NOUN] coffee-berries,enyaani
[GENERAL_NOUN] silkworm,enyabatimbo
[GENERAL_NOUN] difference,enyahukana
[GENERAL_NOUN] native-born,enyakabara
"[GENERAL_NOUN] meat, flesh, muscle",enyama
[GENERAL_NOUN] type of edible mushroom,enyamahamba
[COMMON_ANIMALS_NOUN] a corpse of cattle,entumbi
[COMMON_ANIMALS_NOUN] calf,entumbwe
[GENERAL_NOUN] blankshot,entuumuuki
[GENERAL_NOUN] a fall,entuuru
[ECONOMICS_AND_COMMERCE_NOUN] coin: metallic currency,enusu
[GENERAL_NOUN] an animal,enyamaiswa
"[GENERAL_NOUN] gurgle, bubble, slobber",enturuba
[COMMON_ANIMALS_NOUN] cape goose berries,entuutu
[GENERAL_NOUN] ears of millet,entwe
"[COMMON_ANIMALS_NOUN] hornet,wasps",enwa
[GENERAL_NOUN] evening star,enyabisaaniko
[GENERAL_NOUN] fresh beans,enyakibisi
"[GENERAL_NOUN] pincers, pliers",enyamagaro n
[GENERAL_VERB] to be forgotten,Eba
[GENERAL_NOUN] of his/her relative,Ebabura
[GENERAL_VERB] to deceive oneself,Ebiihabiiha
[COMMON_ANIMALS_VERB] to vomit (dog etc.),Ebondoiga
[GENERAL_VERB] to humble oneself,Ebundaaza
[GENERAL_VERB] to wear many clothes(woman),Eceeba
[GENERAL_VERB] to drag oneself along,Ecunda
[GENERAL_VERB] to pretend to be,Efoora
[GENERAL_VERB] to pluck up courage,"egaa rraamu,"
[GENERAL_VERB] to be cautious,Ebaarra
[GENERAL_VERB] to beware,Ebabara
[GENERAL_VERB] to withdraw oneself,Ebaganizaamu
[GENERAL_VERB] to be startled,Ebairuka
[GENERAL_VERB] to sit down carelessly,Ebeteka
[GENERAL_VERB] to boast groundlessly,Ebiihiirra
[GENERAL_VERB] to provoke one another,Ebiihiraniza
[GENERAL_VERB] to belch,Ebiijagura
[GENERAL_VERB] to fly for refuge,ebin ga
[GENERAL_VERB] to wrap oneself up,Ebumbiirra
[GENERAL_VERB] to forget,Ebwa
"[GENERAL_VERB] to fully understand, comprehend",Ecencura
[GENERAL_VERB] to think deeply,Ecumiitiriza
[GENERAL_VERB] to rock oneself,"ecundacu nda,"
[GENERAL_VERB] to sit properly,Ecuraniza
"[GENERAL_VERB] to writhe, wag, wriggle",Ecwacwana
[GENERAL_VERB] to fall heavily,Edikya
"[GENERAL_VERB] to be dirty, slovenly",Efaafaaniza
[GENERAL_VERB] to hide,Efuba
[GENERAL_VERB] to learn,Ega
[GENERAL_VERB] to starve,Egama
[GENERAL_VERB] to exhort oneself,Egambiirra
[GENERAL_VERB] to pity oneself,Eganyira
[GENERAL_VERB] to leave off doing,Eganira
[GENERAL_VERB] to malinger,Egejageja
[GENERAL_VERB] to shave oneself,Egemba
[GENERAL_VERB] to fetch one's food,Egemuliza
"[GENERAL_VERB] to teach, educate",Egesa
[GENERAL_VERB] to pretend,Egiza
[GENERAL_VERB] to stretch oneself,Egonyoorra
[GENERAL_VERB] to deny having done,Egurukya
"[GENERAL_VERB] to flatter oneself, boast",Ehaisa
[GENERAL_VERB] to deny knowledge of,Ehakana
[GENERAL_VERB] to lean sideways,Ebengeka
[GENERAL_NOUN] forge,Ehenyenga
[GENERAL_VERB] to be changeable,Ehingahingisa
[GENERAL_VERB] To be quarrelsome,Ehoima
"[GENERAL_VERB] to be lazy, weak",Eganya
[GENERAL_NOUN] become lazy,Eganyiirra
"[GENERAL_VERB] to repent, reconcile",Egarukamu
[GENERAL_VERB] to handle carefully,Egegecrra
"[GENERAL_VERB] to bend, be flexible",Egema
[GENERAL_VERB] to take oneself off,Egendera
[GENERAL_VERB] To frown,Egenya
[GENERAL_VERB] to be self,Egogeza
[GENERAL_VERB] to feign sleep,Egonesa
[GENERAL_VERB] to enjoy oneself,Egoora
[GENERAL_VERB] to boast,Ebaabira
"[GENERAL_VERB] to scratch oneself, avoid",Ehara
[GENERAL_VERB] to debase oneself,Ehemura
[GENERAL_VERB] to search diligently,Ehenya
[GENERAL_VERB] to work tirelessly,"eh.tita,"
"[GENERAL_VERB] to surround, go round",Ehinguliriza
[GENERAL_VERB] to roll,Ehiringisa
[GENERAL_VERB] to dedicate oneself,Ehonga
[POLITICS_AND_CURRENT_AFFAIRS_VERB] to republic an acquaintance,Ebooga
[GENERAL_VERB] to lend,Ehoza
[GENERAL_VERB] to put on airs,Ehungura
[GENERAL_VERB] to rinse,Ehuuga
[GENERAL_VERB] to change one's mind,Ebyohya
[GENERAL_VERB] to undress oneself,Ejuura
"[GENERAL_VERB] to be indolent, lazy",Ekanga
[GENERAL_VERB] to clear the throat,Ekaranduza
[GENERAL_VERB] to reflect_ ponder,Ekeerreema
[GENERAL_VERB] to bide,Ekima
[GENERAL_VERB] to shut oneself in,Ekingira
[GENERAL_NOUN] shrug the shoulders,Ekonga
[GENERAL_VERB] to buy on credit,Ekopa
[GENERAL_VERB] to rub oneself,Ebotoora
[GENERAL_VERB] To wind,Ehotora
"[GENERAL_VERB] to ignore, pretend",Ehugya
[GENERAL_VERB] to walk very fast,Ehuuta
[GENERAL_VERB] to fidget,Ebyahyaniza
[GENERAL_NOUN] oneself,ejw eka
[GENERAL_VERB] to scratch oneself,Ekaakura
"[GENERAL_VERB] to taste(food) again, repeat","ekagu ra,"
"[GENERAL_VERB] to examine oneself, reflect",Ekaguza
[GENERAL_VERB] to draw in stomach,Ekeehereza
[GENERAL_VERB] to gird oneself tightly,Ekcndura
[GENERAL_VERB] to be cross wise,Ekilka
[GENERAL_VERB] to retch,Ekooka
[GENERAL_VERB] to help oneself,Ekoonyera
[GENERAL_VERB] to become tangled,Ekubakuba
[GENERAL_VERB] to take one's ease,Ekubirana
[GENERAL_VERB] to slip past,Ekugusa
"[GENERAL_VERB] to be round, spherical",Ekulingilrra
[GENERAL_VERB] to join with others,Ekumba
[GENERAL_VERB] to roll oneself,Ekumbya
[GENERAL_VERB] to rub oneself,Ekuusa
[GENERAL_VERB] to make excuses,Ekwasa
"[GENERAL_VERB] to be selfish, vain",Emanya
[GENERAL_VERB] to make oneself,Emanyisa
[GENERAL_VERB] to squeeze oneself against,Emigiza
[GENERAL_VERB] to make a grimace,Emogora
[GENERAL_VERB] to shave oneself,Emwa
[GENERAL_NOUN] All of me,Ena
[GENERAL_VERB] to regain one's strength,Enegura
"[GENERAL_VERB] to become miserable, unhappy",Enuuba
"[GENERAL_NOUN] self, selves",Eoyini
[GENERAL_VERB] to be proud,Epaoka
"[GENERAL_VERB] to vow, pledge, promise",Eraga
[GENERAL_NOUN] earnestly entreat,Ekubiriza
"[GENERAL_VERB] to hide, escape",Ekukumika
[GENERAL_VERB] to take upon oneself,Ekuliiriza
"[GENERAL_VERB] to roll, wallow",Ekulingura
[GENERAL_VERB] to sit nicely,Ekuma
[GENERAL_VERB] to chew the cud,Ekuuma
[GENERAL_VERB] to shade wings (termites),Ekuuyuuya
[GENERAL_VERB] pull out one's hair,Emaanyura
[GENERAL_NOUN] Both,Embi
[GENERAL_VERB] To have pain,Emererwa
"[GENERAL_VERB] to oppress, bully, afflict",Endereza
"[GENERAL_NOUN] self, selves",Eoka
[GENERAL_NOUN] behind,Eoyuma
[GENERAL_VERB] to wipe oneself,Eragaza
[GENERAL_NOUN] survivor,Empooka
"[GENERAL_NOUN] forgetful, scatterbrained person",Empugutani
[GENERAL_NOUN] ear passage,Empulirro
"[COMMON_ANIMALS_NOUN] Pig, wild bear",Empunu
[GENERAL_NOUN] potatoes uprooted from runners,Emyerande
[GENERAL_NOUN] way of burning,Empya
"[GENERAL_NOUN] conceit, boastfulness",Emyehurro
"[GENERAL_NOUN] pride, arrogance, unnecessary quietness",Emyekuniko
"[GENERAL_NOUN] cheeky, rudeness, perversity, affectation",Emyesungo
[GENERAL_NOUN] weevil,Empuku
[GENERAL_NOUN] sleeping-sickness,Empungira
[GENERAL_NOUN] Communication,Empurizana
[GENERAL_NOUN] wounded person,Emputa
[COMMON_ANIMALS_NOUN] crocodile,Empyo
"[GENERAL_NOUN] boasting, selfishness",Emyehaahiro
"[GENERAL_NOUN] conceit, boastfulness",Emyehembo
"[GENERAL_NOUN] conceit, boastful",Emyekuzo
"[GENERAL_NOUN] praise, self-exaltation, boasting",emyenda ya'bunyoro
"[GENERAL_NOUN] style of building, architecture",Emyombekere
[GENERAL_NOUN] pineapple,Enaanaasi
[GENERAL_NOUN] withered breasts,Encamparya
[GENERAL_NOUN] Flies,Encikinya
"[GENERAL_NOUN] untrustworthy, deceitful person, mischief-maker",Encompya
"[GENERAL_NOUN] tricky person, unreliable person",Encwangya
"[COMMON_ANIMALS_NOUN] large, long-legged cock",Endaade
[COMMON_ANIMALS_NOUN] a castrated bull,Endaawa
"[GENERAL_NOUN] agreement, covenant, bargain",Endagaano
"[GENERAL_NOUN] odd one, fallen thing",Endagalika
"[GENERAL_NOUN] oath, vow, protestation",Endahiro
[GENERAL_NOUN] wild yam,Endale
[GENERAL_NOUN] hartebeest,Endangaazi
"[GENERAL_NOUN] looking-glass, mirror",Endeberwamu
"[GENERAL_NOUN] border, edge",Endebolebo
[GENERAL_NOUN] tapeworm,Endambi
[GENERAL_NOUN] hole in the earth,Enamba
"[GENERAL_NOUN] weakly person, invalid",Enceke
[GENERAL_NOUN] fish,Encu
[GENERAL_NOUN] a measure; time,Encuro
"[GENERAL_NOUN] sharp, clever person",Endabukya
"[GENERAL_NOUN] worship, ritual",endamya
[GENERAL_NOUN] small bell-like ornament,Endebe
[GENERAL_NOUN] Fine,Endehwa
[GENERAL_NOUN] lower part of abdomen,Enderalera
[GENERAL_INTERJ] sound of running footsteps,Endigito
[COMMON_ANIMALS_NOUN] a wild dog,Endiirakumara
"[GENERAL_NOUN] languages, tongues",Endimi
"[GENERAL_NOUN] cultivated plot, field",Endimiro
[GENERAL_NOUN] fish-hook,Endobo
[GENERAL_NOUN] bales of clothes,endoboota z'engoye
[COMMON_ANIMALS_NOUN] donkey,Endogoya
"[GENERAL_NOUN] start, origin",Endugirro
"[GENERAL_NOUN] gall, gallbladder",Endurwa
[GENERAL_NOUN] type of banana,Endyabagole
[GENERAL_NOUN] wars or conflicts,Endwano
[GENERAL_NOUN] weaver bird,Endegeya
[GENERAL_VERB] to work hard,faabbiina
[GENERAL_NOUN] rubbish,faakalimba
[GENERAL_NOUN] flannel,faraano
[GENERAL_NOUN] gun cup,fataarti
[GENERAL_VERB] to snuffle,feekya
[GENERAL_NOUN] silver,feeza
[GENERAL_NOUN] refrigerator,firilji
[GENERAL_NOUN] whistle,firimbi
"[GENERAL_VERB] to plait, interlace; tack",fooba
"[GENERAL_VERB] to be vacillating, unsteady",footookeerra
[GENERAL_VERB] to squash,footora
"[GENERAL_NOUN] dismay, confound",fubeereza
"[GENERAL_VERB] to punish, frustrate",fubira
"[GENERAL_VERB] to pump,blow (bellows)",fuguta
[GENERAL_VERB] to wrestle,fukaana
"[GENERAL_VERB] to choke, strangle",fuliiteza
"[GENERAL_VERB] to prod, thrust",fuma
[GENERAL_VERB] to clasp,fumbasa
[GENERAL_VERB] to embrance,fumbata
[GENERAL_VERB] to clasp,fumbatiza
[GENERAL_VERB] to be pierced through,fumuka
"[GENERAL_VERB] to pierce, bore",fumura
"[GENERAL_VERB] to be narrow, confined",funda
[GENERAL_NOUN] uncover,fundura
[GENERAL_VERB] to fasten (e.g. button),funga
[GENERAL_VERB] to hold up (clothes),fungiirra
[GENERAL_VERB] to be djluted,funguka
[GENERAL_VERB] to dilute,fungura
"[GENERAL_VERB] to disparage, run down",furafura
[GEOGRAPHY_NOUN] emigration,furuka
[GENERAL_VERB] to say God forbid,fuuhiza
[GENERAL_NOUN] carelessly,faafa
[GENERAL_NOUN] jack fruit,fene
[GENERAL_NOUN] completely full,fiifiifi
[EDUCATION_AND_LEARNING_NOUN] school fees,fiizi
[GENERAL_NOUN] form,foomu
[GENERAL_NOUN] free wheel,furuweero
[COMMON_ANIMALS_NOUN] brown cow,gaaju
[GENERAL_NOUN] train,gaali
[GENERAL_VERB] to flatten dead meat,gaasa
[GENERAL_NOUN] pith of papyrus,gaasi
[GENERAL_VERB] to marry,gabura
[GENERAL_VERB] to torment,gadrsa
[COMMON_ANIMALS_NOUN] crested eagle,gabiiraba
"[GENERAL_VERB] to become wide, widen",galiba
"[GENERAL_NOUN] wide, thick",galihire
[GENERAL_VERB] to open wide,galika
"[GENERAL_VERB] to speak, say",gamba
[GENERAL_VERB] to tell one another,gambirana
[GENERAL_VERB] to talk nonsense,gambisibwa
[GENERAL_VERB] to sing tales,gana
[GENERAL_NOUN] (pf. -gangahize),gangakya
[GENERAL_VERB] to have celebro-spinal-meningitis,gangama
"[GENERAL_VERB] to treat cruelly, torture",gangisa
"[GENERAL_VERB] to beat, flog",gangura
[GENERAL_NOUN] tell stories,ganikya
[GENERAL_VERB] be in favour,gaoja
[GENERAL_VERB] to cause grief,ganyisa
[GENERAL_VERB] throw the head back,garaamiirra
"[GENERAL_VERB] to clash together, clatter",garangatana
[GENERAL_VERB] to return; as auxiliary,garuka
"[GENERAL_VERB] answer, reply, do again",garukamu
[GENERAL_VERB] to do over again,garuliza
[COMMON_ANIMALS_NOUN] small tiger-fish,gasa
[GOVERNANCE_AND_ADMINISTRATION_NOUN] tomb of King,gasani
[GENERAL_VERB] to despise,gaya
"[GENERAL_VERB] to dawdle, loiter",gayaara
[GENERAL_VERB] to widen,gazihya
[GENERAL_VERB] to immunize,gema
[GENERAL_VERB] to shave,gemba
"[GENERAL_VERB] to go,depart, walk",genda
"[GENERAL_VERB] make to go, drive",gendesa
"[GENERAL_VERB] to frown, be wrinkled",genya
"[GENERAL_NOUN] ooze, trickle",gereerra
"[GENERAL_VERB] to reap, harvest",gesa
[GENERAL_VERB] to become wise,gczihara
"[GENERAL_VERB] to do, act etc",gira
[GENERAL_VERB] to cause to do,giza
"[GENERAL_VERB] to defraud , betray",gobeza
[GENERAL_VERB] to double one's profit,goboorra
[GENERAL_VERB] to act hypocritically,gobya
[GENERAL_VERB] to bend curve,goda
[GENERAL_VERB] to walk with difficulty,godya
[GENERAL_VERB] talk through the nose,gogoro
"[GENERAL_VERB] to snore, purr",gona
[GENERAL_VERB] to make to love,gondesa
[GENERAL_VERB] to dance vigorously,gondora
[GENERAL_VERB] to strip,gongoorra
"[GENERAL_VERB] to love, prefer",gonza
[GENERAL_NOUN] golf,goofu
"[GENERAL_VERB] to maim, damage, disparage",goora
[GENERAL_NOUN] goal,gooro
[GENERAL_NOUN] terminate,gooroobya
[GENERAL_VERB] to decline (sun),gorooba
[GENERAL_VERB] to mount,gosa
[GENERAL_VERB] to be very grubby,gu ba
[GENERAL_VERB] to gnaw,guguna
[GENERAL_VERB] to fetch (fire),guha
[GENERAL_VERB] to gobble,gujura
[GENERAL_VERB] to be piled up,gulika
[GENERAL_NOUN] remove a spell,gulikuurrra
[GENERAL_VERB] to sell for another,guliza
[GENERAL_NOUN] barren,gu mba
[GENERAL_NOUN] constipation,gumirirwa
"[GENERAL_NOUN] tema gunguru, utter,slander about",gunguru
"[GENERAL_VERB] to be doubtful,waver, hesitate",gurukyagurukya
[GENERAL_VERB] to go all together,gurumbuka
[GENERAL_VERB] to grow old (people),gurusa
[GENERAL_NOUN] old males,gurusi
"[GENERAL_VERB] to be splintered, chipped",gusuka
[GENERAL_VERB] to fall,gwa
[GENERAL_VERB] to become immoral,gwaga
[GENERAL_VERB] to be filthy immoral,gwagwahara
[GENERAL_VERB] to be susceptible,gwerekererwa
[GENERAL_VERB] to take on board,gwereza
[GENERAL_VERB] to behave fool ishly,gwija
[GENERAL_VERB] to sleep,gwijagira
[GENERAL_VERB] to take by surprise,gwisaniza
[GENERAL_VERB] to go,gya
[GENERAL_NOUN] with energy,gai gai
"[GENERAL_NOUN] spectacles, sun glasses",gaarubindi
[GENERAL_VERB] use your knowledge wisley,gafabusa
[GENERAL_NOUN] plantain,gonja
[GENERAL_NOUN] all of them,goona
[GENERAL_NOUN] short,gufu
"[GENERAL_NOUN] big, large",gundu
"[GENERAL_NOUN] it, itself, in itself",gwo
"[GENERAL_NOUN] probably, may be, from",gwomwa
"[GENERAL_NOUN] all, all of it",gwona
"[GENERAL_VERB] to steal, rob",iba
[GENERAL_NOUN] husband,iba
"[GENERAL_NOUN] stone,school slate",ibaale
[GENERAL_NOUN] leaf,ibabi
[GENERAL_NOUN] their husband,ibabo
[GENERAL_NOUN] your husband,ibainywe
[GENERAL_NOUN] our husband,ibartwe
[GENERAL_NOUN] carpenter's shop,ibaiziro
[GENERAL_NOUN] debt,ibanja
[GENERAL_NOUN] my husband,ibanyowe
"[GENERAL_NOUN] name, spot",ibara
[GENERAL_NOUN] font,ibatirizo
[GENERAL_NOUN] hump,ibbango
[GENERAL_NOUN] kestrel,ibebe
[GENERAL_NOUN] sub county see Egomboorra,ibohoorra
[GENERAL_NOUN] ;potter 's clay,ibumba
"[GENERAL_VERB] be astonished, great surprise",ibumbakanwa
"[GENERAL_NOUN] , a verse",ibwa
"[GENERAL_NOUN] pain in bones, rheumatism",iceeoyo
"[GENERAL_NOUN] cook house, .lcitcheo",icumbiro
[GENERAL_NOUN] spear,icumu
[GENERAL_NOUN] pleat,idinda
[GENERAL_NOUN] window,idirisa
[GENERAL_NOUN] cape tomato,idodoima
[GENERAL_NOUN] ; hemp seed;something tinny,iduli
[GENERAL_VERB] see amadwidwi,idwidwi
[GENERAL_NOUN] down,ifo
"[GENERAL_NOUN] swelling, abscess",ifumbi
[GENERAL_NOUN] swelling in the groin,ifunza
"[GENERAL_NOUN] froth, foam, lather",ifuro
[GENERAL_NOUN] make rain,iga
"[GENERAL_VERB] to press, massage",igata
[GENERAL_NOUN] ; to press hard,igatira
"[GENERAL_NOUN] harvest, reaping-time",igesa
[GENERAL_NOUN] testicle,igosi
[GENERAL_NOUN] bone,igufa
"[GENERAL_NOUN] disobedience, self-will",igundu
"[GENERAL_VERB] to open, unstop",igura
"[GENERAL_NOUN] sky, heaven",iguru
[GENERAL_VERB] to satify (with food),igusa
[GENERAL_NOUN] a dance,rguurya
[GOVERNANCE_AND_ADMINISTRATION_NOUN] beat King's big drum,iguurra
"[GENERAL_VERB] see eduuka, shop",iguurro
"[GENERAL_NOUN] envy, jealousy, enmity, malice",ibali
[GENERAL_NOUN] solitude,ihamba
"[GEOGRAPHY_NOUN] nation,distant country",ihanga
[GENERAL_NOUN] noon,ibangwe
"[GENERAL_NOUN] wonder, marvel omen",ihano
[GENERAL_NOUN] girlhood,ihara
[GENERAL_NOUN] odour of wild animals,iharaazima
[GENERAL_NOUN] boneyard,iharamango
[GENERAL_NOUN] ;odour of the body,ihaya
"[MILITARY_NOUN] army, host. company, troop",ibe
[GENERAL_NOUN] ;greedy longing for food,iheehe
"[GENERAL_NOUN] forge, smithy",ibeesero
[GENERAL_NOUN] ; horn; syphilitic swelling,ihembe
[GENERAL_NOUN] cooking stone,ihiga
[GENERAL_NOUN] brewery,ihusizo
[GENERAL_NOUN] time for grindjng simsim,ihonda
[GENERAL_NOUN] place of sacrifice,ihongero
[GENERAL_NOUN] empty house,iboojo
[GENERAL_NOUN] a very beautiful thing,ihunde
"[NATURE_AND_ENVIRONMENT_NOUN] storm, tempest, gale",ihunga
"[GENERAL_NOUN] wand,blacksmith's sprinkler (isiza)",ibungyo
[GENERAL_NOUN] white stripe,ihuuga
"[GENERAL_NOUN] thorn,prickle",ihwa
[GENERAL_NOUN] whetstone,ibyoro
[GENERAL_NOUN] dance of divine,ijanja
[GENERAL_NOUN] yesterday,ijo
[GENERAL_NOUN] ashes,iju
[GENERAL_NOUN] bell,ijugo
"[GENERAL_NOUN] remember, recollect, recall",ijuka
[GENERAL_VERB] to remind,ijukya
[GENERAL_VERB] to fill,ijuza
"[GENERAL_NOUN] cunning, slyness,irony",ikaali
[GENERAL_VERB] to sit down,Ucaarra
"[GENERAL_NOUN] toremain , stay, delay",rkara
[GENERAL_NOUN] live or work together,ikarana
[GENERAL_NOUN] grapes,ikeerre
[GENERAL_NOUN] a slight squint,ikengi
[GENERAL_NOUN] groaning state,ikenyera
[GENERAL_NOUN] agree unarumously,ikilrraaniza
"[GENERAL_NOUN] dirt, filth (of body)",iko
[GENERAL_NOUN] wide iron leg ornament,ikoita
[GENERAL_NOUN] pomegranate,ikomamabanga
[GENERAL_NOUN] lick; a thorny creeper,ikomba
[GENERAL_NOUN] trumpet,ikondere
[GENERAL_NOUN] long thorn of omukongora,ikongoro
[GENERAL_NOUN] a place of conference,ikuratiro
[GENERAL_NOUN] trampled-down place,ikurugutiirro
"[GENERAL_NOUN] a made road,street",ikuute
"[GENERAL_NOUN] openly, fearlessly (of speaking)",ikwenu
"[GENERAL_VERB] to respire, breathe",ikya
"[GENERAL_NOUN] look sideways, squinty",ikyole
[GENERAL_NOUN] prominent voice,imiro
[GENERAL_NOUN] continue a journey,imura
[GENERAL_VERB] to bow down,inama
[GENERAL_VERB] to be very poor,inara
[GENERAL_VERB] to string,ioara
[GENERAL_VERB] to make equal,inganiza
"[GENERAL_NOUN] many, much, abundant",ingi
"[GENERAL_NOUN] white (china) clay, chalk",inoni
"[GENERAL_NOUN] surliness, shunning",inugangaine
[GENERAL_VERB] to leave off work,inuka
[GENERAL_NOUN] lift up your eyes(hearts),inunura
[GENERAL_NOUN] young plantain tree sucker,inuunu
[GENERAL_NOUN] you yourselves,inywenka
[GENERAL_NOUN] drinking-trough,inywero
[GENERAL_NOUN] pawpaw fruit,ipaapaali
[GENERAL_NOUN] wing,ipapa
[GENERAL_NOUN] guava,ipeera
[GENERAL_NOUN] button,ipeesa
"[GENERAL_NOUN] keg, barrel, cask",ipipa
[GENERAL_VERB] to grow dark,ira
"[GENERAL_VERB] to be black, dirty",iragura
"[HEALTH_AND_MEDICINE_NOUN] clinic, divination center",iraguurro
"[GENERAL_VERB] to blacken, dirten",iraguza
[GENERAL_NOUN] squint,irali
"[GENERAL_NOUN] level place, plateau",irambi
[GENERAL_NOUN] place of worship,iramizo
[GENERAL_NOUN] lily,iranga
[GENERAL_NOUN] madness,iraro
[GENERAL_NOUN] water-lily,irebe
[GENERAL_NOUN] gateway,irembo
[GENERAL_NOUN] whistle,irenge
[GENERAL_NOUN] bracken,irere
"[GENERAL_NOUN] heat, mating season",irigi
[GENERAL_NOUN] digging season,irima
[GENERAL_VERB] to grow dark,irima
[GENERAL_NOUN] fish-hook see endobo,irobo
"[GENERAL_NOUN] charm, spell",irogo
[GENERAL_NOUN] protruding narvel,iromba
[COMMON_ANIMALS_NOUN] metal dog-bell,ironde
[GENERAL_NOUN] form of dismissal,irooko
[GENERAL_NOUN] trampled-down place,irubatiirro
[GENERAL_VERB] to run together,irukana
"[GEOGRAPHY_NOUN] uninhabited country, wilderness",irungu
[MILITARY_NOUN] battle-field,irwaniro
[HEALTH_AND_MEDICINE_NOUN] hospital,irwarro
[GENERAL_NOUN] meal,irya
[GENERAL_VERB] to cause to kill,isa
[GENERAL_NOUN] Archbishop,Isaabarolerezi
[GENERAL_NOUN] father to twins,Isaabarongo
[GENERAL_NOUN] place of prayer,isabiro
[COMMON_ANIMALS_NOUN] grey eagle; estate,isamba
[GENERAL_NOUN] football field,isambiro
"[GENERAL_VERB] to be like, resemble",isaoa
"[GENERAL_NOUN] conjuring trick, magic",isaoo
[GENERAL_NOUN] withered plantain leaves,isaosa
[GENERAL_NOUN] forge,isasa
[GENERAL_NOUN] spark,isasaazi
"[GENERAL_NOUN] lead, bullet,solder",isasi
"[GENERAL_NOUN] county, province",isaza
[GENERAL_PRON] his or her father,ise
[GENERAL_NOUN] their father,isebo
[GENERAL_NOUN] their paternal aunt,isenkatibo
[GENERAL_NOUN] your paternal aunt,isenkatiinywe
[GENERAL_NOUN] our paternal aunt,isenkatiitwe
[GENERAL_NOUN] my paternal aunt,isenkadnyowe
[GENERAL_NOUN] his grandfather,isenkuru
[GENERAL_NOUN] their grandfather,isenkurubo
[GENERAL_NOUN] my grandfather,isenkurooyowe
[GENERAL_NOUN] my father,isenyowe
[GENERAL_NOUN] father-in-law,isezaara
[GENERAL_NOUN] sheepfold,isibiko
[GENERAL_NOUN] sowing time,isiga
[GENERAL_NOUN] your father,isiinywe
[GENERAL_NOUN] our father,isiltwe
[GENERAL_NOUN] blacksmith 's sprinkler,isiza
[GENERAL_NOUN] twin boy and girl,isobe
[GENERAL_NOUN] hair,isoke
[COMMON_ANIMALS_NOUN] jumping rat,isomba
[GENERAL_NOUN] school,isomero
[GENERAL_NOUN] lesson,isomo
[GENERAL_NOUN] pelvic bone,isonge
[GENERAL_NOUN] hip joint,isongyo
[GENERAL_NOUN] woodcutter,isonjoora
[GENERAL_NOUN] place of assembly,isoroolezo
"[GENERAL_NOUN] knot, elbow (front)",isumi
"[GENERAL_NOUN] long grass, scrub",iswa
[GENERAL_NOUN] stool,iswa
"[GENERAL_VERB] to slaughter, destroy",ita
"[GENERAL_NOUN] branch, bough",itaagi
[GENERAL_NOUN] brick,itafaali
[GENERAL_NOUN] earth soil,itaka
[GENERAL_NOUN] cheek,itama
[GENERAL_NOUN] place of sacrifice,itambiro
"[GENERAL_NOUN] cross-roads, junctions",itangatanganiro
"[GENERAL_NOUN] preaching-place, pulpit",iteberezo
[GENERAL_NOUN] place where things join,iteeranirizo
[GENERAL_NOUN] tile,itegura
"[GENERAL_NOUN] step, stair, ladder",itembero
[GENERAL_NOUN] speak softly drawl,itesi
[GENERAL_NOUN] flank (of an animal),itiiri
[GENERAL_NOUN] red- winged francolin,itikarya
"[GENERAL_NOUN] spite, ill-will, mischief",itima
[GENERAL_VERB] to smoke (milk vessels),itira
[GENERAL_NOUN] thistle,itojo
[GENERAL_NOUN] game of guessing,itomo
[GENERAL_NOUN] piece of charcoal,itonde
[GENERAL_NOUN] a drop of water,itondo
[GENERAL_NOUN] deserted place,itongo
[GENERAL_NOUN] midnight,itumbi
[GENERAL_NOUN] mortuary,itumbiro
"[GENERAL_NOUN] side, flank",itundu
"[GENERAL_NOUN] wealth, possessions, riches",itungo
[GENERAL_NOUN] heap of soil,ituuti
"[GENERAL_NOUN] small packet, twist",itwe
"[GENERAL_NOUN] we, us",itwe
[GENERAL_NOUN] all of us,itwena
"[GENERAL_NOUN] we ourselves, by ourselves",itwenka
"[GENERAL_NOUN] you, thee, thou",iwe
[GENERAL_VERB] to lower(lamp wick),iza
"[GENERAL_NOUN] playground, playing-field",izaaniro
[GENERAL_NOUN] gravid,izaara
"[HEALTH_AND_MEDICINE_NOUN] maternity home, obstetric ward",izaarro
"[GOVERNANCE_AND_ADMINISTRATION_NOUN] well, King's grave",iziba
[GENERAL_NOUN] tears,iziga
"[COMMON_ANIMALS_NOUN] chimpanzee, monster, ogre",izike
[GEOGRAPHY_NOUN] island,izinga
"[GENERAL_VERB] come for, come upon",izira
[GENERAL_NOUN] ring worm,izomba
"[GENERAL_NOUN] sun, a day",izooba
[GENERAL_NOUN] pass of,jaaza
"[GENERAL_VERB] to bubble, seethe",jabagira
[GENERAL_VERB] to be excited,jabiza
"[GENERAL_VERB] to be chipped, broken",jabuka
"[GENERAL_VERB] to walk stiffly, awkwardly",jagajaga
"[GENERAL_VERB] to rejoice, celebrate",jaguza
[GENERAL_VERB] to snatch from,jakura
"[GENERAL_VERB] to jabbe r, babble",jamajama
[GENERAL_NOUN] java plum,jambura
[GENERAL_NOUN] talk irrelevantly,janjagurwa
"[GENERAL_VERB] to spoil, treat carelessly",jarabanga
[GENERAL_VERB] to be spread about,jaragatana
"[GENERAL_VERB] to be moist, sodden",jeba
[GENERAL_NOUN] being left alone,jeebeeza
"[GENERAL_VERB] to roam, ramble",Jeera
"[GENERAL_VERB] to wander about, roam",jeerajeer
[GENERAL_VERB] to be loosely tied,jega
[GENERAL_VERB] to rain persistently,jegeja
"[GENERAL_ADV] adv., loosely",jegejege
[GENERAL_VERB] to totter,jegemera
"[GENERAL_VERB] to be talkative, gossip",jejegurwa
[GENERAL_VERB] to loosen,jegya
[GENERAL_VERB] to tell tales about,jeija
[GENERAL_VERB] to be slightly burnt,jejuka
[GENERAL_VERB] to spread rumours,jenja
[GENERAL_VERB] to wander about (insects),jenjeera
[GENERAL_VERB] to tie loosely,jenjeka
[GENERAL_VERB] to chatter,jogeza
[GENERAL_VERB] to chatter,jogor ekana
[GENERAL_VERB] see jol ekana,jogolikana
"[GENERAL_ADV] adv., lately",juba
[GENERAL_VERB] to get wet,juba
[GENERAL_VERB] to weed,juba
[GENERAL_VERB] to soak,jubika
"[GENERAL_VERB] to make wet, damp",jubya
[CULTURE_AND_TRADITION_NOUN] ; to pay dowry,juga
"[GENERAL_VERB] to tremble, shiver",juguma
"[GENERAL_VERB] to moblize, shake",jugumbya
[GENERAL_VERB] to throw away,jugunya
[GENERAL_VERB] to raise one unexpectedly,jumbutura
[GENERAL_VERB] to scold severely,jumbuutukira
[GENERAL_VERB] to be responsible,junaaoizibwa
"[GENERAL_VERB] to smouJder, glow",jundeera
[GENERAL_VERB] to rescue,junira
[GENERAL_VERB] to gnaw at voraciously,junjubura
[GENERAL_VERB] to buzz,junjumira
"[GENERAL_VERB] to roar, hum",junjuruma
[GENERAL_VERB] to buzz,junjuura
[GENERAL_NOUN] ; to decline (sun),jura
"[GENERAL_ADV] adv., intensive with lazy",jurru
"[GENERAL_VERB] to be slovenly, untidy",jurungutana
"[GENERAL_NOUN] plump, chubby (little child)",juta
[GENERAL_VERB] to lie prone,juumara
[GENERAL_VERB] to grow tired,jwaha
[GENERAL_VERB] to be dirty,jwamba
"[GENERAL_VERB] to be mixed, confused",jwangana
[GENERAL_NOUN] ; to mix togetber,jwanganiza
[GENERAL_VERB] to dress (another),jwaza
"[GENERAL_VERB] to dress, adorn",jweka
[GENERAL_VERB] to be hafry,jwiga
"[GENERAL_VERB] to grow angry, bristle",jwigwa
[GENERAL_NOUN] too lazy,jurujuru
[GENERAL_NOUN] grab and squeeze painfully,jwi
[BIOLOGY_NOUN] small species of locusts,kaabagangara
[GENERAL_NOUN] variety of potatoes,kaabijwenge
[GENERAL_NOUN] old stock of beans,kaabubuukuume
[GENERAL_NOUN] elephant's trunk,kaako
[GENERAL_VERB] to scratch hard,kaakura
[COMMON_ANIMALS_NOUN] squirrel,kaamuje
[GENERAL_NOUN] chillies,kaamurali
[GENERAL_NOUN] little finger,kaara
[GENERAL_VERB] to be strongly flavoured,kaarraamuka
[GOVERNANCE_AND_ADMINISTRATION_NOUN] King's house,Kaaruziika
[GENERAL_NOUN] groin(inner side),kaasa
"[GENERAL_NOUN] chip, slice",kaasi
[GENERAL_NOUN] little child,kaana
[GENERAL_NOUN] but it's me,kaninyowe
[GENERAL_NOUN] coffee drink,kaawa
[GENERAL_VERB] to fry,kaayaaya
[GENERAL_NOUN] pebble,kabaale
[GENERAL_NOUN] syphilitic rash on nose,kabaata
[GENERAL_NOUN] leaf of a plant,kababi
[GENERAL_NOUN] cupboard (eryahuurro),kabada
"[GENERAL_NOUN] join . word, since",kabandiize
"[GENERAL_NOUN] a little spot,speck",kabara
[GENERAL_NOUN] bone under the eye,kabba
"[GENERAL_VERB] to be stiff, hard",kabbabbara
[GENERAL_NOUN] foreg,kabbinura
[COMMON_ANIMALS_NOUN] disease of cattle,kaboba
[GENERAL_NOUN] dark kind of salt,kabonde
[GENERAL_NOUN] unifier,kabumba
[GENERAL_NOUN] a round heavy thing,kabumbulike
[GENERAL_NOUN] early morning about 5am,kabunduguru
[GENERAL_NOUN] syphilitic eruption,kaberebenje
"[GENERAL_NOUN] hann, danger",kabi
"[NATURE_AND_ENVIRONMENT_NOUN] hot spring,hot bath",kabiga
[COMMON_ANIMALS_NOUN] small green caterpillar,kabiibi
"[GENERAL_NOUN] brushwood,copse",kabira
"[GENERAL_ADV] adv., twice",kabiri
"[GENERAL_VERB] to scourge, beat bard",kabura
[GENERAL_NOUN] commotion,kabuyangaine
"[COMMON_ANIMALS_NOUN] small dog, puppy",kabwa
[GENERAL_NOUN] early morning (=akabunduguru ),kabwibwi
[GENERAL_NOUN] restlessness,kacamule
[GENERAL_NOUN] palmerwonn,kacenkede
[GENERAL_NOUN] short space of time,kacu
"[GENERAL_NOUN] small spear, pen",kacumu
[HEALTH_AND_MEDICINE_NOUN] secondary syphilis,kacuucuuka
"[GENERAL_NOUN] bog, marsh",kadebede
[GENERAL_NOUN] slender person,kadengede(nge)
"[GENERAL_NOUN] pail ,can, tinned container",kadobo
[GENERAL_NOUN] ankle,kafumbarume
[GENERAL_NOUN] groin,kafumbi
"[GENERAL_VERB] to sniff scent, smell",kaga
"[COMMON_ANIMALS_NOUN] piebald,heifer or she-goat",kagabu
[GENERAL_NOUN] obliquely,kagaligali
"[GENERAL_NOUN] spokesperson, Master/Mistress of ceremony",kagambigambi
"[GENERAL_NOUN] cynism, scornfulness",kagayangaine
[GENERAL_NOUN] small basket,kagega
"[GENERAL_NOUN] force,compulsion",kagemo
"[GENERAL_NOUN] small valley, dell",kagera
[GENERAL_NOUN] sickle,kageso
[COMMON_ANIMALS_NOUN] small colobus monkey,kageye
"[GENERAL_NOUN] threads of screw, etc",kagigira
"[GENERAL_NOUN] important, key",kagasa
[GENERAL_VERB] to perceive by smelling,kagiriza
[GENERAL_NOUN] a white bean,kagita
[COMMON_ANIMALS_NOUN] pork (pig meat),kagodo
[COMMON_ANIMALS_NOUN] calf with white sport,kagondo
[GENERAL_NOUN] plant with edible berries,kagujaguja
[GENERAL_NOUN] yellow bead,kagusuuru
[BIOLOGY_NOUN] cocoon of silk worm,kagutaguta
[GENERAL_VERB] to ask a question,kaguza
"[GENERAL_NOUN] skull;small valley, dell,ravine",kahanga
[GENERAL_NOUN] dysmenorrheal,kaharo
[GENERAL_NOUN] gather up one's skirts,kabeeka
[GENERAL_NOUN] fine impalpable dust,kahehe
[GENERAL_NOUN] skin rash,kahere
[GENERAL_NOUN] roho ya kulinda ng'ombe,kagoro
[GENERAL_NOUN] slight mist,kaho
[GENERAL_NOUN] green peas,kaho
[GENERAL_NOUN] a painful remark,kahondo
[GENERAL_NOUN] urinary rheatus,kahondoorro
"[GENERAL_NOUN] badly grown, stunted child",kahumbe
[GENERAL_NOUN] little herdsman,kahuma
[COMMON_ANIMALS_NOUN] tail of a snake,kahuuho
[GENERAL_NOUN] purple,kahuukya
[COMMON_ANIMALS_NOUN] small sparrow-hawk,kahuumizi
[COMMON_ANIMALS_NOUN] mottled calf,kahuura
"[GENERAL_NOUN] grudge, grievance",kahyemi
"[GENERAL_NOUN] small knife, lancet, penknife",kabyo
[GENERAL_NOUN] small dove or pigeon,kaiba
[GENERAL_NOUN] beat of the body,kaicuube
[GENERAL_NOUN] inner room,kaifo
[COMMON_ANIMALS_NOUN] species of inedible termite,kaigaramatu
"[GENERAL_VERB] to ripen (beans,peas)",kaigura
[GENERAL_NOUN] favourite wife,Karhabuleju
[GENERAL_NOUN] welcome,Kaije
[GENERAL_NOUN] edible grasshoppers,kaikarakabiire
"[GENERAL_NOUN] end of breastbone,stem cartilage",kaimeeme
[GENERAL_NOUN] small hole,kaioa
[GENERAL_NOUN] chwezi goddess of harvest,kaikara
[COMMON_ANIMALS_NOUN] type of edible grasshopper,kaikarakahire
[GENERAL_NOUN] storeyed house,kainaabiri
[GENERAL_NOUN] shallow hole in ground,kainengere
[GENERAL_NOUN] tum a somersault,kairimira
[NATURE_AND_ENVIRONMENT_NOUN] whirlwind,kairiringwa
"[GENERAL_NOUN] twilight, dusk gloaming",kairirizi
[GENERAL_NOUN] asparagus fem,kaisabaisaba
[GENERAL_NOUN] edible mushroom,kaisaleero
[GENERAL_NOUN] hiccup,kaisildna
[GENERAL_NOUN] little peasant,kairu
"[GENERAL_NOUN] witness,sponsor",kaiso
[GENERAL_NOUN] comer,kaisokondo
"[GENERAL_VERB] to strike,heat severely",kaita
[GENERAL_NOUN] a fluffy grass,kaitandara
[GENERAL_NOUN] a thorny creeper,kaitango
[GENERAL_NOUN] sacred spear,kaitantaahi
[GENERAL_VERB] to take off shoes,kaituurra
"[GENERAL_NOUN] giddiness, dizziness",kaizengeerro
"[GENERAL_NOUN] giddiness, dizziness",kaizigoolezo
[GOVERNANCE_AND_ADMINISTRATION_NOUN] King's throne,Kaizirookwera
"[GENERAL_NOUN] excitement, commotion",kajagaarro
"[GENERAL_VERB] love of visiting, roaming",kajaiko
"[COMMON_ANIMALS_NOUN] small cat, kitten",kajangu
"[GENERAL_NOUN] restlessness, bad behaviour",kajanja
[GENERAL_NOUN] a small cent,kajegejege
"[GENERAL_NOUN] hut, small house",kaju
"[HEALTH_AND_MEDICINE_NOUN] grain,pill, tabloid",kajuma
[GENERAL_VERB] to force,kaka
[GENERAL_NOUN] a million,kakaikuru
[HEALTH_AND_MEDICINE_NOUN] skin disease like scabies,kakamba
"[GENERAL_NOUN] restlessness, sharpness, excitement",kakangazo
[GENERAL_NOUN] force in,kakatika
[GOVERNANCE_AND_ADMINISTRATION_NOUN] little king/ruler,kakama
[GENERAL_NOUN] I almost beat her,kake muteere
[GENERAL_NOUN] sieve,kakekeeyo
"[GENERAL_NOUN] an clement, dissatisfaction",kakekere
[GENERAL_NOUN] side of a hill,kakiizi
[COMMON_ANIMALS_NOUN] chicken,kakoko
[GENERAL_NOUN] ankle,kakongoijo
"[HEALTH_AND_MEDICINE_NOUN] consumption, tuberculosis, phthisis",kakonko
[GENERAL_NOUN] small calabash cup,Kakooba
[GENERAL_NOUN] weasel,kakorwa
[GENERAL_NOUN] a red bead,kakuba
[GENERAL_NOUN] ten thousand,kakumi
[GENERAL_VERB] to force open,kakura
[GENERAL_NOUN] prominent cheek bone,kakurababi
"[GENERAL_NOUN] pulsation , throb",kakurasira
"[GENERAL_NOUN] angle, comer",kakuuma
[GENERAL_NOUN] seed of the plant,kakuurra
[GENERAL_NOUN] a thorny creeper,kakwatango
[GENERAL_NOUN] hearty laughter,kakwazo
"[GENERAL_NOUN] pencil, pea",kajaamu
[GENERAL_NOUN] small bowl for vegetables,kaleba
"[GENERAL_NOUN] colossal, huge",kaleeba
[GENERAL_NOUN] tiny packet,kajegete
[GENERAL_NOUN] chin,kaleju
[GENERAL_NOUN] lent,kalema
[GENERAL_NOUN] thin leg,kalenge
[GENERAL_NOUN] a well-known thief,kalibusuma
[GENERAL_NOUN] type of onion (garlic),kalicumu
[GENERAL_NOUN] hunchback,Kaliibbango
[GENERAL_NOUN] little bead,kakwanzi
[GENERAL_NOUN] lemon grass,kalifuuha
"[GENERAL_NOUN] fierce fight, fierce competition",kaliitango
"[GENERAL_NOUN] little tongue, nib,curse, abuse",kalimi
[GENERAL_NOUN] avocado,kalipeera
[NATURE_AND_ENVIRONMENT_NOUN] eucalyptus tree,kalituusi
[GENERAL_VERB] to milk,kama
"[GENERAL_NOUN] sign, notice",kamanyiso
"[GENERAL_NOUN] disturbance, upset, confusion",kambayaaya
"[GENERAL_NOUN] brook, rivulet",kambu
"[GENERAL_VERB] to cut sharply, rip,slice",kambura
"[GENERAL_NOUN] noise, up-roar, commotion",kamburumburu
"[COMMON_ANIMALS_NOUN] rabbit, hare",kame
[GENERAL_NOUN] trigger,kamina
[GENERAL_NOUN] one who is acomplished,kamara
"[GENERAL_NOUN] blemish, spot; vice",kamogo
[COMMON_ANIMALS_NOUN] Whydah finch (bird species),kamutegengere
"[GENERAL_VERB] to squeeze out, wring",kamuura
[GENERAL_NOUN] stinging nettle,kamyakengeye
"[GENERAL_NOUN] small pot, washing bowl",kanaabiro
"[GENERAL_NOUN] giddleness, fall (from illness)",kanago
"[GENERAL_NOUN] pepper, chillies",kamurali
[GOVERNANCE_AND_ADMINISTRATION_NOUN] Royal drum,Kananura
[GENERAL_NOUN] tongue- tie (infants),kanata
[GENERAL_NOUN] dark blue cotton cloth,kaneke
[GENERAL_NOUN] cheek bone,kaneoero
[GENERAL_VERB] to prick up ears,kangaraza
[GENERAL_VERB] to die very suddenly,kanguka
"[GENERAL_NOUN] difficulty in breathing, choking",kanigo
"[COMMON_ANIMALS_NOUN] a little bull;grudge, grievance",kanimi
"[GENERAL_NOUN] church, chapel",kanisa
"[GENERAL_VERB] to form, set (plantains)",kankabura
"[GENERAL_VERB] to compel, force",kankanika
"[GENERAL_VERB] to scare, frighten",kankaniza
[BIOLOGY_NOUN] species of termites,kankoohoobo
[GENERAL_NOUN] nibble,kansumansuma
"[GENERAL_VERB] to kill suddenly,kill off",kanura
[GENERAL_NOUN] mouth,kanwa
[GENERAL_NOUN] Little sister,kanyaanya
[GENERAL_NOUN] variety of edible mushroom,kanyaijungiro
[GENERAL_NOUN] heavy weight (slang!),kanyama
[GENERAL_NOUN] ankle,kanyamagita
[COMMON_ANIMALS_NOUN] tortoise,kanyamankogoto
[GENERAL_NOUN] imaginary bogey,kanyamanswale
[GENERAL_NOUN] variety of mushroom,kanyambaara
"[GENERAL_NOUN] small swelling, boil",kanyambwa
[NATURE_AND_ENVIRONMENT_NOUN] plant with orange flowers,kanyamufundo
"[GENERAL_NOUN] tumult, uproar",kanyamuryaine
[GENERAL_NOUN] wagtail,kanyamunya
[COMMON_ANIMALS_NOUN] ground-squirrel,kanyamutere
[GENERAL_NOUN] variety of mushroom,kanyanaka
[GENERAL_NOUN] whistle through closed hands,kanyangaro
[GENERAL_NOUN] clematis,kanyankamba
[GENERAL_NOUN] grass like couch grass,kanyankokora
[GENERAL_NOUN] small white mushroom,kanyansoro
[GENERAL_NOUN] side ways,kanyarubaju
[GENERAL_NOUN] brownish- coloured sail,kanyenya
"[GENERAL_NOUN] crease, fold (in skin)",kanyigitiro
[COMMON_ANIMALS_NOUN] small chicken,kanyonge
[GENERAL_NOUN] little bird,kanyonyi
[GENERAL_NOUN] this one,kanu
[GENERAL_NOUN] jolly-good fellow,kapaapa
[GENERAL_NOUN] chatterbox,kapaipya
"[GENERAL_NOUN] hurry,flurry, restlessness, curiosity",kapapiro
[COMMON_ANIMALS_NOUN] chameleon,kapimpina
[GENERAL_NOUN] early,kara
[GENERAL_NOUN] dry and harden,karaakara
"[GENERAL_NOUN] curse, misfortune",karaako
[COMMON_ANIMALS_VERB] to be thirsty (cattle),karaba
"[GENERAL_VERB] to hustle, flurry, fluster",karabaniza
[GENERAL_NOUN] mustard (tree),karadaa
[GENERAL_VERB] to die suddenly,karaga
"[GENERAL_NOUN] crumb, fragment",karagalika
[GENERAL_VERB] to kill instantly,karagya
[GENERAL_NOUN] scarlet cloth,katarr
"[GENERAL_NOUN] chronic illness, etc",karandabaro
[GENERAL_NOUN] perineum (male),karandira
[GENERAL_NOUN] strip ground,karandirizo
[GENERAL_NOUN] scrape,karaodura
"[GENERAL_VERB] to fry, roast",karanga
[GENERAL_VERB] to move things about,karangatamza
[GENERAL_NOUN] eat after fasting,karango
[GENERAL_NOUN] open space,karanzi
[GENERAL_NOUN] a tiny brown bird,kararansundr
[GENERAL_NOUN] playing cards,karata
[GENERAL_NOUN] ritual,karomborombo
[GENERAL_NOUN] hereditary trait or weakness,karonkoronko
"[GENERAL_NOUN] symbol , sign",karorwaho
"[GENERAL_NOUN] comer, angle",karugu
"[GENERAL_NOUN] tiny biting fly, midge",karumanfuzi
[GENERAL_NOUN] dizziness,karunguurro
"[GENERAL_NOUN] hereditary custom, tradition etc",karuukaruukane
[COMMON_ANIMALS_NOUN] female kid or lamb,karuusi
[GENERAL_NOUN] splint,kasambi
[GOVERNANCE_AND_ADMINISTRATION_NOUN] king's palace,karuziika
[GENERAL_NOUN] the man,kasaija
[COMMON_ANIMALS_NOUN] sparrow-hawk,kasarabinywa
"[GENERAL_NOUN] thrice, three times",kasatu
"[GENERAL_NOUN] insincerity, hypocrisy",kasekokeera
[COMMON_ANIMALS_NOUN] whydah finch,kasekya
[MATHEMATICS_NOUN] one hundred thousand,kasiiriira
[GENERAL_NOUN] pustule,kasiita
"[GENERAL_NOUN] respite, truce, peace",kasinge
"[GENERAL_NOUN] complete darkness, pitch darkness",kasira
"[GENERAL_NOUN] slope, declining, descending",kasirimuko
[GENERAL_NOUN] silence,kasiro
[GENERAL_NOUN] cross-pole of roof,kasorya
[GENERAL_NOUN] uvula,kasondaburo
"[GENERAL_NOUN] sharp point, shoot, sprout",kasonga
[GENERAL_NOUN] small shell,kasonko
"[GENERAL_NOUN] enticement,persuasion",kasoono
[GENERAL_NOUN] roof,kasu
[GENERAL_NOUN] parrot,kasuku
"[GENERAL_NOUN] time, season; bud",kasumi
[GENERAL_NOUN] royal crown,kasunsunkwanzi
[GENERAL_NOUN] hombill,kasuraibaaga
[GENERAL_NOUN] pure,kaswa
[GENERAL_NOUN] armlet worn by bakonjo,kataaga
[GENERAL_NOUN] entrance,kataahiro
[COMMON_ANIMALS_NOUN] lamb,kataama
"[GENERAL_NOUN] ,five times",kataano
[GENERAL_NOUN] gourd ladle,katabyo
[GENERAL_NOUN] market,katale
[GENERAL_NOUN] avoidance,katantaro
[GENERAL_NOUN] shelf; lintel,katara
[GENERAL_NOUN] small cooking pot,kateba
"[GENERAL_NOUN] net, web, hammock",kateeko
[GENERAL_NOUN] ankle,kateerarume
[GENERAL_NOUN] small calabash cup,katema
[GENERAL_NOUN] descent slope,katentebuko
[GENERAL_NOUN] deaf and dumb person,kateta
[GENERAL_NOUN] infatuation,katiiko
[GENERAL_NOUN] a mottled bean,katiinabaisiki
[COMMON_ANIMALS_NOUN] light brown grasshopper,katikoomere
[GENERAL_NOUN] breast bone,katondotondo
[GENERAL_NOUN] small bush,katongo
[GENERAL_NOUN] reddish- coloured fowl,katuku
[GENERAL_NOUN] a tall flowering grass,katumburwa
"[GENERAL_NOUN] passion fruit, (grenadilla)",katunda
[GENERAL_NOUN] onion,katunguru
"[GENERAL_VERB] to break, snap; devour",katunura
"[GENERAL_NOUN] gland, nodule",katuragunyu
[GENERAL_NOUN] a packet,katwaro
[COMMON_ANIMALS_NOUN] odour of civet cat,kawaisimbi
[COMMON_ANIMALS_NOUN] ground squirrel,kawamutere
[GENERAL_NOUN] lanky person,kawaruconco
[GENERAL_VERB] see buwarutege,kawarutege
[GENERAL_NOUN] pipe- stem euphorbia,kayenje
[GENERAL_VERB] to storm at angrily,kayukira
[ART_AND_ENTERTAINMENT_NOUN] lead singer of cmbandwa,kazini
[COMMON_ANIMALS_NOUN] god(spirit) to protect cattle,kauka
"[GENERAL_VERB] to examine,scrutinize, criticize,investigate",kebera
"[GENERAL_VERB] to cut quickly, snip",kecura
[GENERAL_NOUN] peace talks,keefubo
[GENERAL_NOUN] thin,keeherilre
"[GENERAL_NOUN] concea lment, hiding",keehuguro
"[GENERAL_VERB] to diminish, lessen, reduce",keehya
"[GENERAL_VERB] to sieve, sift, separate",keekeeya
[GENERAL_VERB] to cackle,keekera
[GENERAL_VERB] to be dissatisfied,keekerreema
[GENERAL_NOUN] :commotion,keemeerraine
[GENERAL_VERB] to be too late,keerekeerra
[GENERAL_VERB] to be belated,keerekererwa
[GENERAL_VERB] to be late,keererenva
[GENERAL_VERB] to approach timidly,kekemeerra
"[GENERAL_NOUN] church, chapel",keleziya
"[GENERAL_VERB] to escape, survive",kena
[GENERAL_NOUN] nine thousand,kenda
[GENERAL_NOUN] separate liquid,kenenura
[GENERAL_VERB] grow very thin; drain,kenkemuka
[GENERAL_VERB] to groan,kenyera
[GENERAL_NOUN] very dry,kele
[GENERAL_NOUN] she has/brings luck,kemigisa
[GENERAL_NOUN] biting fly,kibaara
[GENERAL_NOUN] green colour,kibabi
[GENERAL_NOUN] ladle,kibaju
"[GENERAL_NOUN] merchandise, packets for sale",kibambo
[GENERAL_NOUN] flat wad of tobacco,kibanda
"[GENERAL_NOUN] plot,site, piece of land",kibanja
[GENERAL_NOUN] strup,kibaranguzo
"[MATHEMATICS_NOUN] calculation, mathematics",kibaro
[GENERAL_NOUN] useless person,kibaro
[CULTURE_AND_TRADITION_NOUN] spirit shrine,kibbaali
[GENERAL_NOUN] spirillum tick,kibbo
[GENERAL_NOUN] dumb person,kibbubbu
[GENERAL_NOUN] biceps,kibeba
"[GENERAL_NOUN] anything carried, parcel, litter",kibeede
[GENERAL_NOUN] thigh,kibero
"[GENERAL_NOUN] evil, sin, guilt",kibi
"[GENERAL_NOUN] offence, vexation",kibihizo
[GENERAL_NOUN] bowl (native),kibindi
[COMMON_ANIMALS_NOUN] speckled hen,kibebe
[GENERAL_NOUN] variety of potato,kibingo
"[GENERAL_NOUN] large reed, elephant grass",kibingo
[GENERAL_NOUN] forest,kiibira
"[CHEMISTRY_NOUN] matches, sulphur",kibiriiti
[GENERAL_NOUN] papyrus,kifunjo
[GENERAL_NOUN] omugango,kigango
[COMMON_ANIMALS_NOUN] a black goat,kibogo
[COMMON_ANIMALS_NOUN] white cow,kibona
"[ASTRONOMY_AND_THE_UNIVERSE_NOUN] shooting star, meteor",kibonwomu
"[GENERAL_NOUN] smell, scent",kiboya
[GENERAL_NOUN] tum time,kibu
"[GENERAL_NOUN] washing place, latrine",kibuga
"[GENERAL_NOUN] dull rainy day, gloom",kibunda
[COMMON_ANIMALS_NOUN] hairy stinging caterpillar,kibunguurra
"[GENERAL_NOUN] buttocks, bottom",kibunu
[COMMON_ANIMALS_NOUN] hairy caterpillar,kibweguurra
[GENERAL_NOUN] intruder,kibwetaabya
[GENERAL_NOUN] pink balsam (impatiens),kibwiga
[COMMON_ANIMALS_NOUN] cow with greyish colour,kibuubi
[GENERAL_NOUN] maize (Indian corn),kicooli
[GENERAL_NOUN] cloud,kicu
[GENERAL_NOUN] space of time,kicu
[GENERAL_NOUN] kitchen,kicumbiro
[GENERAL_NOUN] half (liquids),kicumbwituka
[GENERAL_NOUN] a plant (leonotis nepetifolia),kicumucumu
[GENERAL_NOUN] glowing stick of fire,kicumuro
[GENERAL_NOUN] ransom,kicunguro
[GENERAL_NOUN] bottle,kicupa
[COMMON_ANIMALS_NOUN] an old cow,kicura
"[GENERAL_NOUN] twitching, throbbing",kicuro
"[GENERAL_NOUN] piece, part,portion",kicweka
[GENERAL_NOUN] disease like plague,kidanda
[GENERAL_VERB] see ijugo,kide
[GENERAL_NOUN] a party (for amusement),kididi
[GENERAL_NOUN] workmen's drum at 7:00a.m,kidilddi
[GENERAL_NOUN] broad- bladed hoe,kidimu
[GENERAL_NOUN] panic,kidindimo
"[GENERAL_NOUN] bed pan, baby cott",kidoli
[COMMON_ANIMALS_NOUN] heron,kidongodongo
"[GENERAL_NOUN] good measure, abundance",kidoomooro
[GENERAL_NOUN] thing with no bottom,kidubuka
[GENERAL_NOUN] wicker basket with lid,kiduukuru
[GENERAL_NOUN] salt crust on ground,kidwodwo
[GENERAL_NOUN] worthless person or thing,kifamugimba
[COMMON_ANIMALS_NOUN] spirit to protect cattle,kigare
[GENERAL_NOUN] a deaf person,kifamatu
[GENERAL_NOUN] a dumb person,kifamunwa
"[GENERAL_NOUN] haze, fog",kifu
[GENERAL_NOUN] stillborn child or animal,kifu
[GENERAL_NOUN] chest,kifuba
[GENERAL_NOUN] punishment,kifubiro
[GENERAL_NOUN] bruise,kifufu
[COMMON_ANIMALS_NOUN] large shiny lizard,kifumbatanjoka
[GENERAL_NOUN] drill (tool),kifumuzo
"[GENERAL_NOUN] cover, stopper, lid",kifundikizo
[GENERAL_NOUN] opener,kifundukuzo
[GENERAL_NOUN] young mushroom,kifundukwa
"[GENERAL_NOUN] colon, large intestines",kifunjo
[GENERAL_NOUN] deserted spot,kifuruka
[GENERAL_NOUN] brownish-red colour,kigaaju
"[GENERAL_NOUN] ricksaw, cart, wheel barrow",kigadi
[GENERAL_NOUN] song (relating a story),kigano
[GENERAL_NOUN] the favourite wife,kiganzi
[GENERAL_NOUN] sit at ease,kigazrgazi
[COMMON_ANIMALS_NOUN] bateleur's eagle,kigeera
[GENERAL_NOUN] basket,kigega
[GENERAL_NOUN] valley,kigera
"[GENERAL_NOUN] footprint, foot",kigere
[GENERAL_NOUN] molar tooth,kigigo
[GENERAL_NOUN] spoon,kigiiko
"[GENERAL_NOUN] fort, fenced enclosure",kigo
[GENERAL_NOUN] sisal,kigogo
[GENERAL_VERB] see kididi,kigoma
[GENERAL_NOUN] reed fence (plaited crosswise),kigombe
[GENERAL_NOUN] patch (on animal),kigondo
[GENERAL_NOUN] wave,kigonzi
"[GENERAL_NOUN] lodging place, camp, inn",kigoonyo
[GENERAL_NOUN] smell of anything burning,kigugu
[GENERAL_NOUN] very light-coloured millet (oburo),kigugu
"[GENERAL_NOUN] idiot, stupid person",kiguliguli
[GENERAL_NOUN] thrush,kigurukamugongo
"[GENERAL_NOUN] mixed vegetables, pottage",kiguude
"[GENERAL_NOUN] foolish, half-witted person",kigwagwa
[GENERAL_NOUN] unforeseen events or items,kigwererezi
"[GENERAL_NOUN] fall, hurl down",kigwo
[GENERAL_NOUN] herd alone,kihaarra
[GENERAL_NOUN] pot scraper,kihaarro
[GENERAL_NOUN] bad luck,kihaata
[GENERAL_NOUN] brave leader,kihagi
[GENERAL_NOUN] lung,kihaha
"[GENERAL_NOUN] light, shallow thing",kihahara
[GENERAL_NOUN] cooked food left over,kihambaata
[COMMON_ANIMALS_NOUN] muzzle for calf,kihamira
[GENERAL_NOUN] wide road,kihandagazi
"[GENERAL_NOUN] writing, inscription",kihandiiko
"[GENERAL_NOUN] valley, dell, ravine",kihanga
[GENERAL_NOUN] created thing(by a person),kihange
[GENERAL_NOUN] creature (of God),kihangwa
[GENERAL_NOUN] uninhabitable place; (see omugwagwa),kiharabaga
[GENERAL_NOUN] twin bananas etc,kihasaua
[GENERAL_NOUN] stammerer,kihebeba
"[GENERAL_NOUN] gift, offering, contribution",kiheebwayo
[GENERAL_NOUN] basket for winnowing,kihebemukya
"[GENERAL_NOUN] toilet leaf,toilet paper",kihebyo
[GENERAL_NOUN] inside of eyelid,kihene
"[GENERAL_NOUN] bed-bug, large maggot",kihengere
"[GENERAL_NOUN] uneasiness, unrest",kihenule
[GENERAL_NUM] two handfuls (bands open),kihi
[GENERAL_NOUN] cold dulI weather,kihihi
[GENERAL_NOUN] prominent abdomen,kihiima
[GENERAL_NOUN] perspiration,kihiitano
[GENERAL_NOUN] bean,kihimba
[GENERAL_NOUN] a blind person,kihimbaara
[GENERAL_NOUN] swelling of the thigh,kihimbo
"[GENERAL_NOUN] incomplete portion, half",kihindi
[GENERAL_NOUN] of India,kihindi
[GENERAL_NOUN] withered gourd,kihobo
"[COMMON_ANIMALS_NOUN] butterfly, moth",kihoiborya
[GENERAL_NOUN] thin light gourd; invalid,kihoihoro
[GENERAL_NOUN] kind of potato,kihoko
"[GENERAL_NOUN] mark, spot, stain",kihondo
[GENERAL_NOUN] but for calves,kihongole
[GENERAL_NOUN] deserted house; hollow,kihongomera
[CULTURE_AND_TRADITION_NOUN] offering to a deity,kihongwa
[GENERAL_NOUN] graze,kihonole
[GENERAL_NOUN] secretion of the eyes,kihoozi
"[GENERAL_NOUN] scratch, graze",kihoole
"[GENERAL_NOUN] sore, ulcer",kihooya
[GENERAL_NOUN] a hollow scooped-out thing,kihorongole
[GENERAL_NOUN] large swelling,kihu
[GENERAL_NOUN] insect,kihuka
[COMMON_ANIMALS_NOUN] mole,kihukuzi
[GENERAL_NOUN] stethoscope,kihulizo
[COMMON_ANIMALS_NOUN] deserted anthill,kihumo
"[GENERAL_NOUN] stupid, dull-witted person",kihunaazi
[GENERAL_NOUN] By-whisk,kihungyo
"[GENERAL_NOUN] orifice, aperture, hole, rent",kihuru
[GENERAL_NOUN] rotten pulp of gourd,kihurugutu
[GENERAL_NOUN] dwarf,kihuruka
[GENERAL_NOUN] wound,kihuta
[GENERAL_NOUN] stripe,kihuuga
"[GENERAL_NOUN] shaven patch, bald patch",kihuuguru
[GENERAL_NOUN] purple colour,kihuukya
[GENERAL_NOUN] place of rest,kihuumuro
[GENERAL_NOUN] edible tuber,kihuuna
[GENERAL_NOUN] any tomato,kihuurru
[GENERAL_NOUN] bird 's nest,kiju
[GENERAL_NOUN] pan holder,kijugo
[GENERAL_NOUN] fever with rigours,kijugumo
"[GENERAL_NOUN] fruit, large berry, kernel",kijuma
"[NATURE_AND_ENVIRONMENT_NOUN] bash, shrub",kijumba
"[GENERAL_NOUN] abuse, reproach",kijumo
[GENERAL_NOUN] bad smell,kijunde
[COMMON_ANIMALS_NOUN] carpenter bee,kijunjumiirra
[GENERAL_NOUN] garment,kijwaro
"[GENERAL_NOUN] big, strong person",kikaaka
[GOVERNANCE_AND_ADMINISTRATION_NOUN] King's or Chief's enclosure,kikaali
[GENERAL_NOUN] scratch,kikaatule
[GENERAL_NOUN] question,kikaguzo
[GENERAL_NOUN] sugercane,kikaijo
[GENERAL_NOUN] sugercane,kikaka
[GENERAL_NOUN] ruin,kikambuuro
[GENERAL_NOUN] mangle,kikamuuro
[GENERAL_NOUN] tendon; anger (slang),kikana
[GENERAL_NOUN] deserted plantation,kikande
[GENERAL_NOUN] threat,kikango
"[COMMON_ANIMALS_NOUN] black cow, hen, etc",kidkara
"[GENERAL_NOUN] scale, bard skin",kikarakaata
[GENERAL_NOUN] frying-pan,kikarango
[GENERAL_NOUN] pumpkin,kikeke
"[GENERAL_NOUN] frog, toad",kikere
"[GENERAL_NOUN] partition , veil",kikingyo
[GENERAL_NOUN] skin of human body,kikoba
[GENERAL_NOUN] eyelid,kikohi
[STORYTELLING_AND_NARRATIVES_NOUN] riddle,kikoikyo
"[GENERAL_NOUN] we've cooked beans,etc",kikoma
"[GENERAL_NOUN] spoon, stirrer",kikombyo
[GENERAL_NOUN] large brass bracelet; copper,kikomo
"[GENERAL_NOUN] cup, chalice",kikompe
[COMMON_ANIMALS_NOUN] snake of puff-adder genus,kikondambogo
[GENERAL_NOUN] fibre of plantain stem,kikonde
[GENERAL_NOUN] curse,kikonderezo
[GENERAL_NOUN] heel,kikongoijo
[COMMON_ANIMALS_NOUN] millipede,kikongoro
[GENERAL_NOUN] empty maize cob,kikonko
[COMMON_ANIMALS_NOUN] Large lizard,kikonko
"[GENERAL_NOUN] bundle (of grain, etc.)",kikoodo
"[GENERAL_NOUN] bonfire, burning rubbish heap",kikoomi
[GENERAL_NOUN] leaf of a plant,kikoora
"[GENERAL_NOUN] cough, sputum",kikoorro
"[GENERAL_NOUN] scratch, wound, bruise",kikoosole
"[GENERAL_NOUN] cup, mug",kikopo
"[GENERAL_NOUN] root of tree, source",kikoro
[GENERAL_NOUN] sputum,kikorondozo
"[GENERAL_NOUN] act, deed, mystery",kikorwa
[GENERAL_NOUN] title of honour,kikugizo
[GENERAL_NOUN] swarm of locusts,kikukuuru
[GENERAL_NOUN] hunting- hom,kikule
[GENERAL_NOUN] odour of animals,kikumbi
[MATHEMATICS_NOUN] one hundred,kikumi
[MATHEMATICS_NUM] one hundred and one,kikumi n'emu
[MATHEMATICS_NUM] one hundred and ten,kikumi n'ikumi
[GENERAL_NOUN] a bald person,kikungwire
[GENERAL_NOUN] stump of a limb,kikunku
[GENERAL_NOUN] stump of a tree,kikunya
"[GENERAL_NOUN] track, trail, rut",kikurunduzo
"[GENERAL_NOUN] tarpaulin, canvas",kikutiya
[COMMON_ANIMALS_NOUN] chimpanzee,kikuya
[GENERAL_NOUN] counterfeit,kikwaogara
[GENERAL_NOUN] burr,kikwasi
"[GENERAL_NOUN] bundle, bunch",kikwato
[GENERAL_NOUN] restlessness,kimagomago
[GENERAL_NOUN] familiarity,kimanyiirraine
[GENERAL_NOUN] arrow;(see ekibombo),kimara
"[GENERAL_NOUN] shivering fit, rigor",kimazi
[GENERAL_NOUN] bruise; com,kimbaju
"[GENERAL_NOUN] plant, growing thing",kimera
[COMMON_ANIMALS_NOUN] eat early (cattle),kimilko
[GENERAL_NOUN] broken cooking pot,kimuga
"[GENERAL_NOUN] reed, torch",kimuli
[ASTRONOMY_AND_THE_UNIVERSE_NOUN] comet,kimuli
[GENERAL_NOUN] torch,kimyasa
"[GENERAL_VERB] to gambol (calves, kids)",kina
"[GENERAL_NOUN] basin, shower room",kinaabiro
[GENERAL_NOUN] blind-worm,kinaabo
[GENERAL_NOUN] eighty,kinaana
[GENERAL_NOUN] cooking pot,kakinaga
[GENERAL_NOUN] liver (obune),kine
"[GENERAL_VERB] to close, shut,(door, window)",kinga
"[GENERAL_NOUN] dwarf, deformed person",kingida
[GENERAL_VERB] see omutaami,kingoleka
[COMMON_ANIMALS_NOUN] crow,kingoora
[GENERAL_VERB] to be open,kingu
"[GENERAL_VERB] to open (door, window)",kingura
[GENERAL_NOUN] anger,kiniga
[GENERAL_NOUN] eighty,kinaana num
[GENERAL_NOUN] the disliked wife,kinobi
[GENERAL_NOUN] empty eye socket,kinoko
[GENERAL_NOUN] protuberance above navel,kinosi
[GOVERNANCE_AND_ADMINISTRATION_NOUN] queen temite,kintana
"[GENERAL_NOUN] a thing, item",kintu
[GENERAL_NOUN] this one,kinu
"[CULTURE_AND_TRADITION_NOUN] despicable thing, abomination",kinugwa
[GENERAL_NOUN] bad smell,kinunko
[GENERAL_NOUN] ransom,kinunuuro
[COMMON_ANIMALS_NOUN] cow's mouth,kinwanwa
"[GENERAL_NOUN] very large potatoes, etc",kinyagukulima
[TRANSPORT_NOUN] screw-driver (see kinyororo),kinyakumyora
[GENERAL_NOUN] crab,kinyamagaga
[COMMON_ANIMALS_NOUN] civet-cat,kinyamakeka
[GENERAL_NOUN] gladiolus,kinyamubyo
[COMMON_ANIMALS_NOUN] Egyptian goose,kinyamunkaarra
[GENERAL_NOUN] large black stink- ant,kinyamunkanga
[GOVERNANCE_AND_ADMINISTRATION_NOUN] queen termite (= kintana.),kinyamuntana
[COMMON_ANIMALS_NOUN] porcupine,"kinyamunungu,"
[GENERAL_NOUN] mode of dressing hair,kinyamuruuta
[COMMON_ANIMALS_NOUN] water-scorpion,kinyanduuta
[GENERAL_NOUN] thin copper-wire bracelet,kinyeerre
"[LEGAL_AND_LAW_MATTERS_NOUN] accuser, complainant, plaintiff",kinyegeerra
[LEGAL_AND_LAW_MATTERS_NOUN] defendant,kinyegererwa
[GENERAL_NOUN] tickling sensation in nose,kinyegezi
[GENERAL_NOUN] placenta,kinyina
[GENERAL_NOUN] spark,kinyinyiizi
[GENERAL_NOUN] large black ant,kinyomo
[GENERAL_NOUN] ground-nut,kinyoobwa
[BIOLOGY_NOUN] larva found in water,kinyorozi
"[BIOLOGY_NOUN] vein, artery, sinew",kinywa
[GENERAL_NOUN] blotting-paper,kinywabwino
[GENERAL_NOUN] drinkable liquid,kinywibwa
[GENERAL_NOUN] drinking-vessel,kinywiso
[GENERAL_NOUN] papyrus mat,kipaali
"[GENERAL_NOUN] accuser, complainant",kinyegerra
[GENERAL_NOUN] careless person,kipaku
[GENERAL_NOUN] mudguard,kipampagara
"[GENERAL_NOUN] placard, sign post, reading-sheet",kipande
"[GENERAL_NOUN] weighing instrument, measurement",kipimo
[COMMON_ANIMALS_NOUN] cattle kraal,kiraaro
[GENERAL_NOUN] bully,kiraarre
"[GENERAL_NOUN] shoes, sandles",kiraato
"[GENERAL_NOUN] club, drinking-shop, pub",kirabo
"[GENERAL_NOUN] flower, blossom",kiragaano
"[GENERAL_NOUN] covenant, agreement",kirabyo
"[GENERAL_NOUN] command, order, commandment",kiragiro
"[GENERAL_NOUN] mat,carpet",kirago
"[GENERAL_NOUN] oath,vow",kirabiro
"[GENERAL_NOUN] glass, tumbler",kirahuli
[GENERAL_NOUN] tuber of orurali,kirali
"[GENERAL_NOUN] stripe, row of hair",kirambi
[GENERAL_NOUN] creeper,kiranda
[GENERAL_NOUN] proclamation,kirangiirro
[GENERAL_NOUN] make to overlap,kiraniza
[MILITARY_NOUN] arrow for bleeding cow,kiraso
[GENERAL_NOUN] wooden spoon,kirazi
"[GENERAL_NOUN] taut string, sinew, etc",kireego
[GENERAL_NOUN] secret accusation,kirego
[GENERAL_NOUN] a very large basket,kireguurro
[GENERAL_NOUN] deformed or lame person,kirema
[GENERAL_NOUN] head- cloth,kiremba
"[GENERAL_NOUN] lullaby, nursery rhyme",kirembeerro
"[GENERAL_NOUN] patch of cloth, rag",kiremu
[GENERAL_NOUN] about 5 p.m,kirengabazaana
[GENERAL_NOUN] measure (of size),kirengo
[GENERAL_VERB] to tickle (e.g. throat),kirigita
"[GENERAL_NOUN] greedy person, glutton",kiriiranda
[GENERAL_NOUN] very greedy person,kiriiririzi
[GENERAL_NOUN] crops,kirimwa
[GENERAL_NOUN] what is it,kiriki
"[GENERAL_NOUN] night, day",kiro
[HEALTH_AND_MEDICINE_NOUN] bad witch doctor,kirogorogo
[GENERAL_NOUN] dewlap,kirokooroko
[GENERAL_NOUN] return a present,kirongooro
[GENERAL_NOUN] dream,kirooto
[GENERAL_NOUN] nick name,kirukiirro
"[GENERAL_NOUN] thigh, leg (of meat)",kirumbu
[GENERAL_NOUN] bug (generic term),kirumi
"[GENERAL_NOUN] condiment, seasoning",kirungo
[GENERAL_NOUN] sheath for spear,kirweyo
[GENERAL_NOUN] road bank,kisa
[GENERAL_NOUN] labour pain,kisa
"[GENERAL_ADJ] adj., grey",kisaakusaaku
[GENERAL_NOUN] herbal purgative,kisabiko
"[GENERAL_NOUN] pillow, cushion",kisago
[GENERAL_NOUN] male,kisaija
"[GENERAL_NOUN] thicket, bush,jungle",kisaka
[GENERAL_NOUN] pruning-knife,kisalizo
[COMMON_ANIMALS_NOUN] spur of cock,kisambizo
[GENERAL_NOUN] switch,kisanju
[GENERAL_NOUN] thing with no flavour,kisanku
[GENERAL_NOUN] comb,kisanuruzo
"[GENERAL_NOUN] an old potato, stale",kisarale
"[GENERAL_NOUN] numbness, cramp",kisarazi
[GENERAL_NOUN] spark,kisasaazi
"[GENERAL_NOUN] cells of honeycomb, wax",kisasara
[GENERAL_NOUN] porch,kisasi
[GENERAL_NOUN] poor soil,kisazi
"[BIOLOGY_NOUN] beetle larva, grub",kisebe
[GENERAL_NOUN] sieve,kisegeso
[GENERAL_NOUN] skin causing itch,kisegwe
[GENERAL_NOUN] comb and arrange hair,kisekura
"[GENERAL_NOUN] present, gift",kisembo
"[GENERAL_NOUN] filter, strainer",kisengiijo
[GENERAL_NOUN] raft,kisengo
[GENERAL_NOUN] path of papyrus,kisensa
"[GENERAL_NOUN] ragged edge, rag",kisense
[GENERAL_NOUN] opaque white bead,kisenyi
[GENERAL_NOUN] plant like stone-crop,kisezere
"[GENERAL_NOUN] wall, room, partition",kisuka
"[GENERAL_NOUN] log of wood, block",kisiki
[GENERAL_NOUN] holes left by jiggers,kisikirr
"[GENERAL_NOUN] a turf, sod",kisindikwa
[GENERAL_NOUN] broom,kisingolezo
[GENERAL_NOUN] heel,kisinziiro
"[GENERAL_ADJ] adj., black",kisirikuuku
[COMMON_ANIMALS_NOUN] sparrow,kisirya
[GENERAL_NOUN] pith of papyrus,kisisa
"[GENERAL_NOUN] likeness, picture, statue, idol",kisisani
"[GENERAL_NOUN] gourd, calabash",kisisi
[GENERAL_NOUN] watch of the niglll,kisisiimuka
[GENERAL_NOUN] prow of a canoe,kiso
[GENERAL_NOUN] young custard tree,kisoga
[GENERAL_NOUN] fish net,kisoha
[GENERAL_NOUN] young bean leaf,kisokooro
"[COMMON_ANIMALS_NOUN] young dog, puppy",kisole
[GENERAL_NOUN] night-jar (bird),kisomabwire
[GENERAL_VERB] see ekihungu,kisomamabuli
[GENERAL_NOUN] very large basket,kisombera
"[GENERAL_NOUN] black, dirty person/thing",kisirukuuku
[GENERAL_NOUN] a yellow bean,kisombwa
[GENERAL_NOUN] canine tooth,kisongezo
[GENERAL_NOUN] fowl dropping,kisoodo
[GENERAL_NOUN] thorn of palm tree,kisooba
[GENERAL_NOUN] cleared land,kisoorre
[GENERAL_NOUN] animal,kisoro
[GENERAL_NOUN] tall gourd,kisorongo
[GENERAL_NOUN] rinderpest,kisotoka
[GENERAL_NOUN] round native hut,kiso
[GENERAL_NOUN] birds nest,kisuli
[GENERAL_NOUN] excrescence,kisumi
[GENERAL_NOUN] bud of flower,kisumika
"[GENERAL_NOUN] key, opener",kisumuruzo
"[GENERAL_NOUN] pumpkin , gourd vine",kisunsa
[GENERAL_NOUN] comb,kisunsuzo
[GENERAL_NOUN] salt,kisura
[GENERAL_NOUN] sodomy,kisuyaga
[GENERAL_NOUN] wildcat; bed bug,kisuzi
[GENERAL_NOUN] placenta,kisweko
[GENERAL_NOUN] blister,kisweswe
[GENERAL_NOUN] skirt,kitaahiro
[GENERAL_NOUN] cymbal,kitaasa
[COMMON_ANIMALS_NOUN] civet-cat,kitabujuguta
[GENERAL_NOUN] unripe fruit esp. maize,kitaigi
[GENERAL_NOUN] wicker fish-trap,kitamba
"[GENERAL_NOUN] handkerchief, duster, tow",kitambaara
"[GENERAL_NOUN] strong drink, intoxicant",kitamiiza
[GENERAL_NOUN] nonsense,kitamutoole
[GENERAL_NOUN] emetic,kitanakya
[GENERAL_NOUN] large bundle,kitanda
"[GENERAL_NOUN] telescope, microscope",kitangaaza
"[HISTORY_AND_HISTORICAL_ACCOUNTS_NOUN] large double edged sword,bayonet",kitara
[GOVERNANCE_AND_ADMINISTRATION_NOUN] Kingdom of Bunyoro,kitara
"[GENERAL_NOUN] taunt, reproach, sarcasm",kiteburo
"[GENERAL_NOUN] thought, idea, fancy, opinion",kiteekerezo
"[COMMON_ANIMALS_NOUN] Large ape, gorilla",kiteera
[GENERAL_NOUN] little toddler,kiteeranjogera
[GENERAL_VERB] see eteete,kiteete
"[COMMON_ANIMALS_NOUN] bat, racquet, etc",kiteezo
[GENERAL_NOUN] shallow hole; arm bracelet,kitega
[COMMON_ANIMALS_NOUN] large field rat,kitemamusanje
[COMMON_ANIMALS_NOUN] a speckled hen,kitembe
[GENERAL_NOUN] wild plantain tree,kitembe
"[GENERAL_NOUN] clearing, open space",kiteme
[GENERAL_NOUN] rough piece of barkcloth,kitentegcre
[GENERAL_NOUN] a bird,kitenterezi
[GENERAL_NOUN] long curly hair,kitereza
[GENERAL_NOUN] soft and curled hair,kiterezi
[GENERAL_NOUN] dumb person,kiteta
"[GENERAL_NOUN] dress, frock",kiteteei
[GENERAL_NOUN] small piece of meat,kitiime
[GENERAL_NOUN] anus,kitiiri
[GENERAL_NOUN] hair comb,kitikiisoke
[GENERAL_NOUN] net,kitimba
"[GENERAL_NOUN] snail, slug (= kitamulinda)",kitindinda
[GENERAL_NOUN] patched garment,kitinti
[GENERAL_NOUN] half (of liquids),kititi
[GENERAL_NOUN] spade,kitiyo
"[GENERAL_NOUN] young, cockerel",kitobera
[GENERAL_NOUN] collar,kitogi
[GENERAL_NOUN] piece/ball of native soap,kitole
[GENERAL_NOUN] outcast,kitondwa
[GENERAL_NOUN] spot,kitone
"[GENERAL_NOUN] recitation, poem",kitoogeerro
"[GENERAL_NOUN] deserted,overgrown place, ruin",kitoogo
[GENERAL_NOUN] large mushroom,kitonsa
[GENERAL_NOUN] lewdness,kitoole
"[GENERAL_NOUN] mark, spot, stain",kitoonyezi
[GENERAL_NOUN] premature birth (animals),kitoroogo
"[GENERAL_NOUN] shivering, trembling",kitukumo
[COMMON_ANIMALS_NOUN] a red hen,kitukura
"[GENERAL_NOUN] leaven, baking powder",kitumbisa
[GENERAL_NOUN] sluggish person or creature,kitundubazi
"[GENERAL_NOUN] shallow pool, puddle",kitunga
[GENERAL_NOUN] an unripe thing,kitunguhya
"[GENERAL_NOUN] heat, perspiration",kitunguutano
[COMMON_ANIMALS_NOUN] property (e.g. cattle),kitungwa
"[GENERAL_NOUN] hillock, high ground",kituntu
[GENERAL_NOUN] blind eye,kituru
[GENERAL_NOUN] grave,kituuro
"[GENERAL_NOUN] anything carried, large bundle",kitwaro
[GENERAL_NOUN] carrying litter,kitwarre
[COMMON_ANIMALS_NOUN] harmless water snake,kityeraju
"[GENERAL_NOUN] abundance, superfluity",kityokoro
[COMMON_ANIMALS_NOUN] civet-cat,kiwabwaka
"[GENERAL_NOUN] aperture, bole (= ekinyadeere)",kiwadeeri
[GENERAL_NOUN] crab,kiwakonga
[NATURE_AND_ENVIRONMENT_NOUN] gale,kiyaga
"[GENERAL_NOUN] pond, pool",kiyanja
"[GENERAL_NOUN] abundance, superfluity, excess",kiyooro
[GENERAL_NOUN] joint,kiyungiro
"[SPORTS_NOUN] playground, playing field, stadium",kizaaniro
[COMMON_ANIMALS_NOUN] tuming- sickness (of cattle),kizengeerra
[GENERAL_NOUN] coat,kizibabo
"[GENERAL_NOUN] areola, scar",kizigira
[GENERAL_NOUN] darkness (indoors),kizima
"[GENERAL_NOUN] swelling, tumour, boil",kizimba
[GENERAL_NOUN] placenta (of animal),kizimu
[GENERAL_NOUN] song,kizina
[GENERAL_NOUN] destructive thing,kizinda
[GEOGRAPHY_NOUN] island,kizinga
"[GENERAL_NOUN] cripple, stunted person",kizingo
"[GENERAL_VERB] to become bard, emaciated",kobbabbara
"[GENERAL_VERB] to chip, break off",kobora
[GENERAL_VERB] to trap,kodogadoga
[GENERAL_VERB] to cough,kobora
"[GENERAL_NOUN] blink, wink",kobya
"[GENERAL_NOUN] get thin, emaciated",koiga
"[GENERAL_VERB] to be greedy, gluttonous",koija
[GENERAL_VERB] to peel badly,koijogora
[GENERAL_VERB] to wink at,koimiza
"[GENERAL_VERB] to wink, twinkle",koimya
"[GENERAL_NOUN] hoop, limp",kokoizira
[GENERAL_VERB] to remove a scab,kokoora
[GENERAL_VERB] to cluck,kokoroma
"[GENERAL_VERB] to pick up, find",koma
[GENERAL_VERB] to lick up,komba
"[GENERAL_ADJ] adj., chosen",kome
"[GENERAL_VERB] to charge, enjoin",komeetereza
[GENERAL_VERB] to bite,konda
[GENERAL_VERB] to curse,kondereza
[GENERAL_VERB] to become emaciated,kondoma
[GENERAL_VERB] to squat,kondoma
[GENERAL_NOUN] prune,konera
[GENERAL_VERB] to become dirty,konga
[GENERAL_VERB] to shrug (the shoulders),kooga
[GENERAL_VERB] to hobble along,kongoizira
[GENERAL_NOUN] peel badly,konjogora
[GENERAL_VERB] to descend a hill,konkomoka
[GENERAL_VERB] to take downhill,konkomora
"[GENERAL_VERB] to rap, knock, prod",konkona
"[COMMON_ANIMALS_NOUN] bullock, ox;(see also konwa)",kono
[GENERAL_VERB] to shed (tears),konona
[GENERAL_NOUN] reduce,konwa
[GENERAL_VERB] to beat barkcloth,konyoga
[GENERAL_VERB] be very tired,koobooka
[GENERAL_NOUN] peer influence,koohyangaine
[COMMON_ANIMALS_VERB] to crow,kooka
[GENERAL_NOUN] contract ekookoro,kookora
[GENERAL_NOUN] syphilitic septicaemia with abscesses,kookoro
"[GENERAL_NOUN] sign, copy, pattern, example",kookuroorraaho
[COMMON_ANIMALS_NOUN] fire for cattle,koome
[GENERAL_VERB] to cough,koorra
"[GENERAL_VERB] to curse, utter curses",koorrooma
[GENERAL_VERB] to pinch hard,koosora
[GENERAL_VERB] to stoop from infinnity,kootakoota
[GENERAL_NOUN] coat; Court oflaw,kooti
[GENERAL_NOUN] it is small,ko kataito
[GENERAL_NOUN] all of it,koona
[GENERAL_NOUN] large,kooto
"[GENERAL_INTERJ] int., welcome!",koowe
[GENERAL_NOUN] feather (small),kooya
"[GENERAL_VERB] to make, do, work",kora
[GENERAL_VERB] to touch,koraho
[GENERAL_VERB] to tickle (throat),korokoota
[GENERAL_NOUN] foreg,korokootwa
[GENERAL_VERB] to make to cough,koroza
"[GENERAL_VERB] to use, employ",kozesa
"[GENERAL_NOUN] Christmas, or Noel (Noweli)",Krisimaasi
[GENERAL_NOUN] Christ,Kristo
"[GENERAL_VERB] to fold up,wrap,bind",kuba
[GENERAL_ADV] badly,Kubi
"[GENERAL_NOUN] examine, cross-examine",kubira
[GENERAL_VERB] to fold together (clothes),kubirana
[GENERAL_VERB] to drink a draught,kubisa
[GENERAL_VERB] be with/possess,kugira
[GENERAL_VERB] to burn,kubaba
[GENERAL_VERB] to crucify,kubamba
[GENERAL_VERB] to worship spirits,kubandwa
[GENERAL_VERB] to begin,kubanza
[GENERAL_VERB] to estimate,kubalirra
[GENERAL_NOUN] agree on a share,kubarraana
[GENERAL_VERB] to baptize,kubatiza
[GENERAL_VERB] to talk,kubaza
[GENERAL_VERB] to multiply see,kubazaamu
[GENERAL_VERB] to sew,kubaziira
[GENERAL_VERB] to spread materials carefully,kubemba
[GENERAL_NOUN] badly,kubi
[GENERAL_NOUN] unhappy,kubiihirwa
"[GENERAL_VERB] to expel, send away",kubinga
[GENERAL_VERB] to tie or bind,kuboha
[GENERAL_VERB] to see/look at,kubona
[GENERAL_VERB] to be seen,kubonwa
[GENERAL_NOUN] soothe someone to sleep,kubyamisiriza
[GENERAL_VERB] to dance,kucekeca
"[GENERAL_VERB] pay a visit, travel",kubunga
[GENERAL_NOUN] loiter,kwemaramara
[GENERAL_NOUN] get visitors,kubungisa
"[GENERAL_NOUN] unfold, unroll",kubuurra
[GENERAL_NOUN] Jock padlock,kufuro
[GENERAL_VERB] to grow stout,kujajara
[GENERAL_NOUN] knee,kuju
"[GENERAL_VERB] to pile up, hoard",kuka
"[GENERAL_NOUN] conceal, bide",kukumika
[GENERAL_VERB] to destabilize/confuse see,kuburanganiza
[GENERAL_VERB] to stir,kuburuga
[GENERAL_VERB] to confuse,kubuzabaza
[GENERAL_VERB] to sleep on,kubyamira
[GENERAL_VERB] to plant,kubyara
[GENERAL_NOUN] boiling (especially of liquids),kucamuka
[GENERAL_NOUN] prolonged suffering,kucanda
[GENERAL_NOUN] have diarrhoea,kucugura
[GENERAL_VERB] to cook,kucumba
[GENERAL_VERB] to limp,kucumbagira
[GENERAL_NOUN] make fire,kucumikira
[GENERAL_NOUN] block water (dam),kucungira
[GENERAL_VERB] to come to menopause,kucura ebigere
[GENERAL_VERB] to be blind,kufa amaiso
[GENERAL_VERB] to be deaf,kufa amatu
[GENERAL_VERB] to be impotent,kufa ebigere
[GENERAL_VERB] to be dumb,kufa omunwa
[GENERAL_VERB] to blow the nose,kufuka ebimira
"[GENERAL_VERB] to be narrow, small",kufunda
[GENERAL_VERB] to lock or screw,kufunga
[GENERAL_NOUN] become cool or dilute,kufunguka
[GENERAL_VERB] to drive animals,kufunya
"[GENERAL_NOUN] fold (sleeves, trousers)",kufunza
[GENERAL_VERB] to have excessive pride,kufura
[GENERAL_VERB] to be diluted,kufurunguka
[GENERAL_NOUN] cold food going bad,kugaga
[GENERAL_VERB] to become very rich,kugaigahara
[GENERAL_VERB] to be stiff,kugangama
[GENERAL_VERB] to forgive/pardon,kuganyira
[GENERAL_VERB] to reply or answer,kugarukamu
[GENERAL_VERB] to reconcile,kugarukanganamu
[GENERAL_VERB] to repeat an action,kugarukira
[GENERAL_VERB] to be useful,kugasa
[GENERAL_VERB] to be useful to,kugasira
[GENERAL_VERB] to immunise,kuhambiriza
"[GENERAL_VERB] to intend, do purposely",kugenderra
[GENERAL_VERB] to flow,kugera
[GENERAL_VERB] to harvest,kugesa
[GENERAL_VERB] to back bite,kugeya
[GENERAL_VERB] to get profit,kugoba
"[GENERAL_VERB] to betray, deceive",kugobeza
[GENERAL_VERB] to snore,kugona
[GENERAL_NOUN] mating of birds,kugosa
"[GENERAL_VERB] to surround, besiege",kugota
[GENERAL_VERB] to continue,kugumizaamu
[GENERAL_VERB] to open wide,kugunura
[GENERAL_VERB] to doubt,kugurukyagurukya
[GENERAL_NOUN] have stunted growth,kugururuma
[GENERAL_VERB] to sell,kuguza
[GENERAL_VERB] to be foolish,kugwagwahara
[GENERAL_VERB] to be settled,kugwagwana
[GENERAL_VERB] to be asleep,kugwijagira
[GENERAL_VERB] to give out,kuha
[GENERAL_VERB] to quench one's thirst,kuhaaguka
[GENERAL_VERB] to call,kuhaaka
[GENERAL_VERB] to peel,kuhaata
[GENERAL_VERB] to lose one's way,kuhaba
[GENERAL_VERB] to keep under fear,kuhaihalikya
[GENERAL_VERB] to write,kuhandiika
[GENERAL_VERB] to live long,kuhangaara
[GENERAL_VERB] to hang up,kuhanika
"[GENERAL_NOUN] discuss, agree, decide",kuhanuura
[GENERAL_VERB] to scratch,kuhara
[GENERAL_VERB] to scrape off,kuharagata
[GENERAL_VERB] to be worried,kuharara
[GENERAL_VERB] to stammer,kuhebebera
[GENERAL_VERB] to play about,kuheenengwa
[GENERAL_VERB] to winnow,kuhehemukya
[GENERAL_NOUN] cause to break,kuhenda
[GENERAL_VERB] to be the last,kuhereeruka
[GENERAL_VERB] to search into,kuhiga
[GENERAL_VERB] to support,kuhigika
[GENERAL_NOUN] make room for,kuhigiza
[GENERAL_VERB] to hunt,kuhiiga
[GENERAL_VERB] to persecute,kuhiiganiza
[GENERAL_NOUN] make ready,kuhiisa
[GENERAL_VERB] to fulfil,kuhikiiriza
[GENERAL_VERB] to lift up/to carry,kuhimba
[GENERAL_VERB] to be blind,kuhimbaaara
[GENERAL_VERB] to keep changing,kuhindukahinduka
"[GENERAL_VERB] to change, to turn",kuhinduka
[GENERAL_VERB] to exchange,kuhinga
[GENERAL_VERB] to pile up,kuhingika
[GENERAL_VERB] to wither/fade,kuhoha
"[GENERAL_VERB] to smear, to plaster",kuhoma
[GENERAL_VERB] to sacrifice/to beign withering,kuhonga
[GENERAL_NOUN] drop off,kuhongaka
"[GENERAL_VERB] wear off, peel off",kuhonoka
[GENERAL_VERB] to wither/fade,kuhotoka
"[GENERAL_NOUN] twist, stir",kuhotora
[GENERAL_NOUN] not hearing properly(misquote),kuhulirikana
[GENERAL_VERB] to listen to,kuhuliriza
"[GENERAL_VERB] to resurrect, regain life",kuhumbuuka
"[GENERAL_VERB] be surprised, dumb- founded",kuhuna
[GENERAL_NOUN] collect from the air,kuhunga
"[GENERAL_VERB] be drowsy, dose",kuhungira
[GENERAL_VERB] to swing,kuhuuba
[GENERAL_VERB] to knock down,kuhuumira
[GENERAL_VERB] to thresh beans,kuhuura
[GENERAL_VERB] to whisper,kuhwehweterra
[GENERAL_NOUN] that which is visible,kuhwezuka
[GENERAL_VERB] to become very aged/senile,kuhwita
[GENERAL_VERB] to tell lies,kuhyanja
[GENERAL_VERB] to spread,kujaakaara
[GENERAL_VERB] be torn to shreds,kujenjegura
[GENERAL_VERB] say everything about someone,kucencebuka
[GENERAL_VERB] to tease,kujerega
"[GENERAL_VERB] to save, to rescue",kujuga kujuna
"[GENERAL_VERB] to hold responsible, blame",kujunaana
[GENERAL_VERB] to rot,kujunda
[GENERAL_VERB] to run mad,kujuuka
[GENERAL_VERB] to lie up-side down,kujuumara
[GENERAL_VERB] to mix,kujwangana
[GENERAL_VERB] to dress up,kujwara
[GENERAL_VERB] to be persistently stubborn,kujwigwa
[GENERAL_VERB] to smell,kukaga
[GENERAL_VERB] to become very dry,kukakaara
[GENERAL_VERB] to squeeze out,kukamuura
[GENERAL_VERB] to tie very tightly,kukana
[GENERAL_VERB] to knead,kukanda
"[GENERAL_VERB] to startle, frighten",kukanga
[GENERAL_VERB] to repair,kukanika
[GENERAL_VERB] to die suddenly,kukanuka
[GENERAL_VERB] to increase,kukanya
[GENERAL_VERB] to roast,kukaranga
"[GENERAL_VERB] to examine, to stud",kukebera
[GENERAL_VERB] to be late,kukeerererwa
[GENERAL_VERB] to drain,kukenenura
[GENERAL_VERB] to understand,kukenga
[GENERAL_VERB] to talk sarcastically,kukiina
[GENERAL_VERB] to lick,kukomba
[LEGAL_AND_LAW_MATTERS_VERB] to testify strongly,kukomeetereza
[GENERAL_VERB] to gather,kukomerra
[GENERAL_VERB] to be under cooked/under-done,kukona
[GENERAL_NOUN] take without permission,kukookooba
[HEALTH_AND_MEDICINE_VERB] to get cancer,kukookora
[GENERAL_VERB] to copy out,kukoporra
[GENERAL_VERB] to work,kukora
[GENERAL_VERB] (i)to cough (ii) work,kukorra
[GENERAL_NOUN] homosexuality,kukuhya
[GENERAL_VERB] to entertain a visitor,kukuna
"[GENERAL_VERB] to howl, to scream",kukunga
[GENERAL_VERB] to quarrel,kukungana
[GENERAL_VERB] to bring bad luck,kukungura
"[GENERAL_VERB] to pull, to drag",kukurra
[GENERAL_VERB] to be deceitful,kukurungutana
[GENERAL_VERB] to crawl,kukuta
"[GENERAL_VERB] to rub, massage",kukuuba
[GENERAL_VERB] to scrub,kukuuta
[GENERAL_VERB] to pinch by twisting,kukyotora
[GENERAL_VERB] to castrate,kuraawa
[GENERAL_VERB] to become a prostitute,kuraaya
[GENERAL_VERB] to be loose,kulebaleba
[GENERAL_NOUN] peeping,kuleebaleeba
"[GENERAL_NOUN] report, acuse",kulega
"[GENERAL_VERB] stop, leave alone, abandon",kuleka
[GENERAL_VERB] to try,kulengaho
[GENERAL_VERB] to compare,kulengesaniza
"[GENERAL_NOUN] there, over there",kuli
[GENERAL_NOUN] Jag behind,kuliltira
[GENERAL_VERB] to dig,kulima
[GENERAL_VERB] to peep,kulinguza
[GENERAL_VERB] to take a bribe,kurya enguzi
[GENERAL_NOUN] roll,kumbya
"[GENERAL_ADV] adv., one after another",kumukumu
[GENERAL_VERB] to spread powdery substances,kumama
[GENERAL_NOUN] unsettled/without shame/behaving indecently,kumangalikwa
"[GENERAL_VERB] to know, to realize",kumanya
[GENERAL_VERB] to recognize,kumanyirra
"[GENERAL_VERB] to press, to squeeze",kumiga
[GENERAL_VERB] to sprinkle,kumiisa
[GENERAL_VERB] to splash/sprinkle water,kumiisa amaizi
[COMMON_ANIMALS_VERB] to swallow,kumira
[GENERAL_VERB] to disappear suddenly,kumirwa ensi
[GENERAL_VERB] to rust,kurnorna
"[GENERAL_NOUN] shine, glitter, sparkle",kumuliikana
[GENERAL_VERB] to shave,kumwa
[GENERAL_VERB] to smile,kumwegerrakumwa
[GENERAL_VERB] to deputize,kumyokera
[GENERAL_VERB] to wash,kunaaba
[GENERAL_VERB] to be careless with,kunagaija
[GENERAL_NOUN] differently,kundi
[GENERAL_VERB] to quarrel,kungana
[GENERAL_VERB] to howl,kunguza
[GENERAL_VERB] to absolutely refuse,kunkuniza
[GENERAL_VERB] to dress very elegantly,kuneka
[GENERAL_NOUN] dancing joyfully,kuneguka
"[GENERAL_VERB] to choke, strangle",kuniga
[GENERAL_VERB] to hope for,kunihira
"[GENERAL_VERB] to hate, dislike",kunoba
"[GENERAL_ADV] adv., here",kunu
[GENERAL_VERB] to suckle (for puppies),kunuguna
[GENERAL_VERB] to smell badly,kununka
"[GENERAL_VERB] to be nice, tasty",kunura
[GENERAL_VERB] to urinate,kunyaara
[GENERAL_VERB] to fart,kunyampa
[GENERAL_VERB] to grow fat/big,kunyeeta
[GENERAL_VERB] to drink,kunywa
[GENERAL_VERB] to smoke,kunywa etaaba
[GENERAL_VERB] to kiss,kunywegera
"[GENERAL_VERB] to pack, to load",kupakira
[GENERAL_VERB] to defecate,kupama
"[GENERAL_NOUN] hire, pay a fare",kupangisa
[GENERAL_VERB] to pump,kupika
"[GENERAL_VERB] to measure, weigh",kupima
[GENERAL_VERB] to be elastic,kuraanyuuka
[GENERAL_VERB] to give out gifts,kurabuka
[GENERAL_NOUN] drop down,kuragara
[HEALTH_AND_MEDICINE_VERB] to consult a witch-doctor,kuraguza
"[GENERAL_NOUN] promise, swear",kurahira
"[GENERAL_VERB] to be tall, long",kuraiha
[GENERAL_VERB] to inspect,kurambura
"[GENERAL_VERB] to worship, adore",kuramya
"[GENERAL_VERB] to creep, smoothen timber",kuranda
[GENERAL_VERB] to announce,kuranga
[GENERAL_VERB] to spread,kurangaana
"[GENERAL_VERB] to proclaim, declare",kurangirra
[GENERAL_VERB] to get some cracks,kurara
"[GENERAL_VERB] to scatter, get scattered",kuraranga
[GENERAL_VERB] to bewitch,kuroga
"[GENERAL_VERB] to keep quarrelling, grumbling",kuronda
[GENERAL_VERB] to taste,kuroza
[GENERAL_VERB] to cry,kurra
"[GENERAL_NOUN] old, important, adult",kuru
"[GENERAL_VERB] to hurry, hasten",kurubiriza
[GENERAL_VERB] to drag a Jong,kurubura
[GENERAL_VERB] to intrude,kurugusa
[GENERAL_VERB] to trample down,kurugutiirra
[GENERAL_VERB] to grow tired,kuruha
[GENERAL_VERB] to bite,kururna
"[GENERAL_NOUN] welll, fine",kurungi
"[GENERAL_VERB] to deceive, worry",kurungutaniza
"[GENERAL_VERB] to hurry, hasten",kuruubiriza
"[GENERAL_VERB] to fight, struggle",kurwana
[GENERAL_VERB] to grind,kusa
"[GENERAL_VERB] to thatch, roof",kusakaara
[GENERAL_NOUN] bleeding an animal,kusama
"[GENERAL_ADV] adv., unceasingly",kutaikya
[GENERAL_NOUN] sisal sack,kutiya
[GENERAL_NOUN] ear,kutu
[GENERAL_VERB] to commit sodomy,kuubya
[GENERAL_VERB] to climb(hill),ku1mya
[GENERAL_VERB] to drag oneself along,kuurruuka
[GENERAL_NOUN] climb (tree) hugging trunk,kuusa
[GENERAL_VERB] to cut off,kusaraho
[GENERAL_VERB] to pay one's dues,kusasura
[GENERAL_VERB] to become poor,kuseega
[GENERAL_VERB] to use vulgar language,kuseegura
[GENERAL_VERB] to collect firewood,kuseenya
[GENERAL_VERB] to overcharge,kuseera
[GENERAL_VERB] to float,kuseereera
"[GENERAL_VERB] to irrigate, to wet",kuseesirra
[GENERAL_VERB] to get Holy communion,kusembera
[GENERAL_VERB] to banish from family/clan,kusenda
"[GENERAL_NOUN] accompany, escort",kusendekereza
[COMMON_ANIMALS_NOUN] a dog being pregnant,kusengya
"[GENERAL_VERB] to serve, to harvest",kusenya
[GENERAL_NOUN] act of night dancing,kusera
[GENERAL_VERB] to hide,kusereka
[GENERAL_VERB] to feel nausea,kusesemwa
"[GENERAL_VERB] to tie, lock up",kusiba
[GENERAL_VERB] to fry,kusiika
[GENERAL_VERB] to resist work,kusiikooma
"[GENERAL_VERB] to appreciate, to thank",kusiima
[GENERAL_VERB] to pull,kusika
[GENERAL_NOUN] groan in pain,kusinda
[GENERAL_VERB] to be uprooted,kusinduka
[GENERAL_VERB] to uproot,kusindura
[GENERAL_VERB] to conquer,kusingura
[GENERAL_VERB] to resemble,kusisana
[GENERAL_VERB] to wake someone up,kusisiimura
[GENERAL_VERB] to squat,kusitama
[GENERAL_VERB] to be wrong,kusoba
"[GENERAL_VERB] to be baffled, confused",kusoberwa
"[GENERAL_NOUN] develop, redevelop",kusoga
[GENERAL_VERB] to fish,kusoha
"[GENERAL_VERB] to read ,attend church/school",kusoma
[GENERAL_VERB] to extract/harvest,kusongora
[GENERAL_VERB] to resisst work,kusookooma
"[GENERAL_VERB] to collect, gather together",kusorooza
[GENERAL_VERB] to whistle,kusuliza
[GENERAL_VERB] to compensate,kusumbuusa
[GENERAL_VERB] to trade,kusuubura
[GENERAL_VERB] to bring shame,kuswaza
[GENERAL_VERB] to tear,kutaagura
[GENERAL_VERB] go into (a hole),kutaahira
[GENERAL_NOUN] going to war,kutabaara
"[GENERAL_VERB] to stumble, to stagger",kutabaijuka
[GENERAL_VERB] to release,kutaisura
[GENERAL_VERB] to vomit,kutanaka
[GENERAL_VERB] to meet,kutangaana
"[GENERAL_NOUN] score, aim well, guess",kuteeba
[GENERAL_VERB] to settle,kuteekaana
[GENERAL_VERB] to whistle,kuteera ekyoya
[GENERAL_VERB] to discuss,kuteesa
[GENERAL_VERB] to be beaten,kuteerwa
[GENERAL_VERB] to set a trap,kutega
"[GENERAL_NOUN] unite, reconcile, add up(math)",kuteraniza
[GENERAL_VERB] to climb,kutemba
"[GENERAL_NOUN] initiate, train",kutendeka
"[GENERAL_VERB] to shake, to wobble",kutengeeta
[GENERAL_VERB] to tickle,kutigita
"[GENERAL_VERB] to fear, to respect",kutiina
[GENERAL_VERB] to decorate,kutimba
[GENERAL_VERB] to guess,kutorna
[GENERAL_VERB] to send,kutuma
[GENERAL_VERB] to swell,kutumba
[GENERAL_VERB] to become unthreaded,kutunguruka
[GENERAL_VERB] to sweat,kutunguutana
[GENERAL_VERB] to be worried,kutuntura
[GENERAL_VERB] to protrude,kutunuka
[GENERAL_VERB] to go out,kuturka
[GENERAL_VERB] to be greedy,kutuuba
"[GENERAL_NOUN] perspire, sweat",kutuutuka
"[GENERAL_VERB] take, carry, rule, administer",kutwara
"[GENERAL_VERB] to drive, steer",kuvuga
"[GENERAL_VERB] to confuse, to disorganize",kuvuruga
"[GENERAL_NOUN] stir up, muddle",kuvuyanga
[GENERAL_VERB] to make noise,kuyomba
[GENERAL_VERB] to scoop,kuyoora
[GENERAL_VERB] to join,kuyunga
[GENERAL_VERB] to swing,kuyuuya
"[GENERAL_VERB] to play, to joke",kuzaana
[GENERAL_VERB] to polish with,kuziguza
[GENERAL_VERB] to swim,kuziha
[GENERAL_VERB] to exhume,kuziikura
[GENERAL_VERB] to be dirty,kuzika
[GENERAL_VERB] to swell,kuzimba
"[GENERAL_VERB] to sing, to dance",kuzina
[GENERAL_VERB] to roll up,kuzinga
[GENERAL_NOUN] entangle,kuzingirra
"[GENERAL_VERB] to wind round, entangle",kuzingiza
"[GENERAL_NOUN] forbid, be forbidden",kuziza
"[GENERAL_VERB] to discover, to invent",kuzonzoora
"[GENERAL_NOUN] invent, find, discover",kuzoora
[GENERAL_VERB] be cracked,kwaba
"[GENERAL_VERB] to clasp, to support",kwatilrra
[GENERAL_NOUN] choir,kwaya
[GENERAL_VERB] to laugh heartily,kwekwenuka
[GENERAL_VERB] to run uphill,kwenyuka
[GENERAL_VERB] to melt,kwaga
[GENERAL_VERB] to lay eggs,kwalika
"[GENERAL_VERB] to shout, yell",kwamuza
[GENERAL_NOUN] bear fruit/yield crops,kwana
[GENERAL_NOUN] loitering,kwandaara
[GENERAL_VERB] to leave a husband,kwangana
[GENERAL_VERB] to groan,kwanirra
"[GENERAL_VERB] to spread out, unfold",kwanjurra
"[GENERAL_NOUN] accept, receive, answer",kwanunkura
[GENERAL_NOUN] remove from,kwanura
[GENERAL_VERB] to mulch banana plantation,kwarra
"[GENERAL_VERB] to confess, pronounce",kwatura
[GENERAL_VERB] to hatch,kwaturra
[GENERAL_VERB] to be forgotten,kweba
[GENERAL_VERB] to thank,kwebaza
[GENERAL_VERB] to belch,kwebiijagura
[GENERAL_VERB] to forget,kwebwa
[GENERAL_VERB] to be steep,kweculika
[GENERAL_NOUN] have a nap,kweculikaho
[GENERAL_VERB] to be clean,kwecuma
[GENERAL_VERB] to smoke,kwecumiikirra
"[GENERAL_VERB] to think deeply, analyze",kwecumiitiriza
"[GENERAL_VERB] to escape, separate oneself",kwecwaho
[GENERAL_VERB] to change one's mind,kwegarukamu
[GENERAL_VERB] to take care,kwegendereza
[GENERAL_VERB] to teach,kwegesa
[GENERAL_VERB] to wash down food,kwegonoza
[GENERAL_VERB] to have good time,kwegonza
[GENERAL_VERB] to take courage,kwegumya
[GENERAL_VERB] to deny knowledge,kwehakana
"[GENERAL_NOUN] consult, inquire",kwehanuuza
"[GENERAL_VERB] to enlist, dedicate oneself",kwehonga
[GENERAL_NOUN] gargle,kwehuuga
[GENERAL_VERB] to save oneself,kwejuna
[GENERAL_VERB] to be taken unawarenes,kwekanga
[GENERAL_NOUN] shake itself,kwekunkumura
[GENERAL_VERB] to crawl along,kwekurra
[GENERAL_VERB] to make petty excuses,kwekwasa
[GENERAL_VERB] to be selfish,kwekwata
[GENERAL_VERB] to rebel,kwema
[GENERAL_VERB] to stand surety,kwemera
"[GENERAL_VERB] to be proud, conceited",kwemanyaho
[GENERAL_VERB] to stand,kwemerra
[GENERAL_VERB] to squeeze oneself in,kwemigiza
[GENERAL_VERB] to shed light,kwemulika
[GENERAL_VERB] to be slrewn about,kwenaganaga
[GENERAL_VERB] to bully,kwendereza
"[GENERAL_NOUN] drift along, loiter",kwenjeera
[GENERAL_NOUN] being hesitant or selective,kwenyanyaiha
[GENERAL_NOUN] squeeze oneself through,kwenyigiriza
[GENERAL_VERB] to be white,kwera
[GENERAL_NOUN] showing off,kwerabyamu
[GENERAL_NOUN] balance on one's head,kwerengekerra
[GENERAL_VERB] to open one's mouth,kwesama
[GENERAL_VERB] to sneeze,kweseemura
[GENERAL_VERB] to be selfish,kwesemeza
[GENERAL_VERB] to trust,kwesiga
[GENERAL_VERB] to be proud of,kwesiimisa
[GENERAL_VERB] to fart,kwesohoka
[GENERAL_VERB] to assemble,kwesorooza
[GENERAL_VERB] to call,kweta
[GENERAL_VERB] to have self control,kwetanga
"[GENERAL_NOUN] stand offish, avoid",kwetantara
"[GENERAL_NOUN] change behaviour, repent",kweteera
[GENERAL_VERB] to balance oneself,kwetengeneka
[GENERAL_VERB] to understand,kwetegereza
[GENERAL_VERB] to wriggle,kwetiriginya
[GENERAL_VERB] to complain angrily,kwetomboita
[GENERAL_VERB] to work hard,kwetulega
"[GENERAL_NOUN] moon, a month",kwezi
[GENERAL_VERB] to yawn,kweyamura
[GENERAL_VERB] to swing,kweyuuya
[GENERAL_VERB] to wriggle,kweziringura
[GENERAL_VERB] to steal,kwiba
[GENERAL_VERB] to block,kwigara
"[GENERAL_VERB] to press, massage",kwigata
"[GENERAL_NOUN] cause miscarriage, abort",kwihamu enda
[GENERAL_VERB] to serve food,kwihura
"[GENERAL_VERB] to recall, remember",kwijuka
[GENERAL_VERB] to incite,kwimukiriza
"[GENERAL_VERB] to bend, bow down",kwimama
[GENERAL_VERB] to become destitute,kwinara
[GENERAL_VERB] to pull down,kwinika
[GENERAL_VERB] to come near,kwirra
"[GENERAL_NOUN] it, itself, in itself",kwo
"[GENERAL_ADV] adv., truly, really",kwokwo
[GENERAL_VERB] to commit,kweyiita
[GENERAL_VERB] to be hot,kwokya
"[GENERAL_VERB] to show, demonstrate",kwoleka
[GENERAL_VERB] to get dry,kwoma
[GENERAL_VERB] to build,kwombeka
[GENERAL_VERB] to make dry,kwomya
"[GENERAL_VERB] to sackle, feed",kwonka
"[GENERAL_NOUN] only, merely",kwonka
[GENERAL_VERB] see kwomoka,kwotoka
"[GENERAL_NOUN] cart, rickshow",kyaburamuti
"[GENERAL_NOUN] placenta, afterbirth",kyadaadi
"[GENERAL_NOUN] pouch, crop (birds)",kyadundu
"[GENERAL_NOUN] placenta, afterbirth",kyabanyuma
[GENERAL_VERB] to be very soft,kworoberra
[GENERAL_VERB] to bring up,kworoora
[GENERAL_NOUN] fumigate,kwotera
"[GENERAL_NOUN] thirst, craving for drink",kyaka
[GENERAL_NOUN] prolapse of rectum,kyakoohaa
"[GENERAL_NOUN] flower, blossom",kyakyo
[GENERAL_NOUN] sewing-machine,kyaraani
"[GENERAL_NOUN] wonder, marvel, miracle",kyamahaoo
[COMMON_ANIMALS_NOUN] dog's collar,kyambara
[GENERAL_NOUN] river,kyambu
"[NATURE_AND_ENVIRONMENT_NOUN] dry season, drought, summer",kyanda
"[GENERAL_NOUN] cleft wood, board; cartridge",kyasi
[GENERAL_NOUN] heartburn,kyata
[GENERAL_NOUN] crack,kyate
[GENERAL_NOUN] a broken thing,kyatika
[GENERAL_NOUN] after a long time,kyaira
[GENERAL_NOUN] small make shift hut,kyamutwaranindora
[GENERAL_NOUN] a kind of potato,kyanika
[GENERAL_NOUN] sign post/ type,kyapa
"[GENERAL_NOUN] a finger, toe",kyara
"[GEOGRAPHY_NOUN] village, estate, the country",kyaro
[COMMON_ANIMALS_NOUN] grass spread for cattle,kyarre
[GENERAL_NOUN] of a porter,kyarubumbi
[GENERAL_NOUN] south west wind,kyaruhembo
[GENERAL_NOUN] separation,kyebaganizo
[GENERAL_NOUN] usurper,Kyebambe
[GENERAL_NOUN] a bald person,Kyegemba
[MATHEMATICS_NOUN] set-square,kyegemera
[COMMON_ANIMALS_NOUN] a white hen,kyeru
[GENERAL_NOUN] bandage for covering anklets,kyesembyo
[COMMON_ANIMALS_NOUN] watering place (for cattle),kyesero
"[GENERAL_NOUN] cause of stumbling, offence",kyesiitazo
"[GENERAL_NOUN] self-confidence, self-assurance",kyesindiko
"[GENERAL_NOUN] loofah, sponge",kyesingiso
[GENERAL_NOUN] self -will,kyesingo
[GENERAL_NOUN] made-up garment for wearing,kyesomeko
"[GENERAL_NOUN] covering, blanket, sheet",kyesweko
[GENERAL_NOUN] need,kyetaago
"[GENERAL_NOUN] answer, echo",kyetebuko
"[GENERAL_NOUN] daring, ventu.resome person",Kyetunda
[GENERAL_NOUN] independent person,Kyetwara
[GENERAL_NOUN] level plain,kyeya
[GENERAL_NOUN] yawn,kyeyamuro
"[GENERAL_NOUN] comer, tum, bend, curve",kyezigooro
"[GENERAL_NOUN] freak,clown",kyeginga
[GENERAL_NOUN] thing of unusual shape,kyeginga
[COMMON_ANIMALS_NOUN] crow,kyegoora
[NATURE_AND_ENVIRONMENT_NOUN] very heavy rain,kyehuuro
[GENERAL_NOUN] creeping thing,kyekuurra
[GENERAL_NOUN] excuse,kyekwasa
[GENERAL_VERB] to laugh heartily,kyekyemuka
"[GENERAL_NOUN] sign, symbol",kyemanyiikirizo
"[GENERAL_NOUN] selfsown plant, etc",kyemeza
[GENERAL_NOUN] stature,kyemo
"[GENERAL_VERB] to curse, abuse",kyeoa
[GENERAL_NOUN] ninety,kyenda
[GENERAL_NOUN] sweet banana; yellow colour,kyenju
[GENERAL_NOUN] a bird,kyenserikora
[GENERAL_VERB] to withdraw a curse,kyenuurra
[GENERAL_NOUN] placenta,kyenyuma
[GENERAL_NOUN] Albino,Kyera
[GENERAL_NOUN] thorn of omweramai,kyeramaino
[GENERAL_VERB] to break,kyerekeerra
"[GENERAL_NOUN] clearness,brightness, a clear space",kyererezi
[GENERAL_NOUN] an intruder,kyetaahya
[GENERAL_NOUN] prostitute,kyetunda
"[GENERAL_NOUN] independent person, carefree",kyetwara
"[GENERAL_NOUN] it, itself, in itself",kyo
"[GENERAL_NOUN] cultural, customary thing, natural",kyobuhangwa
[GENERAL_NOUN] spear head,kyogi
"[GENERAL_NOUN] disobedient, insolent person;bully",kyokoora
[GENERAL_NOUN] offering,kyokubonga
[GENERAL_NOUN] an example,kyokuroorraabo
[GENERAL_NOUN] weapon,kyokurwanisa
"[GENERAL_NOUN] covering, blanket,sheet, beddings",kyokwesweka
[GENERAL_NOUN] building material,kyokwombekesa
"[GENERAL_NOUN] Iron,anything made of iron",kyoma
"[GENERAL_NOUN] building, structure",kyombeko
"[GENERAL_NOUN] sailing ship, dhow",kyakyombosa
"[CULTURE_AND_TRADITION_NOUN] forbidden thing, taboo, totem",kyomuziro
[GENERAL_NOUN] mineral,kyomwitaka
[GENERAL_NOUN] all of it,kyona
"[GENERAL_NOUN] but, and yet, although",kyonka
[GENERAL_NOUN] sacrifice,kyonzira
[GENERAL_NOUN] hair bracelet,kyose
[GENERAL_NOUN] missing a day,kyosi
"[GENERAL_NOUN] hearth,fireplace",kyoto
[GENERAL_VERB] to pinch hard,kyotora
[GENERAL_NOUN] feather,kyoya
[COMMON_ANIMALS_NOUN] black cow,kyozi
"[GENERAL_NOUN] today, this time",leero
[GENERAL_NOUN] this one,rlinu
[CULTURE_AND_TRADITION_NOUN] chwezi god of healing,rubanga
"[GENERAL_NOUN] it, itself, in itself",ryo
[GENERAL_NOUN] marks,maakisi
[GENERAL_NOUN] Mother,maama
[GENERAL_VERB] to get moulted,maanyuka
[GENERAL_VERB] see ekisisani kye 'ensi,maapu
"[GENERAL_NOUN] maternal uncle, mother's brother",maarumi
[GENERAL_NOUN] kind of inedible grass-hopper,maasa
[GENERAL_NOUN] my mother;see nyinanyowe,maau
[GENERAL_PRON] my mother; see foreg,maawe
[COMMON_ANIMALS_NOUN] ostrich,maaya
[GENERAL_NOUN] my mother-in-law,maazaara
[GENERAL_NOUN] for stones,mabaale
[GENERAL_NOUN] corrugated iron sheets,mabbaati
[GENERAL_NOUN] bowed head and shoulders,mabbango
"[GENERAL_NOUN] ; breast,tits",mabeere
"[GENERAL_NOUN] shoulders, back",mabega
[GENERAL_NOUN] fresh air,mabeho
"[GENERAL_NOUN] reeds, elephant grass",mabingo
[COMMON_ANIMALS_NOUN] like a dog,mabwa
"[GENERAL_NOUN] savouries, delicacies",macarya
[GENERAL_NOUN] simsim,macande
[HEALTH_AND_MEDICINE_NOUN] asthma; bronchitis,macu
"[GENERAL_NOUN] churned milk, butter milk",macunda
"[GENERAL_NOUN] wisdom , cunning, craft",macwacwa
"[GENERAL_NOUN] saliva, spittle",macwanta
"[GENERAL_NOUN] stairs, ladder, steps",madaara
[GENERAL_NOUN] pleats;xylophone,madinda
[GENERAL_NOUN] kind of potato (red),maduguru
[GENERAL_VERB] see amadudu foreg,madwidwi
"[GENERAL_NOUN] dung, feaces, stools, excrement",mafakubi
[GENERAL_NOUN] kind of potato,magabali
"[COMMON_ANIMALS_NOUN] ete z'am., yolked oxen",magadi
"[GENERAL_NOUN] trouble,tonnent, grief",magado
[GENERAL_NOUN] difficulty,magaga
[COMMON_ANIMALS_NOUN] urine of cattle,maganga
"[GENERAL_NOUN] grief, sadness, sorrow, remorse",mnganyi
[GENERAL_NOUN] over fiowings (of grain),magaro
"[GENERAL_NOUN] pincers, pliers",magaro
[GENERAL_NOUN] return journey,magaruka
[GENERAL_NOUN] a lot,magana
[GENERAL_VERB] see enyawaawa,mageege
"[GENERAL_VERB] going, out ward journey",magenda
"[GENERAL_NOUN] reaping, harvest",magesa
"[GENERAL_NOUN] ; oil, butter,grease",magita
"[GENERAL_NOUN] intelligent, bright,wisdom,cleverness, wits, skill",magezi
"[GENERAL_NOUN] profits, usury",magoba
[GENERAL_NOUN] descent,magoonoka
[GENERAL_NOUN] large granaries,maguli
[GENERAL_NOUN] digging (of potatoes),mabaiga
[GENERAL_NOUN] praise,mabaiso
[GENERAL_NOUN] nations,mahanga
"[GENERAL_NOUN] wonders, marvels",mahano
[GENERAL_NOUN] syphilitic bone pains,mahenange
"[GENERAL_NOUN] pus, matter",mahera
[GENERAL_NOUN] ripening (of beans etc.),mahiiso
[COMMON_ANIMALS_NOUN] name given to hyena,mahinda
"[GENERAL_NOUN] whiz, purr",mabiriita
[GENERAL_NOUN] eggs,mahuli
[GENERAL_NOUN] north-west wind,mahunge
[GENERAL_NOUN] news paper,mabuurre
[GENERAL_NOUN] small royal drums,mahuurru
[GENERAL_NOUN] very light skinned,maherre ga isansa
"[GENERAL_NOUN] ;excitement, agitation, admiration, etc",maibaibani
"[GENERAL_NOUN] coming back, returning",maija
[GENERAL_NOUN] joke with elder relations,maijukuru
"[GENERAL_NOUN] mile, estate, allotment",mairo
"[GENERAL_NOUN] eyes, face",maiso
"[GENERAL_NOUN] ,speak unkindly of",maitakisimba
[GENERAL_NOUN] water,maizi
"[GENERAL_NOUN] frayed, jagged edges",majabali
"[GENERAL_NOUN] hair (of lions, etc.)",majagaate
"[GENERAL_NOUN] adomrnent, fancy looking",majahiisirizo
"[GENERAL_NOUN] decoration, adornment, exaggeration",majabya
[GENERAL_NOUN] beetle with scarlet stripes,majaliga
[GENERAL_NOUN] tie loosely,majanjeka
"[GENERAL_NOUN] red stitching, embroidery",majooba
"[GENERAL_NOUN] homes,homestead",maka
[GENERAL_NOUN] scissors,makaasi
[GENERAL_NOUN] weep without shedding tears,makale
"[GENERAL_NOUN] curdled milk, junket",makamo
[GENERAL_NOUN] charcoal,makara
[GENERAL_NOUN] behave like a woman,makazi
[GENERAL_NOUN] waist,makendu
[GENERAL_NOUN] a temporary thing,makilsankya
[GENERAL_NOUN] advantage,makiza
[GENERAL_NOUN] syphilitic bone pains,makonezi
[GENERAL_NOUN] kind of thom bush,makongoora
[GENERAL_NOUN] round shoulders,makooti
[GENERAL_NOUN] insolence,makooto
[GENERAL_NOUN] ; round shoulders,makuuma
[GENERAL_NOUN] rudeness; untruthfulness,makuumuule
[GENERAL_NOUN] roads,makuute
[GENERAL_NOUN] mechanic (Eng),makanika
[GENERAL_NOUN] twenty,makumi abiri
[GENERAL_NOUN] thirty,makumi asatu num
[GENERAL_NOUN] fifty,makumi ataano num
[GENERAL_NOUN] fourty,makumi ana num
[GENERAL_NOUN] rain drops off thatch,malegyo
"[GENERAL_NOUN] calico, heavy cotton cloth",malekaane
[GENERAL_NOUN] bracken,malere
[GENERAL_NOUN] same,marra
"[GENERAL_NOUN] over doing, exaggeration",maligisa
"[GENERAL_NOUN] harlot, prostitutes",maliioi
"[GENERAL_NOUN] very, a lot",maili
[GENERAL_NOUN] boots,malikubu
"[GENERAL_NOUN] cunning, craft, skillfulness",maryo
[GENERAL_VERB] to sprinkle,mama
"[COMMON_ANIMALS_NOUN] dawn, dayspring",mamba
[COMMON_ANIMALS_NOUN] mud fish,mamba
[GENERAL_NOUN] ;cross (see kambumeeri.),mambu
[GENERAL_VERB] to sprinkle on,mamiirra
[GENERAL_NOUN] vagina,mana
[GENERAL_NOUN] mines,manamba
[GENERAL_NOUN] thank you,mamaino
[GENERAL_NOUN] truly,mananu
"[GENERAL_NOUN] truly, in reality",mananukwo
"[GENERAL_NOUN] bot charcoal, coals",manda
[GENERAL_NOUN] mud guard,mandigaadi
[HEALTH_AND_MEDICINE_NOUN] mumps,manduguya
"[GENERAL_NOUN] whine, moan, be discontented",mangengere
[GENERAL_VERB] see nkwahwa,mankwahwa
[GENERAL_NOUN] tunnels made by termites,manogo
[GENERAL_NOUN] umbrella,manvuuli
[GENERAL_NOUN] semen,manyali
[GENERAL_NOUN] swindle,manyaoungi
[GENERAL_NOUN] ; damp cold,manyazi
[GENERAL_NOUN] ascent,manyegera
"[GENERAL_VERB] to recognize, to notice",manyiirra
[GENERAL_NOUN] cartridge-belt,manzamba
"[GENERAL_NOUN] brave person, hero",manzi
[GENERAL_NOUN] wings,mapapa
[GENERAL_NOUN] guava tree,mapeera
[GENERAL_NOUN] buttons,mapeesa
"[GENERAL_NOUN] barrels, casks",mapipa
[GENERAL_NOUN] why!,mara
[GENERAL_NOUN] bowels,mara
"[GENERAL_NOUN] ;to finish, end",mara
[GENERAL_NOUN] angel,maraika
"[GENERAL_NOUN] cross - eyes, squint",marali
[GENERAL_NOUN] foot of bed,marambi
"[GENERAL_NOUN] chann, spells",marogo
[MILITARY_NOUN] battle field,marwaniro
[COMMON_ANIMALS_NOUN] cow dung,masa
"[GENERAL_NOUN] emptiness, nothing",masa
[GENERAL_NOUN] Mahommedan rosary,masabbaaho
"[GENERAL_VERB] to shine, glitter",masamasa
[GENERAL_VERB] see ; mpinga,masamba
[GENERAL_NOUN] latex of rubber tree,masaoda
"[GENERAL_NOUN] ; ivory, tusk",masanga
"[GENERAL_NOUN] leafy twigs, foliage",masanju
"[GENERAL_NOUN] magic, conjuring tricks",masano
[GENERAL_NOUN] ; sparks,masasaazi
[GENERAL_NOUN] bullets,masasi
"[GENERAL_NOUN] ; poverty, destitution",maseege
[GENERAL_NOUN] garden prepared for planting,masinde
"[GENERAL_NOUN] descent, slope, descend",masirimuko
[GENERAL_NOUN] ; pelvic bones,masonge
[GENERAL_NOUN] hip joint,masongyo
"[GENERAL_NOUN] ; loneliness, solitude",masu
[GENERAL_NOUN] knots,masumi
"[GENERAL_NOUN] maternal uncle, mother's brother",marumi
[GENERAL_NOUN] fresh milk,masununu
[GENERAL_NOUN] east coast fever (=amakebe),masuya
[BIOLOGY_NOUN] birds of prey,maswale
[GENERAL_NOUN] ;milk;bows,mata
[GENERAL_NOUN] branches of a tree,mataagi
[GENERAL_NOUN] palm Sunday,mataagi
"[COMMON_ANIMALS_NOUN] cow's vagina, Vulva",matako
"[GENERAL_NOUN] runner, postman",matatisi
"[GENERAL_VERB] to be restless, fidgety",matamatuka
"[GENERAL_NOUN] harness, saddle",matandiiko
[COMMON_ANIMALS_NOUN] ; patches (on cattle),matanga
[GENERAL_NOUN] on all fours,mate
[GENERAL_NOUN] wild cardamom,matehe
[BIOLOGY_NOUN] inbreeding or self pollination,matembane
[GENERAL_NOUN] descent,matemburruuka
[GENERAL_NOUN] thistles,matojo
[GENERAL_NOUN] a fish like engege,matole
[GENERAL_NOUN] cars,matu
[GENERAL_NOUN] hydrocele,matuga
[GENERAL_NOUN] medlar/Vangueria infausta fruits,matugunda
"[GENERAL_VERB] to scold, forcibly, abuse",maturdra
[GENERAL_NOUN] mohammedan rosary,masabaho
"[GENERAL_NOUN] runner, postman, office messenger",matalisi
[GENERAL_NOUN] she has big cheeks,matama
[COMMON_ANIMALS_NOUN] a dotted cow,mayenje
"[GENERAL_NOUN] expresses surprise, admiration etc",mawe
[GENERAL_NOUN] birthday,mazaarwa
[GENERAL_NOUN] winding road,mayugi
[GENERAL_NOUN] it is true,mazima
"[GENERAL_NOUN] truly, certainly, just so",mazimakwo
[GENERAL_NOUN] game played with engusuuru,mbaale
[COMMON_ANIMALS_NOUN] a red cow,mbaale
"[COMMON_ANIMALS_NOUN] duck, goose",mbaate
[GENERAL_NOUN] cross-roads,mbagani
"[GENERAL_NOUN] difference, change",mbaganiza
"[GENERAL_NOUN] axe, adze",mbaizi
"[GENERAL_NOUN] miser, stingy person",mbalilri
"[GENERAL_NOUN] ; smart, clever person",mbambagya
[GENERAL_NOUN] chest (of animal),mbanda
[GENERAL_NOUN] beginning,mbanza
[COMMON_ANIMALS_NOUN] horse,mbaraasi
[GENERAL_NOUN] ; small sloth,mbarangi
[HEALTH_AND_MEDICINE_NOUN] secondary syphilis,mbaruka
[GENERAL_NOUN] spring of trap,mbasuko
[GENERAL_NOUN] dry papyrus stalks,mbaya
"[GENERAL_NOUN] speech, talking, pronunciation",mbaza
"[GENERAL_NOUN] sewing,method of sewing",mbaziira
"[GENERAL_NOUN] spy,detective",mbega
"[GENERAL_NOUN] half, piece",mbege
[COMMON_ANIMALS_NOUN] ; fish with snout,mbegede
[GENERAL_NOUN] where,mbere
[GENERAL_NOUN] dned head of maize,mberenge
[GENERAL_NOUN] tares,mberya
[GENERAL_NOUN] seeds for planting,mbibo
[GENERAL_NOUN] grave,mbil
[GENERAL_NOUN] hidden anger,mbilbi
[GENERAL_NOUN] chief of herd,mbilkire
[GENERAL_NOUN] bananas for making beer,mbilra
[GENERAL_NOUN] herb like omubwiga; vegetables,mboga
[COMMON_ANIMALS_NOUN] buffalo,mbogo
"[GENERAL_NOUN] small packet, (of salt)",mbobera
"[GENERAL_NOUN] friendless, lonely person",mboijana
"[GENERAL_NOUN] ; lonely person, vagrant",mbomboza
[GENERAL_NOUN] new moon,mboneko
[EDUCATION_AND_LEARNING_NOUN] pupil of the eye,mbooi
[GENERAL_NOUN] ; dust rubbish; =runyota,mboota
[GENERAL_NOUN] penis,mboro
"[GENERAL_NOUN] ; bully, tyrant",mboyi
"[GENERAL_NOUN] ; shapeless, plump thing",mbumbuli
[GENERAL_NOUN] a dull day,mbunda
"[GENERAL_NOUN] slow, inactive person",mbundira
[GENERAL_NOUN] gun = emundu,mbundu
[GENERAL_NOUN] stay-at home,mbuojami
[COMMON_ANIMALS_NOUN] dark-grey cow,mbuubi
"[GENERAL_NOUN] ; poor, homeless person",mburabugyo
[GENERAL_VERB] see =mburabule,mburabura
[COMMON_ANIMALS_NOUN] she goat =mbude,mburabuzi
[GENERAL_NOUN] variety of plantain,mbwairuma
[GENERAL_NOUN] a bitch,mbwakati
[GENERAL_NOUN] reclining chair,mbyamwamu
[GENERAL_NOUN] mode of planting,mbyara
[GENERAL_NOUN] newly dug grave,mbyo
"[GENERAL_VERB] to run, discharge (eyes)",meda
[GENERAL_NOUN] steamer or ship,meeri
[GOVERNANCE_AND_ADMINISTRATION_NOUN] mayor,meeya
[GENERAL_NOUN] table,meeza
"[GENERAL_VERB] to burn brightly, blaze",mekuka
[GENERAL_NOUN] member,memba
[GENERAL_NOUN] delicately =megemege,memememe
[GENERAL_NOUN] blaze,meoge
"[GENERAL_NOUN] shape, appearance",mera
[GENERAL_VERB] to live long,mercera
[GENERAL_NOUN] self-sown,mere
"[GENERAL_NOUN] half raw potatoes, etc",mibwebwe
[GENERAL_NOUN] dirt in the nails,micungiro
[GENERAL_NOUN] judgements way of spitting,micwere
"[GENERAL_NOUN] leisure, idleness",migaramo
[GENERAL_NOUN] style of walking,migendere
[GENERAL_NOUN] ; iron sheet rib,migongo
"[GENERAL_NOUN] breathing, respiration",miikize
[GENERAL_VERB] to keep secret,miimilna
[GENERAL_NOUN] mission,miisani
"[GENERAL_NOUN] lips, unmashed cooked plantains",minwa
[COMMON_ANIMALS_NOUN] lizard,minya
"[BIOLOGY_NOUN] prey, plunder, booty",minyago
[GENERAL_NOUN] puberty,minyeeto
[GENERAL_NOUN] ; foot of bed,mirambi
[GENERAL_NOUN] foreg,mirambikirizo
[GENERAL_NOUN] moustache;bleeding from the nose,mireju
"[GENERAL_NOUN] cheer, applaud",mirera
[GENERAL_NOUN] lips (used by peasants),mirere
[GENERAL_NOUN] trampling of many feet,mirindi
"[GENERAL_VERB] to bolt down, gulp",miringisa
[COMMON_ANIMALS_NOUN] calf muscle,mirundi
[GENERAL_NOUN] Egypt,misiri
"[GENERAL_NOUN] business, worries",mitalibaioe
[GENERAL_VERB] see foreg,mitalibano
[GENERAL_NOUN] pair of woodell clogs,mitarabanda
[GENERAL_NOUN] joining,miteeraoire
[GENERAL_NOUN] businesses,mitegano
[GENERAL_NOUN] traps,mitego
[GENERAL_NOUN] petting,miteso
[GENERAL_NOUN] between the shoulder-blades,mitumaanyuma
[GENERAL_VERB] to spin a top,moga
[GENERAL_VERB] to be chipped,mogoka
[GENERAL_VERB] to chip,mogora
"[GENERAL_NOUN] ; to bark,growl",moka
[COMMON_ANIMALS_NOUN] serval-cat,mondo
"[GENERAL_NOUN] sharpness,edges",moogi
"[GENERAL_NOUN] feathers,hair, fur",mooya
[GENERAL_NOUN] left,moso
[GENERAL_NOUN] motto,moto
[GENERAL_NOUN] motor-car,motoka
"[GENERAL_NOUN] poor soil, hard'earth",mpaama
[GENERAL_NOUN] reciprocal gift,mpaano
[GENERAL_NOUN] Uganda kob = mpara,mpaaraki
[GENERAL_NOUN] at least,mpaho
[COMMON_ANIMALS_NOUN] male dog,mpairimi
"[GENERAL_NOUN] argument, strife, dispute",mpaka
"[GENERAL_NOUN] knickers, trousers, shorts, drawers",mpale
[GENERAL_NOUN] one who uses force,mpambiri
[GENERAL_NOUN] seeds of gourds,mpambo
"[GENERAL_NOUN] mourn, lament",mpamo
[MATHEMATICS_NOUN] one hundred thousand,mitwaro ikumi num
[GENERAL_NOUN] twenty thousand,mitwaro ebiri num
[GENERAL_NOUN] two hundred thousand,mitwaro makumi abiri num
"[GENERAL_NOUN] mud, dirt, darkness, blackness",miyonga
[GENERAL_NOUN] advice,mpanangan
[GENERAL_NOUN] ;groundnut;peanut,mpande
"[GENERAL_NOUN] writing, script",mpandiika
"[GENERAL_NOUN] letter, missive, inscription",mpandiiko
[GOVERNANCE_AND_ADMINISTRATION_NOUN] King's large drum,mpango
"[GENERAL_NOUN] advice, counsel",mpaouura
[GENERAL_NOUN] Uganda Kob,mpara
[GENERAL_NOUN] quarrelsome person,mparangani
"[GENERAL_NOUN] enmity, jealousy competition, rivalry",mparano
[GENERAL_NOUN] constipation,mpata
[GENERAL_NOUN] contract,mpatani
[GENERAL_NOUN] fork (of tree),mpatanizo
[GENERAL_NOUN] bridemaid,mpedya
"[GENERAL_NOUN] wage, pay, reward",mpeera
[GENERAL_NOUN] service,mpeere
[GENERAL_NOUN] a new hoe,mpeesi
"[GENERAL_NOUN] gristle,cartilage",mpekenyu
[GENERAL_NOUN] firm breasts (not pendant),mpenabere
[GENERAL_NOUN] bed-bug; see also ebisud,mpere
[GENERAL_NOUN] maids (in marriage),mperekezi
"[GENERAL_NOUN] end, limit, boundary",mpero
[GENERAL_NOUN] ring,mpeta
[GENERAL_NOUN] sluggard,mpetezi
[GENERAL_NOUN] slap,mpi
[GENERAL_NOUN] flatulence,mpibi
"[GENERAL_NOUN] enemity, persecution",mpiigani
[GENERAL_NOUN] lucky person,mpiirwa
"[COMMON_ANIMALS_NOUN] a blind cow,etc",mpimbaale
"[GENERAL_NOUN] change, alteration",mpindura
[GENERAL_NOUN] survivor,mpooka
[GENERAL_NOUN] absence of prepuce,mpooli
[GENERAL_VERB] see ilroo,mpoorro
"[GENERAL_NOUN] tax levied, dues, customs",mpooza
[GENERAL_NOUN] handcuffs,mpingo
"[GENERAL_NOUN] dagger, dirk",mpirima
[COMMON_ANIMALS_NOUN] hyena,mpisi
[GENERAL_VERB] see enkuratane,mponderane
"[GENERAL_NOUN] little by little, slowly",mpora mpora
[GENERAL_NOUN] variety of plantain (embiira),mporoma
[GENERAL_NOUN] gobbler,mpucuzi
"[GENERAL_NOUN] absent minded, forgetful person",mpuge
[GENERAL_VERB] see foreg,mpugi
"[GENERAL_NOUN] forgetful, scatter- brained person",mpugutani
[GENERAL_NOUN] weevil,mpuku
[GENERAL_NOUN] ear passage,mpuliirro
"[GENERAL_NOUN] haff, stubble,(see musunga,)",mpunda
[GENERAL_NOUN] silent or dull person,mpuoe
[GENERAL_NOUN] north wind,mpungi
[GENERAL_NOUN] sleeping sickness,mpungira
"[COMMON_ANIMALS_NOUN] pig, wild boar",mpuno
[GENERAL_VERB] see mpuruutuuff,mpuruuturuzo
"[GENERAL_NOUN] sliding loop, noose, bow",mpuroutuorro
[GENERAL_NOUN] a wounded person,mputa
"[COMMON_ANIMALS_NOUN] moth,caterpillar",mpuuhrra
[GENERAL_NOUN] ; resting place,mpuumuro
"[GENERAL_NOUN] dense, slow, or deliberate.person",mpuunahuni
"[GENERAL_NOUN] ; insolent, quarrel-some person",mpwabwoba
[GENERAL_NOUN] peace lover,mpwabwogo
[GENERAL_NOUN] invalid,mpwamaani
"[GENERAL_NOUN] courageous, clever person (=oulabukya)",mpwaogule
[GENERAL_NOUN] the Coast(Mombasa),mpwaoyi
[GENERAL_NOUN] utterly destitute person,mpwerwa
[GENERAL_NOUN] burning,mpya
"[GENERAL_NOUN] scandalmonger, busybody",mpyangya
[COMMON_ANIMALS_NOUN] crocodile,mpyo
"[GENERAL_NOUN] butcher, flayer",mubaagi
[GENERAL_NOUN] groove round milk-pot,mubabo
"[GENERAL_NOUN] carpenter,joiner",mubaizi
[GENERAL_VERB] fill to the brim,mubambago
"[GENERAL_NOUN] helper, supporter",mubangizi
[GENERAL_NOUN] speaker,mubazi
[GENERAL_NOUN] medicine,mubazi
[GENERAL_NOUN] seam,mubaztiro
"[GENERAL_NOUN] sewer,tailor",mubazilzi
[COMMON_ANIMALS_NOUN] disease of cattle; nettlerash,mubembo
[GENERAL_NOUN] liar,mubiihi
"[GENERAL_NOUN] dissembler, cheat",mubiihibiihi
[GENERAL_NOUN] aton,mubiikira
[GOVERNANCE_AND_ADMINISTRATION_NOUN] Prince,mubiito
[GOVERNANCE_AND_ADMINISTRATION_NOUN] Princess,mubiitokati
[GENERAL_NOUN] loin cloth,mubindo
"[TRANSPORT_NOUN] one who chases, driver",mubingi
[GENERAL_NOUN] outcast = mucwibwa,mubingwa
[GENERAL_NOUN] Belgian,mubirigi
"[GENERAL_NOUN] accuser,tell-taler",mubirikirizi
"[GENERAL_NOUN] prisoner,captive",mubobwa
"[COMMON_ANIMALS_NOUN] disease of cattle,mange",mubombo
"[GENERAL_NOUN] gentle, quiet, polite person",mubongoya
"[COMMON_ANIMALS_NOUN] mosquito, gnat",mubu
"[GENERAL_NOUN] deceased person,the late",mubule
[GENERAL_NOUN] sting (of bees),mubuli
[GENERAL_NOUN] potter,mubumbi
"[GENERAL_NOUN] caller, visitor, guest",mubungi
[HEALTH_AND_MEDICINE_NOUN] ; bone setter nurse,mubuyi
"[GENERAL_NOUN] ;a thorny, busby tree",mubwera
[GENERAL_NOUN] potatoes not fully cooked,mubwibwibwi
[GENERAL_NOUN] a herb like spinach,mubwiga
"[GENERAL_NOUN] ;sower, planter",mubyazi
"[GENERAL_NOUN] fastidious, lazy person, dandy",mucaca
"[GENERAL_NOUN] loafer, idler",mucacazi
[GENERAL_NOUN] torturer,mucanzi
[GENERAL_NOUN] rice,muceeri
"[GENERAL_NOUN] patchwork gannent,kilt",mucence
"[GENERAL_NOUN] stick-insect; tall, slender person",muconco
[GENERAL_NOUN] a clumsy person,mucoomi
[GENERAL_NOUN] long hair (generally curled),mucucu
"[GENERAL_NOUN] cook, baker, chef",mucumbi
[GENERAL_NOUN] orange,mucunguuba
[GENERAL_NOUN] redeemer,mucunguzi
"[GENERAL_NOUN] prisoner, jailed or captive",mubohwa
[GOVERNANCE_AND_ADMINISTRATION_NOUN] the king's council house,mucwa
"[GENERAL_NOUN] cute, cunning person",mucwacwa
"[GENERAL_NOUN] cunning, crafty person",mucwangya
[GENERAL_NOUN] gravy,mucwe
"[CULTURE_AND_TRADITION_NOUN] legendary hero, god deity",mucwezi
"[GENERAL_NOUN] outcast, disowned person",mucwibwa
"[GENERAL_NOUN] German, Dutchman",mudaaki
[GENERAL_NOUN] medal,nmdaali
[GENERAL_NOUN] embroiderer of edali!,mudalizi
[GENERAL_NOUN] drunkard,mudanguzi
[GENERAL_NOUN] something in plenty,mudidi
[GENERAL_NOUN] ; foolish person,mudomadoma
"[GENERAL_NOUN] jug, gun-barrel",mudumu
"[GENERAL_NOUN] herald, interpreter",muduumi
"[GENERAL_NOUN] traitor, liar",muduupi
"[GENERAL_NOUN] mocker,jeerer, scoffer",muduuzi
[GENERAL_NOUN] widow,mufaakati
[GENERAL_NOUN] mattress,mufaalisi
[GENERAL_NOUN] wrestler,mufukaani
"[GENERAL_NOUN] expert workman, artisan, mechanic",mufundi
[GENERAL_NOUN] milk diluted with water,mufuoguro
[GENERAL_NOUN] woollen garment = efaraano,mufuranyi
[GENERAL_NOUN] ;jealous husband or wife,mufuohi
"[GENERAL_NOUN] mocker, jeerer",mugaaniizi
"[GENERAL_NOUN] bread, loaf",mugaate
"[GENERAL_NOUN] generous, bountiful person",mugabi
"[GENERAL_NOUN] share, part",mugabo
"[GENERAL_NOUN] discussant, speaker, spokesperson",mugambi
"[GENERAL_NOUN] gossip, chatterbox",mugambisibwa
"[GENERAL_NOUN] speaker, preacher; evangelist",mugambizi
[GENERAL_NOUN] native of Buganda,mugaoda
[GENERAL_NOUN] cerebral spinal meningitis,mugaogama
"[GENERAL_NOUN] friendship, intimacy",muganjano
[GENERAL_NOUN] mourner,muganyi
"[GENERAL_NOUN] pitiful, merciful person",muganyizi
"[GENERAL_NOUN] feeble,weak, lazy person",mugara
"[GENERAL_NOUN] dawdler, laggard",mugaraasi
[GENERAL_NOUN] a large thorny tree,mugarama
"[GENERAL_NOUN] worth, use, profit, advantage",mugaso
"[GENERAL_NOUN] idleness,laziness",mugayaaro
"[GENERAL_NOUN] scorn, contempt, cynicism",mugayangano
[GENERAL_NOUN] scorner,mugayi
"[GENERAL_NOUN] ; scorn, contempt",mugayo
"[GENERAL_NOUN] docile,obedient person",mugayuki
[GENERAL_NOUN] barber,mugembi
[GENERAL_NOUN] leper,mugeoge
"[GENERAL_NOUN] ;visitor,guest, stranger",mugeoyi
"[GENERAL_NOUN] brother; walker, traveler, pilgrimer",mugeozi
[GENERAL_NOUN] wanderer,mugenzigeozj
"[GENERAL_NOUN] custom, way",mugeozo
[GENERAL_NOUN] small valley,mugera
[GENERAL_NOUN] kick,mugere
[GENERAL_NOUN] reaper,mugesi
[GENERAL_NOUN] backbiter,mugeyi
"[GENERAL_NOUN] wise, clever, gifted person",mugezi
"[GENERAL_NOUN] stoon water, flood, torrent",mugezi
"[GENERAL_NOUN] sharp, clever, crafty person",mugezigezi
"[GENERAL_NOUN] rest house, inn",mugiini
[GENERAL_NOUN] bunch of plantains,mugimba
"[GENERAL_NOUN] blessing, good luck",mugisa
"[GENERAL_NOUN] visitor, stranger",mugenyi
"[GOVERNANCE_AND_ADMINISTRATION_NOUN] ; Queen, consort",mugo
[GENERAL_VERB] see -omugobaiswa,mugobabazimu
[GENERAL_NOUN] drummer,mugoma
[GENERAL_NOUN] bolt,mugomboli
[GOVERNANCE_AND_ADMINISTRATION_NOUN] sub-county chief =oweegomboorra,mugomborozi
[GENERAL_NOUN] group,mugomo
[GENERAL_NOUN] stoutness,mugomoko
[GENERAL_NOUN] mid-rib of plantain leaf,mugongoonyi
[GENERAL_NOUN] crease,mugonya
"[GENERAL_NOUN] traveller, sojourner, lodger",mugoonyi
"[GENERAL_NOUN] first leaf of plantains,etc",mugoorra
"[GENERAL_NOUN] rower, paddler, boatman; stirre",mugoyi
[GENERAL_NOUN] patient person,mugumiisiriza
[GENERAL_NOUN] moving crowd,mugurumbuko
[GENERAL_NOUN] ;old man,mugurusi
"[GENERAL_NOUN] slave, bond servant",mugurwa
[GENERAL_NOUN] rich person,muguuda
"[ECONOMICS_AND_COMMERCE_NOUN] seller, trader, merchant",muguza
[GENERAL_NOUN] buyer,muguzi
"[GENERAL_NOUN] stupid, half-witted person",mugwagwa
[GENERAL_VERB] see omutatembwa,mugwamabeere
[GENERAL_NOUN] trumpeter,mugwara
[GENERAL_NOUN] illness of dogs; mange,mugwenyu
"[GENERAL_NOUN] testator, executor",mugwesi
"[GENERAL_NOUN] heir, legatee",mugwetwa
[GENERAL_NOUN] sleeper,mugwijagizi
[GENERAL_VERB] see iguta,muhaagi
[GENERAL_NOUN] coccyx,muhaata
"[GENERAL_NOUN] foolish, half-witted person",muhaba
[GENERAL_NOUN] small back entrance,muhabo
"[GENERAL_NOUN] contendant, disputant, competitor",mubakani
[GENERAL_NOUN] udder,muhako
"[GENERAL_NOUN] root,depth; veneral disease",muhama
"[GENERAL_NOUN] abductor, seducer",mubambuzi
"[GENERAL_NOUN] captive, prisoner of war",mubambwa
[GENERAL_NOUN] large ditch,muhana
"[GENERAL_NOUN] path, road, way",muhanda
"[GENERAL_NOUN] writer, clerk, scribe,secretary",muhandiiki
[GENERAL_NOUN] rainbow,muhangaazima
[GENERAL_NOUN] creator,muhangi
[GENERAL_NOUN] ; false accuser,muhangirizi
"[GENERAL_NOUN] sudden, unexpected occurrence",muhanguuko
"[GENERAL_NOUN] counsellor, adviser",muhanuuzi
"[GENERAL_NOUN] daughter, usually umarried,virgin",muhara
"[GENERAL_NOUN] rival, competitor",muharani
"[GENERAL_NOUN] bully, oppressor, spiteful person",muhate
[GENERAL_NOUN] rival,muhayani
"[GENERAL_NOUN] tanner,dresser of hides",muhazi
"[GENERAL_NOUN] stammerer, stutterer",muhebebezi
[GENERAL_NOUN] carrier (on the back),muheeki
"[GENERAL_NOUN] servant, waiter, attendant, minister",muheereza
"[GENERAL_NOUN] copper, iron, bracelet",muheerre
"[GENERAL_NOUN] smith, blacksmith",muheesi
"[GENERAL_NOUN] unfair judge, slanderer",muheoderezi
[GENERAL_NOUN] bottom rim of basket,muhendero
"[GENERAL_NOUN] number, price, value, amount",mubendo
[GENERAL_NOUN] Milicia excelsa,mubende
[GENERAL_NOUN] first ripe millet (oburo),muberya
[GENERAL_NOUN] backbiter,muhesi
"[GENERAL_NOUN] sluggard, one who oversleeps",muhetezi
"[GENERAL_NOUN] deceased person, the late",mubezi
"[GENERAL_NOUN] giver, donor",muhi
[GENERAL_NOUN] persecutor,mubiiganizi
[GENERAL_NOUN] bunter,muhiigi
[GENERAL_NOUN] fortunate person,muhiirwa
[GENERAL_NOUN] brewer,muhiisa
[GENERAL_NOUN] saint,muhildriire
[POLITICS_AND_CURRENT_AFFAIRS_NOUN] prime minister,muhikirwa
"[GENERAL_NOUN] great joy, gladness, pleasure",muhimbo
[GENERAL_NOUN] kind of red cassava,mubindi
[GENERAL_NOUN] lndiao,muhindi
"[GENERAL_NOUN] convert, proselyte",muhinduki
"[GENERAL_NOUN] interpreter, translator",muhinduzi
"[GENERAL_NOUN] passer-by, wayfarer",muhinguzi
"[GENERAL_NOUN] tribulation, weariness, plague",muhito
[GENERAL_NOUN] god of war,muhingo
"[GENERAL_NOUN] cassava,manioc",muhogo
[GENERAL_NOUN] plaster,muhomo
[GENERAL_NOUN] follower,mubondezi
[GENERAL_NOUN] one who offers sacrifices,mubongi
"[GENERAL_NOUN] cheat, extortioner, daylight thief",muhoogozi
[NATURE_AND_ENVIRONMENT_NOUN] a forest tree,muboorro
[GENERAL_NOUN] avenger,muhoozi
[GENERAL_NOUN] tree resembling wild fig,muhora
[GENERAL_NOUN] lady at leisure,muhubya
"[GENERAL_NOUN] absent-minded, inattentive person",muhugutani
[GENERAL_NOUN] unhealthy fatness,muhuburu
"[GENERAL_NOUN] listener, bearer, obedient person",mubulizi
"[GENERAL_NOUN] iron spike, ferrule",muhunda
[GENERAL_NOUN] honoured visitor,muhunguki
"[GENERAL_NOUN] distaste,disgust, abhorrence",muhuro
[GENERAL_NOUN] pestle,muburunguso
[GENERAL_NOUN] wounded person,mubuta
"[GENERAL_NOUN] wanderer, vagrant,unwelcome visitor",muhuumizi
[GENERAL_NOUN] comforter,mubuumuza
"[GENERAL_NOUN] bachelor,spinster, deserted husband",muhuuru
[GENERAL_NOUN] thresher,muhuuzi
"[GENERAL_NOUN] destroyer,extenninator",muhwerekereza
"[GENERAL_NOUN] invalid, stengthless person",muhwi
"[GENERAL_NOUN] traitor, misch ief maker",muhyangya
"[GENERAL_NOUN] grumbler, murmurer",muhyemi
[GENERAL_NOUN] knife,muhyo
"[GENERAL_NOUN] babbler, chatter-box, silly person",mujamijami
"[GENERAL_NOUN] wanderer, loafer",mujanjaazi
[GENERAL_NOUN] ; hungry person,mujara
"[GENERAL_NOUN] wanderer, vagabond",mujeezi
"[GENERAL_NOUN] awkward, clumsy person",mujega
"[GENERAL_NOUN] gossip, talebearer",mujonjoozi
[GENERAL_NOUN] bellows,mujuba
"[GENERAL_NOUN] witness, martyr",mujulizi
[GENERAL_NOUN] wet morning,mujumbi
"[GENERAL_NOUN] abuser, railer, blasphemer",mujumi
[GENERAL_NOUN] tassel,mujunga
"[GENERAL_NOUN] white person, European",mujungu
[GENERAL_NOUN] Saviour,mujuoi
[GENERAL_NOUN] flower of maize,mujuuli
[GENERAL_NOUN] ; tired person,mujwahi
"[GENERAL_NOUN] apparel, clothing",mujwaro
[GENERAL_NOUN] very hairy,mujwigo
[GENERAL_NOUN] wife,muka
[GENERAL_NOUN] ; at home,muka
"[GENERAL_NOUN] heathen, pagan",mukaaftiri
"[CULTURE_AND_TRADITION_NOUN] ; six;dowry,bride price",mukaaga
[GENERAL_NOUN] my grandmother,mukaaka
[GENERAL_NOUN] intelligent person,mukaali
[GENERAL_NOUN] bloodbrother hood,mukago
"[GENERAL_NOUN] questioner, examiner",mukaguza
[GENERAL_NOUN] old woman,mukaikuru
[COMMON_ANIMALS_NOUN] water scorpion,mukama
[GENERAL_NOUN] milkman,mukami
[GENERAL_NOUN] daughter-in-law,mukamwana
[GENERAL_NOUN] scratch (on the body),mukandu
"[GENERAL_NOUN] ; dried meat, biltong",mukaro
"[GENERAL_NOUN] ;woman , wife",mukazi
"[GENERAL_NOUN] tin,container, can",mukebe
"[GENERAL_NOUN] examiner, critic",mukebezi
"[GENERAL_NOUN] steward, agent, treasurer",mukeeto
"[GENERAL_NOUN] selfish, disagreeable, unkind person",mukiiouuki
[GENERAL_NOUN] leering person,mukimbi
[GENERAL_NOUN] wild date palm,mukindo
[GENERAL_NOUN] tail,mukira
[GENERAL_NOUN] son-inlaw,muko
"[GENERAL_NOUN] substance, thickness",mukoba
[GENERAL_NOUN] a tall timber tree,mukogoto
[GENERAL_NOUN] glutton,mukoizi
[GENERAL_NOUN] young plantain trees,mukokoro
[GENERAL_NOUN] beater (in hunting),mukokozr
[GENERAL_NOUN] foundation stick of fence,mukoryo
[GENERAL_NOUN] chosen one,mukome
"[GENERAL_NOUN] one who chooses, voter",mukomi
[GENERAL_NOUN] stem of plaintain,mukonde
[GENERAL_NOUN] one who plays,mukondere
[NATURE_AND_ENVIRONMENT_NOUN] ; a prickly shrub,mukongoora
[GENERAL_NOUN] ; giant senecio,mukooi
[GENERAL_NOUN] native of Bukonjo,mukoojo
[GENERAL_NOUN] arm; handwriting,mukono
[GENERAL_NOUN] eunuch,mukonwa
"[GENERAL_NOUN] ; helper, supporter, benefactor",mukoonyezi
[GENERAL_NOUN] blue plantain eater,mukoranga
[COMMON_ANIMALS_NOUN] catfish,mukoro
"[GENERAL_NOUN] ceremony, function",mukoro
[GOVERNANCE_AND_ADMINISTRATION_NOUN] King's milkman,mukoroogi
"[GENERAL_NOUN] overseer, headman",mukoza
"[GENERAL_NOUN] maker, workman, labourer",mukozi
[GENERAL_NOUN] Christian,muk
[GENERAL_NOUN] one who examines witnesses,mukubizi
"[GENERAL_NOUN] border, edge",mukugiro
[GENERAL_NOUN] miser,mukuku
[GOVERNANCE_AND_ADMINISTRATION_NOUN] King 's door keeper,mukumirizi
[GENERAL_NOUN] navel; boss of shield,mukundi
[GENERAL_NOUN] a loud cry,mukungo
"[GENERAL_NOUN] shore, coast",mukungu
[GENERAL_NOUN] wild figtree,mukunyu
"[GENERAL_NOUN] ; lover, paramour",mukunzi
"[GENERAL_NOUN] trench, channel",mukura
"[GENERAL_NOUN] elder, superior, great one",mukuru
"[GENERAL_NOUN] track, rut",mukurunduzo
[GENERAL_NOUN] mischief-maker,mukurungutaniza
[NATURE_AND_ENVIRONMENT_NOUN] mahogany tree,mukusu
[GENERAL_NOUN] sodomite,mukuuhya
[GENERAL_NOUN] ;long knife,mukuutu
[GENERAL_NOUN] guardian,mukuza
"[GENERAL_NOUN] gallant, brave,heroic",mukwatangabu
[GENERAL_NOUN] supporter,mukwatirizi
[GENERAL_NOUN] pledge,mukwatirizo
"[GENERAL_NOUN] helper, an assistant",mukwatizi
"[GENERAL_NOUN] captive, prisoner",mukwatwa
[COMMON_ANIMALS_NOUN] rat track,mukwcbebe
[GENERAL_VERB] see foreg,mukwebeya
[GENERAL_NOUN] a miserly person,mukono gaamu
[GENERAL_NOUN] orphan protector,mukuzanfuuzi
"[GENERAL_NOUN] underneath, below the ground",mukuzimu
[GENERAL_NOUN] specially recogonised elder,mukuru w'omugongo
[GENERAL_NOUN] ;joyful person,mukyanganuki
[GENERAL_NOUN] a lazy person,mulebezi
"[GENERAL_NOUN] bringer, proposer",muleesi
[COMMON_ANIMALS_NOUN] cow bell,mulege
"[GENERAL_NOUN] accuser, talebearer",mulegi
[GENERAL_NOUN] greedy person,mulehe
[GENERAL_NOUN] beard,muleju
[GENERAL_NOUN] freed man,mulekerwa
"[GENERAL_NOUN] lame person, cripple",mulema
[GENERAL_NOUN] ruler,mulemi
[GENERAL_NOUN] unripe plan tains,mulera
[GENERAL_NOUN] tree fem,mulere
[HEALTH_AND_MEDICINE_NOUN] nurse (of child),mulezi
"[GENERAL_NOUN] cannibal, eater, devourer",muli
"[GENERAL_NOUN] pleasant person, attractive",muligirwa
[GENERAL_NOUN] shine,murlikana
"[GENERAL_NOUN] greedy, selfish person",muliiririzi
[GENERAL_NOUN] shepherd,muliisa
[GENERAL_NOUN] sailor,mulimba
"[GENERAL_NOUN] digger, cultivator",mulimi
[GENERAL_NOUN] foot stamp,mulindi
[GENERAL_NOUN] brass,mulinga
"[GENERAL_NOUN] grave, serious, unsociable person",mulingiri
"[GENERAL_NOUN] ; kind, sort, species",mulingo
"[GENERAL_NOUN] keeper, preserver, guardian",mulinzi
"[GENERAL_NOUN] defrauder,cheater",muryakuzi
[GENERAL_NOUN] right hand,muryo
[GENERAL_NOUN] ; an acquaintance,mumanyi
"[EDUCATION_AND_LEARNING_NOUN] teacher, exponent",mumanyisa
[GENERAL_NOUN] foot of bed,mumirambi
"[GENERAL_NOUN] windpipe, gullet trachea",mumrro
"[GENERAL_NOUN] ; gobbler, fast eater",mumizi
[GENERAL_NOUN] net for catching fish,mumogo
[GOVERNANCE_AND_ADMINISTRATION_NOUN] King's executioner,mumogora
[GENERAL_NOUN] torch bearer,mumuliki
[GENERAL_NOUN] stinging-nettle,mumya
[GENERAL_NOUN] ; barber,mumwi
[GENERAL_NOUN] eight,munaana
"[GENERAL_NOUN] survey beacon, tower, flagstaff",munaara
[GENERAL_NOUN] water pot,munaga
"[GENERAL_NOUN] prodigal person, reckless, squanderer",munaginagi
[GENERAL_NOUN] guider of the blind,munanasi
"[GENERAL_NOUN] trustworthy, faithful person",munanu
[GENERAL_NOUN] date palm,munazi
"[GENERAL_NOUN] eater, biter;extravagant person, spendthrift",muneni
[GENERAL_NOUN] very cold,muneno
[GENERAL_NOUN] Englishman,mungereza
[GENERAL_NOUN] boring beetle (=embungu),mungu
[GENERAL_NOUN] immature bunch of plantains,muniara
[GENERAL_NOUN] act of strangling,munigo
[GENERAL_NOUN] self-sown plant or tree,muniibwanyonyi
"[GENERAL_NOUN] ; pleasure, gladness, rejoicing",muniiniiro
[GENERAL_NOUN] very much,muno
[GENERAL_NOUN] hater,munobi
"[GENERAL_NOUN] picker, gatherer",muoogi
[GENERAL_NOUN] person,muntu
[GEOGRAPHY_NOUN] in this country,munuka
"[GENERAL_NOUN] plantain sucker, shoot",muouuou
"[GENERAL_NOUN] lip, beak",munwa
"[GENERAL_NOUN] sycophant, mean flatterer,par.isite",munwekanweki
[COMMON_ANIMALS_NOUN] lizard,munya
[GENERAL_NOUN] crack,munyaarra
"[GENERAL_NOUN] spoil, plunder, booty",munyago
[GENERAL_NOUN] captive,muoyagwa
[GENERAL_NOUN] debtor,munyaibanja
[GENERAL_NOUN] ; an envious person,munyaihali
"[GEOGRAPHY_NOUN] one of another nation,stranger",munyaihanga
"[GENERAL_NOUN] spiteful person, mischief-maker",munyaitima
"[GENERAL_NOUN] hot tempered, quarrelsome person",munyakantu
"[GENERAL_NOUN] ;countryman, rustic, villager",munyakyaro
"[GENERAL_NOUN] pricking, tingling sensation",munyalizi
[GENERAL_NOUN] headman,munyampara
[GENERAL_NOUN] ; proud person,munyamyekuniko
[GENERAL_NOUN] hungry person,munyanjara
[GENERAL_NOUN] prisoner,muoyankomo
"[GENERAL_NOUN] ; enemy, adversary",muoyanzigwa
[GENERAL_NOUN] ; lastivious person,munyarwanju
[GENERAL_NOUN] mongoose,munyeerre
"[GENERAL_NOUN] stout person,adolescent",munyeete
[GENERAL_NOUN] stoutness,munyeeto
"[LEGAL_AND_LAW_MATTERS_NOUN] accuser, complainant, prosecutor",munyegezi
"[GENERAL_NOUN] disagreeable, morose, gloomy person",munyigi
[GENERAL_NOUN] handsome man,munyiginya
[GENERAL_NOUN] very bearuiful woman,muoyiginyakati
[GENERAL_NOUN] bulrush,munyiri
[GENERAL_NOUN] small potato,muoyoga
"[GENERAL_NOUN] , tiny water-worm",munyole
[GENERAL_VERB] to rinse,munyuoguza
[GENERAL_NOUN] bulrush,munyunka
"[GENERAL_NOUN] ;cured hide, leather",munyuuke
[GENERAL_NOUN] drinker,muoywi
"[GENERAL_NOUN] , papaw tree",mupaapaali
"[GENERAL_NOUN] hired workman, porter;also mupakasa",mupagasa
[GENERAL_NOUN] tenant,mupangisa
[GENERAL_NOUN] ; guava tree,mupecra
"[GENERAL_NOUN] rubber, ball, mackintosh, etc",mupiira
[GENERAL_NOUN] rice = muceeri,mupunnga
"[GENERAL_NOUN] ; lodger, visitor",muraazi
[GENERAL_NOUN] lightening,murabyo
"[MILITARY_NOUN] instructor, commander, demonstrator",muragirizi
"[GENERAL_NOUN] promise, convenant",murago
[GENERAL_NOUN] one who consults oracles,muragurwa
"[HEALTH_AND_MEDICINE_NOUN] seer,diviner, soothsayer, divining doctor",muraguzi
[GOVERNANCE_AND_ADMINISTRATION_NOUN] deposed King,muragwangoma
[GENERAL_NOUN] inspector,murambuzi
[GENERAL_NOUN] worshipper,murami
"[GENERAL_NOUN] judge , arbitrator",muramuzi
[GENERAL_NOUN] illness like sleeping sickness,murandabaro
"[GENERAL_NOUN] well known person, famous",murangwa
"[GENERAL_NOUN] spendthrift, prodigal",murarangi
[GENERAL_NOUN] copper,murasagaaju
"[GENERAL_NOUN] archer, rifleman, enemy",murasi
[GENERAL_NOUN] hunt without killing,muraza
"[GENERAL_NOUN] slovenly, dirty person",murofu
"[GENERAL_NOUN] ; wizard, witch, magician",murogo
"[GENERAL_NOUN] cold, damp",murombe
[GENERAL_NOUN] twin,murongo
"[GENERAL_NOUN] mast, flagstaff",murongooti
[GENERAL_NOUN] tracker,muronzi
[GENERAL_NOUN] loin cloth,muroobe
[GENERAL_NOUN] dreamer,muroosi
[GENERAL_NOUN] a large tree,murozi
[NATURE_AND_ENVIRONMENT_NOUN] a shrub,murubata
[GENERAL_NOUN] ;man who beats iron,murubiki
[GENERAL_NOUN] stone hammer,murubiko
[GENERAL_NOUN] parish,muruka
[GENERAL_NOUN] heap,murundo
"[GENERAL_NOUN] good, beautiful person",murungi
"[GENERAL_NOUN] pilot, streesman",murungiki
[COMMON_ANIMALS_NOUN] species of winged termite,mururuma
[GENERAL_NOUN] rectum,mururuma
[GENERAL_NOUN] inside,munda
[GENERAL_NOUN] in here,munu
[CULTURE_AND_TRADITION_NOUN] chwezi god of weather,munume
"[GENERAL_NOUN] enemy, foe",munyanzigwa
[GENERAL_NOUN] fierce person,mururumi
[MILITARY_NOUN] soldier of Kabalega,murusuura
"[GENERAL_NOUN] copper sulphate, bluestone",muruuturuutu
[GENERAL_NOUN] a sick person,murwaire
"[MILITARY_NOUN] fighter, warrior",murwani
"[ECONOMICS_AND_COMMERCE_NOUN] wage, pay, salary",musaara
[GENERAL_NOUN] beggar,musabirizi
[GENERAL_NOUN] beater (in hunting)= omukokot),musagasi
"[GENERAL_NOUN] supporter, witness",musagiki
[GENERAL_NOUN] ;a restless person,musagizi
"[GENERAL_NOUN] ; man, husband",musaija
[GENERAL_NOUN] thatcher,musakaazi
"[GENERAL_NOUN] ; crack, cut",mosaic
"[SPORTS_NOUN] kicker, football player",musambi
"[GENERAL_NOUN] daylight, sunlight",musana
[GENERAL_NOUN] wild rubber tree,musanda
"[GENERAL_NOUN] jester, joker, tease",musandaazi
[GENERAL_NOUN] hollow stemmed grass,musanja
[GENERAL_NOUN] seven,musanju
[GENERAL_NOUN] the cross,musaraba
"[GENERAL_NOUN] carver,engraver",musaruzi
[GENERAL_NOUN] one who cuts,musazi
"[GENERAL_NOUN] poor person, beggar",museege
[GENERAL_NOUN] player of ekiseega,museegu
"[GENERAL_NOUN] shameless, indecent, impudent person",museeguzi
[GENERAL_NOUN] one who fetches firewood,museenyi
"[GENERAL_NOUN] swindler, exorbitant salesman",museezi
[HEALTH_AND_MEDICINE_NOUN] native midwife,musehenyi
[GENERAL_NOUN] bamboo,museke
"[GENERAL_NOUN] mocker, scorner, scoffer",musekerezi
"[GENERAL_NOUN] entertaining, amusing person",musekesa
"[COMMON_ANIMALS_NOUN] penis (cattle, goats, etc.)",musembe
"[GENERAL_NOUN] cleaner, refiner",musemeza
[GENERAL_NOUN] escort,musendekereza
"[GENERAL_NOUN] outcast, exile",musendwa
"[GENERAL_NOUN] strainer, filter",musengiijo
[GENERAL_NOUN] sand,musenyi
"[MILITARY_NOUN] soldier, policeman",muserikale
[GENERAL_NOUN] seeker,museruzi
"[GENERAL_NOUN] young man, youth",musigazi
[GENERAL_NOUN] sower,musigi
"[GENERAL_NOUN] caretaker, steward, deputy, agent",musigwa
"[GENERAL_NOUN] sinner, transgressor",musiisi
[GENERAL_NOUN] ruled line,musiitale
[GENERAL_NOUN] brace (tool),musikano
"[NATURE_AND_ENVIRONMENT_NOUN] earthquake, = musisa",musrki
[GENERAL_NOUN] silent and stupid person,mosimangi
[GENERAL_NOUN] stamp the foot,musindo
[COMMON_ANIMALS_NOUN] unbaked pot;pig-iron,musinga
[GENERAL_NOUN] sweeper,musingolez
"[GENERAL_NOUN] , conquered one, captive",musingurwa
[GENERAL_NOUN] conqueror,musinguzi
[GENERAL_NOUN] clitoris,musino
"[GENERAL_NOUN] Mohammedan, Moslem",musiraamu
[NATURE_AND_ENVIRONMENT_NOUN] earthquake; = musiki,musisa
[GENERAL_NOUN] very large calabash,musisi
[GENERAL_NOUN] skewer,musito
"[GENERAL_NOUN] ; citizen , indigenous",musiweosi
[GENERAL_NOUN] incense tree,musizi
[GENERAL_NOUN] transgressor,musobya
[GENERAL_NOUN] castor oil plant,musoga
[GENERAL_NOUN] fisherman,musohi
[GENERAL_NOUN] marrow,musoina
"[GENERAL_NOUN] liar, mischief-maker",musokerezi
[GENERAL_NOUN] marrow,musokoora
"[GENERAL_NOUN] thief, plunderer",musomboozi
[GENERAL_NOUN] Arab,musombwa
[EDUCATION_AND_LEARNING_NOUN] teacher,musomesa
"[EDUCATION_AND_LEARNING_NOUN] reader, scholar, pupil, studen",musomi
"[GENERAL_NOUN] ;study, leaming,course of reading",musomo
[GENERAL_NOUN] sub clan of Bakunmgu,musonde
[GENERAL_NOUN] a syphilitic,musonde
[GOVERNANCE_AND_ADMINISTRATION_NOUN] King's gateway,mosongoorro
"[GENERAL_NOUN] design, style or fashion",musono
[GENERAL_NOUN] coly bird,musoonono
"[GENERAL_NOUN] tax, tribute",musoro
[GENERAL_NOUN] picker,musoromi
[GENERAL_NOUN] collector,musorooza
"[COMMON_ANIMALS_NOUN] edible rat, cane-rat",musu
"[GENERAL_NOUN] , wax candle",musubbaho
[GENERAL_NOUN] milk of second milking,musubyo
"[GENERAL_NOUN] thief,greedy person",musuma
[GENERAL_NOUN] nail,musumaali
[GENERAL_NOUN] herdsman. hired shepherd,musumba
[ART_AND_ENTERTAINMENT_NOUN] leader of singing soloist,musumiikirizi
"[GENERAL_NOUN] onlooker, spectator, bystander",musungi
[GENERAL_NOUN] =omusunga foreg,musunsi
[GENERAL_NOUN] common hombill,musuraibaaga
[GENERAL_NOUN] tail of a bird,musuti
"[ECONOMICS_AND_COMMERCE_NOUN] trader, merchant",musuubuzi
"[GENERAL_NOUN] ; exile, emigrant",musuuhuuki
"[GENERAL_NOUN] pile, heap",muswa
[GENERAL_NOUN] flatterer,muswagirizi
[GENERAL_NOUN] ; raffia palm,muswale
[GENERAL_NOUN] bridegroom,muswezi
[GENERAL_NOUN] fever,muswija
"[GENERAL_NOUN] neighbour, fellow, companion",mutaabi
"[GENERAL_NOUN] bungler, clumsy person",mutaami
"[GENERAL_NOUN] boundary, border",mutaano
[GENERAL_VERB] see omutabi,mutabuzi
[GENERAL_NOUN] drawer of water,mutahi
[GENERAL_NOUN] drunkard,mutamiizi
[GENERAL_NOUN] ; strip of cloth,mutanda
[GENERAL_NOUN] one who welcomes guests,mutangirizi
"[GENERAL_NOUN] fine, propitiatory gift",mutango
[GENERAL_NOUN] wooden clog,mutarabanda
"[GENERAL_NOUN] preacher, speaker",mutebezi
"[GENERAL_NOUN] beguiler, one who persuades",mutebitebi
"[GENERAL_NOUN] planner, organiser",muteekaniza
[GENERAL_NOUN] peacemaker,muteeraniza
[GENERAL_NOUN] mottled pink bean,muteesweka
[GENERAL_NOUN] strike,muteezi
[GENERAL_NOUN] planner,mutegeki
[GENERAL_NOUN] trap,mutego
"[COMMON_ANIMALS_NOUN] iron bar, crow-bar",mutehimbwa
"[ECONOMICS_AND_COMMERCE_NOUN] , pedlar, merchant, hawker",mutembeya
"[GENERAL_NOUN] climber, rider",mutembi
"[GENERAL_NOUN] planter (of maize, etc.)",mutemezi
[GENERAL_NOUN] ; feller of trees,mutemi
[GENERAL_NOUN] murderer,mutemu
"[EDUCATION_AND_LEARNING_NOUN] instructor, lecturer, teacher",mutendeki
"[EDUCATION_AND_LEARNING_NOUN] ; pupil, student",mutendekwa
[GENERAL_NOUN] tree,muti
"[GENERAL_NOUN] stubborn, obstinate, forward person",mutigi
"[GENERAL_NOUN] coward,one easily frightened",mutiini
[GENERAL_NOUN] a tiny brown bird,mutiiri
[GENERAL_NOUN] lender,mutiiza
[GENERAL_VERB] see mutuma,mutima
[GENERAL_NOUN] Royal drums (entimbo),mutimbo
[GENERAL_NOUN] ; fig tree,mutini
"[GENERAL_NOUN] child, young person",muto
[GENERAL_NOUN] barkcloth tree,mutoma
[LEGAL_AND_LAW_MATTERS_NOUN] plaintiff,mutongani
"[LEGAL_AND_LAW_MATTERS_NOUN] advocate, intercessor, pleader",mutonganirizi
[GENERAL_NOUN] creditor,mutongi
[GENERAL_NOUN] debtor,mutongwa
"[GENERAL_NOUN] grandeur, fine clothes",mutooro
[GENERAL_NOUN] native of Tooro (woman),mutoorokati
[COMMON_ANIMALS_NOUN] one who persuades cow,mutoozi
[GENERAL_NOUN] ranger,mutuju
[GENERAL_NOUN] heavy load,mutumba
"[GENERAL_NOUN] corpse, carcass",mutumbi
"[GENERAL_NOUN] messenger, apostle",mutumwa
[GENERAL_NOUN] troubler,mutuntuzi
[GENERAL_NOUN] voracity,mutuubo
"[GENERAL_NOUN] heap, pile",mutuumo
[GENERAL_NOUN] pygmy,mutwa
[GENERAL_NOUN] bundle,mutwaro
"[TRANSPORT_NOUN] carrier, driver",mutwazi
"[GENERAL_NOUN] head, chapter, topic",mutwe
"[GENERAL_NOUN] favouritism, partiality",mutyagiro
[GENERAL_NOUN] thank you,mutyo
[GENERAL_VERB] to mumble,muumuuta
[GENERAL_VERB] to munch slowly (child),muunya
[GENERAL_VERB] to trample down,muunyiirra
[GENERAL_NOUN] seven,musanju num
[GENERAL_NOUN] ten thousand,mittwaro gumu num
[GENERAL_NOUN] a rectangular house,mwamba
[GENERAL_NOUN] nine,mwenda num
[GENERAL_NOUN] clans mate,mwene
[GENERAL_NOUN] grandson,mwijukuru
[GENERAL_NOUN] girl,mwisiki
"[GENERAL_NOUN] mohammedan, Moslem",mwisiramu
[GENERAL_NOUN] Lake Albert,mwitanzige
"[GENERAL_NOUN] there, inside there",mwo
"[GENERAL_NOUN] boy, son",mwojo
[GENERAL_NOUN] Holy Spirit (Anglican Version),mwoyo arukwera
[GENERAL_NOUN] good white salt,muunyu
[GENERAL_NOUN] fire,muurro
[GENERAL_NOUN] a partly dried thing,muyaajwa
"[GENERAL_NOUN] wind, stonn",muyaga
[GENERAL_NOUN] file,muyamba
[HEALTH_AND_MEDICINE_NOUN] pleuro-pneumonia (of cattle),muyebe
[GENERAL_NOUN] mango tree,muyembe
[GENERAL_NOUN] Greek,muyonaani
[GENERAL_NOUN] grape vine,muzaabbibbu
[GENERAL_NOUN] emigrant,muzaahi
"[GENERAL_NOUN] female slave, servan1 maid",muzaana
"[GENERAL_NOUN] player, competitor (in sports)",muzaani
"[GENERAL_NOUN] game, amusement, sport",muzaano
[GENERAL_NOUN] olive tree,muzeituuni
[GENERAL_NOUN] small root,muzi
[GENERAL_NOUN] first-born,muzigaijo
[GENERAL_NOUN] drumstick,muzigiso
[GENERAL_NOUN] mosque,muzigiti
[GENERAL_NOUN] enemy,muzigu
[GENERAL_NOUN] swimmer,muzihi
[GENERAL_NOUN] drumstick,muzihyo
[GENERAL_NOUN] wisdom tooth,muziiki
[GENERAL_NOUN] back tendon,muziisa
"[GENERAL_NOUN] cannon, large gun",muzinga
"[GENERAL_NOUN] swarm, flock; cylindrical hive",muzioga
"[GENERAL_NOUN] roll (e.g. of paper),scroll",muziogo
"[ART_AND_ENTERTAINMENT_NOUN] dancer, singer",muzini
[GENERAL_NOUN] choir master,munmsa
"[GENERAL_NOUN] raider, murderer",muzinzi
[GENERAL_NOUN] fragile thing,muzirakugwa
[GENERAL_VERB] to shave,mwa
[GENERAL_VERB] to overflow (solids),mwagara
[GENERAL_NOUN] fill to overflowing,mwagaza
[GENERAL_NOUN] beater (in hunting),mwahi
[GENERAL_NOUN] tiny bunch of plantains,mwahuko
[GENERAL_NOUN] clergyman,mwahule
"[GENERAL_NOUN] steward, one who stores",mwahuzi
[GENERAL_NOUN] ; unbaked cooking-pot,mwali
[GENERAL_NOUN] native of Bwamba,mwamba
[GENERAL_NOUN] arrow; cartridge,mwambi
[GOVERNANCE_AND_ADMINISTRATION_NOUN] King's laundry-man,mwambura
[GENERAL_NOUN] Kings laundry man,mwamura
[GENERAL_NOUN] ferryman,mwamuzi
"[GENERAL_NOUN] child, young",mwana
"[GENERAL_NOUN] idler, loiterer",mwandaazi
"[GENERAL_NOUN] flat stone, rock",mwandara
"[GENERAL_NOUN] ravine, deep valley",mwaoga
"[GENERAL_NOUN] quick, rash person",mwanguhi
[GENERAL_NOUN] lascivious person,mwanjuki
[GENERAL_NOUN] flesh of thigh,mwara
[GENERAL_NOUN] piece of level ground,mwaransi
"[GENERAL_NOUN] , marauder, raider",mwayi
"[GENERAL_NOUN] ; leader, guide",mwebembezi
[EDUCATION_AND_LEARNING_NOUN] learner beginner,mwega
"[GENERAL_NOUN] smile faintly, smile shyly",mwegeerra
[GENERAL_NOUN] careful person,mwegeerra
"[GENERAL_NOUN] cloak, cape",mwegcreko
"[EDUCATION_AND_LEARNING_NOUN] teacher,catechist. tutor, master",mwegesa
"[EDUCATION_AND_LEARNING_NOUN] mistress,a female teacher",mwegcsakati
"[EDUCATION_AND_LEARNING_NOUN] pupil, disciple",mwegesibwa
[GENERAL_NOUN] scholar,mwegeswa
"[EDUCATION_AND_LEARNING_NOUN] learner,student",mwegi
[GENERAL_NOUN] clown,mwegingi
[GENERAL_NOUN] lascivious person,mwegombo
"[GENERAL_NOUN] boaster, braggart",mwehaahizi
[GENERAL_NOUN] proud person. conceited person,mwebulizi
[GENERAL_NOUN] deligent person,mwekambi
"[GENERAL_NOUN] girdle, belt",mweko
[GENERAL_NOUN] pilterer,mwekomakomi
"[GENERAL_NOUN] proud , scornful person",mwekuniki
"[GENERAL_NOUN] ; rebel, traitor",mwemi
[GENERAL_NOUN] cloak,mweoagiro
"[GENERAL_NOUN] bountiful , generous person",mwenda
[GENERAL_NOUN] native lovers,mwenda
"[GENERAL_NOUN] oppressor, bully",mwendcrezi
[GENERAL_NOUN] shinny,mwengenge
[GENERAL_NOUN] discomfort,mwenyanya
"[GENERAL_NOUN] ; boaster, braggart",mwenyumirizi
[GENERAL_NOUN] =foreg,mwenyumiza
"[GENERAL_NOUN] shave round (spot, wound)",mwereerra
"[GENERAL_NOUN] rebel, independent person, renegade",mweremi
"[GENERAL_NOUN] bullying, illtreatment",mwerengeerro
"[GENERAL_NOUN] bully, scornful person",mwerengcrezi
"[GENERAL_NOUN] modest, careful, sober-minded person",mwerinzi
"[GENERAL_NOUN] plenty, abundance, cheap",mweru
[GENERAL_NOUN] sneeze,mwesa
[GENERAL_NOUN] suppliant,mwescngcrezi
[GENERAL_NOUN] tenant,mwesengcze
[COMMON_ANIMALS_NOUN] one who waters cattle,mwesezi
"[GENERAL_NOUN] faithful, trustworthy person",mwesigwa
"[GENERAL_NOUN] intruder, interloper",mwetaahirizi
"[GENERAL_NOUN] busybody, i nterfering person",mwetabi
"[GENERAL_NOUN] good-natured, easy-going person",mwetebeekezi
[GENERAL_NOUN] sash,mwetecgero
[GENERAL_NOUN] sensible person,mwetcgereza
[GENERAL_NOUN] a handy person,mwetoozitoozi
"[GENERAL_NOUN] ; anxiety,worry",mwetunturo
"[GENERAL_NOUN] carrier, porter",mwetweki
[GENERAL_NOUN] one who shows off,mweyoleki
[GENERAL_NOUN] moonlight,mwezi
"[GENERAL_NOUN] ;thief, robber",mwibi
[GENERAL_NOUN] diver,mwibizi
[GENERAL_NOUN] rainmaker,mwiga
[GENERAL_NOUN] rain maker,mwigi
"[GENERAL_NOUN] stick, rod, walking-stick",mwigo
[GENERAL_NOUN] ; first born,mwiguranda
"[GENERAL_NOUN] satisfaction(of food), repletion",mwiguto
[GENERAL_NOUN] toothless person,mwihuki
[GENERAL_NOUN] salt water,mwijooro
[GENERAL_NOUN] one who reminds,mwijukya
"[GENERAL_NOUN] deluge, flood",mwijuzo
[GENERAL_NOUN] one who outstays welcome,mwikaJirizi
"[GENERAL_NOUN] believer, follower",mwikiriza
"[GENERAL_NOUN] miserly, selfish, grudging person",mwimi
[GENERAL_NOUN] agitator,mwimukirizi
[GENERAL_NOUN] unlucky person,mwinazi
"[GENERAL_NOUN] entertainer, host",mwinuzi
[GENERAL_NOUN] darkness,mwirima
[GENERAL_NOUN] whistle,mwiriza
"[GENERAL_NOUN] runner, fugitive",mwiruki
[GENERAL_NOUN] relative,mwiseruganda
[GENERAL_NOUN] murderer,mwisi
"[TRANSPORT_NOUN] fordable river, landing-place, harbour",mwogo
[GENERAL_NOUN] tempter,mwohi
[GENERAL_NOUN] lender,mwoboza
[GENERAL_NOUN] borrower,mwohozi
[GENERAL_NOUN] =omwohi,mwobya
[GENERAL_NOUN] one who roasts; incendinary,mwoki
[GOVERNANCE_AND_ADMINISTRATION_NOUN] King's head cook,mwokya
[GENERAL_NOUN] instructor,mwoleki
"[GENERAL_NOUN] show, exhibition",mwoleko
[GENERAL_NOUN] builder,mwombeki
"[GENERAL_NOUN] disobliging, disagreeable person",mwomi
"[HEALTH_AND_MEDICINE_NOUN] guardian, nurse",mworoozi
[GENERAL_NOUN] streak,myalikya
[GENERAL_NOUN] streak,myankya
"[GENERAL_NOUN] loot, plunder (esp. food)",myayo
[GENERAL_NOUN] bad behaviour,myeduudo
[GENERAL_NOUN] pretence,myegiragizo
[GENERAL_NOUN] boasting,myebaahiro
[GENERAL_NOUN] conceit,myehembo
"[GENERAL_NOUN] conceit, pride",mycbuurro
"[GENERAL_NOUN] pride, arrogance",myekuniko
[GENERAL_NOUN] conceit,myekuzo
"[GENERAL_NOUN] pride, self exaltation, boasting",myenyumizo
[GENERAL_VERB] to fasten; gamboling,myeteegere
[GENERAL_VERB] to wash partially,nnaba
[GENERAL_VERB] to wash partially with,naabisa
[COMMON_ANIMALS_NOUN] bullock,naaho
"[GENERAL_NOUN] prophet, messenger of God",nabbi
[GENERAL_NOUN] small sickle = noijoro,naijora
[BIOLOGY_NOUN] species of edible termites,naka
"[GENERAL_VERB] need, trouble, grief, sorrow",naku
"[GENERAL_NOUN] and they, and them",nabo
[GENERAL_NOUN] but also,nabwo
"[GENERAL_NOUN] and they, and them",nabyo
"[GENERAL_NOUN] and they, and it",nago
[GENERAL_NOUN] and it,nagwo
"[GENERAL_NOUN] and so, therefore",nahabweki
[GENERAL_NOUN] and you,nainywe
[GENERAL_NOUN] and us,naitwe
[GENERAL_NOUN] and you,naiwe
[GENERAL_NOUN] and it,nako
[GENERAL_NOUN] and it,nakwo
[GENERAL_NOUN] and it,nakyo
[GENERAL_NOUN] and it,naryo
[GENERAL_NOUN] even now,na hati hoona
[HEALTH_AND_MEDICINE_NOUN] nurse,naasi
[GENERAL_NOUN] and it,narwo
[GENERAL_NOUN] and it,natwo
[GENERAL_NOUN] and him/he,nawe
"[GENERAL_NOUN] and they, and them",nazo
[GENERAL_NOUN] pineapple,nanaasi
[GENERAL_VERB] to make red,nanasa
"[GENERAL_VERB] to refuse, no",nangwa
"[GENERAL_NOUN] untrustworthy, mischief maker",ncompya
[GENERAL_NOUN] ; slender beautiful woman,ncooyooyo
[GENERAL_NOUN] fish,ncu
"[GENERAL_NOUN] loose faeces, dung","ncurrura,"
[GENERAL_NOUN] =ensirabo,ncuro
[GENERAL_NOUN] judgment,newa
"[COMMON_ANIMALS_NOUN] large, long legged cock",ndaade
"[GENERAL_NOUN] habitation ,dwelling place",ndaaro
[COMMON_ANIMALS_NOUN] castrated bull,ndaawa
"[GENERAL_NOUN] sharp, clever person",ndabukya
"[GENERAL_NOUN] bargain, coaveaant, agreement",ndagaano
[GENERAL_NOUN] francolin,ndabi
"[GENERAL_NOUN] oath, vow, protestation",ndabiro
[GENERAL_NOUN] edible tubers,ndaji
[GENERAL_NOUN] tapewonn,ndambi
"[GENERAL_NOUN] worship, ritual",ndamya
[GENERAL_NOUN] talk without stopping,ndanda
[GENERAL_NOUN] hartebeest; also enyemera,ndaogaazi
[GENERAL_NOUN] heat haze,ndawe
[GENERAL_NOUN] will i hear again,ndahura
[GENERAL_NOUN] god of small-pox,ndaura
[GENERAL_NOUN] royal quiver (Pal),ndayampunu
"[GENERAL_NOUN] ; border, edge",ndebolebo
"[GENERAL_NOUN] looking glass, mirror",ndeeberwamu
[GENERAL_NOUN] forked stick,ndeeso
[GENERAL_NOUN] small bell-like ornament,ndege
"[COMMON_ANIMALS_NOUN] weaver, finch, chatterbox",ndegeya
[GENERAL_NOUN] ; large basket,ndegu
[GENERAL_NOUN] fine,ndehwa
[GENERAL_NOUN] axe. see ndyamiti,ndemu
[GENERAL_NOUN] measure (of capacity),ndeogo
[GENERAL_NOUN] lower part of abdomen,nderajera
"[GENERAL_NOUN] pipe, flute",ndere
[GENERAL_NOUN] early crop,ndere
[GENERAL_NOUN] flowers of omuko,ndibaliba
[GENERAL_INTERJ] sound of running footsteps,ndigito
[COMMON_ANIMALS_NOUN] ; wild dog,ndii Takumara
[GENERAL_NOUN] lime(fruit),ndimaawa
[GENERAL_NOUN] languages; tongues,ndimi
"[GENERAL_NOUN] cultivated plot,field",ndimiro
[GENERAL_NOUN] lemon,ndimu
[GENERAL_VERB] see ekirindiro,ndindiro
[GENERAL_NOUN] fish -hook,ndobo
[GENERAL_NOUN] tackle; free,ndobo
[GENERAL_NOUN] bucket,ndobo
[GENERAL_NOUN] church dues,ndobonva
[GENERAL_NOUN] barbel,ndoci
[GENERAL_NOUN] variety of barkcloth,ndogo
[GENERAL_NOUN] shoot,ndokwa
[GENERAL_NOUN] one who watches expectantly,ndolerezi
"[GENERAL_NOUN] looking-glass, mirror",ndolerwamu
[GENERAL_VERB] see omudomadoma,ndoma
"[ART_AND_ENTERTAINMENT_NOUN] guitar, musical instrument",ndongo
[GENERAL_NOUN] snare for catching birds,ndubatira
"[GENERAL_NOUN] first-hand information, true report",ndugaho
"[GENERAL_NOUN] start, origin",ndugiirro
[GENERAL_NOUN] ;gall-bladder,ndurwa
[GENERAL_NOUN] green pigeon,nduuka
[GENERAL_NOUN] conspirator,nduupe
"[GENERAL_NOUN] sickness,disease, illness, ailment",ndwara
"[GENERAL_NOUN] strong stick, club",ndwidwi
[GENERAL_NOUN] manner of eatting,ndya
[GENERAL_NOUN] honey-sucker,ndyabunuunu
[GENERAL_NOUN] plenty of food,ndyaga
[GENERAL_VERB] to shake about,negena
[GENERAL_VERB] to be thoroughly cooked,negiijuka
[GENERAL_VERB] to cook thoroughly,negiiijura
[GENERAL_VERB] to nod (head),negura
[GENERAL_NOUN] inedible bitter gourd juice,nerobe
"[GENERAL_VERB] to bite, chew",nena
"[GENERAL_VERB] to be gloomy, morose",nencza
[COMMON_ANIMALS_NOUN] species of cow parsley,nengaoenge
[GENERAL_NOUN] wheelbarrow,nengere
"[GENERAL_NOUN] slop, descent",nengo
[GENERAL_NOUN] tapeworm,nfaana
[GENERAL_NOUN] absence of prepuce,nfuli
"[GENERAL_NOUN] swollen glands, lymph node",nfumbi
[COMMON_ANIMALS_NOUN] ; calf (of leg),nfundo
[GENERAL_NOUN] papyrus,nfunjo
[GENERAL_NOUN] orphan,nfuuzi
[GENERAL_NOUN] bushbuck,ngabi
[GENERAL_NOUN] shield,ngabu
"[MILITARY_NOUN] general, commander, ambassador,representative",ngabwa
"[GENERAL_NOUN] oar, racket",ngahi
[GENERAL_VERB] see engarabi,ngaija
[GENERAL_NOUN] fine,ngaitwa
[GENERAL_NOUN] ;shell spoon,ngamba
"[GENERAL_NOUN] dialect, speech, utterance",ngambo
[GENERAL_NOUN] camel,ngamira
"[GENERAL_NOUN] class, tribes, clans",nganda
[GENERAL_NOUN] handful (of grass. etc.),nganda
[GENERAL_NOUN] lean meat,nganga
"[GENERAL_NOUN] fables, stories",nganikyo
[GENERAL_NOUN] white geranium,ngaoja
[GENERAL_NOUN] friend,nganjaoi
[GENERAL_NOUN] wheat,ngano
"[GENERAL_NOUN] favourite, beloved one",nganzi
[GENERAL_NOUN] skin mat,ngaraate
[GENERAL_NOUN] hand; palm ;fingers,ngaro
"[GENERAL_NOUN] answer, reply",ngarukamu
"[COMMON_ANIMALS_NOUN] shame, disgrace; scorpion",nge
"[GENERAL_NOUN] my, mine",nge
[GENERAL_NOUN] clay bottle,ngemeko
"[GENERAL_NOUN] gait, pace, walk",ngenda
"[GENERAL_NOUN] travels,journeys",ngendo
"[GENERAL_NOUN] traveler; friend, brother",ngenzi
[BIOLOGY_NOUN] species of beetle,ngenzigenzi
[GENERAL_NOUN] backbiter,ngeyangaoi
"[GENERAL_NOUN] running water, stream current",ngezi
"[GENERAL_NOUN] notch,joint",ngiga
[GENERAL_NOUN] wart-hog,ngiri
[COMMON_ANIMALS_NOUN] leopard,ngo
[GENERAL_NOUN] open wound,ngoga
[GENERAL_NOUN] drum,ngoma
[GENERAL_VERB] see igotero,ngombe
[COMMON_ANIMALS_NOUN] cow with white spots,ngondo
[COMMON_ANIMALS_NOUN] why dab finch,ngongababara
[GENERAL_NOUN] otter,ngonge
[GENERAL_NOUN] love,ngonzi
[GENERAL_NOUN] nape of neck,ngoto
[GENERAL_NOUN] that,ngu
"[GENERAL_NOUN] tick, mite",nguha
"[GENERAL_NOUN] grainery, barn, store",nguli
[GENERAL_NOUN] barren woman or animal,ngumba
"[GENERAL_NOUN] weakling,long-lived person",ngundiizi
"[GENERAL_NOUN] gum, resin",ngunu
"[GENERAL_NOUN] high road,street",nguudo
[GENERAL_NOUN] bribe,nguzi
"[GENERAL_NOUN] horn , trumpet",ngwara
[GENERAL_NOUN] will testament,ngweta
"[GENERAL_NOUN] property left, legacy",ngwetano
[GENERAL_NOUN] =foreg,ngweterano
"[GENERAL_NOUN] ;to strangle, choke",niga
"[GENERAL_NOUN] ;to hope,expect, think",nibiraku
"[GENERAL_VERB] to over satisfy, surfeit",nibisa
[GENERAL_VERB] to promise,nihiza
[GENERAL_VERB] be over satisfied,nihya
[GENERAL_NOUN] =foreg,niiniirwa
[GENERAL_VERB] to be finely ground,niinuuka
[GENERAL_NOUN] ; to grind finely,niinuura
"[GENERAL_NOUN] , God forbid",nikikafuuhe
[GENERAL_NOUN] that is why,nikyo
[COMMON_ANIMALS_NOUN] bull,nimi
"[GENERAL_NOUN] anus, buttocks, bottom",nio
"[GENERAL_NOUN] insult, abuse bitterly",niobora
[GENERAL_VERB] to bully excessively,nionioza
"[GENERAL_NOUN] Indian hemp, opium",njaahi
[GENERAL_NOUN] cropped ears,njabule
[GENERAL_NOUN] flatterer,njagirizi
"[GENERAL_NOUN] hunger, famine",njara
[GENERAL_NOUN] reed buck,njaza
"[GENERAL_NOUN] slender,delicate person",njeode
[GENERAL_NOUN] many plantain gardens together,njenga
[COMMON_ANIMALS_NOUN] white sheep,njeru
[GENERAL_NOUN] gospel (=evanjin'),njiri
[COMMON_ANIMALS_NOUN] marsh antelope,njobe
[GENERAL_NOUN] annlet,njogeza
[GENERAL_NOUN] elephant,njojo
"[COMMON_ANIMALS_NOUN] snake, worm",njoka
[GENERAL_NOUN] bad temper,njokambi
[GENERAL_NOUN] bees,njoki
[GENERAL_NOUN] small earthenware bottle,njooje
[GENERAL_NOUN] screw thread,njora
[GENERAL_NOUN] ; house; grey hair,nju
[GENERAL_NOUN] ; blood pudding,njuba
[COMMON_ANIMALS_NOUN] hippopotamus,njubu
[GENERAL_NOUN] =mukaaga,njugaoo
[GENERAL_NOUN] baked plantain,njugute
[GENERAL_NOUN] jigger,njunza
[GENERAL_NOUN] rain,njura
[GENERAL_NOUN] nakedness,njuuro
[GENERAL_NOUN] invalid,njwabi
"[GENERAL_NOUN] way of clothing, attire",njwara
[GENERAL_NOUN] beads,nkwanzi
[GENERAL_NOUN] which,nibiha/nigaha
[GENERAL_NOUN] help,njuna
"[GENERAL_ADV] adv., about",nka
"[GENERAL_NOUN] like, as",nka
[GENERAL_NOUN] sixty,nkaaga
[GENERAL_NOUN] flower sheath of plantain,nkaanaana
"[GENERAL_NOUN] lines, rows, queues",nkaarra
"[COMMON_ANIMALS_NOUN] ; donkey, ass",nkaina
"[GENERAL_NOUN] sandal, shoe",nkaito
"[GENERAL_NOUN] biliousness, jundice, bile, anthrax",nkaka
[GENERAL_NOUN] urine,nkali
[GENERAL_NOUN] rest camp,nkambi
"[GENERAL_NOUN] stockings, punees",nkampa
"[GENERAL_NOUN] rake, puller(comb), for hair",nkandttro
[GENERAL_NOUN] hoof,nkangaasi
"[GENERAL_NOUN] end. goal, stopping-place",nkango
[COMMON_ANIMALS_NOUN] grey cow,nkanja
[GENERAL_NOUN] times,nkanjaiga
[COMMON_ANIMALS_NOUN] black cow or ewe,nkara
[COMMON_ANIMALS_NOUN] dark-grey cow,nkarabo
[GENERAL_NOUN] ; a huge elephant,nkaranga
"[COMMON_ANIMALS_NOUN] grey monkey, brown verlvet",nkende
"[GENERAL_NOUN] groaning,discontent, dissatisfaction; pain, ache",nkeoyera
[GENERAL_NOUN] a tall flowering grass,nkenzi
[GENERAL_NOUN] water-frog,nkere
"[COMMON_ANIMALS_NOUN] dog faced ape, baboon",nkerebe
[GENERAL_NOUN] flower-sheath of plantain,nkerekere
"[GENERAL_NOUN] infant, baby",nkerembe
[COMMON_ANIMALS_NOUN] black and red cow,nkerenge
[GENERAL_NOUN] nozzle of bellows,nkero
[COMMON_ANIMALS_NOUN] yoke of oxen,nkiirri
[COMMON_ANIMALS_NOUN] small grey monkey,nkima
[GENERAL_NOUN] ; septum (of nose),nkinga
"[GENERAL_NOUN] grudging spirit, vexation, annoy",nkini
"[GENERAL_NOUN] rude, unsociable, unkind person",nkinuuki
[GENERAL_NOUN] needle,nkinzo
[GENERAL_NOUN] coccyx,nkirate
"[BIOLOGY_NOUN] pulse, heart beat",nkiratima
"[GENERAL_NOUN] ;spinal cord, fright,terror panic",nkizi
[GENERAL_NOUN] north-east wind,nkobe
[GENERAL_NOUN] eyelashes,nkohi
[GENERAL_NOUN] scar,nkojo
"[COMMON_ANIMALS_NOUN] fowl, hen",nkoko
[COMMON_ANIMALS_NOUN] cock,nkokoromi
"[GENERAL_NOUN] pigeon pea, = entendiigwa",nkolimbo
"[GENERAL_NOUN] ; feeble, worthless person",nkoryo
[COMMON_ANIMALS_NOUN] black Colobus monkey,nkoma
[GENERAL_NOUN] swarm of bees,nkombabwaliko
[COMMON_ANIMALS_NOUN] ram; solid millet porridge,nkombe
[GENERAL_NOUN] stocks,nkomo
[GENERAL_NOUN] stem of mushroom,nkooda
[GENERAL_INTERJ] expression of pity,nkone
[GENERAL_NOUN] half-cooked food,nkone
[GENERAL_NOUN] variety of plantain,nkonera
[GENERAL_NOUN] stamp of tree,nkonge
[GENERAL_NOUN] small wooden milk pot,nkongooro
"[GENERAL_NOUN] back of bead, occupant",nkongootera
[HEALTH_AND_MEDICINE_NOUN] false or delayed pregnancy,nkongoro
[GENERAL_NOUN] pipe-stem euphorbia,nkoni
[GENERAL_NOUN] woodpecker,nkonkomerezi
"[GENERAL_NOUN] descent, slope",nkonkomoko
[GENERAL_VERB] see nkonkomerezi,nkonkonamuti
[GENERAL_NOUN] retained membranes of placenta,nkono
"[COMMON_ANIMALS_NOUN] castrated bull, ram, etc",nkonwa
[GENERAL_NOUN] =omwarro,nkonyamango
[GENERAL_NOUN] as it is,nkooku kiri
"[GENERAL_NOUN] good relation, working together",nkoorraana
[GENERAL_NOUN] cough,nkoorro
[GENERAL_NOUN] ; cane for plaiting,nkorakole
[GOVERNANCE_AND_ADMINISTRATION_NOUN] King's milking cows,nkoroogi
[GENERAL_NOUN] firewood,nku
[GENERAL_NOUN] worker termites,nkubebe
"[GENERAL_NOUN] strength, vigour",nkubiti
[GENERAL_NOUN] flea,nkukuni
[GENERAL_NOUN] candelabra euphorbia,nkukuuru
[GENERAL_NOUN] ; horn trumpet,nkule
[GENERAL_NOUN] white millet,nkumba
"[GENERAL_NOUN] crowd, abundance of people",nkumbititi
"[GENERAL_NOUN] entertaining, hospitality",nkuna
[COMMON_ANIMALS_NOUN] ; red-tailed cercopitheque (monkey),nkunda
[COMMON_ANIMALS_NOUN] red-tailed colobus monkey,nkunga
[GENERAL_NOUN] strife. quarrel,nkungani
[GENERAL_NOUN] hang nail,nkunuukizi
[COMMON_ANIMALS_NOUN] rhinoceros,nkura
[GENERAL_NOUN] ; glands behind ear,nkurakutu
[GENERAL_NOUN] stunted person or thing,nkurambi
[GENERAL_NOUN] intruder,nkurugusi
[GENERAL_NOUN] blue bird plantain-eater,nkurungo
"[GENERAL_NOUN] cheat, swindler, crafty person",nkurungu
[GENERAL_NOUN] stupid person,nkusi
"[GENERAL_NOUN] , pigeon peas",nkuuku
"[GENERAL_NOUN] rude,unsociable, unkind person",nkaunuoki
[COMMON_ANIMALS_NOUN] a large ape,nkuya
[GENERAL_NOUN] shoulder blade,nkwa
[GENERAL_NOUN] armpit,nkwabwa
[GENERAL_NOUN] clap,nkwakwa
[GENERAL_NOUN] quail,nkwali
"[GENERAL_NOUN] smart, sharp person",nkwaoguza
"[GENERAL_NOUN] gum, glue",nkwasi
"[GENERAL_NOUN] ,sticks for firewood",nkwikwi
[BIOLOGY_NOUN] species of biting ant,nkwinva
[GENERAL_VERB] to hate,noba
"[GENERAL_NOUN] dislike, enemity, hatred",nobi
"[GENERAL_VERB] to pick, pluck",noga
[GENERAL_NOUN] =foreg,noijoro
[GENERAL_NOUN] a soft red clay,nombe
[GENERAL_NOUN] tree with edible fruits,nondwa
"[GENERAL_NOUN] nail, claw",nooo
"[GENERAL_NOUN] although, despite the fact",noobwakubaire
[GENERAL_NOUN] who is it?,nooha
"[GENERAL_NOUN] surplus,profits, abundance; unit",nsaagi
"[GENERAL_NOUN] flour, powder",nsaano
[GENERAL_NOUN] illness,nsaasi
"[GENERAL_NOUN] bag, pocket, sack",nsahu
[GENERAL_NOUN] food money,nsakwa
[COMMON_ANIMALS_NOUN] grey cow,nsama
"[GENERAL_NOUN] field after harvest, stubble",nsambu
[GENERAL_NOUN] border of mat,nsandaigo
[COMMON_ANIMALS_NOUN] cow with loose horns,nsara
[GENERAL_NOUN] brand made of grass,nsaso
[GENERAL_NOUN] payment,nsasura
[GENERAL_NOUN] three of them,nsatu
"[GENERAL_NOUN] exhaustion , extreme thirst",nsazi
[GENERAL_NOUN] poor person,nseege
[GENERAL_NOUN] pipe.flute,nscegu
[GENERAL_NOUN] edible grasshoppers,nsecnene
"[GENERAL_NOUN] yonder, across the valley",nseeri
[GENERAL_NOUN] =foreg,nseesekarwa
[GENERAL_NOUN] way of laughing,nseka
[GENERAL_NOUN] outer sty (on eye),nsekera
"[GENERAL_NOUN] laughter, fun",nseko
[GENERAL_NOUN] short bladed spear,nsembukya
[GENERAL_VERB] see ekisomerano,nsemcrano
"[GENERAL_NOUN] dear one, beloved",nsemere
[GENERAL_NOUN] exile,nsendwa
[GENERAL_NOUN] giant hog,nsenge
[GENERAL_NOUN] fetters,nsengo
[COMMON_ANIMALS_NOUN] hippopotamus,nsere
[HEALTH_AND_MEDICINE_NOUN] dysentery,nsese
[GENERAL_NOUN] nausea; vomit,nsesemi
[GENERAL_NOUN] miserable person,nsezi
[GENERAL_NOUN] cane for bow-string,nsibago
[GENERAL_NOUN] trip in wrestling,nsibiko
[GENERAL_NOUN] kidney; seeds,nsigo
"[GENERAL_NOUN] ; booths, camp, hut",nsiisira
[GENERAL_NOUN] upper grindstone,nsiiso
"[GENERAL_NOUN] cowry shell, money",nsimbi
[GENERAL_NOUN] variety of potato,nsimbyemu
[GENERAL_NOUN] muzzle loader,nsindirirwa
[GENERAL_NOUN] full moon when rising,nsinduro
"[GENERAL_NOUN] youth, young generation",nsinganto
[GENERAL_NOUN] grin,nsinika
[GENERAL_NOUN] cold chisel,nsiojo
[GENERAL_NOUN] oribi,nsirabu
[GENERAL_NOUN] ; wanned-up food,nsirali
"[GENERAL_NOUN] shape, appearance",nsisana
[GENERAL_NOUN] secret,nsita
"[GENERAL_NOUN] ; knee-cup,patella",nso
"[GENERAL_NOUN] ; mistake, error",nsobi
[GENERAL_NOUN] explanation,nsoboorra
[GENERAL_NOUN] castor-oil berry,nsoga
[GENERAL_NOUN] house fly,nsohera
"[COMMON_ANIMALS_NOUN] young dog, puppy",nsole
[GENERAL_NOUN] bulbul,nsoli
[GENERAL_NOUN] silkworm,nsombabyoma
[GENERAL_NOUN] mud-fish,nsombi
[GENERAL_NOUN] insect that eats plantains,nsonambere
[GENERAL_NOUN] cape (of land),nsondo
[GENERAL_NOUN] biting ant (causes swelling),nsondokozi
[GENERAL_NOUN] prominent forehead,nsoogo
[GENERAL_NOUN] young homed animal,nsongora
"[GENERAL_NOUN] shame, modesty. shyness",nsoni
[HEALTH_AND_MEDICINE_NOUN] ; tertiary syphilis,nsonjogo
[GENERAL_NOUN] insolent person,nsooki
[GENERAL_NOUN] =usooki,nsookoomi
[GENERAL_NOUN] assemblies,nsoorrookana
"[GENERAL_NOUN] collection,collecting",nsorooza
[GENERAL_NOUN] small venomouse ant,nsorosozi
"[GENERAL_NOUN] imitator, imitation",nsubiirizi
[GENERAL_NOUN] ; red duiker,nsuku
"[GENERAL_NOUN] pimple, wart",nsundu
"[GENERAL_NOUN] hanger-on, parasite",nsungamirizi
"[GENERAL_NOUN] extreme edge, unsafe place",nsunsunikizo
[GENERAL_NOUN] flakes of skin,nsusu
"[GEOGRAPHY_NOUN] refugee,fugitive, exile, foreigner, emigrant",nsuubuuki
[GENERAL_NOUN] termites(a favorite delicacy),nswa
"[GENERAL_NOUN] well bom, nice-looking person",ntaabusule
[COMMON_ANIMALS_NOUN] swallow,ntaahi
[COMMON_ANIMALS_NOUN] sheep,ntaama
[GENERAL_NOUN] fool,ntaama
[GENERAL_VERB] see entabusule,ntaamusule
[GENERAL_NOUN] homeless,ntaaru
[GENERAL_NOUN] flamingo,ntabaazi
"[GENERAL_NOUN] ; mean,stingy person",ntabuguguna
"[GENERAL_NOUN] muddle, confusion, commotion",ntabukatabuka
[GENERAL_NOUN] light wire bracelet,ntagabwa
[GENERAL_NOUN] guinea fowl,ntajumba
"[GENERAL_NOUN] ; clod, sod",ntaka
[COMMON_ANIMALS_NOUN] lion,ntale
[GENERAL_NOUN] mouth full of water,ntama
"[GENERAL_NOUN] oh, I see!",ntamanya
"[GENERAL_NOUN] pace, short distance",ntambu
"[GEOGRAPHY_NOUN] Thomas Kob,island",ntamu
[COMMON_ANIMALS_NOUN] civet cat = kitabujuguta,ntamujuguta
[GENERAL_NOUN] umbrella (archaic),ntamusiya
[GENERAL_NOUN] vomitus,ntanaki
"[GENERAL_NOUN] beginning, start, origin",ntandiko
"[GENERAL_NOUN] cross roads,junction",ntaogatangano
[GENERAL_NOUN] time after sunrise,ntangize
"[GENERAL_NOUN] wanderer, roamer",ntaratazi
"[GENERAL_NOUN] spy, scout",ntasi
[GENERAL_NOUN] wanderer,ntazi
[GENERAL_NOUN] chair,ntebe
[GENERAL_NOUN] way of preaching,ntebeza
"[GENERAL_NOUN] conjecture forecast,, weather forecast",nteebereza
"[GENERAL_NOUN] preparation, arrangement",nteekaniza
"[GENERAL_NOUN] settle, proper place, socket",nteeko
[GENERAL_NOUN] ; trial by ordeal,nteenyi
"[GENERAL_NOUN] joint, junction",nteeraniro
"[MATHEMATICS_NOUN] ; addition, joining",nteeraniza
"[GENERAL_NOUN] ; preparation, plan, arrangement",ntegeka
[GENERAL_NOUN] enema,ntego
[GENERAL_NOUN] small calabash cup,ntema
[GENERAL_NOUN] mantis,ntemamuhoro
[GENERAL_NOUN] ascent,ntembotembo
[GENERAL_NOUN] very large bundle,ntende
[GENERAL_NOUN] below,ntcngeetera
[GENERAL_NOUN] red winged fraocolin,ntiikarya
[COMMON_ANIMALS_NOUN] malachite kingfisher,ntimagizi
[GENERAL_NOUN] curtain,ntimbe
[GENERAL_NOUN] fist,ntomi
[COMMON_ANIMALS_NOUN] small species of grasshopper,ntondo
"[LEGAL_AND_LAW_MATTERS_NOUN] defence, apology, plea",ntongana
"[GENERAL_NOUN] evidence, complaint",ntongani
[GENERAL_NOUN] ;kind of harp,ntongoole
[GENERAL_NOUN] water frog; stupid person,ntoole
[GENERAL_NOUN] chronic ache or pain,ntoto
[COMMON_ANIMALS_NOUN] zebra,ntulege
[GENERAL_NOUN] knob,ntuli
[GENERAL_NOUN] ; self-sown potatoes,ntuliirra
[GENERAL_NOUN] swollen gland,nturabusa
[GENERAL_VERB] see oruturatule,nturatule
"[GENERAL_NOUN] bubble, slobber",nturuba
"[GENERAL_NOUN] ; languid, slothful person",nturumu
[GENERAL_VERB] see ekiisamiitwatu,ntutumi
[COMMON_ANIMALS_NOUN] ; crested crane,ntuuhu
[GENERAL_NOUN] metaphoric name of dogs,ntuuke
[GENERAL_NOUN] heap,ntuumo
"[GENERAL_NOUN] heaviness, weight",ntuuro
[GENERAL_NOUN] cape gooseberries,ntuutu
"[GENERAL_NOUN] perspiration, sweat",ntuuyo
[COMMON_ANIMALS_NOUN] giraffe,ntwiga
[GENERAL_NOUN] walk/move fast,ntyagi
[GENERAL_VERB] to treat with contempt,nuga
[GENERAL_NOUN] that is where;thisis where,nuho
"[GENERAL_VERB] to be itched, irritated",nuliirirwa
[GENERAL_NOUN] maraboustork,nunda
"[GENERAL_VERB] to smell upleasant, stink",nunka
"[GENERAL_VERB] to sniff, smell",nunkiriza
[GENERAL_NOUN] plant with edible tubers,nura
[GENERAL_NOUN] =zigisa (hair),nuuma
[GENERAL_NOUN] pancreas,nuuni
"[GENERAL_NOUN] , it is he/she",nuwe
"[GENERAL_NOUN] sweeten, flavour",nuza
[GENERAL_NOUN] undiluted bananas juice (ensande),nvunya
[COMMON_ANIMALS_NOUN] hornet,nwa
"[GENERAL_VERB] to flatter, fawn on",nwekanweka
[GENERAL_NOUN] and then,nukwo kwona
[GENERAL_NOUN] and so,nukwonu
[GENERAL_NOUN] chritmas day,nweri
[GENERAL_NOUN] wise man,nya
[GENERAL_VERB] to grab,nyaakura
"[GENERAL_NOUN] coffee berry, = omwani",nyaani
[GENERAL_NOUN] tomatoes,nyaanya
[GENERAL_NOUN] eat without relish,nyaata
[GENERAL_NOUN] variety of plantains (nyamuunyu),nyabakazi
[GENERAL_NOUN] ; twin bananas,nyabansasana
[GENERAL_NOUN] silkworm,nyabatimbo
[GENERAL_NOUN] evening star,nyabisaaniko
[GENERAL_NOUN] hopeless me,nyaburanyowe
[GENERAL_NOUN] smell of the fingers,nyabwara
[COMMON_ANIMALS_NOUN] insect like cricket,nyabwigutaine
[GENERAL_NOUN] bleeding from the gum,nyabwino
[GENERAL_NOUN] difference,nyabukana
[GENERAL_NOUN] afternoon about 4 p.m,nyaigoro
[GENERAL_NOUN] sister of a female,nyakaabu
[GENERAL_NOUN] your sister,nyakaanyu
[GENERAL_NOUN] variety of potato,nyakabanda
"[GENERAL_NOUN] native born , aborigine",nyakabara
[GENERAL_NOUN] type of edible banana,nyakairagura
[GENERAL_NOUN] stiffness of tbe limb,nyakanyama
[GENERAL_NOUN] edible leaves of eteke,nyakarabyo
[GENERAL_NOUN] variety of plantain,nyakeeragu
[COMMON_ANIMALS_NOUN] a large cow,nyakryonga
"[GENERAL_NOUN] meat, Aesb,muscle",nyama
[GENERAL_NOUN] district,nyamasaza
"[GENERAL_NOUN] pincers,pliers",nyamagaro
[GENERAL_NOUN] albino,nyamagoye
[BIOLOGY_NOUN] Species of edible mushroom,nyamahamba
"[GENERAL_NOUN] wild beast, animal",nyamaiswa
[COMMON_ANIMALS_NOUN] ; civet cat,nyamakeka
[COMMON_ANIMALS_NOUN] mason wasp,nyamambubira
[GENERAL_NOUN] foreg,nyamandondoli
"[COMMON_ANIMALS_NOUN] turtle, tortoise",nyamankogoto
[GENERAL_NOUN] variety of convolvulus,nyamantoogaoira
[GENERAL_NOUN] back ribs (of animal),nyambu
[GENERAL_NOUN] ford,nyambukiro
[GENERAL_NOUN] during the day,nyamisana
[GENERAL_VERB] to pass wind,nyampa
[GENERAL_NOUN] mask,nyamugongoro
"[GENERAL_NOUN] flute,pipe",nyamulere
[GENERAL_NOUN] ant bear,nyamulimi
[GENERAL_NOUN] spider,nyamumbubi
[GENERAL_NOUN] ant; type of bird,nyamunkanga
[COMMON_ANIMALS_NOUN] species of edible termite,nyamunkoya
"[COMMON_ANIMALS_NOUN] , civet cat",nyamunsimbi
[COMMON_ANIMALS_NOUN] porcupine,nyamunuogu
[GENERAL_NOUN] stiffness of the limbs,nyamwenga
[GENERAL_NOUN] Royal stool,nyamyarro
"[COMMON_ANIMALS_NOUN] calf, heifer",nyaoa
[GENERAL_NOUN] very light skinned,nyamutukura
[GENERAL_NOUN] royal stool,nyamyaro
[COMMON_ANIMALS_NOUN] chameleon,nyapimpina
[GENERAL_NOUN] south-east wind,nyangoromora
[GENERAL_NOUN] royal bow,nyapogo
[GENERAL_NOUN] variety of plantain,nyarutere
[GENERAL_NOUN] shell spoon,nyaso
[GENERAL_NOUN] wagtail,nyaswiswi
"[GENERAL_NOUN] cleft,crack",nyatika
[GENERAL_NOUN] ; green ibis,nyawaawa
[COMMON_ANIMALS_NOUN] chameleon,nyawaraju
[COMMON_ANIMALS_NOUN] spirit to protect cattle,nyarwa
[GENERAL_NOUN] all of me,nyeena
"[GENERAL_VERB] to hypnotize, bewitch",nyeenya
"[GENERAL_NOUN] fatten, bring up",nyeesa
"[GENERAL_NOUN] , fat , stout,plump",nyeete
[GENERAL_VERB] to spin a top,nyega
"[GENERAL_NOUN] top,rattle",nyege
[GENERAL_VERB] to climb,nyegera
[GENERAL_NOUN] court fee,nyegezo
"[GENERAL_NOUN] ; boaster, braggart",nyehaahizi
[GENERAL_NOUN] hartebeest,nyemera
"[GENERAL_NOUN] dross, slag",nyenga
[COMMON_ANIMALS_NOUN] cockroach,nyenje
[GENERAL_NOUN] myself,nyenka
[GENERAL_NOUN] morning,nyenkya
[GENERAL_NOUN] moon in last quarter,nyereero
[GENERAL_VERB] see mwetoozitoozi,nyetooratoozi
"[GENERAL_NOUN] bandy man, craftsman",nyetwezi
"[GENERAL_NOUN] belief,creed",nyikiriza
[GENERAL_NOUN] respiration,nyikya
[GENERAL_NOUN] your maternal uncle,nyinaarumiinywe
[GENERAL_PRON] his or her mother,nyina
[GENERAL_NOUN] their mother,nyinabo
[GENERAL_NOUN] mistress of the house,nyinabwenge
[GENERAL_NOUN] our mother,nyinainywe
[GENERAL_NOUN] my mother,nyinanyowe
[GENERAL_NOUN] our mother,nyinaitwe
[GENERAL_NOUN] their maternal uncle,nyinarumibo
[GENERAL_PRON] ; our maternal uncle,nyinarumiitwe
[GENERAL_NOUN] my maternal uncle,nyinaruminyowe
[GENERAL_NOUN] his/her mother-in-law,nyinazaara
[GENERAL_NOUN] nose; loop,nyindo
"[GENERAL_NOUN] womb, uterus",nyinenda
[GENERAL_NOUN] mistress of the house,nyinenju
[GENERAL_NOUN] family head,nyinenka
[GENERAL_NOUN] his/her paternal/maternal grandmother,nyinenkuru
[GENERAL_NOUN] my grandmother,nyinenkurunyowe
[GENERAL_NOUN] your grandmother,nyinenkurwinywe
[GENERAL_NOUN] our maternal aunt,nyinentoitwe
"[GENERAL_PRON] , my maternal aunt",nyinentonyowe
"[GENERAL_VERB] to become morose, scowl",nyinyimbwa
[GENERAL_NOUN] latrine,nyiraguju
[GENERAL_NOUN] your mother,nyoko
[GENERAL_NOUN] your meternal uncle,nyokoromi
[GENERAL_NOUN] your mother-in-law,nyokozaara
[GENERAL_NOUN] your grandmother,nyokwenkuru
[GENERAL_NOUN] your maternal aunt,nyokwento
[GENERAL_NOUN] ; tiny water frog,nyorya
"[GENERAL_NOUN] style of building, architecture",nyombeka
"[GENERAL_NOUN] post, pole, pillar",nyomyo
[GENERAL_NOUN] hammer,nyondo
"[COMMON_ANIMALS_NOUN] young hen, pullet",nyonge
[GENERAL_NOUN] extra,nyongezo
"[GENERAL_VERB] to be stunted, undersized",nyoonya
"[GENERAL_NOUN] strangle, twist",nyoora
[GENERAL_VERB] to choke growth,nyoroza
[GENERAL_NOUN] son of a chief,nyoro
"[GENERAL_NOUN] I, me",nyowe
"[GENERAL_NOUN] your, yours",nyu
[GENERAL_VERB] to peel off (skin),nyubura
[EDUCATION_AND_LEARNING_NOUN] letter of the alphabet,nyuguta
[GENERAL_VERB] to pull up forcibly,nyukura
"[GENERAL_ADV] adv., behind",nyuma
[COMMON_ANIMALS_NOUN] mule,nyumbu
[GENERAL_VERB] to be pleased with,nyumirwa
[GENERAL_VERB] to commend,nyumisiza
"[GENERAL_VERB] to praise, exalt",nyumiza
[GENERAL_VERB] to converse,nyumya
[GENERAL_NOUN] pipe; earthenware cookingpot,nyungu
[GENERAL_VERB] to suck dry,nyunkura
[GENERAL_VERB] to suck,nyuunya
[GENERAL_VERB] to suck juicy things,nyuunyuguza
"[GENERAL_VERB] to pull tightly, stretch",nyuunyuura
[GENERAL_NOUN] star,nyuunyuuzi
[GENERAL_VERB] to make blood-brother-hood,nywana
"[GENERAL_NOUN] ; teat, nipple",nywanta
[GENERAL_VERB] to kiss,nywegera
[GENERAL_VERB] to be sweet,nywenyweogera
[GENERAL_VERB] be drinkable,nywibwa
[GENERAL_NOUN] ; pubic bair,nza
[GENERAL_VERB] see nziramira,nzigamira
[COMMON_ANIMALS_NOUN] locust,nzige
"[GENERAL_NOUN] vengeance,ranacour",nzigu
[GENERAL_NOUN] deep water,nziha
[GENERAL_NOUN] burial fee,nziiki
[GENERAL_NOUN] pelican,nziikeere
[GENERAL_NOUN] gonohorrea,nziku
"[ART_AND_ENTERTAINMENT_NOUN] singer, dancer",nzini
[GENERAL_NOUN] taxes,nzinwa
[GENERAL_NOUN] variety of plantain,nzirabahuma
[GENERAL_VERB] see enyitano,nzirago
[COMMON_ANIMALS_NOUN] python,nziramira
"[GENERAL_NOUN] speed, swift.ness",nziriga
"[GENERAL_NOUN] soot, black pots",nziro
[GENERAL_NOUN] maggot,nzito
"[GENERAL_NOUN] appearance, view",nzooka
[GENERAL_NOUN] full moon,nzooro
[GENERAL_NOUN] when,obu
[GENERAL_NOUN] being extravagant,obubaagi
[GENERAL_NOUN] incense,obubaani
[GENERAL_NOUN] carpentry,obubaizi
[GENERAL_NOUN] tarters,obucancabari
[GENERAL_NOUN] calmness,obucureera
[GENERAL_NOUN] humility,obucureezi
[GENERAL_NOUN] small pieces,obucwekacweka
[GENERAL_NOUN] deafness,obufa-matu
[GENERAL_NOUN] foolishness,obufu
[COMMON_ANIMALS_NOUN] a cow dung,obufu
[GENERAL_NOUN] coldness,obufuki
[GENERAL_NOUN] lacking affection or enthusiasm,obufuki
[CULTURE_AND_TRADITION_NOUN] witchcraft,obufumu
[GENERAL_NOUN] narrowness,obufunda
[GENERAL_NOUN] artisanship,obufundi
[GENERAL_NOUN] hospitality,obufura
[GENERAL_NOUN] breach delivery,obufute
[GENERAL_NOUN] jealousy,obufuuhi
[GENERAL_NOUN] kingship,obugabe
[GENERAL_NOUN] freedom or liberty,obugabe
[GENERAL_NOUN] freedom of speech,obugambiro
[GENERAL_NOUN] gun powder,obuganga
[GENERAL_NOUN] disobedience,obugangaazi
[GENERAL_NOUN] stiffness,obugangaazi
[GENERAL_NOUN] manure,obugimu
[GENERAL_NOUN] fatness,obugomoke
[GENERAL_NOUN] snuff,obugoro
[GENERAL_NOUN] bitter/mock tomatoes,obugoora
[GENERAL_NOUN] hardness,obugumi
[GENERAL_NOUN] being mean; not generous,obugumi
[GENERAL_NOUN] perseverance,obugumira-naku
[GENERAL_NOUN] peace,obugwage
[GENERAL_NOUN] madness,obugwairaro
[GENERAL_NOUN] feeling tickled,obugwizi
[GENERAL_NOUN] foolishness,obugega
[GENERAL_NOUN] a sensitive plant,obugeya
[GENERAL_NOUN] secrets,obuhamahama
[GENERAL_NOUN] black tree ants,obuhambwe
[GENERAL_NOUN] secretarial work,obuhandiiki
[GENERAL_NOUN] exile,obuhanganguke
[GENERAL_NOUN] expertise,obuhangu
[GENERAL_NOUN] shelter,obuhatamo
[GENERAL_NOUN] sorghum husks,obuheehe
[GENERAL_NOUN] reception,obuhikiro
[GENERAL_NOUN] hump,obuhingura
[GENERAL_NOUN] quarry,obuhonda-mabaare
[GENERAL_NOUN] a place for resting,obuhuumuriro
[GENERAL_NOUN] being cunning and tricky,obujagujagu
[GENERAL_NOUN] bitter berries,obujabara
[GENERAL_NOUN] laziness,obujenjemere
"[GENERAL_NOUN] laces, tussels",obujunja
[GENERAL_NOUN] ornaments,obujunza
[GENERAL_NOUN] punctuation marks,obujurizo
[GENERAL_NOUN] riverblindness,obukamba
[GENERAL_NOUN] wealth,obukire
[GENERAL_NOUN] groups,obukoro
[GENERAL_NOUN] colonialisation,obukubuuzi
[GENERAL_NOUN] guarding,obukumiirizi
[GENERAL_NOUN] chieftainship,obukungu
[GENERAL_NOUN] residue,obukunguutwa
[GENERAL_NOUN] black jack seeds,obukurura
[GENERAL_NOUN] being extremely dry,obukuumeeme
[GENERAL_NOUN] insolence,obukuutu
[GENERAL_NOUN] handle,obukwatiro
[GENERAL_NOUN] expertise,obumanyi
[GENERAL_NOUN] mastitis,obumare
[GENERAL_NOUN] unity,obumwe
[GENERAL_NOUN] prophecy,obunabi
[GENERAL_NOUN] laziness,obunafu
[GENERAL_NOUN] specified time,obunaku1a
[GENERAL_NOUN] poverty,obunaku
[GENERAL_NOUN] contentment,obunanuke
[GENERAL_NOUN] relief,obunanuke
[GENERAL_NOUN] next time,obundi
[GENERAL_NOUN] perhaps,obundi
[GENERAL_NOUN] sometimes,obundinoobundi
[GENERAL_NOUN] roasted or fried legumes,obunena
[GENERAL_NOUN] roof top,obunono
[GENERAL_NOUN] compassion,obuntu
[GENERAL_NOUN] pleasant taste,obunuzi
[GENERAL_NOUN] scarcity of sauce,obunyaata
[GENERAL_NOUN] grass,obunyaasi
[GENERAL_NOUN] wisdom,obunyabwenge
[GENERAL_NOUN] religiousness,obunyadiini
[GENERAL_NOUN] selfishness,obunyakantu
[GENERAL_NOUN] long ago,obunyakare
[GENERAL_NOUN] flutes,obunyamurera
[GENERAL_NOUN] cracks,obunyangarara
[GENERAL_NOUN] mushrooms,obunyantabo
[GENERAL_NOUN] stripes,obunyarara
[GENERAL_NOUN] athletes foot,obunyarume
[GENERAL_NOUN] sensations associated with orgasm,obunyugwita
[GENERAL_NOUN] friendship,obunywani
[GENERAL_NOUN] police profession,obuporiisi
[GENERAL_NOUN] echo,oburaakaare
[GENERAL_NOUN] feebleness,oburaara
[GENERAL_NOUN] mishap,oburaare
[GENERAL_NOUN] accomodation,oburaaro
[GENERAL_NOUN] passage,oburabo
[GENERAL_NOUN] crumbs,oburagarikira
[GENERAL_NOUN] stupidity,oburagi
[GENERAL_NOUN] will,oburagwa
[GENERAL_NOUN] bullying,oburahuzi
[GENERAL_NOUN] length,oburaingwa
[GENERAL_NOUN] height,oburaingwa
[GENERAL_NOUN] long life,oburamaazi
[GENERAL_NOUN] judicial profession,oburamuzi
[GENERAL_NOUN] resemblence,oburanga
[GENERAL_NOUN] servitude,oburanga
[HEALTH_AND_MEDICINE_NOUN] trachoma,oburangura
[GENERAL_NOUN] home desertion,oburare
[GENERAL_NOUN] trail,oburari
[GENERAL_NOUN] diocese,obureeberezi
[GENERAL_NOUN] help,obureeberezi
[GENERAL_NOUN] vintage point,obureebero
[GENERAL_NOUN] betrayal,obureebya
[GENERAL_NOUN] weight,obureemeezi
[GENERAL_NOUN] wet,oburefure
[GENERAL_NOUN] beards,obureju
[GENERAL_NOUN] disability,oburema
[GENERAL_NOUN] excessively,oburenge
[GENERAL_NOUN] in breech birth,oburenge
[GENERAL_NOUN] west,oburengerwa-izooba
[GENERAL_NOUN] laziness,oburera-ngaro
[GENERAL_NOUN] baby sitting,oburezi
[GENERAL_NOUN] heaviness,oburiba
[GENERAL_NOUN] available space,oburibatiro
[GENERAL_NOUN] dried starch food,oburiga
[GENERAL_NOUN] cash,oburiho
[GENERAL_NOUN] a parish,oburiisa
[GENERAL_NOUN] grazing land,oburiisizo
[GENERAL_NOUN] almost impossible,oburiite
[GENERAL_NOUN] holiness,oburikwera
[GENERAL_NOUN] fire-making sticks,oburindi
[GENERAL_NOUN] justice,oburingaaniza
[GENERAL_NOUN] defence,oburinzi
[GENERAL_NOUN] finger millet,oburo
[GENERAL_NOUN] millet bread,oburo
[GENERAL_NOUN] millet garden,oburo
[GENERAL_NOUN] dirt,oburofa
[GENERAL_NOUN] charm,oburogo
[GENERAL_NOUN] complaints,oburomborombo
[GENERAL_NOUN] type of mushrooms,oburondo
[GENERAL_NOUN] insenity,oburondogozi
[GENERAL_NOUN] moral decay,oburondogozi
[COMMON_ANIMALS_NOUN] chicken fleas,oburooro
[GENERAL_NOUN] source or origin,oburugo
[GENERAL_NOUN] East,oburugwa-izooba
[GENERAL_NOUN] fatigue,oburuhe
[GENERAL_NOUN] a resting place,oburuhuukiro
[GENERAL_NOUN] goodness,oburungi
[GENERAL_NOUN] water falls,obururuma
[GENERAL_NOUN] sickness,oburwaire
[GENERAL_NOUN] tendency of fighting,oburwani
[GENERAL_NOUN] moustache,oburyambuzi
[GENERAL_NOUN] embezzlement,oburyangatanisa
[GENERAL_NOUN] deceit,oburyarya
[GENERAL_NOUN] pain,obusaasi
[GENERAL_NOUN] particles,obusaasingo
[GENERAL_NOUN] across,obuseeri
[GENERAL_NOUN] dullness of mind,obusenzi
[GENERAL_NOUN] sw.menopause,obusaagure
[GENERAL_NOUN] bitterness,obusaariizi
[HEALTH_AND_MEDICINE_NOUN] doctor,obusaho
[GENERAL_NOUN] looting,obusahuzi
"[GENERAL_NOUN] manhood, penis, male genital",obusaija
[GENERAL_NOUN] curdled milk,obusakuruke
[GENERAL_NOUN] fornication,obusambani
[GENERAL_NOUN] madness,obusazi
[GENERAL_NOUN] morning,obuseese
[GENERAL_NOUN] millet,obusekere
[GENERAL_NOUN] igonarance,obusema
[GENERAL_NOUN] high cheek bornes,obusenda-bagenyi
[GENERAL_NOUN] authority or power,obusoboorozi
[GENERAL_NOUN] the teaching profession,obusomesa
[GENERAL_NOUN] religious leadership,obusomesa
[GENERAL_NOUN] enlightened though tutelage,obusongoke
[GENERAL_NOUN] possessing,obusugaane
[GENERAL_NOUN] theft,obusuma
[GENERAL_NOUN] being mean,obusuma
"[GENERAL_NOUN] tribute, ground rent",obusuuru
[GENERAL_NOUN] marriage,obuswere
[GENERAL_NOUN] origin,obusibuko
[GENERAL_NOUN] small tills,obusinde
[GENERAL_NOUN] success or victory,obusinguzi
[GENERAL_NOUN] peace,obusinge
[GENERAL_NOUN] habitual intoxication,obusinzi
[GENERAL_NOUN] hook worms,obusiri
[GENERAL_NOUN] inability to understand,obusiru
[GENERAL_NOUN] bed bugs,obusuzi
[GENERAL_NOUN] Newness,obusya
[GENERAL_NOUN] neighbourliness,obutaahi
[GENERAL_NOUN] entrance,obutaahiro
[GENERAL_NOUN] shelter or dwelling place,obutaaho
[HEALTH_AND_MEDICINE_NOUN] trachoma,obutaanyure
[GENERAL_NOUN] being obstinate and stubborn,obutahurira
[GENERAL_NOUN] deafness,obutahurira
[GENERAL_NOUN] failure to remeber,obutaijuka
[GENERAL_NOUN] hard working,obutaisa
[GENERAL_NOUN] retarded growth,obutakura
[GENERAL_NOUN] ignorance,obutamanya
[GENERAL_NOUN] iron ore,obutare
[GENERAL_NOUN] bracelets,obutariza
[GENERAL_NOUN] fearlessness,obutatiina
[GENERAL_NOUN] failure to respect,obutatiina
[GENERAL_NOUN] espionage,obutasi
[GENERAL_NOUN] orderlineess,obuteeka
[GENERAL_NOUN] a grass specie,obuteerante
[GENERAL_NOUN] governance,obutegeki
[GENERAL_NOUN] regime,obutegeki
[GENERAL_NOUN] murder,obutemu
[GENERAL_NOUN] pampering,obutesi
[GENERAL_NOUN] fear or cowardice,obutiini
[GENERAL_NOUN] sodomy/homosexuality,obutingwa
[GENERAL_NOUN] being promiscuous,obutingwa
[GENERAL_NOUN] coldness,obutiti
[GENERAL_NOUN] feeling coldness,obutitizi
[HEALTH_AND_MEDICINE_NOUN] chickenpox,obutojo
[GENERAL_NOUN] abnormality,obutondogozi
[GENERAL_NOUN] doing something officially,obutongore
[BIOLOGY_NOUN] period of germination,obutooka
[GENERAL_NOUN] always,obutoosa
[GENERAL_NOUN] wealth,obutungi
[GENERAL_NOUN] onions,obutunguru
[GENERAL_NOUN] dawn,obuturuturu
[GENERAL_NOUN] pumpkins,obutuuku
[GENERAL_NOUN] settlement,obutuura
[GENERAL_NOUN] usual way of life,obutuura
[GENERAL_NOUN] grave,obutuura
[GENERAL_NOUN] mushrooms,obutuzi
[GENERAL_NOUN] poison,obutwa
[GENERAL_NOUN] container,obutwariro
[GENERAL_NOUN] often times,obutwire
[GENERAL_NOUN] small groups,obuyoobe
[GENERAL_NOUN] kinship,obuzaare
[GENERAL_NOUN] acting as a rogoue,obuzahambuki
[GENERAL_NOUN] parenthood,obuzaire
[GENERAL_NOUN] enmity,obuzigu
[GENERAL_NOUN] being swollen,obuzimba
[ASTRONOMY_AND_THE_UNIVERSE_NOUN] eclipse of the moon,obuzimya-kwezi
[GENERAL_NOUN] bones showing below hips,obuzinio
[GENERAL_NOUN] bandity,obuzinzi
[GENERAL_NOUN] useless,obuzire
[GENERAL_NOUN] a place of refuge,obuzo
[GENERAL_NOUN] headache,obwabe
[GENERAL_NOUN] desparate need,obwagi
[GENERAL_NOUN] sorghum covers,obwagimba
[GENERAL_NOUN] currently,obwahati
[GENERAL_NOUN] echo,obwaku
[GENERAL_NOUN] prostitution,obwamaraaya
[GENERAL_NOUN] long ago,obwambere
[GENERAL_NOUN] a feeling of emptiness,obwambure
[GENERAL_NOUN] chieftainship,obwami
[LEGAL_AND_LAW_MATTERS_NOUN] evidence for prosecution,obwamusinja
[GENERAL_NOUN] childhood,obwana
[GENERAL_NOUN] nicotine,obwanga
[GENERAL_NOUN] small oblong shaped beads,obwangacuucu
[GENERAL_NOUN] mutual hatred,obwangane
[GENERAL_NOUN] haste,obwangu
[GENERAL_NOUN] bonus,obwasiisi
[GENERAL_NOUN] axe,obwasimba
[GENERAL_NOUN] household refuse,obwasingo
[GENERAL_NOUN] firstborn child,obwatamatako
[GENERAL_NOUN] boat,obwato
[GENERAL_NOUN] something very huge,obwatumba
[GENERAL_NOUN] leadership,obwebembezi
[GENERAL_NOUN] resting place,obwecuriko
[GENERAL_NOUN] shelter,obwegamo
[GENERAL_NOUN] care,obwegendesereza
[GENERAL_NOUN] brotherhood,obweisemwe
[GENERAL_NOUN] peevishness,obwekanasi
[GENERAL_NOUN] cud,obwekuumo
[GENERAL_NOUN] height,obwemi
[GENERAL_NOUN] knowledge,obwenge
[GENERAL_NOUN] infancy,obwereere
[GENERAL_NOUN] security or defence,obwerinzi
[GENERAL_NOUN] not a big herd,obweteeka
[GENERAL_NOUN] small scattered homesteads,obweteeka
[GENERAL_NOUN] determination,obwetunuke
[GENERAL_NOUN] round about,obwezigooro
[GENERAL_NOUN] courage,obweziriki
[GENERAL_NOUN] theft,obwibi
[GENERAL_NOUN] the firstborn child,obwigura-nda
[GENERAL_NOUN] digestion,obwijuranda
[GENERAL_NOUN] in full,obwijwire
[GENERAL_NOUN] in detail,obwijwire
[GENERAL_NOUN] supericial relationship,obwimba
[GENERAL_NOUN] meanness,obwimi
[GENERAL_NOUN] small openings,obwina
[GENERAL_NOUN] malice,obwinazi
[GENERAL_NOUN] haste,obwira
[ASTRONOMY_AND_THE_UNIVERSE_NOUN] eclipse of the sun,obwira-kabiri
"[GENERAL_NOUN] time, period of time",obwire
[GENERAL_NOUN] cloud overcast,obwiririmba
[GENERAL_NOUN] thatch,obwiriza
[GENERAL_NOUN] shrines,obwirungu
[GENERAL_NOUN] intense mutual hatred,obwitane
[GENERAL_NOUN] murder,obwitsi
[GENERAL_NOUN] then,obwo
[GENERAL_NOUN] those,obwo
[GENERAL_NOUN] yet,obwo
[GENERAL_NOUN] fear,obwoba
[GENERAL_NOUN] anguish,obwogo
[GENERAL_NOUN] honey,obwoki
[GENERAL_NOUN] the building profession,obwombeki
[GENERAL_NOUN] utter dryness or thirst,obwomooma
[GENERAL_NOUN] brain,obwongo
[GENERAL_NOUN] mental ability,obwongo
[GENERAL_NOUN] guardianship,obworozi
[GENERAL_NOUN] an ornament or bracelet,obwose
[GENERAL_NOUN] fireplace,obwotero
[GENERAL_VERB] to take bath,oga
[GENERAL_VERB] wash someone or something,ogeza
[GENERAL_NOUN] this one,ogu
[GENERAL_NOUN] illness of children,ogwaha iguru
[GENERAL_NOUN] whom?,oha
"[GENERAL_VERB] to excite, urge on",ohern
[GENERAL_VERB] to be upset,ohoka
"[GENERAL_VERB] to lend, advance money",ohora
[GENERAL_VERB] to tempt,oheze
"[GENERAL_VERB] to lend, advance money",oiriirwota
[GENERAL_NOUN] kind of potatoes,okaamanyota
[GENERAL_VERB] to set light,okereza
[GENERAL_NOUN] goodmorning,okiisize
[GENERAL_NOUN] There,oku
[GENERAL_NOUN] slaughter,okubaaga
[HEALTH_AND_MEDICINE_NOUN] surgery,okubaaga
[GENERAL_VERB] to be able,okubaasa
[GENERAL_VERB] I be able,mbaasa
[GENERAL_VERB] he/she be ables,abaasa
[GENERAL_VERB] I have be abled,mbaasire
[GENERAL_VERB] be able!,baasa
[GENERAL_VERB] I don't be able,timbaasa
[GENERAL_VERB] to be possible,okubaasika
[GENERAL_VERB] I be possible,mbaasika
[GENERAL_VERB] he/she be possibles,abaasika
[GENERAL_VERB] I have be possibled,mbaasikire
[GENERAL_VERB] be possible!,baasika
[GENERAL_VERB] I don't be possible,timbaasika
[GENERAL_VERB] to sting,okubaba
[GENERAL_VERB] I sting,mbaba
[GENERAL_VERB] he/she stings,ababa
[GENERAL_VERB] I have stinged,mbabire
[GENERAL_VERB] sting!,baba
[GENERAL_VERB] I don't sting,timbaba
[GENERAL_VERB] to singe,okubabura
[GENERAL_VERB] I singe,mbabura
[GENERAL_VERB] he/she singes,ababura
[GENERAL_VERB] I have singed,mbabuzire
[GENERAL_VERB] singe!,babura
[GENERAL_VERB] I don't singe,timbabura
[GENERAL_VERB] to construct a framework,okubaga
[GENERAL_VERB] I construct a framework,mbaga
[GENERAL_VERB] he/she construct a frameworks,abaga
[GENERAL_VERB] I have construct a frameworked,mbagire
[GENERAL_VERB] construct a framework!,baga
[GENERAL_VERB] I don't construct a framework,timbaga
[GENERAL_VERB] to separate,okubaganisa
[GENERAL_VERB] I separate,mbaganisa
[GENERAL_VERB] he/she separates,abaganisa
[GENERAL_VERB] I have separated,mbaganisire
[GENERAL_VERB] separate!,baganisa
[GENERAL_VERB] I don't separate,timbaganisa
[GENERAL_VERB] to split,okubaganuka
[GENERAL_VERB] I split,mbaganuka
[GENERAL_VERB] he/she splits,abaganuka
[GENERAL_VERB] I have splited,mbaganukire
[GENERAL_VERB] split!,baganuka
[GENERAL_VERB] I don't split,timbaganuka
[GENERAL_VERB] to weed,okubagara
[GENERAL_VERB] I weed,mbagara
[GENERAL_VERB] he/she weeds,abagara
[GENERAL_VERB] I have weeded,mbagazire
[GENERAL_VERB] weed!,bagara
[GENERAL_VERB] I don't weed,timbagara
[GENERAL_VERB] to do carpentry,okubaija
[GENERAL_VERB] I do carpentry,mbaija
[GENERAL_VERB] he/she do carpentries,abaija
[GENERAL_VERB] I have do carpentried,mbaizire
[GENERAL_VERB] do carpentry!,baija
[GENERAL_VERB] I don't do carpentry,timbaija
[GENERAL_VERB] to catch something mid-air,okubaka
[GENERAL_VERB] I catch something mid-air,mbaka
[GENERAL_VERB] he/she catch something mid-airs,abaka
[GENERAL_VERB] I have catch something mid-aired,mbakire
[GENERAL_VERB] catch something mid-air!,baka
[GENERAL_VERB] I don't catch something mid-air,timbaka
[GENERAL_VERB] to conceive,okubaka
[GENERAL_VERB] I conceive,mbaka
[GENERAL_VERB] he/she conceives,abaka
[GENERAL_VERB] I have conceived,mbakire
[GENERAL_VERB] conceive!,baka
[GENERAL_VERB] I don't conceive,timbaka
[GENERAL_VERB] to hasten,okubakuka
[GENERAL_VERB] I hasten,mbakuka
[GENERAL_VERB] he/she hastens,abakuka
[GENERAL_VERB] I have hastened,mbakukire
[GENERAL_VERB] hasten!,bakuka
[GENERAL_VERB] I don't hasten,timbakuka
[GENERAL_VERB] to snatch,okubakura
[GENERAL_VERB] I snatch,mbakura
[GENERAL_VERB] he/she snatches,abakura
[GENERAL_VERB] I have snatched,mbakuzire
[GENERAL_VERB] snatch!,bakura
[GENERAL_VERB] I don't snatch,timbakura
[GENERAL_VERB] to crucify,okubamba
[GENERAL_VERB] I crucify,mbamba
[GENERAL_VERB] he/she crucifies,abamba
[GENERAL_VERB] I have crucified,mbambire
[GENERAL_VERB] crucify!,bamba
[GENERAL_VERB] I don't crucify,timbamba
[GENERAL_VERB] to peg out,okubamba
[GENERAL_VERB] I peg out,mbamba
[GENERAL_VERB] he/she peg outs,abamba
[GENERAL_VERB] I have peg outed,mbambire
[GENERAL_VERB] peg out!,bamba
[GENERAL_VERB] I don't peg out,timbamba
[GENERAL_VERB] to be mad,okubambaara
[GENERAL_VERB] I be mad,mbambaara
[GENERAL_VERB] he/she be mads,abambaara
[GENERAL_VERB] I have be maded,mbambaazire
[GENERAL_VERB] be mad!,bambaara
[GENERAL_VERB] I don't be mad,timbambaara
[GENERAL_VERB] to stiffen,okubambaaza
[GENERAL_VERB] I stiffen,mbambaaza
[GENERAL_VERB] he/she stiffens,abambaaza
[GENERAL_VERB] I have stiffened,mbambaazire
[GENERAL_VERB] stiffen!,bambaaza
[GENERAL_VERB] I don't stiffen,timbambaaza
[GENERAL_VERB] to lift with haste,okubambaitura
[GENERAL_VERB] I lift with haste,mbambaitura
[GENERAL_VERB] he/she lift with hastes,abambaitura
[GENERAL_VERB] I have lift with hasted,mbambaituzire
[GENERAL_VERB] lift with haste!,bambaitura
[GENERAL_VERB] I don't lift with haste,timbambaitura
[GENERAL_VERB] to flatter,okubambarika
[GENERAL_VERB] I flatter,mbambarika
[GENERAL_VERB] he/she flatters,abambarika
[GENERAL_VERB] I have flattered,mbambarikire
[GENERAL_VERB] flatter!,bambarika
[GENERAL_VERB] I don't flatter,timbambarika
[GENERAL_VERB] to stand still,okubambira
[GENERAL_VERB] I stand still,mbambira
[GENERAL_VERB] he/she stand stills,abambira
[GENERAL_VERB] I have stand stilled,mbambizire
[GENERAL_VERB] stand still!,bambira
[GENERAL_VERB] I don't stand still,timbambira
[GENERAL_VERB] to unpeg,okubambuura
[GENERAL_VERB] I unpeg,mbambuura
[GENERAL_VERB] he/she unpegs,abambuura
[GENERAL_VERB] I have unpeged,mbambuuzire
[GENERAL_VERB] unpeg!,bambuura
[GENERAL_VERB] I don't unpeg,timbambuura
[GENERAL_VERB] to come unexpectedly,okubanda
[GENERAL_VERB] I come unexpectedly,mbanda
[GENERAL_VERB] he/she come unexpectedlies,abanda
[GENERAL_VERB] I have come unexpectedlied,mbandire
[GENERAL_VERB] come unexpectedly!,banda
[GENERAL_VERB] I don't come unexpectedly,timbanda
[GENERAL_VERB] to calm down,okubandaara
[GENERAL_VERB] I calm down,mbandaara
[GENERAL_VERB] he/she calm downs,abandaara
[GENERAL_VERB] I have calm downed,mbandaazire
[GENERAL_VERB] calm down!,bandaara
[GENERAL_VERB] I don't calm down,timbandaara
[GENERAL_VERB] to lose one's way,okubandagira
[GENERAL_VERB] I lose one's way,mbandagira
[GENERAL_VERB] he/she lose one's ways,abandagira
[GENERAL_VERB] I have lose one's wayed,mbandagizire
[GENERAL_VERB] lose one's way!,bandagira
[GENERAL_VERB] I don't lose one's way,timbandagira
[GENERAL_VERB] to collapse,okubandama
[GENERAL_VERB] I collapse,mbandama
[GENERAL_VERB] he/she collapses,abandama
[GENERAL_VERB] I have collapsed,mbandamire
[GENERAL_VERB] collapse!,bandama
[GENERAL_VERB] I don't collapse,timbandama
[GENERAL_VERB] to collapse against,okubandamira
[GENERAL_VERB] I collapse against,mbandamira
[GENERAL_VERB] he/she collapse againsts,abandamira
[GENERAL_VERB] I have collapse againsted,mbandamizire
[GENERAL_VERB] collapse against!,bandamira
[GENERAL_VERB] I don't collapse against,timbandamira
[GENERAL_VERB] to come first,okubandiza
[GENERAL_VERB] I come first,mbandiza
[GENERAL_VERB] he/she come firsts,abandiza
[GENERAL_VERB] I have come firsted,mbandizire
[GENERAL_VERB] come first!,bandiza
[GENERAL_VERB] I don't come first,timbandiza
[GENERAL_VERB] to strike hard,okubandura
[GENERAL_VERB] I strike hard,mbandura
[GENERAL_VERB] he/she strike hards,abandura
[GENERAL_VERB] I have strike harded,mbanduzire
[GENERAL_VERB] strike hard!,bandura
[GENERAL_VERB] I don't strike hard,timbandura
[GENERAL_VERB] to salvage,okubanduura
[GENERAL_VERB] I salvage,mbanduura
[GENERAL_VERB] he/she salvages,abanduura
[GENERAL_VERB] I have salvaged,mbanduuzire
[GENERAL_VERB] salvage!,banduura
[GENERAL_VERB] I don't salvage,timbanduura
[GENERAL_VERB] to brandish,okubanga
[GENERAL_VERB] I brandish,mbanga
[GENERAL_VERB] he/she brandishes,abanga
[GENERAL_VERB] I have brandished,mbangire
[GENERAL_VERB] brandish!,banga
[GENERAL_VERB] I don't brandish,timbanga
[GENERAL_VERB] to doubt,okubanganisa
[GENERAL_VERB] I doubt,mbanganisa
[GENERAL_VERB] he/she doubts,abanganisa
[GENERAL_VERB] I have doubted,mbanganisire
[GENERAL_VERB] doubt!,banganisa
[GENERAL_VERB] I don't doubt,timbanganisa
[GENERAL_VERB] to help or support,okubangira
[GENERAL_VERB] I help or support,mbangira
[GENERAL_VERB] he/she help or supports,abangira
[GENERAL_VERB] I have help or supported,mbangizire
[GENERAL_VERB] help or support!,bangira
[GENERAL_VERB] I don't help or support,timbangira
[GENERAL_VERB] to successfully train someone,okubangura
[GENERAL_VERB] I successfully train someone,mbangura
[GENERAL_VERB] he/she successfully train someones,abangura
[GENERAL_VERB] I have successfully train someoned,mbanguzire
[GENERAL_VERB] successfully train someone!,bangura
[GENERAL_VERB] I don't successfully train someone,timbangura
[GENERAL_VERB] to abort a blow,okubanguuza
[GENERAL_VERB] I abort a blow,mbanguuza
[GENERAL_VERB] he/she abort a blows,abanguuza
[GENERAL_VERB] I have abort a blowed,mbanguuzire
[GENERAL_VERB] abort a blow!,banguuza
[GENERAL_VERB] I don't abort a blow,timbanguuza
[GENERAL_VERB] to begin,okubanza
[GENERAL_VERB] I begin,mbanza
[GENERAL_VERB] he/she begins,abanza
[GENERAL_VERB] I have begined,mbanzire
[GENERAL_VERB] begin!,banza
[GENERAL_VERB] I don't begin,timbanza
[GENERAL_VERB] to count,okubara
[GENERAL_VERB] I count,mbara
[GENERAL_VERB] he/she counts,abara
[GENERAL_VERB] I have counted,mbazire
[GENERAL_VERB] count!,bara
[GENERAL_VERB] I don't count,timbara
[GENERAL_VERB] to crack with intent,okubaragura
[GENERAL_VERB] I crack with intent,mbaragura
[GENERAL_VERB] he/she crack with intents,abaragura
[GENERAL_VERB] I have crack with intented,mbaraguzire
[GENERAL_VERB] crack with intent!,baragura
[GENERAL_VERB] I don't crack with intent,timbaragura
[GENERAL_VERB] to estimate,okubariirira
[GENERAL_VERB] I estimate,mbariirira
[GENERAL_VERB] he/she estimates,abariirira
[GENERAL_VERB] I have estimated,mbariirizire
[GENERAL_VERB] estimate!,bariirira
[GENERAL_VERB] I don't estimate,timbariirira
[GENERAL_VERB] to burst,okubaruka
[GENERAL_VERB] I burst,mbaruka
[GENERAL_VERB] he/she bursts,abaruka
[GENERAL_VERB] I have bursted,mbarukire
[GENERAL_VERB] burst!,baruka
[GENERAL_VERB] I don't burst,timbaruka
[GENERAL_VERB] to catch,okubasa
[GENERAL_VERB] I catch,mbasa
[GENERAL_VERB] he/she catches,abasa
[GENERAL_VERB] I have catched,mbasire
[GENERAL_VERB] catch!,basa
[GENERAL_VERB] I don't catch,timbasa
[GENERAL_VERB] to slap,okubasura
[GENERAL_VERB] I slap,mbasura
[GENERAL_VERB] he/she slaps,abasura
[GENERAL_VERB] I have slaped,mbasuzire
[GENERAL_VERB] slap!,basura
[GENERAL_VERB] I don't slap,timbasura
[GENERAL_VERB] to slump any how,okubatama
[GENERAL_VERB] I slump any how,mbatama
[GENERAL_VERB] he/she slump any hows,abatama
[GENERAL_VERB] I have slump any howed,mbatamire
[GENERAL_VERB] slump any how!,batama
[GENERAL_VERB] I don't slump any how,timbatama
[GENERAL_VERB] to plant seedlings,okubatika
[GENERAL_VERB] I plant seedlings,mbatika
[GENERAL_VERB] he/she plant seedlingses,abatika
[GENERAL_VERB] I have plant seedlingsed,mbatikire
[GENERAL_VERB] plant seedlings!,batika
[GENERAL_VERB] I don't plant seedlings,timbatika
[GENERAL_VERB] to baptise,okubatiza
[GENERAL_VERB] I baptise,mbatiza
[GENERAL_VERB] he/she baptises,abatiza
[GENERAL_VERB] I have baptised,mbatizire
[GENERAL_VERB] baptise!,batiza
[GENERAL_VERB] I don't baptise,timbatiza
[GENERAL_VERB] to stand up quickly,okubatuka
[GENERAL_VERB] I stand up quickly,mbatuka
[GENERAL_VERB] he/she stand up quicklies,abatuka
[GENERAL_VERB] I have stand up quicklied,mbatukire
[GENERAL_VERB] stand up quickly!,batuka
[GENERAL_VERB] I don't stand up quickly,timbatuka
[GENERAL_VERB] to be very hot,okubatura
[GENERAL_VERB] I be very hot,mbatura
[GENERAL_VERB] he/she be very hots,abatura
[GENERAL_VERB] I have be very hoted,mbatuzire
[GENERAL_VERB] be very hot!,batura
[GENERAL_VERB] I don't be very hot,timbatura
[GENERAL_NOUN] transplanting,okubatuura
[GENERAL_VERB] to remove fat,okubayuura
[GENERAL_VERB] I remove fat,mbayuura
[GENERAL_VERB] he/she remove fats,abayuura
[GENERAL_VERB] I have remove fated,mbayuuzire
[GENERAL_VERB] remove fat!,bayuura
[GENERAL_VERB] I don't remove fat,timbayuura
[MATHEMATICS_VERB] to do multiplication,okubaza
[MATHEMATICS_VERB] I do multiplication,mbaza
[MATHEMATICS_VERB] he/she do multiplications,abaza
[MATHEMATICS_VERB] I have do multiplicationed,mbazire
[MATHEMATICS_VERB] do multiplication!,baza
[MATHEMATICS_VERB] I don't do multiplication,timbaza
[GENERAL_VERB] to talk,okubaza
[GENERAL_VERB] I talk,mbaza
[GENERAL_VERB] he/she talks,abaza
[GENERAL_VERB] I have talked,mbazire
[GENERAL_VERB] talk!,baza
[GENERAL_VERB] I don't talk,timbaza
[GENERAL_VERB] to sew,okubaziira
[GENERAL_VERB] I sew,mbaziira
[GENERAL_VERB] he/she sews,abaziira
[GENERAL_VERB] I have sewed,mbaziizire
[GENERAL_VERB] sew!,baziira
[GENERAL_VERB] I don't sew,timbaziira
[GENERAL_VERB] to soothe,okubeebeesa
[GENERAL_VERB] I soothe,mbeebeesa
[GENERAL_VERB] he/she soothes,abeebeesa
[GENERAL_VERB] I have soothed,mbeebeesire
[GENERAL_VERB] soothe!,beebeesa
[GENERAL_VERB] I don't soothe,timbeebeesa
[GENERAL_VERB] to deliberately accuse falsely,okubeeherera
[GENERAL_VERB] I deliberately accuse falsely,mbeeherera
[GENERAL_VERB] he/she deliberately accuse falselies,abeeherera
[GENERAL_VERB] I have deliberately accuse falselied,mbeeherezire
[GENERAL_VERB] deliberately accuse falsely!,beeherera
[GENERAL_VERB] I don't deliberately accuse falsely,timbeeherera
[GENERAL_VERB] to assume someone's responsibility,okubeera
[GENERAL_VERB] I assume someone's responsibility,mbeera
[GENERAL_VERB] he/she assume someone's responsibilities,abeera
[GENERAL_VERB] I have assume someone's responsibilitied,mbeezire
[GENERAL_VERB] assume someone's responsibility!,beera
[GENERAL_VERB] I don't assume someone's responsibility,timbeera
[GENERAL_VERB] to break apart,okubeguka
[GENERAL_VERB] I break apart,mbeguka
[GENERAL_VERB] he/she break aparts,abeguka
[GENERAL_VERB] I have break aparted,mbegukire
[GENERAL_VERB] break apart!,beguka
[GENERAL_VERB] I don't break apart,timbeguka
[GENERAL_VERB] to lie,okubeiha
[GENERAL_VERB] I lie,mbeiha
[GENERAL_VERB] he/she lies,abeiha
[GENERAL_VERB] I have lied,mbeihire
[GENERAL_VERB] lie!,beiha
[GENERAL_VERB] I don't lie,timbeiha
[GENERAL_VERB] to grow very old,okubendegera
[GENERAL_VERB] I grow very old,mbendegera
[GENERAL_VERB] he/she grow very olds,abendegera
[GENERAL_VERB] I have grow very olded,mbendegezire
[GENERAL_VERB] grow very old!,bendegera
[GENERAL_VERB] I don't grow very old,timbendegera
[GENERAL_VERB] to break up,okuberenga
[GENERAL_VERB] I break up,mberenga
[GENERAL_VERB] he/she break ups,aberenga
[GENERAL_VERB] I have break uped,mberengire
[GENERAL_VERB] break up!,berenga
[GENERAL_VERB] I don't break up,timberenga
[GENERAL_VERB] to eat slowly,okubereza
[GENERAL_VERB] I eat slowly,mbereza
[GENERAL_VERB] he/she eat slowlies,abereza
[GENERAL_VERB] I have eat slowlied,mberezire
[GENERAL_VERB] eat slowly!,bereza
[GENERAL_VERB] I don't eat slowly,timbereza
[GENERAL_VERB] to break suddenly,okubesuka
[GENERAL_VERB] I break suddenly,mbesuka
[GENERAL_VERB] he/she break suddenlies,abesuka
[GENERAL_VERB] I have break suddenlied,mbesukire
[GENERAL_VERB] break suddenly!,besuka
[GENERAL_VERB] I don't break suddenly,timbesuka
[GENERAL_VERB] to resow,okubibuura
[GENERAL_VERB] I resow,mbibuura
[GENERAL_VERB] he/she resows,abibuura
[GENERAL_VERB] I have resowed,mbibuuzire
[GENERAL_VERB] resow!,bibuura
[GENERAL_VERB] I don't resow,timbibuura
[GENERAL_VERB] to look sickly,okubiiha
[GENERAL_VERB] I look sickly,mbiiha
[GENERAL_VERB] he/she look sicklies,abiiha
[GENERAL_VERB] I have look sicklied,mbiihire
[GENERAL_VERB] look sickly!,biiha
[GENERAL_VERB] I don't look sickly,timbiiha
[GENERAL_VERB] to get annoyed,okubiihirwa
[GENERAL_VERB] I get annoyed,mbiihirwa
[GENERAL_VERB] he/she get annoyeds,abiihirwa
[GENERAL_VERB] I have get annoyeded,mbiihirwire
[GENERAL_VERB] get annoyed!,biihirwa
[GENERAL_VERB] I don't get annoyed,timbiihirwa
[GENERAL_VERB] to make someone annoyed,okubiihiza
[GENERAL_VERB] I make someone annoyed,mbiihiza
[GENERAL_VERB] he/she make someone annoyeds,abiihiza
[GENERAL_VERB] I have make someone annoyeded,mbiihizire
[GENERAL_VERB] make someone annoyed!,biihiza
[GENERAL_VERB] I don't make someone annoyed,timbiihiza
[GENERAL_VERB] to keep,okubiika
[GENERAL_VERB] I keep,mbiika
[GENERAL_VERB] he/she keeps,abiika
[GENERAL_VERB] I have keeped,mbiikire
[GENERAL_VERB] keep!,biika
[GENERAL_VERB] I don't keep,timbiika
[COMMON_ANIMALS_NOUN] a cock to crawl,okubika
[GENERAL_VERB] to be disabled,okubimba
[GENERAL_VERB] I be disabled,mbimba
[GENERAL_VERB] he/she be disableds,abimba
[GENERAL_VERB] I have be disableded,mbimbire
[GENERAL_VERB] be disabled!,bimba
[GENERAL_VERB] I don't be disabled,timbimba
[GENERAL_VERB] to produce froth,okubimba
[GENERAL_VERB] I produce froth,mbimba
[GENERAL_VERB] he/she produce froths,abimba
[GENERAL_VERB] I have produce frothed,mbimbire
[GENERAL_VERB] produce froth!,bimba
[GENERAL_VERB] I don't produce froth,timbimba
[GENERAL_VERB] to hide,okubindigiza
[GENERAL_VERB] I hide,mbindigiza
[GENERAL_VERB] he/she hides,abindigiza
[GENERAL_VERB] I have hided,mbindigizire
[GENERAL_VERB] hide!,bindigiza
[GENERAL_VERB] I don't hide,timbindigiza
[GENERAL_VERB] to expell,okubinga
[GENERAL_VERB] I expell,mbinga
[GENERAL_VERB] he/she expells,abinga
[GENERAL_VERB] I have expelled,mbingire
[GENERAL_VERB] expell!,binga
[GENERAL_VERB] I don't expell,timbinga
[GENERAL_VERB] to froth,okubira
[GENERAL_VERB] I froth,mbira
[GENERAL_VERB] he/she froths,abira
[GENERAL_VERB] I have frothed,mbizire
[GENERAL_VERB] froth!,bira
[GENERAL_VERB] I don't froth,timbira
[GENERAL_VERB] to boil,okubira
[GENERAL_VERB] I boil,mbira
[GENERAL_VERB] he/she boils,abira
[GENERAL_VERB] I have boiled,mbizire
[GENERAL_VERB] boil!,bira
[GENERAL_VERB] I don't boil,timbira
[GENERAL_VERB] to be shiny,okubiraguza
[GENERAL_VERB] I be shiny,mbiraguza
[GENERAL_VERB] he/she be shinies,abiraguza
[GENERAL_VERB] I have be shinied,mbiraguzire
[GENERAL_VERB] be shiny!,biraguza
[GENERAL_VERB] I don't be shiny,timbiraguza
[GENERAL_VERB] to be sodden,okubirika
[GENERAL_VERB] I be sodden,mbirika
[GENERAL_VERB] he/she be soddens,abirika
[GENERAL_VERB] I have be soddened,mbirikire
[GENERAL_VERB] be sodden!,birika
[GENERAL_VERB] I don't be sodden,timbirika
[GENERAL_NOUN] saturate with water,okubiririra
[GENERAL_VERB] to be undercooked,okubisikara
[GENERAL_VERB] I be undercooked,mbisikara
[GENERAL_VERB] he/she be undercookeds,abisikara
[GENERAL_VERB] I have be undercookeded,mbisikazire
[GENERAL_VERB] be undercooked!,bisikara
[GENERAL_VERB] I don't be undercooked,timbisikara
[GENERAL_VERB] to sharpen the horns,okubituura
[GENERAL_VERB] I sharpen the horns,mbituura
[GENERAL_VERB] he/she sharpen the hornses,abituura
[GENERAL_VERB] I have sharpen the hornsed,mbituuzire
[GENERAL_VERB] sharpen the horns!,bituura
[GENERAL_VERB] I don't sharpen the horns,timbituura
[GENERAL_VERB] to steam food,okubobeeza
[GENERAL_VERB] I steam food,mbobeeza
[GENERAL_VERB] he/she steam foods,abobeeza
[GENERAL_VERB] I have steam fooded,mbobeezire
[GENERAL_VERB] steam food!,bobeeza
[GENERAL_VERB] I don't steam food,timbobeeza
[GENERAL_VERB] to untie,okubohoorora
[GENERAL_VERB] I untie,mbohoorora
[GENERAL_VERB] he/she unties,abohoorora
[GENERAL_VERB] I have untied,mbohoorozire
[GENERAL_VERB] untie!,bohoorora
[GENERAL_VERB] I don't untie,timbohoorora
[GENERAL_VERB] to bark,okuboigora
[GENERAL_VERB] I bark,mboigora
[GENERAL_VERB] he/she barks,aboigora
[GENERAL_VERB] I have barked,mboigozire
[GENERAL_VERB] bark!,boigora
[GENERAL_VERB] I don't bark,timboigora
[GENERAL_VERB] to get unstuck,okubombooka
[GENERAL_VERB] I get unstuck,mbombooka
[GENERAL_VERB] he/she get unstucks,abombooka
[GENERAL_VERB] I have get unstucked,mbombookire
[GENERAL_VERB] get unstuck!,bombooka
[GENERAL_VERB] I don't get unstuck,timbombooka
[GENERAL_VERB] to peel off,okubombooka
[GENERAL_VERB] I peel off,mbombooka
[GENERAL_VERB] he/she peel offs,abombooka
[GENERAL_VERB] I have peel offed,mbombookire
[GENERAL_VERB] peel off!,bombooka
[GENERAL_VERB] I don't peel off,timbombooka
[GENERAL_VERB] to clatter,okubomborekana
[GENERAL_VERB] I clatter,mbomborekana
[GENERAL_VERB] he/she clatters,abomborekana
[GENERAL_VERB] I have clattered,mbomborekanire
[GENERAL_VERB] clatter!,bomborekana
[GENERAL_VERB] I don't clatter,timbomborekana
[GENERAL_VERB] to suffer,okubonabona
[GENERAL_VERB] I suffer,mbonabona
[GENERAL_VERB] he/she suffers,abonabona
[GENERAL_VERB] I have suffered,mbonabonire
[GENERAL_VERB] suffer!,bonabona
[GENERAL_VERB] I don't suffer,timbonabona
[GENERAL_VERB] to be soft,okubonda
[GENERAL_VERB] I be soft,mbonda
[GENERAL_VERB] he/she be softs,abonda
[GENERAL_VERB] I have be softed,mbondire
[GENERAL_VERB] be soft!,bonda
[GENERAL_VERB] I don't be soft,timbonda
[GENERAL_VERB] to punish,okubonereza
[GENERAL_VERB] I punish,mbonereza
[GENERAL_VERB] he/she punishes,abonereza
[GENERAL_VERB] I have punished,mbonerezire
[GENERAL_VERB] punish!,bonereza
[GENERAL_VERB] I don't punish,timbonereza
[GENERAL_VERB] to despise,okuboora
[GENERAL_VERB] I despise,mboora
[GENERAL_VERB] he/she despises,aboora
[GENERAL_VERB] I have despised,mboozire
[GENERAL_VERB] despise!,boora
[GENERAL_VERB] I don't despise,timboora
[GENERAL_VERB] to yell,okuborooga
[GENERAL_VERB] I yell,mborooga
[GENERAL_VERB] he/she yells,aborooga
[GENERAL_VERB] I have yelled,mboroogire
[GENERAL_VERB] yell!,borooga
[GENERAL_VERB] I don't yell,timborooga
[GENERAL_VERB] to be soft,okubota
[GENERAL_VERB] I be soft,mbota
[GENERAL_VERB] he/she be softs,abota
[GENERAL_VERB] I have be softed,mbosire
[GENERAL_VERB] be soft!,bota
[GENERAL_VERB] I don't be soft,timbota
[GENERAL_VERB] to speak openly,okubotora
[GENERAL_VERB] I speak openly,mbotora
[GENERAL_VERB] he/she speak openlies,abotora
[GENERAL_VERB] I have speak openlied,mbotozire
[GENERAL_VERB] speak openly!,botora
[GENERAL_VERB] I don't speak openly,timbotora
[GENERAL_VERB] to be disorganised,okubugutana
[GENERAL_VERB] I be disorganised,mbugutana
[GENERAL_VERB] he/she be disorganiseds,abugutana
[GENERAL_VERB] I have be disorganiseded,mbugutanire
[GENERAL_VERB] be disorganised!,bugutana
[GENERAL_VERB] I don't be disorganised,timbugutana
[GENERAL_NOUN] comfort,okubukaara
[GENERAL_VERB] to become narrower,okubumbama
[GENERAL_VERB] I become narrower,mbumbama
[GENERAL_VERB] he/she become narrowers,abumbama
[GENERAL_VERB] I have become narrowered,mbumbamire
[GENERAL_VERB] become narrower!,bumbama
[GENERAL_VERB] I don't become narrower,timbumbama
[GENERAL_VERB] to move while bending,okubundabunda
[GENERAL_VERB] I move while bending,mbundabunda
[GENERAL_VERB] he/she move while bendings,abundabunda
[GENERAL_VERB] I have move while bendinged,mbundabundire
[GENERAL_VERB] move while bending!,bundabunda
[GENERAL_VERB] I don't move while bending,timbundabunda
[GENERAL_VERB] to bend low,okubundama
[GENERAL_VERB] I bend low,mbundama
[GENERAL_VERB] he/she bend lows,abundama
[GENERAL_VERB] I have bend lowed,mbundamire
[GENERAL_VERB] bend low!,bundama
[GENERAL_VERB] I don't bend low,timbundama
[GENERAL_VERB] to defecate,okubungurura
[GENERAL_VERB] I defecate,mbungurura
[GENERAL_VERB] he/she defecates,abungurura
[GENERAL_VERB] I have defecated,mbunguruzire
[GENERAL_VERB] defecate!,bungurura
[GENERAL_VERB] I don't defecate,timbungurura
[COMMON_ANIMALS_VERB] to hawk,okubungeza
[COMMON_ANIMALS_VERB] I hawk,mbungeza
[COMMON_ANIMALS_VERB] he/she hawks,abungeza
[COMMON_ANIMALS_VERB] I have hawked,mbungezire
[COMMON_ANIMALS_VERB] hawk!,bungeza
[COMMON_ANIMALS_VERB] I don't hawk,timbungeza
[GENERAL_VERB] to be naked,okubunuza
[GENERAL_VERB] I be naked,mbunuza
[GENERAL_VERB] he/she be nakeds,abunuza
[GENERAL_VERB] I have be nakeded,mbunuzire
[GENERAL_VERB] be naked!,bunuza
[GENERAL_VERB] I don't be naked,timbunuza
[COMMON_ANIMALS_VERB] to hawk or peddle,okubunza
[COMMON_ANIMALS_VERB] I hawk or peddle,mbunza
[COMMON_ANIMALS_VERB] he/she hawk or peddles,abunza
[COMMON_ANIMALS_VERB] I have hawk or peddled,mbunzire
[COMMON_ANIMALS_VERB] hawk or peddle!,bunza
[COMMON_ANIMALS_VERB] I don't hawk or peddle,timbunza
[GENERAL_VERB] to disappear,okuburabura
[GENERAL_VERB] I disappear,mburabura
[GENERAL_VERB] he/she disappears,aburabura
[GENERAL_VERB] I have disappeared,mburabuzire
[GENERAL_VERB] disappear!,burabura
[GENERAL_VERB] I don't disappear,timburabura
[GENERAL_VERB] to confuse,okuburabuza
[GENERAL_VERB] I confuse,mburabuza
[GENERAL_VERB] he/she confuses,aburabuza
[GENERAL_VERB] I have confused,mburabuzire
[GENERAL_VERB] confuse!,burabuza
[GENERAL_VERB] I don't confuse,timburabuza
[GENERAL_VERB] to be uncoordinated,okubusukana
[GENERAL_VERB] I be uncoordinated,mbusukana
[GENERAL_VERB] he/she be uncoordinateds,abusukana
[GENERAL_VERB] I have be uncoordinateded,mbusukanire
[GENERAL_VERB] be uncoordinated!,busukana
[GENERAL_VERB] I don't be uncoordinated,timbusukana
[GENERAL_VERB] to report,okubuura
[GENERAL_VERB] I report,mbuura
[GENERAL_VERB] he/she reports,abuura
[GENERAL_VERB] I have reported,mbuuzire
[GENERAL_VERB] report!,buura
[GENERAL_VERB] I don't report,timbuura
[GENERAL_VERB] to investigate or examine,okubuuririza
[GENERAL_VERB] I investigate or examine,mbuuririza
[GENERAL_VERB] he/she investigate or examines,abuuririza
[GENERAL_VERB] I have investigate or examined,mbuuririzire
[GENERAL_VERB] investigate or examine!,buuririza
[GENERAL_VERB] I don't investigate or examine,timbuuririza
[GENERAL_VERB] to ask a question,okubuuza.
[GENERAL_VERB] I ask a question,mbuuza.
[GENERAL_VERB] he/she ask a questions,abuuza.
[GENERAL_VERB] I have ask a questioned,mbuuza.ire
[GENERAL_VERB] ask a question!,buuza.
[GENERAL_VERB] I don't ask a question,timbuuza.
[GENERAL_VERB] to be asked,okubuuzibwa
[GENERAL_VERB] I be asked,mbuuzibwa
[GENERAL_VERB] he/she be askeds,abuuzibwa
[GENERAL_VERB] I have be askeded,mbuuzibwire
[GENERAL_VERB] be asked!,buuzibwa
[GENERAL_VERB] I don't be asked,timbuuzibwa
[EDUCATION_AND_LEARNING_VERB] to sit an examination,okubuuzibwa
[EDUCATION_AND_LEARNING_VERB] I sit an examination,mbuuzibwa
[EDUCATION_AND_LEARNING_VERB] he/she sit an examinations,abuuzibwa
[EDUCATION_AND_LEARNING_VERB] I have sit an examinationed,mbuuzibwire
[EDUCATION_AND_LEARNING_VERB] sit an examination!,buuzibwa
[EDUCATION_AND_LEARNING_VERB] I don't sit an examination,timbuuzibwa
[GENERAL_VERB] to loiter,okubuyabuya
[GENERAL_VERB] I loiter,mbuyabuya
[GENERAL_VERB] he/she loiters,abuyabuya
[GENERAL_VERB] I have loitered,mbuyabuyire
[GENERAL_VERB] loiter!,buyabuya
[GENERAL_VERB] I don't loiter,timbuyabuya
[GENERAL_VERB] to leave in suspense,okubuyanga
[GENERAL_VERB] I leave in suspense,mbuyanga
[GENERAL_VERB] he/she leave in suspenses,abuyanga
[GENERAL_VERB] I have leave in suspensed,mbuyangire
[GENERAL_VERB] leave in suspense!,buyanga
[GENERAL_VERB] I don't leave in suspense,timbuyanga
[GENERAL_VERB] to disappear without trace,okubuza-amaiso
[GENERAL_VERB] I disappear without trace,mbuza-amaiso
[GENERAL_VERB] he/she disappear without traces,abuza-amaiso
[GENERAL_VERB] I have disappear without traced,mbuza-amaisoire
[GENERAL_VERB] disappear without trace!,buza-amaiso
[GENERAL_VERB] I don't disappear without trace,timbuza-amaiso
[GENERAL_VERB] to spread a message,okubuzya
[GENERAL_VERB] I spread a message,mbuzya
[GENERAL_VERB] he/she spread a messages,abuzya
[GENERAL_VERB] I have spread a messaged,mbuzyire
[GENERAL_VERB] spread a message!,buzya
[GENERAL_VERB] I don't spread a message,timbuzya
[GENERAL_VERB] to suck,okubwaguza
[GENERAL_VERB] I suck,mbwaguza
[GENERAL_VERB] he/she sucks,abwaguza
[GENERAL_VERB] I have sucked,mbwaguzire
[GENERAL_VERB] suck!,bwaguza
[GENERAL_VERB] I don't suck,timbwaguza
[GENERAL_VERB] to be disorganised,okubwanabwana
[GENERAL_VERB] I be disorganised,mbwanabwana
[GENERAL_VERB] he/she be disorganiseds,abwanabwana
[GENERAL_VERB] I have be disorganiseded,mbwanabwanire
[GENERAL_VERB] be disorganised!,bwanabwana
[GENERAL_VERB] I don't be disorganised,timbwanabwana
[GENERAL_VERB] to work alone,okubweijana
[GENERAL_VERB] I work alone,mbweijana
[GENERAL_VERB] he/she work alones,abweijana
[GENERAL_VERB] I have work aloned,mbweijanire
[GENERAL_VERB] work alone!,bweijana
[GENERAL_VERB] I don't work alone,timbweijana
[GENERAL_VERB] to be shy,okubwerabwera
[GENERAL_VERB] I be shy,mbwerabwera
[GENERAL_VERB] he/she be shies,abwerabwera
[GENERAL_VERB] I have be shied,mbwerabwezire
[GENERAL_VERB] be shy!,bwerabwera
[GENERAL_VERB] I don't be shy,timbwerabwera
[GENERAL_VERB] to expose someone's lies,okubweza
[GENERAL_VERB] I expose someone's lies,mbweza
[GENERAL_VERB] he/she expose someone's lieses,abweza
[GENERAL_VERB] I have expose someone's liesed,mbwezire
[GENERAL_VERB] expose someone's lies!,bweza
[GENERAL_VERB] I don't expose someone's lies,timbweza
[GENERAL_VERB] to sleep,okubyama
[GENERAL_VERB] I sleep,mbyama
[GENERAL_VERB] he/she sleeps,abyama
[GENERAL_VERB] I have sleeped,mbyamire
[GENERAL_VERB] sleep!,byama
[GENERAL_VERB] I don't sleep,timbyama
[GENERAL_VERB] to delay in bed,okubyamirira
[GENERAL_VERB] I delay in bed,mbyamirira
[GENERAL_VERB] he/she delay in beds,abyamirira
[GENERAL_VERB] I have delay in beded,mbyamirizire
[GENERAL_VERB] delay in bed!,byamirira
[GENERAL_VERB] I don't delay in bed,timbyamirira
[GENERAL_VERB] to persist,okubyamirira
[GENERAL_VERB] I persist,mbyamirira
[GENERAL_VERB] he/she persists,abyamirira
[GENERAL_VERB] I have persisted,mbyamirizire
[GENERAL_VERB] persist!,byamirira
[GENERAL_VERB] I don't persist,timbyamirira
[GENERAL_VERB] to plant,okubyara
[GENERAL_VERB] I plant,mbyara
[GENERAL_VERB] he/she plants,abyara
[GENERAL_VERB] I have planted,mbyazire
[GENERAL_VERB] plant!,byara
[GENERAL_VERB] I don't plant,timbyara
[GENERAL_VERB] to gulp,okucaabiika
[GENERAL_VERB] I gulp,ncaabiika
[GENERAL_VERB] he/she gulps,acaabiika
[GENERAL_VERB] I have gulped,ncaabiikire
[GENERAL_VERB] gulp!,caabiika
[GENERAL_VERB] I don't gulp,tincaabiika
[GENERAL_VERB] to slice,okucaca
[GENERAL_VERB] I slice,ncaca
[GENERAL_VERB] he/she slices,acaca
[GENERAL_VERB] I have sliced,ncacire
[GENERAL_VERB] slice!,caca
[GENERAL_VERB] I don't slice,tincaca
[GENERAL_VERB] to overheat,okucamuka
[GENERAL_VERB] I overheat,ncamuka
[GENERAL_VERB] he/she overheats,acamuka
[GENERAL_VERB] I have overheated,ncamukire
[GENERAL_VERB] overheat!,camuka
[GENERAL_VERB] I don't overheat,tincamuka
[GENERAL_VERB] to shuffle,okucanga
[GENERAL_VERB] I shuffle,ncanga
[GENERAL_VERB] he/she shuffles,acanga
[GENERAL_VERB] I have shuffled,ncangire
[GENERAL_VERB] shuffle!,canga
[GENERAL_VERB] I don't shuffle,tincanga
[GENERAL_VERB] to mash,okuceba
[GENERAL_VERB] I mash,nceba
[GENERAL_VERB] he/she mashes,aceba
[GENERAL_VERB] I have mashed,ncebire
[GENERAL_VERB] mash!,ceba
[GENERAL_VERB] I don't mash,tinceba
[GENERAL_VERB] to become humble,okucebeeka
[GENERAL_VERB] I become humble,ncebeeka
[GENERAL_VERB] he/she become humbles,acebeeka
[GENERAL_VERB] I have become humbled,ncebeekire
[GENERAL_VERB] become humble!,cebeeka
[GENERAL_VERB] I don't become humble,tincebeeka
[GENERAL_VERB] to be silent,okuceceka
[GENERAL_VERB] I be silent,nceceka
[GENERAL_VERB] he/she be silents,aceceka
[GENERAL_VERB] I have be silented,ncecekire
[GENERAL_VERB] be silent!,ceceka
[GENERAL_VERB] I don't be silent,tinceceka
[GENERAL_VERB] to slice,okucecemba
[GENERAL_VERB] I slice,ncecemba
[GENERAL_VERB] he/she slices,acecemba
[GENERAL_VERB] I have sliced,ncecembire
[GENERAL_VERB] slice!,cecemba
[GENERAL_VERB] I don't slice,tincecemba
[GENERAL_VERB] to night dance,okucecera
[GENERAL_VERB] I night dance,ncecera
[GENERAL_VERB] he/she night dances,acecera
[GENERAL_VERB] I have night danced,ncecezire
[GENERAL_VERB] night dance!,cecera
[GENERAL_VERB] I don't night dance,tincecera
[GENERAL_VERB] to sieve,okucencura
[GENERAL_VERB] I sieve,ncencura
[GENERAL_VERB] he/she sieves,acencura
[GENERAL_VERB] I have sieved,ncencuzire
[GENERAL_VERB] sieve!,cencura
[GENERAL_VERB] I don't sieve,tincencura
[GENERAL_VERB] to burn,okucenya
[GENERAL_VERB] I burn,ncenya
[GENERAL_VERB] he/she burns,acenya
[GENERAL_VERB] I have burned,ncenyire
[GENERAL_VERB] burn!,cenya
[GENERAL_VERB] I don't burn,tincenya
[GENERAL_VERB] to be red hot,okucenyuka
[GENERAL_VERB] I be red hot,ncenyuka
[GENERAL_VERB] he/she be red hots,acenyuka
[GENERAL_VERB] I have be red hoted,ncenyukire
[GENERAL_VERB] be red hot!,cenyuka
[GENERAL_VERB] I don't be red hot,tincenyuka
[GENERAL_VERB] to rust,okucereba
[GENERAL_VERB] I rust,ncereba
[GENERAL_VERB] he/she rusts,acereba
[GENERAL_VERB] I have rusted,ncerebire
[GENERAL_VERB] rust!,cereba
[GENERAL_VERB] I don't rust,tincereba
[GENERAL_VERB] to sever,okucerembura
[GENERAL_VERB] I sever,ncerembura
[GENERAL_VERB] he/she severs,acerembura
[GENERAL_VERB] I have severed,ncerembuzire
[GENERAL_VERB] sever!,cerembura
[GENERAL_VERB] I don't sever,tincerembura
[GENERAL_VERB] to mince,okucerembura
[GENERAL_VERB] I mince,ncerembura
[GENERAL_VERB] he/she minces,acerembura
[GENERAL_VERB] I have minced,ncerembuzire
[GENERAL_VERB] mince!,cerembura
[GENERAL_VERB] I don't mince,tincerembura
[GENERAL_VERB] to peck,okucokora
[GENERAL_VERB] I peck,ncokora
[GENERAL_VERB] he/she pecks,acokora
[GENERAL_VERB] I have pecked,ncokozire
[GENERAL_VERB] peck!,cokora
[GENERAL_VERB] I don't peck,tincokora
[GENERAL_NOUN] ticking of a clock,okuconcana
[GENERAL_VERB] to become a destitute,okuconcoboza
[GENERAL_VERB] I become a destitute,nconcoboza
[GENERAL_VERB] he/she become a destitutes,aconcoboza
[GENERAL_VERB] I have become a destituted,nconcobozire
[GENERAL_VERB] become a destitute!,concoboza
[GENERAL_VERB] I don't become a destitute,tinconcoboza
[GENERAL_VERB] to confer with secretly,okuconya
[GENERAL_VERB] I confer with secretly,nconya
[GENERAL_VERB] he/she confer with secretlies,aconya
[GENERAL_VERB] I have confer with secretlied,nconyire
[GENERAL_VERB] confer with secretly!,conya
[GENERAL_VERB] I don't confer with secretly,tinconya
[GENERAL_VERB] to hatch a plot,okuconya
[GENERAL_VERB] I hatch a plot,nconya
[GENERAL_VERB] he/she hatch a plots,aconya
[GENERAL_VERB] I have hatch a ploted,nconyire
[GENERAL_VERB] hatch a plot!,conya
[GENERAL_VERB] I don't hatch a plot,tinconya
[GENERAL_VERB] to express oneself idiomatically,okucooboora
[GENERAL_VERB] I express oneself idiomatically,ncooboora
[GENERAL_VERB] he/she express oneself idiomaticallies,acooboora
[GENERAL_VERB] I have express oneself idiomaticallied,ncooboozire
[GENERAL_VERB] express oneself idiomatically!,cooboora
[GENERAL_VERB] I don't express oneself idiomatically,tincooboora
[GENERAL_VERB] to slice something,okucoocoora
[GENERAL_VERB] I slice something,ncoocoora
[GENERAL_VERB] he/she slice somethings,acoocoora
[GENERAL_VERB] I have slice somethinged,ncoocoozire
[GENERAL_VERB] slice something!,coocoora
[GENERAL_VERB] I don't slice something,tincoocoora
[GENERAL_VERB] to decorate,okucooka
[GENERAL_VERB] I decorate,ncooka
[GENERAL_VERB] he/she decorates,acooka
[GENERAL_VERB] I have decorated,ncookire
[GENERAL_VERB] decorate!,cooka
[GENERAL_VERB] I don't decorate,tincooka
[GENERAL_VERB] to select,okucooka
[GENERAL_VERB] I select,ncooka
[GENERAL_VERB] he/she selects,acooka
[GENERAL_VERB] I have selected,ncookire
[GENERAL_VERB] select!,cooka
[GENERAL_VERB] I don't select,tincooka
[GENERAL_VERB] to repent,okucucuka
[GENERAL_VERB] I repent,ncucuka
[GENERAL_VERB] he/she repents,acucuka
[GENERAL_VERB] I have repented,ncucukire
[GENERAL_VERB] repent!,cucuka
[GENERAL_VERB] I don't repent,tincucuka
[GENERAL_VERB] to feel feverish,okucucumwa
[GENERAL_VERB] I feel feverish,ncucumwa
[GENERAL_VERB] he/she feel feverishes,acucumwa
[GENERAL_VERB] I have feel feverished,ncucumwire
[GENERAL_VERB] feel feverish!,cucumwa
[GENERAL_VERB] I don't feel feverish,tincucumwa
[GENERAL_VERB] to have diarrhoea,okucugura
[GENERAL_VERB] I have diarrhoea,ncugura
[GENERAL_VERB] he/she have diarrhoeas,acugura
[GENERAL_VERB] I have have diarrhoeaed,ncuguzire
[GENERAL_VERB] have diarrhoea!,cugura
[GENERAL_VERB] I don't have diarrhoea,tincugura
[GENERAL_VERB] to scrach or burrow,okucukura
[GENERAL_VERB] I scrach or burrow,ncukura
[GENERAL_VERB] he/she scrach or burrows,acukura
[GENERAL_VERB] I have scrach or burrowed,ncukuzire
[GENERAL_VERB] scrach or burrow!,cukura
[GENERAL_VERB] I don't scrach or burrow,tincukura
[GENERAL_VERB] to clean,okucuma
[GENERAL_VERB] I clean,ncuma
[GENERAL_VERB] he/she cleans,acuma
[GENERAL_VERB] I have cleaned,ncumire
[GENERAL_VERB] clean!,cuma
[GENERAL_VERB] I don't clean,tincuma
[GENERAL_VERB] to beat intensely,okucumanga
[GENERAL_VERB] I beat intensely,ncumanga
[GENERAL_VERB] he/she beat intenselies,acumanga
[GENERAL_VERB] I have beat intenselied,ncumangire
[GENERAL_VERB] beat intensely!,cumanga
[GENERAL_VERB] I don't beat intensely,tincumanga
[GENERAL_VERB] to gather before rain,okucumbacumba
[GENERAL_VERB] I gather before rain,ncumbacumba
[GENERAL_VERB] he/she gather before rains,acumbacumba
[GENERAL_VERB] I have gather before rained,ncumbacumbire
[GENERAL_VERB] gather before rain!,cumbacumba
[GENERAL_VERB] I don't gather before rain,tincumbacumba
[GENERAL_VERB] to limp,okucumbagira
[GENERAL_VERB] I limp,ncumbagira
[GENERAL_VERB] he/she limps,acumbagira
[GENERAL_VERB] I have limped,ncumbagizire
[GENERAL_VERB] limp!,cumbagira
[GENERAL_VERB] I don't limp,tincumbagira
[GENERAL_VERB] to go up,okucumbuuka
[GENERAL_VERB] I go up,ncumbuuka
[GENERAL_VERB] he/she go ups,acumbuuka
[GENERAL_VERB] I have go uped,ncumbuukire
[GENERAL_VERB] go up!,cumbuuka
[GENERAL_VERB] I don't go up,tincumbuuka
[GENERAL_VERB] to set ablaze,okucumika
[GENERAL_VERB] I set ablaze,ncumika
[GENERAL_VERB] he/she set ablazes,acumika
[GENERAL_VERB] I have set ablazed,ncumikire
[GENERAL_VERB] set ablaze!,cumika
[GENERAL_VERB] I don't set ablaze,tincumika
[GENERAL_VERB] to cogitate,okucumitiriza
[GENERAL_VERB] I cogitate,ncumitiriza
[GENERAL_VERB] he/she cogitates,acumitiriza
[GENERAL_VERB] I have cogitated,ncumitirizire
[GENERAL_VERB] cogitate!,cumitiriza
[GENERAL_VERB] I don't cogitate,tincumitiriza
[GENERAL_VERB] to unblock,okucumunkuza
[GENERAL_VERB] I unblock,ncumunkuza
[GENERAL_VERB] he/she unblocks,acumunkuza
[GENERAL_VERB] I have unblocked,ncumunkuzire
[GENERAL_VERB] unblock!,cumunkuza
[GENERAL_VERB] I don't unblock,tincumunkuza
[GENERAL_VERB] to lean side ways,okucuncurama
[GENERAL_VERB] I lean side ways,ncuncurama
[GENERAL_VERB] he/she lean side wayses,acuncurama
[GENERAL_VERB] I have lean side waysed,ncuncuramire
[GENERAL_VERB] lean side ways!,cuncurama
[GENERAL_VERB] I don't lean side ways,tincuncurama
[GENERAL_NOUN] flirting,okucundana
[GENERAL_VERB] to redeem,okucungura
[GENERAL_VERB] I redeem,ncungura
[GENERAL_VERB] he/she redeems,acungura
[GENERAL_VERB] I have redeemed,ncunguzire
[GENERAL_VERB] redeem!,cungura
[GENERAL_VERB] I don't redeem,tincungura
[GENERAL_VERB] to recover,okucungura
[GENERAL_VERB] I recover,ncungura
[GENERAL_VERB] he/she recovers,acungura
[GENERAL_VERB] I have recovered,ncunguzire
[GENERAL_VERB] recover!,cungura
[GENERAL_VERB] I don't recover,tincungura
[GENERAL_VERB] to rescue,okucungura
[GENERAL_VERB] I rescue,ncungura
[GENERAL_VERB] he/she rescues,acungura
[GENERAL_VERB] I have rescued,ncunguzire
[GENERAL_VERB] rescue!,cungura
[GENERAL_VERB] I don't rescue,tincungura
[GENERAL_VERB] to glitter,okucunyiirira
[GENERAL_VERB] I glitter,ncunyiirira
[GENERAL_VERB] he/she glitters,acunyiirira
[GENERAL_VERB] I have glittered,ncunyiirizire
[GENERAL_VERB] glitter!,cunyiirira
[GENERAL_VERB] I don't glitter,tincunyiirira
[GENERAL_VERB] to make a reed-wall,okucuraanira
[GENERAL_VERB] I make a reed-wall,ncuraanira
[GENERAL_VERB] he/she make a reed-walls,acuraanira
[GENERAL_VERB] I have make a reed-walled,ncuraanizire
[GENERAL_VERB] make a reed-wall!,curaanira
[GENERAL_VERB] I don't make a reed-wall,tincuraanira
[GENERAL_VERB] to be calm,okucureera
[GENERAL_VERB] I be calm,ncureera
[GENERAL_VERB] he/she be calms,acureera
[GENERAL_VERB] I have be calmed,ncureezire
[GENERAL_VERB] be calm!,cureera
[GENERAL_VERB] I don't be calm,tincureera
[GENERAL_VERB] To twist words,okucurikanisa ebigambo.
[GENERAL_VERB] I twist words,ncurikanisa ebigambo.
[GENERAL_VERB] he/she twist wordses,acurikanisa ebigambo.
[GENERAL_VERB] I have twist wordsed,ncurikanisa ebigambo.ire
[GENERAL_VERB] twist words!,curikanisa ebigambo.
[GENERAL_VERB] I don't twist words,tincurikanisa ebigambo.
[GENERAL_VERB] to mourn for,okucurira
[GENERAL_VERB] I mourn for,ncurira
[GENERAL_VERB] he/she mourn fors,acurira
[GENERAL_VERB] I have mourn fored,ncurizire
[GENERAL_VERB] mourn for!,curira
[GENERAL_VERB] I don't mourn for,tincurira
[GENERAL_VERB] to whistle,okucuriza
[GENERAL_VERB] I whistle,ncuriza
[GENERAL_VERB] he/she whistles,acuriza
[GENERAL_VERB] I have whistled,ncurizire
[GENERAL_VERB] whistle!,curiza
[GENERAL_VERB] I don't whistle,tincuriza
[GENERAL_VERB] to wean,okucuusya
[GENERAL_VERB] I wean,ncuusya
[GENERAL_VERB] he/she weans,acuusya
[GENERAL_VERB] I have weaned,ncuusyire
[GENERAL_VERB] wean!,cuusya
[GENERAL_VERB] I don't wean,tincuusya
[GENERAL_VERB] to develop segments,okucwa engingo
[GENERAL_VERB] I develop segments,ncwa engingo
[GENERAL_VERB] he/she develop segmentses,acwa engingo
[GENERAL_VERB] I have develop segmentsed,ncwa engingoire
[GENERAL_VERB] develop segments!,cwa engingo
[GENERAL_VERB] I don't develop segments,tincwa engingo
[GENERAL_VERB] to break virginity,okucwa ensusa
[GENERAL_VERB] I break virginity,ncwa ensusa
[GENERAL_VERB] he/she break virginities,acwa ensusa
[GENERAL_VERB] I have break virginitied,ncwa ensusire
[GENERAL_VERB] break virginity!,cwa ensusa
[GENERAL_VERB] I don't break virginity,tincwa ensusa
[GENERAL_VERB] to divide into pieces,okucwa
[GENERAL_VERB] I divide into pieces,ncwa
[GENERAL_VERB] he/she divide into pieceses,acwa
[GENERAL_VERB] I have divide into piecesed,ncwire
[GENERAL_VERB] divide into pieces!,cwa
[GENERAL_VERB] I don't divide into pieces,tincwa
[GENERAL_VERB] to dilute,okucwa-amaizi
[GENERAL_VERB] I dilute,ncwa-amaizi
[GENERAL_VERB] he/she dilutes,acwa-amaizi
[GENERAL_VERB] I have diluted,ncwa-amaiziire
[GENERAL_VERB] dilute!,cwa-amaizi
[GENERAL_VERB] I don't dilute,tincwa-amaizi
[GENERAL_VERB] to shorten,okucwa-bugufu
[GENERAL_VERB] I shorten,ncwa-bugufu
[GENERAL_VERB] he/she shortens,acwa-bugufu
[GENERAL_VERB] I have shortened,ncwa-bugufuire
[GENERAL_VERB] shorten!,cwa-bugufu
[GENERAL_VERB] I don't shorten,tincwa-bugufu
[GENERAL_VERB] to undermine,okucwa-busa
[GENERAL_VERB] I undermine,ncwa-busa
[GENERAL_VERB] he/she undermines,acwa-busa
[GENERAL_VERB] I have undermined,ncwa-busire
[GENERAL_VERB] undermine!,cwa-busa
[GENERAL_VERB] I don't undermine,tincwa-busa
[GENERAL_VERB] to chop,okucwacwagura
[GENERAL_VERB] I chop,ncwacwagura
[GENERAL_VERB] he/she chops,acwacwagura
[GENERAL_VERB] I have choped,ncwacwaguzire
[GENERAL_VERB] chop!,cwacwagura
[GENERAL_VERB] I don't chop,tincwacwagura
[GENERAL_VERB] to tatoo,okucwa-engondo
[GENERAL_VERB] I tatoo,ncwa-engondo
[GENERAL_VERB] he/she tatoos,acwa-engondo
[GENERAL_VERB] I have tatooed,ncwa-engondoire
[GENERAL_VERB] tatoo!,cwa-engondo
[GENERAL_VERB] I don't tatoo,tincwa-engondo
[GENERAL_VERB] to glance,okucwa-eryera
[GENERAL_VERB] I glance,ncwa-eryera
[GENERAL_VERB] he/she glances,acwa-eryera
[GENERAL_VERB] I have glanced,ncwa-eryezire
[GENERAL_VERB] glance!,cwa-eryera
[GENERAL_VERB] I don't glance,tincwa-eryera
[GENERAL_VERB] to mutually terminate friendship,okucwana
[GENERAL_VERB] I mutually terminate friendship,ncwana
[GENERAL_VERB] he/she mutually terminate friendships,acwana
[GENERAL_VERB] I have mutually terminate friendshiped,ncwanire
[GENERAL_VERB] mutually terminate friendship!,cwana
[GENERAL_VERB] I don't mutually terminate friendship,tincwana
[GENERAL_VERB] to destroy,okucwekereza
[GENERAL_VERB] I destroy,ncwekereza
[GENERAL_VERB] he/she destroys,acwekereza
[GENERAL_VERB] I have destroyed,ncwekerezire
[GENERAL_VERB] destroy!,cwekereza
[GENERAL_VERB] I don't destroy,tincwekereza
[GENERAL_VERB] to spit,okucwera
[GENERAL_VERB] I spit,ncwera
[GENERAL_VERB] he/she spits,acwera
[GENERAL_VERB] I have spited,ncwezire
[GENERAL_VERB] spit!,cwera
[GENERAL_VERB] I don't spit,tincwera
[GENERAL_VERB] to strip bare,okucwijura
[GENERAL_VERB] I strip bare,ncwijura
[GENERAL_VERB] he/she strip bares,acwijura
[GENERAL_VERB] I have strip bared,ncwijuzire
[GENERAL_VERB] strip bare!,cwijura
[GENERAL_VERB] I don't strip bare,tincwijura
[GENERAL_VERB] to double,okudabura
[GENERAL_VERB] I double,ndabura
[GENERAL_VERB] he/she doubles,adabura
[GENERAL_VERB] I have doubled,ndabuzire
[GENERAL_VERB] double!,dabura
[GENERAL_VERB] I don't double,tindabura
[GENERAL_VERB] to repeat,okudabura
[GENERAL_VERB] I repeat,ndabura
[GENERAL_VERB] he/she repeats,adabura
[GENERAL_VERB] I have repeated,ndabuzire
[GENERAL_VERB] repeat!,dabura
[GENERAL_VERB] I don't repeat,tindabura
[GENERAL_NOUN] failure to get market,okudiba
[GENERAL_VERB] to command,okuduumira
[GENERAL_VERB] I command,nduumira
[GENERAL_VERB] he/she commands,aduumira
[GENERAL_VERB] I have commanded,nduumizire
[GENERAL_VERB] command!,duumira
[GENERAL_VERB] I don't command,tinduumira
[GENERAL_VERB] to boast,okuduura
[GENERAL_VERB] I boast,nduura
[GENERAL_VERB] he/she boasts,aduura
[GENERAL_VERB] I have boasted,nduuzire
[GENERAL_VERB] boast!,duura
[GENERAL_VERB] I don't boast,tinduura
[GENERAL_VERB] to cease to exist,okufa
[GENERAL_VERB] I cease to exist,nfa
[GENERAL_VERB] he/she cease to exists,afa
[GENERAL_VERB] I have cease to existed,nfire
[GENERAL_VERB] cease to exist!,fa
[GENERAL_VERB] I don't cease to exist,tinfa
[GENERAL_VERB] to care,okufaho
[GENERAL_VERB] I care,nfaho
[GENERAL_VERB] he/she cares,afaho
[GENERAL_VERB] I have cared,nfahoire
[GENERAL_VERB] care!,faho
[GENERAL_VERB] I don't care,tinfaho
[GENERAL_VERB] to be concerned,okufayo
[GENERAL_VERB] I be concerned,nfayo
[GENERAL_VERB] he/she be concerneds,afayo
[GENERAL_VERB] I have be concerneded,nfayoire
[GENERAL_VERB] be concerned!,fayo
[GENERAL_VERB] I don't be concerned,tinfayo
[GENERAL_VERB] to die for,okufeera
[GENERAL_VERB] I die for,nfeera
[GENERAL_VERB] he/she die fors,afeera
[GENERAL_VERB] I have die fored,nfeezire
[GENERAL_VERB] die for!,feera
[GENERAL_VERB] I don't die for,tinfeera
[GENERAL_VERB] to miss,okufeerwa
[GENERAL_VERB] I miss,nfeerwa
[GENERAL_VERB] he/she misses,afeerwa
[GENERAL_VERB] I have missed,nfeerwire
[GENERAL_VERB] miss!,feerwa
[GENERAL_VERB] I don't miss,tinfeerwa
[GENERAL_VERB] to be bereaved,okufiisa
[GENERAL_VERB] I be bereaved,nfiisa
[GENERAL_VERB] he/she be bereaveds,afiisa
[GENERAL_VERB] I have be bereaveded,nfiisire
[GENERAL_VERB] be bereaved!,fiisa
[GENERAL_VERB] I don't be bereaved,tinfiisa
[GENERAL_VERB] to waste or squander,okufiisa
[GENERAL_VERB] I waste or squander,nfiisa
[GENERAL_VERB] he/she waste or squanders,afiisa
[GENERAL_VERB] I have waste or squandered,nfiisire
[GENERAL_VERB] waste or squander!,fiisa
[GENERAL_VERB] I don't waste or squander,tinfiisa
[GENERAL_VERB] to dye,okufooka
[GENERAL_VERB] I dye,nfooka
[GENERAL_VERB] he/she dyes,afooka
[GENERAL_VERB] I have dyed,nfookire
[GENERAL_VERB] dye!,fooka
[GENERAL_VERB] I don't dye,tinfooka
[GENERAL_VERB] to be soft,okufootooka
[GENERAL_VERB] I be soft,nfootooka
[GENERAL_VERB] he/she be softs,afootooka
[GENERAL_VERB] I have be softed,nfootookire
[GENERAL_VERB] be soft!,footooka
[GENERAL_VERB] I don't be soft,tinfootooka
[GENERAL_VERB] to search,okufooza
[GENERAL_VERB] I search,nfooza
[GENERAL_VERB] he/she searches,afooza
[GENERAL_VERB] I have searched,nfoozire
[GENERAL_VERB] search!,fooza
[GENERAL_VERB] I don't search,tinfooza
[GENERAL_VERB] to strive for something,okufuba
[GENERAL_VERB] I strive for something,nfuba
[GENERAL_VERB] he/she strive for somethings,afuba
[GENERAL_VERB] I have strive for somethinged,nfubire
[GENERAL_VERB] strive for something!,fuba
[GENERAL_VERB] I don't strive for something,tinfuba
[GENERAL_VERB] to punish,okufubira
[GENERAL_VERB] I punish,nfubira
[GENERAL_VERB] he/she punishes,afubira
[GENERAL_VERB] I have punished,nfubizire
[GENERAL_VERB] punish!,fubira
[GENERAL_VERB] I don't punish,tinfubira
[GENERAL_VERB] to get cold,okufuka
[GENERAL_VERB] I get cold,nfuka
[GENERAL_VERB] he/she get colds,afuka
[GENERAL_VERB] I have get colded,nfukire
[GENERAL_VERB] get cold!,fuka
[GENERAL_VERB] I don't get cold,tinfuka
[GENERAL_VERB] to wrestle,okufukaana
[GENERAL_VERB] I wrestle,nfukaana
[GENERAL_VERB] he/she wrestles,afukaana
[GENERAL_VERB] I have wrestled,nfukaanire
[GENERAL_VERB] wrestle!,fukaana
[GENERAL_VERB] I don't wrestle,tinfukaana
[GENERAL_VERB] to kneel,okufukama
[GENERAL_VERB] I kneel,nfukama
[GENERAL_VERB] he/she kneels,afukama
[GENERAL_VERB] I have kneeled,nfukamire
[GENERAL_VERB] kneel!,fukama
[GENERAL_VERB] I don't kneel,tinfukama
[GENERAL_VERB] to fade,okufukunkuka
[GENERAL_VERB] I fade,nfukunkuka
[GENERAL_VERB] he/she fades,afukunkuka
[GENERAL_VERB] I have faded,nfukunkukire
[GENERAL_VERB] fade!,fukunkuka
[GENERAL_VERB] I don't fade,tinfukunkuka
[GENERAL_VERB] to embrace or cuddle,okufumbata
[GENERAL_VERB] I embrace or cuddle,nfumbata
[GENERAL_VERB] he/she embrace or cuddles,afumbata
[GENERAL_VERB] I have embrace or cuddled,nfumbasire
[GENERAL_VERB] embrace or cuddle!,fumbata
[GENERAL_VERB] I don't embrace or cuddle,tinfumbata
[GENERAL_VERB] to piece through something,okufumura
[GENERAL_VERB] I piece through something,nfumura
[GENERAL_VERB] he/she piece through somethings,afumura
[GENERAL_VERB] I have piece through somethinged,nfumuzire
[GENERAL_VERB] piece through something!,fumura
[GENERAL_VERB] I don't piece through something,tinfumura
[GENERAL_VERB] to break out,okufumura
[GENERAL_VERB] I break out,nfumura
[GENERAL_VERB] he/she break outs,afumura
[GENERAL_VERB] I have break outed,nfumuzire
[GENERAL_VERB] break out!,fumura
[GENERAL_VERB] I don't break out,tinfumura
[GENERAL_VERB] to be restricted,okufundamira
[GENERAL_VERB] I be restricted,nfundamira
[GENERAL_VERB] he/she be restricteds,afundamira
[GENERAL_VERB] I have be restricteded,nfundamizire
[GENERAL_VERB] be restricted!,fundamira
[GENERAL_VERB] I don't be restricted,tinfundamira
[GENERAL_VERB] to dilute a liquid,okufungura
[GENERAL_VERB] I dilute a liquid,nfungura
[GENERAL_VERB] he/she dilute a liquids,afungura
[GENERAL_VERB] I have dilute a liquided,nfunguzire
[GENERAL_VERB] dilute a liquid!,fungura
[GENERAL_VERB] I don't dilute a liquid,tinfungura
[GENERAL_VERB] to water down,okufungura
[GENERAL_VERB] I water down,nfungura
[GENERAL_VERB] he/she water downs,afungura
[GENERAL_VERB] I have water downed,nfunguzire
[GENERAL_VERB] water down!,fungura
[GENERAL_VERB] I don't water down,tinfungura
[GENERAL_VERB] to snort,okufuniza
[GENERAL_VERB] I snort,nfuniza
[GENERAL_VERB] he/she snorts,afuniza
[GENERAL_VERB] I have snorted,nfunizire
[GENERAL_VERB] snort!,funiza
[GENERAL_VERB] I don't snort,tinfuniza
"[GENERAL_VERB] to fold paper, cloth",okufunya
"[GENERAL_VERB] I fold paper, cloth",nfunya
"[GENERAL_VERB] he/she fold paper, cloths",afunya
"[GENERAL_VERB] I have fold paper, clothed",nfunyire
"[GENERAL_VERB] fold paper, cloth!",funya
"[GENERAL_VERB] I don't fold paper, cloth",tinfunya
[GENERAL_VERB] to become creased,okufunyara
[GENERAL_VERB] I become creased,nfunyara
[GENERAL_VERB] he/she become creaseds,afunyara
[GENERAL_VERB] I have become creaseded,nfunyazire
[GENERAL_VERB] become creased!,funyara
[GENERAL_VERB] I don't become creased,tinfunyara
[GENERAL_VERB] to fold something,okufunyika
[GENERAL_VERB] I fold something,nfunyika
[GENERAL_VERB] he/she fold somethings,afunyika
[GENERAL_VERB] I have fold somethinged,nfunyikire
[GENERAL_VERB] fold something!,funyika
[GENERAL_VERB] I don't fold something,tinfunyika
[GENERAL_VERB] to abbreviate,okufunza
[GENERAL_VERB] I abbreviate,nfunza
[GENERAL_VERB] he/she abbreviates,afunza
[GENERAL_VERB] I have abbreviated,nfunzire
[GENERAL_VERB] abbreviate!,funza
[GENERAL_VERB] I don't abbreviate,tinfunza
[GENERAL_VERB] to migrate,okufuruka
[GENERAL_VERB] I migrate,nfuruka
[GENERAL_VERB] he/she migrates,afuruka
[GENERAL_VERB] I have migrated,nfurukire
[GENERAL_VERB] migrate!,furuka
[GENERAL_VERB] I don't migrate,tinfuruka
[GENERAL_VERB] to chew,okufutana
[GENERAL_VERB] I chew,nfutana
[GENERAL_VERB] he/she chews,afutana
[GENERAL_VERB] I have chewed,nfutanire
[GENERAL_VERB] chew!,futana
[GENERAL_VERB] I don't chew,tinfutana
[GENERAL_VERB] to spray,okufuuhirira
[GENERAL_VERB] I spray,nfuuhirira
[GENERAL_VERB] he/she sprays,afuuhirira
[GENERAL_VERB] I have sprayed,nfuuhirizire
[GENERAL_VERB] spray!,fuuhirira
[GENERAL_VERB] I don't spray,tinfuuhirira
[GENERAL_VERB] to pluck off,okufuura
[GENERAL_VERB] I pluck off,nfuura
[GENERAL_VERB] he/she pluck offs,afuura
[GENERAL_VERB] I have pluck offed,nfuuzire
[GENERAL_VERB] pluck off!,fuura
[GENERAL_VERB] I don't pluck off,tinfuura
[GENERAL_VERB] to be calmed down,okufuzibwa
[GENERAL_VERB] I be calmed down,nfuzibwa
[GENERAL_VERB] he/she be calmed downs,afuzibwa
[GENERAL_VERB] I have be calmed downed,nfuzibwire
[GENERAL_VERB] be calmed down!,fuzibwa
[GENERAL_VERB] I don't be calmed down,tinfuzibwa
[GENERAL_VERB] be stiff,okugaara
[GENERAL_VERB] I be stiff,ngaara
[GENERAL_VERB] he/she be stiffs,agaara
[GENERAL_VERB] I have be stiffed,ngaazire
[GENERAL_VERB] be stiff!,gaara
[GENERAL_VERB] I don't be stiff,tingaara
[GENERAL_VERB] to seperate things forcefully,okugaasanura
[GENERAL_VERB] I seperate things forcefully,ngaasanura
[GENERAL_VERB] he/she seperate things forcefullies,agaasanura
[GENERAL_VERB] I have seperate things forcefullied,ngaasanuzire
[GENERAL_VERB] seperate things forcefully!,gaasanura
[GENERAL_VERB] I don't seperate things forcefully,tingaasanura
[GENERAL_VERB] to give,okugaba
[GENERAL_VERB] I give,ngaba
[GENERAL_VERB] he/she gives,agaba
[GENERAL_VERB] I have gived,ngabire
[GENERAL_VERB] give!,gaba
[GENERAL_VERB] I don't give,tingaba
[GENERAL_VERB] to grow fat,okugaija
[GENERAL_VERB] I grow fat,ngaija
[GENERAL_VERB] he/she grow fats,agaija
[GENERAL_VERB] I have grow fated,ngaizire
[GENERAL_VERB] grow fat!,gaija
[GENERAL_VERB] I don't grow fat,tingaija
[GENERAL_VERB] to talk too much,okugambuka
[GENERAL_VERB] I talk too much,ngambuka
[GENERAL_VERB] he/she talk too muches,agambuka
[GENERAL_VERB] I have talk too muched,ngambukire
[GENERAL_VERB] talk too much!,gambuka
[GENERAL_VERB] I don't talk too much,tingambuka
[GENERAL_VERB] to gossip,okugambuka
[GENERAL_VERB] I gossip,ngambuka
[GENERAL_VERB] he/she gossips,agambuka
[GENERAL_VERB] I have gossiped,ngambukire
[GENERAL_VERB] gossip!,gambuka
[GENERAL_VERB] I don't gossip,tingambuka
[GENERAL_VERB] to tell a foktale,okugana
[GENERAL_VERB] I tell a foktale,ngana
[GENERAL_VERB] he/she tell a foktales,agana
[GENERAL_VERB] I have tell a foktaled,nganire
[GENERAL_VERB] tell a foktale!,gana
[GENERAL_VERB] I don't tell a foktale,tingana
[GENERAL_VERB] to ward tobacco,okuganda
[GENERAL_VERB] I ward tobacco,nganda
[GENERAL_VERB] he/she ward tobaccos,aganda
[GENERAL_VERB] I have ward tobaccoed,ngandire
[GENERAL_VERB] ward tobacco!,ganda
[GENERAL_VERB] I don't ward tobacco,tinganda
[GENERAL_VERB] to weather,okuganda
[GENERAL_VERB] I weather,nganda
[GENERAL_VERB] he/she weathers,aganda
[GENERAL_VERB] I have weathered,ngandire
[GENERAL_VERB] weather!,ganda
[GENERAL_VERB] I don't weather,tinganda
[GENERAL_VERB] to feel hungry,okuganda
[GENERAL_VERB] I feel hungry,nganda
[GENERAL_VERB] he/she feel hungries,aganda
[GENERAL_VERB] I have feel hungried,ngandire
[GENERAL_VERB] feel hungry!,ganda
[GENERAL_VERB] I don't feel hungry,tinganda
[GENERAL_VERB] to become hard hearted,okugangaara
[GENERAL_VERB] I become hard hearted,ngangaara
[GENERAL_VERB] he/she become hard hearteds,agangaara
[GENERAL_VERB] I have become hard hearteded,ngangaazire
[GENERAL_VERB] become hard hearted!,gangaara
[GENERAL_VERB] I don't become hard hearted,tingangaara
[GENERAL_VERB] to be unmoving,okugangaara
[GENERAL_VERB] I be unmoving,ngangaara
[GENERAL_VERB] he/she be unmovings,agangaara
[GENERAL_VERB] I have be unmovinged,ngangaazire
[GENERAL_VERB] be unmoving!,gangaara
[GENERAL_VERB] I don't be unmoving,tingangaara
[GENERAL_VERB] to frighten someone,okugangaijura
[GENERAL_VERB] I frighten someone,ngangaijura
[GENERAL_VERB] he/she frighten someones,agangaijura
[GENERAL_VERB] I have frighten someoned,ngangaijuzire
[GENERAL_VERB] frighten someone!,gangaijura
[GENERAL_VERB] I don't frighten someone,tingangaijura
[GENERAL_VERB] to open something wide,okugaruura
[GENERAL_VERB] I open something wide,ngaruura
[GENERAL_VERB] he/she open something wides,agaruura
[GENERAL_VERB] I have open something wided,ngaruuzire
[GENERAL_VERB] open something wide!,garuura
[GENERAL_VERB] I don't open something wide,tingaruura
[GENERAL_VERB] to despise,okugaya
[GENERAL_VERB] I despise,ngaya
[GENERAL_VERB] he/she despises,agaya
[GENERAL_VERB] I have despised,ngayire
[GENERAL_VERB] despise!,gaya
[GENERAL_VERB] I don't despise,tingaya
[GENERAL_VERB] to communicate,okugaya
[GENERAL_VERB] I communicate,ngaya
[GENERAL_VERB] he/she communicates,agaya
[GENERAL_VERB] I have communicated,ngayire
[GENERAL_VERB] communicate!,gaya
[GENERAL_VERB] I don't communicate,tingaya
"[GENERAL_VERB] to forge documents, money",okugingirira
"[GENERAL_VERB] I forge documents, money",ngingirira
"[GENERAL_VERB] he/she forge documents, moneys",agingirira
"[GENERAL_VERB] I have forge documents, moneyed",ngingirizire
"[GENERAL_VERB] forge documents, money!",gingirira
"[GENERAL_VERB] I don't forge documents, money",tingingirira
[GENERAL_VERB] to say,okugira
[GENERAL_VERB] I say,ngira
[GENERAL_VERB] he/she says,agira
[GENERAL_VERB] I have sayed,ngizire
[GENERAL_VERB] say!,gira
[GENERAL_VERB] I don't say,tingira
[GENERAL_VERB] to win a game,okugoba
[GENERAL_VERB] I win a game,ngoba
[GENERAL_VERB] he/she win a games,agoba
[GENERAL_VERB] I have win a gamed,ngobire
[GENERAL_VERB] win a game!,goba
[GENERAL_VERB] I don't win a game,tingoba
[GENERAL_VERB] to suckle,okugoboza
[GENERAL_VERB] I suckle,ngoboza
[GENERAL_VERB] he/she suckles,agoboza
[GENERAL_VERB] I have suckled,ngobozire
[GENERAL_VERB] suckle!,goboza
[GENERAL_VERB] I don't suckle,tingoboza
[GENERAL_VERB] to walk majestically,okugoga
[GENERAL_VERB] I walk majestically,ngoga
[GENERAL_VERB] he/she walk majesticallies,agoga
[GENERAL_VERB] I have walk majesticallied,ngogire
[GENERAL_VERB] walk majestically!,goga
[GENERAL_VERB] I don't walk majestically,tingoga
[GENERAL_VERB] to have constipation,okugomeererwa
[GENERAL_VERB] I have constipation,ngomeererwa
[GENERAL_VERB] he/she have constipations,agomeererwa
[GENERAL_VERB] I have have constipationed,ngomeererwire
[GENERAL_VERB] have constipation!,gomeererwa
[GENERAL_VERB] I don't have constipation,tingomeererwa
[GENERAL_VERB] to transform,okugomoora
[GENERAL_VERB] I transform,ngomoora
[GENERAL_VERB] he/she transforms,agomoora
[GENERAL_VERB] I have transformed,ngomoozire
[GENERAL_VERB] transform!,gomoora
[GENERAL_VERB] I don't transform,tingomoora
[GENERAL_VERB] to snore,okugona
[GENERAL_VERB] I snore,ngona
[GENERAL_VERB] he/she snores,agona
[GENERAL_VERB] I have snored,ngonire
[GENERAL_VERB] snore!,gona
[GENERAL_VERB] I don't snore,tingona
[GENERAL_VERB] to yell or moan,okugongera
[GENERAL_VERB] I yell or moan,ngongera
[GENERAL_VERB] he/she yell or moans,agongera
[GENERAL_VERB] I have yell or moaned,ngongezire
[GENERAL_VERB] yell or moan!,gongera
[GENERAL_VERB] I don't yell or moan,tingongera
[GENERAL_VERB] to correct a mistake,okugonjoora
[GENERAL_VERB] I correct a mistake,ngonjoora
[GENERAL_VERB] he/she correct a mistakes,agonjoora
[GENERAL_VERB] I have correct a mistaked,ngonjoozire
[GENERAL_VERB] correct a mistake!,gonjoora
[GENERAL_VERB] I don't correct a mistake,tingonjoora
[GENERAL_VERB] to be malleable,okugonya
[GENERAL_VERB] I be malleable,ngonya
[GENERAL_VERB] he/she be malleables,agonya
[GENERAL_VERB] I have be malleabled,ngonyire
[GENERAL_VERB] be malleable!,gonya
[GENERAL_VERB] I don't be malleable,tingonya
[GENERAL_VERB] to work for nothing,okugooka
[GENERAL_VERB] I work for nothing,ngooka
[GENERAL_VERB] he/she work for nothings,agooka
[GENERAL_VERB] I have work for nothinged,ngookire
[GENERAL_VERB] work for nothing!,gooka
[GENERAL_VERB] I don't work for nothing,tingooka
[GENERAL_VERB] to work very hard,okugootooka
[GENERAL_VERB] I work very hard,ngootooka
[GENERAL_VERB] he/she work very hards,agootooka
[GENERAL_VERB] I have work very harded,ngootookire
[GENERAL_VERB] work very hard!,gootooka
[GENERAL_VERB] I don't work very hard,tingootooka
[GENERAL_VERB] to drink fast,okugotomera
[GENERAL_VERB] I drink fast,ngotomera
[GENERAL_VERB] he/she drink fasts,agotomera
[GENERAL_VERB] I have drink fasted,ngotomezire
[GENERAL_VERB] drink fast!,gotomera
[GENERAL_VERB] I don't drink fast,tingotomera
[GENERAL_VERB] to mingle,okugoya
[GENERAL_VERB] I mingle,ngoya
[GENERAL_VERB] he/she mingles,agoya
[GENERAL_VERB] I have mingled,ngoyire
[GENERAL_VERB] mingle!,goya
[GENERAL_VERB] I don't mingle,tingoya
[GENERAL_VERB] to become short,okugufuhara
[GENERAL_VERB] I become short,ngufuhara
[GENERAL_VERB] he/she become shorts,agufuhara
[GENERAL_VERB] I have become shorted,ngufuhazire
[GENERAL_VERB] become short!,gufuhara
[GENERAL_VERB] I don't become short,tingufuhara
[GENERAL_VERB] to endure,okugumaanya
[GENERAL_VERB] I endure,ngumaanya
[GENERAL_VERB] he/she endures,agumaanya
[GENERAL_VERB] I have endured,ngumaanyire
[GENERAL_VERB] endure!,gumaanya
[GENERAL_VERB] I don't endure,tingumaanya
[GENERAL_VERB] to keep quiet,okugumba
[GENERAL_VERB] I keep quiet,ngumba
[GENERAL_VERB] he/she keep quiets,agumba
[GENERAL_VERB] I have keep quieted,ngumbire
[GENERAL_VERB] keep quiet!,gumba
[GENERAL_VERB] I don't keep quiet,tingumba
[GENERAL_VERB] to be patient,okugumisiriza
[GENERAL_VERB] I be patient,ngumisiriza
[GENERAL_VERB] he/she be patients,agumisiriza
[GENERAL_VERB] I have be patiented,ngumisirizire
[GENERAL_VERB] be patient!,gumisiriza
[GENERAL_VERB] I don't be patient,tingumisiriza
[GENERAL_VERB] to move on,okugumizamu
[GENERAL_VERB] I move on,ngumizamu
[GENERAL_VERB] he/she move ons,agumizamu
[GENERAL_VERB] I have move oned,ngumizamuire
[GENERAL_VERB] move on!,gumizamu
[GENERAL_VERB] I don't move on,tingumizamu
[GENERAL_VERB] to be stunted,okuguna
[GENERAL_VERB] I be stunted,nguna
[GENERAL_VERB] he/she be stunteds,aguna
[GENERAL_VERB] I have be stunteded,ngunire
[GENERAL_VERB] be stunted!,guna
[GENERAL_VERB] I don't be stunted,tinguna
[GENERAL_VERB] to block the way,okugungira
[GENERAL_VERB] I block the way,ngungira
[GENERAL_VERB] he/she block the ways,agungira
[GENERAL_VERB] I have block the wayed,ngungizire
[GENERAL_VERB] block the way!,gungira
[GENERAL_VERB] I don't block the way,tingungira
[GENERAL_VERB] to compose songs,okugunja
[GENERAL_VERB] I compose songs,ngunja
[GENERAL_VERB] he/she compose songses,agunja
[GENERAL_VERB] I have compose songsed,ngunzire
[GENERAL_VERB] compose songs!,gunja
[GENERAL_VERB] I don't compose songs,tingunja
[GENERAL_VERB] to be civilised,okugunjuka
[GENERAL_VERB] I be civilised,ngunjuka
[GENERAL_VERB] he/she be civiliseds,agunjuka
[GENERAL_VERB] I have be civiliseded,ngunjukire
[GENERAL_VERB] be civilised!,gunjuka
[GENERAL_VERB] I don't be civilised,tingunjuka
[GENERAL_VERB] to open eyes widely,okugunura
[GENERAL_VERB] I open eyes widely,ngunura
[GENERAL_VERB] he/she open eyes widelies,agunura
[GENERAL_VERB] I have open eyes widelied,ngunuzire
[GENERAL_VERB] open eyes widely!,gunura
[GENERAL_VERB] I don't open eyes widely,tingunura
[GENERAL_VERB] to buy,okugura
[GENERAL_VERB] I buy,ngura
[GENERAL_VERB] he/she buys,agura
[GENERAL_VERB] I have buyed,nguzire
[GENERAL_VERB] buy!,gura
[GENERAL_VERB] I don't buy,tingura
[GENERAL_VERB] to doubt,okuguraagurusa
[GENERAL_VERB] I doubt,nguraagurusa
[GENERAL_VERB] he/she doubts,aguraagurusa
[GENERAL_VERB] I have doubted,nguraagurusire
[GENERAL_VERB] doubt!,guraagurusa
[GENERAL_VERB] I don't doubt,tinguraagurusa
[GENERAL_VERB] to jump,okuguruka
[GENERAL_VERB] I jump,nguruka
[GENERAL_VERB] he/she jumps,aguruka
[GENERAL_VERB] I have jumped,ngurukire
[GENERAL_VERB] jump!,guruka
[GENERAL_VERB] I don't jump,tinguruka
[GENERAL_VERB] to jump at something,okugurukira
[GENERAL_VERB] I jump at something,ngurukira
[GENERAL_VERB] he/she jump at somethings,agurukira
[GENERAL_VERB] I have jump at somethinged,ngurukizire
[GENERAL_VERB] jump at something!,gurukira
[GENERAL_VERB] I don't jump at something,tingurukira
[GENERAL_VERB] to be rebelious,okuguuriima
[GENERAL_VERB] I be rebelious,nguuriima
[GENERAL_VERB] he/she be rebeliouses,aguuriima
[GENERAL_VERB] I have be rebelioused,nguuriimire
[GENERAL_VERB] be rebelious!,guuriima
[GENERAL_VERB] I don't be rebelious,tinguuriima
[GENERAL_VERB] to sell,okuguza
[GENERAL_VERB] I sell,nguza
[GENERAL_VERB] he/she sells,aguza
[GENERAL_VERB] I have selled,nguzire
[GENERAL_VERB] sell!,guza
[GENERAL_VERB] I don't sell,tinguza
[GENERAL_VERB] to borrow,okuguza
[GENERAL_VERB] I borrow,nguza
[GENERAL_VERB] he/she borrows,aguza
[GENERAL_VERB] I have borrowed,nguzire
[GENERAL_VERB] borrow!,guza
[GENERAL_VERB] I don't borrow,tinguza
[GENERAL_VERB] to experience indigestion,okugwa-empihi
[GENERAL_VERB] I experience indigestion,ngwa-empihi
[GENERAL_VERB] he/she experience indigestions,agwa-empihi
[GENERAL_VERB] I have experience indigestioned,ngwa-empihiire
[GENERAL_VERB] experience indigestion!,gwa-empihi
[GENERAL_VERB] I don't experience indigestion,tingwa-empihi
[GENERAL_VERB] to feel good,okugwage
[GENERAL_VERB] I feel good,ngwage
[GENERAL_VERB] he/she feel goods,agwage
[GENERAL_VERB] I have feel gooded,ngwageire
[GENERAL_VERB] feel good!,gwage
[GENERAL_VERB] I don't feel good,tingwage
[GENERAL_NOUN] equality,okugwana
[GENERAL_NOUN] the act of embracing,okugwa-omunda
[GENERAL_VERB] to fall asleep,okugwejegera
[GENERAL_VERB] I fall asleep,ngwejegera
[GENERAL_VERB] he/she fall asleeps,agwejegera
[GENERAL_VERB] I have fall asleeped,ngwejegezire
[GENERAL_VERB] fall asleep!,gwejegera
[GENERAL_VERB] I don't fall asleep,tingwejegera
[GENERAL_VERB] to flatter someone,okugwengagwenga
[GENERAL_VERB] I flatter someone,ngwengagwenga
[GENERAL_VERB] he/she flatter someones,agwengagwenga
[GENERAL_VERB] I have flatter someoned,ngwengagwengire
[GENERAL_VERB] flatter someone!,gwengagwenga
[GENERAL_VERB] I don't flatter someone,tingwengagwenga
[GENERAL_VERB] to waylay someone,okugwera
[GENERAL_VERB] I waylay someone,ngwera
[GENERAL_VERB] he/she waylay someones,agwera
[GENERAL_VERB] I have waylay someoned,ngwezire
[GENERAL_VERB] waylay someone!,gwera
[GENERAL_VERB] I don't waylay someone,tingwera
[GENERAL_VERB] to side with someone,okugwera-orubaju
[GENERAL_VERB] I side with someone,ngwera-orubaju
[GENERAL_VERB] he/she side with someones,agwera-orubaju
[GENERAL_VERB] I have side with someoned,ngwera-orubajuire
[GENERAL_VERB] side with someone!,gwera-orubaju
[GENERAL_VERB] I don't side with someone,tingwera-orubaju
[GENERAL_VERB] to be partial,okugwera-orubaju
[GENERAL_VERB] I be partial,ngwera-orubaju
[GENERAL_VERB] he/she be partials,agwera-orubaju
[GENERAL_VERB] I have be partialed,ngwera-orubajuire
[GENERAL_VERB] be partial!,gwera-orubaju
[GENERAL_VERB] I don't be partial,tingwera-orubaju
[GENERAL_VERB] to fool someone,okugega
[GENERAL_VERB] I fool someone,ngega
[GENERAL_VERB] he/she fool someones,agega
[GENERAL_VERB] I have fool someoned,ngegire
[GENERAL_VERB] fool someone!,gega
[GENERAL_VERB] I don't fool someone,tingega
[GENERAL_VERB] to creak,okugegema
[GENERAL_VERB] I creak,ngegema
[GENERAL_VERB] he/she creaks,agegema
[GENERAL_VERB] I have creaked,ngegemire
[GENERAL_VERB] creak!,gegema
[GENERAL_VERB] I don't creak,tingegema
[GENERAL_VERB] to filter,okugegena
[GENERAL_VERB] I filter,ngegena
[GENERAL_VERB] he/she filters,agegena
[GENERAL_VERB] I have filtered,ngegenire
[GENERAL_VERB] filter!,gegena
[GENERAL_VERB] I don't filter,tingegena
[GENERAL_VERB] to compel,okugema
[GENERAL_VERB] I compel,ngema
[GENERAL_VERB] he/she compels,agema
[GENERAL_VERB] I have compeled,ngemire
[GENERAL_VERB] compel!,gema
[GENERAL_VERB] I don't compel,tingema
[GENERAL_VERB] to immunise,okugema
[GENERAL_VERB] I immunise,ngema
[GENERAL_VERB] he/she immunises,agema
[GENERAL_VERB] I have immunised,ngemire
[GENERAL_VERB] immunise!,gema
[GENERAL_VERB] I don't immunise,tingema
[GENERAL_VERB] to grow,okugemeka
[GENERAL_VERB] I grow,ngemeka
[GENERAL_VERB] he/she grows,agemeka
[GENERAL_VERB] I have growed,ngemekire
[GENERAL_VERB] grow!,gemeka
[GENERAL_VERB] I don't grow,tingemeka
[GENERAL_VERB] to leave,okugenda
[GENERAL_VERB] I leave,ngenda
[GENERAL_VERB] he/she leaves,agenda
[GENERAL_VERB] I have leaved,ngendire
[GENERAL_VERB] leave!,genda
[GENERAL_VERB] I don't leave,tingenda
[GENERAL_VERB] to do something intentionally,okugenderera
[GENERAL_VERB] I do something intentionally,ngenderera
[GENERAL_VERB] he/she do something intentionallies,agenderera
[GENERAL_VERB] I have do something intentionallied,ngenderezire
[GENERAL_VERB] do something intentionally!,genderera
[GENERAL_VERB] I don't do something intentionally,tingenderera
"[GENERAL_VERB] to advise, or counsel",okugengera
"[GENERAL_VERB] I advise, or counsel",ngengera
"[GENERAL_VERB] he/she advise, or counsels",agengera
"[GENERAL_VERB] I have advise, or counseled",ngengezire
"[GENERAL_VERB] advise, or counsel!",gengera
"[GENERAL_VERB] I don't advise, or counsel",tingengera
[GENERAL_VERB] to redicule someone,okugerega
[GENERAL_VERB] I redicule someone,ngerega
[GENERAL_VERB] he/she redicule someones,agerega
[GENERAL_VERB] I have redicule someoned,ngeregire
[GENERAL_VERB] redicule someone!,gerega
[GENERAL_VERB] I don't redicule someone,tingerega
[GENERAL_VERB] to levy tax,okugereka
[GENERAL_VERB] I levy tax,ngereka
[GENERAL_VERB] he/she levy taxs,agereka
[GENERAL_VERB] I have levy taxed,ngerekire
[GENERAL_VERB] levy tax!,gereka
[GENERAL_VERB] I don't levy tax,tingereka
[GENERAL_VERB] to try,okugezaho
[GENERAL_VERB] I try,ngezaho
[GENERAL_VERB] he/she tries,agezaho
[GENERAL_VERB] I have tried,ngezahoire
[GENERAL_VERB] try!,gezaho
[GENERAL_VERB] I don't try,tingezaho
[GENERAL_VERB] to give,okuha
[GENERAL_VERB] I give,nha
[GENERAL_VERB] he/she gives,aha
[GENERAL_VERB] I have gived,nhire
[GENERAL_VERB] give!,ha
[GENERAL_VERB] I don't give,tinha
[GENERAL_VERB] to be satisfied,okuhaaga
[GENERAL_VERB] I be satisfied,nhaaga
[GENERAL_VERB] he/she be satisfieds,ahaaga
[GENERAL_VERB] I have be satisfieded,nhaagire
[GENERAL_VERB] be satisfied!,haaga
[GENERAL_VERB] I don't be satisfied,tinhaaga
[GENERAL_VERB] to disparage,okuhaaha
[GENERAL_VERB] I disparage,nhaaha
[GENERAL_VERB] he/she disparages,ahaaha
[GENERAL_VERB] I have disparaged,nhaahire
[GENERAL_VERB] disparage!,haaha
[GENERAL_VERB] I don't disparage,tinhaaha
[GENERAL_VERB] to harass,okuhaahaana .
[GENERAL_VERB] I harass,nhaahaana .
[GENERAL_VERB] he/she harasses,ahaahaana .
[GENERAL_VERB] I have harassed,nhaahaana .ire
[GENERAL_VERB] harass!,haahaana .
[GENERAL_VERB] I don't harass,tinhaahaana .
[GENERAL_VERB] to breathe very fast,okuhaahagira
[GENERAL_VERB] I breathe very fast,nhaahagira
[GENERAL_VERB] he/she breathe very fasts,ahaahagira
[GENERAL_VERB] I have breathe very fasted,nhaahagizire
[GENERAL_VERB] breathe very fast!,haahagira
[GENERAL_VERB] I don't breathe very fast,tinhaahagira
[GENERAL_VERB] to sway while walking,okuhaahuuza
[GENERAL_VERB] I sway while walking,nhaahuuza
[GENERAL_VERB] he/she sway while walkings,ahaahuuza
[GENERAL_VERB] I have sway while walkinged,nhaahuuzire
[GENERAL_VERB] sway while walking!,haahuuza
[GENERAL_VERB] I don't sway while walking,tinhaahuuza
[GENERAL_VERB] to barter,okuhaanisa
[GENERAL_VERB] I barter,nhaanisa
[GENERAL_VERB] he/she barters,ahaanisa
[GENERAL_VERB] I have bartered,nhaanisire
[GENERAL_VERB] barter!,haanisa
[GENERAL_VERB] I don't barter,tinhaanisa
[GENERAL_VERB] to be adamant,okuhaasa
[GENERAL_VERB] I be adamant,nhaasa
[GENERAL_VERB] he/she be adamants,ahaasa
[GENERAL_VERB] I have be adamanted,nhaasire
[GENERAL_VERB] be adamant!,haasa
[GENERAL_VERB] I don't be adamant,tinhaasa
[GENERAL_VERB] to purify or cleanse,okuhaasirira
[GENERAL_VERB] I purify or cleanse,nhaasirira
[GENERAL_VERB] he/she purify or cleanses,ahaasirira
[GENERAL_VERB] I have purify or cleansed,nhaasirizire
[GENERAL_VERB] purify or cleanse!,haasirira
[GENERAL_VERB] I don't purify or cleanse,tinhaasirira
[GENERAL_VERB] to peel,okuhaata
[GENERAL_VERB] I peel,nhaata
[GENERAL_VERB] he/she peels,ahaata
[GENERAL_VERB] I have peeled,nhaasire
[GENERAL_VERB] peel!,haata
[GENERAL_VERB] I don't peel,tinhaata
[GENERAL_VERB] to finish milking,okuhaaza
[GENERAL_VERB] I finish milking,nhaaza
[GENERAL_VERB] he/she finish milkings,ahaaza
[GENERAL_VERB] I have finish milkinged,nhaazire
[GENERAL_VERB] finish milking!,haaza
[GENERAL_VERB] I don't finish milking,tinhaaza
[GENERAL_VERB] to advise,okuhabura
[GENERAL_VERB] I advise,nhabura
[GENERAL_VERB] he/she advises,ahabura
[GENERAL_VERB] I have advised,nhabuzire
[GENERAL_VERB] advise!,habura
[GENERAL_VERB] I don't advise,tinhabura
[GENERAL_VERB] to guide or direct,okuhabura
[GENERAL_VERB] I guide or direct,nhabura
[GENERAL_VERB] he/she guide or directs,ahabura
[GENERAL_VERB] I have guide or directed,nhabuzire
[GENERAL_VERB] guide or direct!,habura
[GENERAL_VERB] I don't guide or direct,tinhabura
[GENERAL_VERB] to prune,okuhaburira
[GENERAL_VERB] I prune,nhaburira
[GENERAL_VERB] he/she prunes,ahaburira
[GENERAL_VERB] I have pruned,nhaburizire
[GENERAL_VERB] prune!,haburira
[GENERAL_VERB] I don't prune,tinhaburira
[GENERAL_VERB] to find the way,okuhabuuka
[GENERAL_VERB] I find the way,nhabuuka
[GENERAL_VERB] he/she find the ways,ahabuuka
[GENERAL_VERB] I have find the wayed,nhabuukire
[GENERAL_VERB] find the way!,habuuka
[GENERAL_VERB] I don't find the way,tinhabuuka
[GENERAL_VERB] to ask for direction,okuhabuza
[GENERAL_VERB] I ask for direction,nhabuza
[GENERAL_VERB] he/she ask for directions,ahabuza
[GENERAL_VERB] I have ask for directioned,nhabuzire
[GENERAL_VERB] ask for direction!,habuza
[GENERAL_VERB] I don't ask for direction,tinhabuza
[GENERAL_VERB] to support,kuha-emikono
[GENERAL_VERB] to inflate or swell,okuhaga
[GENERAL_VERB] I inflate or swell,nhaga
[GENERAL_VERB] he/she inflate or swells,ahaga
[GENERAL_VERB] I have inflate or swelled,nhagire
[GENERAL_VERB] inflate or swell!,haga
[GENERAL_VERB] I don't inflate or swell,tinhaga
[GENERAL_VERB] to sharpen,okuhagara
[GENERAL_VERB] I sharpen,nhagara
[GENERAL_VERB] he/she sharpens,ahagara
[GENERAL_VERB] I have sharpened,nhagazire
[GENERAL_VERB] sharpen!,hagara
[GENERAL_VERB] I don't sharpen,tinhagara
[GENERAL_VERB] to become detached,okuhaguka
[GENERAL_VERB] I become detached,nhaguka
[GENERAL_VERB] he/she become detacheds,ahaguka
[GENERAL_VERB] I have become detacheded,nhagukire
[GENERAL_VERB] become detached!,haguka
[GENERAL_VERB] I don't become detached,tinhaguka
[GENERAL_VERB] to panic,okuhaha
[GENERAL_VERB] I panic,nhaha
[GENERAL_VERB] he/she panics,ahaha
[GENERAL_VERB] I have paniced,nhahire
[GENERAL_VERB] panic!,haha
[GENERAL_VERB] I don't panic,tinhaha
[GENERAL_VERB] to praise,okuhaisa
[GENERAL_VERB] I praise,nhaisa
[GENERAL_VERB] he/she praises,ahaisa
[GENERAL_VERB] I have praised,nhaisire
[GENERAL_VERB] praise!,haisa
[GENERAL_VERB] I don't praise,tinhaisa
[GENERAL_VERB] to contradict,okuhakanisa
[GENERAL_VERB] I contradict,nhakanisa
[GENERAL_VERB] he/she contradicts,ahakanisa
[GENERAL_VERB] I have contradicted,nhakanisire
[GENERAL_VERB] contradict!,hakanisa
[GENERAL_VERB] I don't contradict,tinhakanisa
[GENERAL_VERB] to rape,okuhamba
[GENERAL_VERB] I rape,nhamba
[GENERAL_VERB] he/she rapes,ahamba
[GENERAL_VERB] I have raped,nhambire
[GENERAL_VERB] rape!,hamba
[GENERAL_VERB] I don't rape,tinhamba
[GENERAL_VERB] to stick on something,okuhamira
[GENERAL_VERB] I stick on something,nhamira
[GENERAL_VERB] he/she stick on somethings,ahamira
[GENERAL_VERB] I have stick on somethinged,nhamizire
[GENERAL_VERB] stick on something!,hamira
[GENERAL_VERB] I don't stick on something,tinhamira
[GENERAL_VERB] to stress a point,okuhamisiriza
[GENERAL_VERB] I stress a point,nhamisiriza
[GENERAL_VERB] he/she stress a points,ahamisiriza
[GENERAL_VERB] I have stress a pointed,nhamisirizire
[GENERAL_VERB] stress a point!,hamisiriza
[GENERAL_VERB] I don't stress a point,tinhamisiriza
[GENERAL_VERB] to be indecent,okuhampuza
[GENERAL_VERB] I be indecent,nhampuza
[GENERAL_VERB] he/she be indecents,ahampuza
[GENERAL_VERB] I have be indecented,nhampuzire
[GENERAL_VERB] be indecent!,hampuza
[GENERAL_VERB] I don't be indecent,tinhampuza
[GENERAL_VERB] to become rough,okuhanda
[GENERAL_VERB] I become rough,nhanda
[GENERAL_VERB] he/she become roughs,ahanda
[GENERAL_VERB] I have become roughed,nhandire
[GENERAL_VERB] become rough!,handa
[GENERAL_VERB] I don't become rough,tinhanda
[GENERAL_VERB] to work hard,okuhanda-bunaku
[GENERAL_VERB] I work hard,nhanda-bunaku
[GENERAL_VERB] he/she work hards,ahanda-bunaku
[GENERAL_VERB] I have work harded,nhanda-bunakuire
[GENERAL_VERB] work hard!,handa-bunaku
[GENERAL_VERB] I don't work hard,tinhanda-bunaku
[GENERAL_VERB] to write,okuhandiika
[GENERAL_VERB] I write,nhandiika
[GENERAL_VERB] he/she writes,ahandiika
[GENERAL_VERB] I have writed,nhandiikire
[GENERAL_VERB] write!,handiika
[GENERAL_VERB] I don't write,tinhandiika
[GENERAL_VERB] to create,okuhanga
[GENERAL_VERB] I create,nhanga
[GENERAL_VERB] he/she creates,ahanga
[GENERAL_VERB] I have created,nhangire
[GENERAL_VERB] create!,hanga
[GENERAL_VERB] I don't create,tinhanga
[GENERAL_VERB] to stare,okuhanga-amaiso
[GENERAL_VERB] I stare,nhanga-amaiso
[GENERAL_VERB] he/she stares,ahanga-amaiso
[GENERAL_VERB] I have stared,nhanga-amaisoire
[GENERAL_VERB] stare!,hanga-amaiso
[GENERAL_VERB] I don't stare,tinhanga-amaiso
[GENERAL_VERB] to live long,okuhangaara
[GENERAL_VERB] I live long,nhangaara
[GENERAL_VERB] he/she live longs,ahangaara
[GENERAL_VERB] I have live longed,nhangaazire
[GENERAL_VERB] live long!,hangaara
[GENERAL_VERB] I don't live long,tinhangaara
[GENERAL_VERB] to be creative,okuhangahanga
[GENERAL_VERB] I be creative,nhangahanga
[GENERAL_VERB] he/she be creatives,ahangahanga
[GENERAL_VERB] I have be creatived,nhangahangire
[GENERAL_VERB] be creative!,hangahanga
[GENERAL_VERB] I don't be creative,tinhangahanga
[GENERAL_VERB] to repair,okuhangirira
[GENERAL_VERB] I repair,nhangirira
[GENERAL_VERB] he/she repairs,ahangirira
[GENERAL_VERB] I have repaired,nhangirizire
[GENERAL_VERB] repair!,hangirira
[GENERAL_VERB] I don't repair,tinhangirira
[GENERAL_VERB] to come unexpectedly,okuhanguka
[GENERAL_VERB] I come unexpectedly,nhanguka
[GENERAL_VERB] he/she come unexpectedlies,ahanguka
[GENERAL_VERB] I have come unexpectedlied,nhangukire
[GENERAL_VERB] come unexpectedly!,hanguka
[GENERAL_VERB] I don't come unexpectedly,tinhanguka
[GENERAL_NOUN] widen or to enlarge,okuhangusa
[GENERAL_VERB] to become archaic,okuhanguuka
[GENERAL_VERB] I become archaic,nhanguuka
[GENERAL_VERB] he/she become archaics,ahanguuka
[GENERAL_VERB] I have become archaiced,nhanguukire
[GENERAL_VERB] become archaic!,hanguuka
[GENERAL_VERB] I don't become archaic,tinhanguuka
[GENERAL_VERB] to become unfashionable,okuhanguuka
[GENERAL_VERB] I become unfashionable,nhanguuka
[GENERAL_VERB] he/she become unfashionables,ahanguuka
[GENERAL_VERB] I have become unfashionabled,nhanguukire
[GENERAL_VERB] become unfashionable!,hanguuka
[GENERAL_VERB] I don't become unfashionable,tinhanguuka
[GENERAL_VERB] to raise something,okuhanika
[GENERAL_VERB] I raise something,nhanika
[GENERAL_VERB] he/she raise somethings,ahanika
[GENERAL_VERB] I have raise somethinged,nhanikire
[GENERAL_VERB] raise something!,hanika
[GENERAL_VERB] I don't raise something,tinhanika
[GENERAL_VERB] to discuss something,okuhanuura
[GENERAL_VERB] I discuss something,nhanuura
[GENERAL_VERB] he/she discuss somethings,ahanuura
[GENERAL_VERB] I have discuss somethinged,nhanuuzire
[GENERAL_VERB] discuss something!,hanuura
[GENERAL_VERB] I don't discuss something,tinhanuura
[GENERAL_VERB] to defaecate,okuhanvuura
[GENERAL_VERB] I defaecate,nhanvuura
[GENERAL_VERB] he/she defaecates,ahanvuura
[GENERAL_VERB] I have defaecated,nhanvuuzire
[GENERAL_VERB] defaecate!,hanvuura
[GENERAL_VERB] I don't defaecate,tinhanvuura
[GENERAL_VERB] (of animals) to feed,okuhanza
[GENERAL_VERB] I (of animals) to feed,nhanza
[GENERAL_VERB] he/she (of animals) to feeds,ahanza
[GENERAL_VERB] I have (of animals) to feeded,nhanzire
[GENERAL_VERB] (of animals) to feed!,hanza
[GENERAL_VERB] I don't (of animals) to feed,tinhanza
[GENERAL_VERB] to scratch,okuhara
[GENERAL_VERB] I scratch,nhara
[GENERAL_VERB] he/she scratches,ahara
[GENERAL_VERB] I have scratched,nhazire
[GENERAL_VERB] scratch!,hara
[GENERAL_VERB] I don't scratch,tinhara
[GENERAL_VERB] to play about,okuharaatwa
[GENERAL_VERB] I play about,nharaatwa
[GENERAL_VERB] he/she play abouts,aharaatwa
[GENERAL_VERB] I have play abouted,nharaatwire
[GENERAL_VERB] play about!,haraatwa
[GENERAL_VERB] I don't play about,tinharaatwa
[GENERAL_VERB] to make someone restless,okuharahaaza
[GENERAL_VERB] I make someone restless,nharahaaza
[GENERAL_VERB] he/she make someone restlesses,aharahaaza
[GENERAL_VERB] I have make someone restlessed,nharahaazire
[GENERAL_VERB] make someone restless!,harahaaza
[GENERAL_VERB] I don't make someone restless,tinharahaaza
[GENERAL_VERB] to make an attempt,okuharahara
[GENERAL_VERB] I make an attempt,nharahara
[GENERAL_VERB] he/she make an attempts,aharahara
[GENERAL_VERB] I have make an attempted,nharahazire
[GENERAL_VERB] make an attempt!,harahara
[GENERAL_VERB] I don't make an attempt,tinharahara
[GENERAL_VERB] to do shoddy work,okuharambura
[GENERAL_VERB] I do shoddy work,nharambura
[GENERAL_VERB] he/she do shoddy works,aharambura
[GENERAL_VERB] I have do shoddy worked,nharambuzire
[GENERAL_VERB] do shoddy work!,harambura
[GENERAL_VERB] I don't do shoddy work,tinharambura
[GENERAL_VERB] to crave for something,okuharira
[GENERAL_VERB] I crave for something,nharira
[GENERAL_VERB] he/she crave for somethings,aharira
[GENERAL_VERB] I have crave for somethinged,nharizire
[GENERAL_VERB] crave for something!,harira
[GENERAL_VERB] I don't crave for something,tinharira
[GENERAL_VERB] to compete,okuhayana
[GENERAL_VERB] I compete,nhayana
[GENERAL_VERB] he/she competes,ahayana
[GENERAL_VERB] I have competed,nhayanire
[GENERAL_VERB] compete!,hayana
[GENERAL_VERB] I don't compete,tinhayana
[GENERAL_VERB] to be disobedient,okuhaza
[GENERAL_VERB] I be disobedient,nhaza
[GENERAL_VERB] he/she be disobedients,ahaza
[GENERAL_VERB] I have be disobediented,nhazire
[GENERAL_VERB] be disobedient!,haza
[GENERAL_VERB] I don't be disobedient,tinhaza
[GENERAL_VERB] to stammer,okuhebeba
[GENERAL_VERB] I stammer,nhebeba
[GENERAL_VERB] he/she stammers,ahebeba
[GENERAL_VERB] I have stammered,nhebebire
[GENERAL_VERB] stammer!,hebeba
[GENERAL_VERB] I don't stammer,tinhebeba
[GENERAL_VERB] to woo a woman,okuheeheeta
[GENERAL_VERB] I woo a woman,nheeheeta
[GENERAL_VERB] he/she woo a womans,aheeheeta
[GENERAL_VERB] I have woo a womaned,nheeheesire
[GENERAL_VERB] woo a woman!,heeheeta
[GENERAL_VERB] I don't woo a woman,tinheeheeta
[GENERAL_VERB] to kill a person,okuheekuura
[GENERAL_VERB] I kill a person,nheekuura
[GENERAL_VERB] he/she kill a persons,aheekuura
[GENERAL_VERB] I have kill a personed,nheekuuzire
[GENERAL_VERB] kill a person!,heekuura
[GENERAL_VERB] I don't kill a person,tinheekuura
[GENERAL_VERB] to give,okuheereza
[GENERAL_VERB] I give,nheereza
[GENERAL_VERB] he/she gives,aheereza
[GENERAL_VERB] I have gived,nheerezire
[GENERAL_VERB] give!,heereza
[GENERAL_VERB] I don't give,tinheereza
[GENERAL_VERB] to serve,okuheereza
[GENERAL_VERB] I serve,nheereza
[GENERAL_VERB] he/she serves,aheereza
[GENERAL_VERB] I have served,nheerezire
[GENERAL_VERB] serve!,heereza
[GENERAL_VERB] I don't serve,tinheereza
[GENERAL_VERB] to become stunted,okuhempura
[GENERAL_VERB] I become stunted,nhempura
[GENERAL_VERB] he/she become stunteds,ahempura
[GENERAL_VERB] I have become stunteded,nhempuzire
[GENERAL_VERB] become stunted!,hempura
[GENERAL_VERB] I don't become stunted,tinhempura
[GENERAL_VERB] to be embarassed,okuhemuka
[GENERAL_VERB] I be embarassed,nhemuka
[GENERAL_VERB] he/she be embarasseds,ahemuka
[GENERAL_VERB] I have be embarasseded,nhemukire
[GENERAL_VERB] be embarassed!,hemuka
[GENERAL_VERB] I don't be embarassed,tinhemuka
[GENERAL_VERB] to embarrass someone,okuhemura
[GENERAL_VERB] I embarrass someone,nhemura
[GENERAL_VERB] he/she embarrass someones,ahemura
[GENERAL_VERB] I have embarrass someoned,nhemuzire
[GENERAL_VERB] embarrass someone!,hemura
[GENERAL_VERB] I don't embarrass someone,tinhemura
[GENERAL_VERB] to be a disgrace,okuhemurana
[GENERAL_VERB] I be a disgrace,nhemurana
[GENERAL_VERB] he/she be a disgraces,ahemurana
[GENERAL_VERB] I have be a disgraced,nhemuranire
[GENERAL_VERB] be a disgrace!,hemurana
[GENERAL_VERB] I don't be a disgrace,tinhemurana
[GENERAL_VERB] to break something,okuhenda
[GENERAL_VERB] I break something,nhenda
[GENERAL_VERB] he/she break somethings,ahenda
[GENERAL_VERB] I have break somethinged,nhendire
[GENERAL_VERB] break something!,henda
[GENERAL_VERB] I don't break something,tinhenda
[GENERAL_VERB] to get broken,okuhendeka
[GENERAL_VERB] I get broken,nhendeka
[GENERAL_VERB] he/she get brokens,ahendeka
[GENERAL_VERB] I have get brokened,nhendekire
[GENERAL_VERB] get broken!,hendeka
[GENERAL_VERB] I don't get broken,tinhendeka
[GENERAL_VERB] to insult someone,okuhenduura
[GENERAL_VERB] I insult someone,nhenduura
[GENERAL_VERB] he/she insult someones,ahenduura
[GENERAL_VERB] I have insult someoned,nhenduuzire
[GENERAL_VERB] insult someone!,henduura
[GENERAL_VERB] I don't insult someone,tinhenduura
[GENERAL_VERB] to fall over something,okuhenengera
[GENERAL_VERB] I fall over something,nhenengera
[GENERAL_VERB] he/she fall over somethings,ahenengera
[GENERAL_VERB] I have fall over somethinged,nhenengezire
[GENERAL_VERB] fall over something!,henengera
[GENERAL_VERB] I don't fall over something,tinhenengera
[GENERAL_VERB] to laugh excessively,okuhenuza
[GENERAL_VERB] I laugh excessively,nhenuza
[GENERAL_VERB] he/she laugh excessivelies,ahenuza
[GENERAL_VERB] I have laugh excessivelied,nhenuzire
[GENERAL_VERB] laugh excessively!,henuza
[GENERAL_VERB] I don't laugh excessively,tinhenuza
[GENERAL_VERB] to scold someone,okuhera
[GENERAL_VERB] I scold someone,nhera
[GENERAL_VERB] he/she scold someones,ahera
[GENERAL_VERB] I have scold someoned,nhezire
[GENERAL_VERB] scold someone!,hera
[GENERAL_VERB] I don't scold someone,tinhera
[GENERAL_VERB] to insult one another,okuhesurana
[GENERAL_VERB] I insult one another,nhesurana
[GENERAL_VERB] he/she insult one anothers,ahesurana
[GENERAL_VERB] I have insult one anothered,nhesuranire
[GENERAL_VERB] insult one another!,hesurana
[GENERAL_VERB] I don't insult one another,tinhesurana
[GENERAL_VERB] to support,okuhigika
[GENERAL_VERB] I support,nhigika
[GENERAL_VERB] he/she supports,ahigika
[GENERAL_VERB] I have supported,nhigikire
[GENERAL_VERB] support!,higika
[GENERAL_VERB] I don't support,tinhigika
[GENERAL_VERB] to grunt,okuhigima
[GENERAL_VERB] I grunt,nhigima
[GENERAL_VERB] he/she grunts,ahigima
[GENERAL_VERB] I have grunted,nhigimire
[GENERAL_VERB] grunt!,higima
[GENERAL_VERB] I don't grunt,tinhigima
[GENERAL_VERB] to hunt,okuhiiga
[GENERAL_VERB] I hunt,nhiiga
[GENERAL_VERB] he/she hunts,ahiiga
[GENERAL_VERB] I have hunted,nhiigire
[GENERAL_VERB] hunt!,hiiga
[GENERAL_VERB] I don't hunt,tinhiiga
[GENERAL_VERB] to persecute,okuhiiganisa
[GENERAL_VERB] I persecute,nhiiganisa
[GENERAL_VERB] he/she persecutes,ahiiganisa
[GENERAL_VERB] I have persecuted,nhiiganisire
[GENERAL_VERB] persecute!,hiiganisa
[GENERAL_VERB] I don't persecute,tinhiiganisa
[GENERAL_VERB] to be lucky,okuhiirwa
[GENERAL_VERB] I be lucky,nhiirwa
[GENERAL_VERB] he/she be luckies,ahiirwa
[GENERAL_VERB] I have be luckied,nhiirwire
[GENERAL_VERB] be lucky!,hiirwa
[GENERAL_VERB] I don't be lucky,tinhiirwa
[GENERAL_VERB] to get something right,okuhika
[GENERAL_VERB] I get something right,nhika
[GENERAL_VERB] he/she get something rights,ahika
[GENERAL_VERB] I have get something righted,nhikire
[GENERAL_VERB] get something right!,hika
[GENERAL_VERB] I don't get something right,tinhika
[GENERAL_VERB] to be righteous,okuhikiirira
[GENERAL_VERB] I be righteous,nhikiirira
[GENERAL_VERB] he/she be righteouses,ahikiirira
[GENERAL_VERB] I have be righteoused,nhikiirizire
[GENERAL_VERB] be righteous!,hikiirira
[GENERAL_VERB] I don't be righteous,tinhikiirira
[GENERAL_VERB] to fulfil,okuhikiiriza
[GENERAL_VERB] I fulfil,nhikiiriza
[GENERAL_VERB] he/she fulfils,ahikiiriza
[GENERAL_VERB] I have fulfiled,nhikiirizire
[GENERAL_VERB] fulfil!,hikiiriza
[GENERAL_VERB] I don't fulfil,tinhikiiriza
[GENERAL_VERB] to be a victim,okuhikirwa
[GENERAL_VERB] I be a victim,nhikirwa
[GENERAL_VERB] he/she be a victims,ahikirwa
[GENERAL_VERB] I have be a victimed,nhikirwire
[GENERAL_VERB] be a victim!,hikirwa
[GENERAL_VERB] I don't be a victim,tinhikirwa
[GENERAL_VERB] to praise,okuhimbisa
[GENERAL_VERB] I praise,nhimbisa
[GENERAL_VERB] he/she praises,ahimbisa
[GENERAL_VERB] I have praised,nhimbisire
[GENERAL_VERB] praise!,himbisa
[GENERAL_VERB] I don't praise,tinhimbisa
[GENERAL_VERB] to change,okuhinduka
[GENERAL_VERB] I change,nhinduka
[GENERAL_VERB] he/she changes,ahinduka
[GENERAL_VERB] I have changed,nhindukire
[GENERAL_VERB] change!,hinduka
[GENERAL_VERB] I don't change,tinhinduka
[GENERAL_VERB] to convert,okuhinduka
[GENERAL_VERB] I convert,nhinduka
[GENERAL_VERB] he/she converts,ahinduka
[GENERAL_VERB] I have converted,nhindukire
[GENERAL_VERB] convert!,hinduka
[GENERAL_VERB] I don't convert,tinhinduka
[GENERAL_VERB] to dig or cultivate,okuhinga
[GENERAL_VERB] I dig or cultivate,nhinga
[GENERAL_VERB] he/she dig or cultivates,ahinga
[GENERAL_VERB] I have dig or cultivated,nhingire
[GENERAL_VERB] dig or cultivate!,hinga
[GENERAL_VERB] I don't dig or cultivate,tinhinga
[GENERAL_VERB] to exchange,okuhingaana
[GENERAL_VERB] I exchange,nhingaana
[GENERAL_VERB] he/she exchanges,ahingaana
[GENERAL_VERB] I have exchanged,nhingaanire
[GENERAL_VERB] exchange!,hingaana
[GENERAL_VERB] I don't exchange,tinhingaana
[GENERAL_VERB] to over-lap,okuhingikana
[GENERAL_VERB] I over-lap,nhingikana
[GENERAL_VERB] he/she over-laps,ahingikana
[GENERAL_VERB] I have over-laped,nhingikanire
[GENERAL_VERB] over-lap!,hingikana
[GENERAL_VERB] I don't over-lap,tinhingikana
[GENERAL_VERB] to register,okuhingiza
[GENERAL_VERB] I register,nhingiza
[GENERAL_VERB] he/she registers,ahingiza
[GENERAL_VERB] I have registered,nhingizire
[GENERAL_VERB] register!,hingiza
[GENERAL_VERB] I don't register,tinhingiza
[GENERAL_VERB] make someone pass something,okuhinguza
[GENERAL_VERB] I make someone pass something,nhinguza
[GENERAL_VERB] he/she make someone pass somethings,ahinguza
[GENERAL_VERB] I have make someone pass somethinged,nhinguzire
[GENERAL_VERB] make someone pass something!,hinguza
[GENERAL_VERB] I don't make someone pass something,tinhinguza
[GENERAL_VERB] to gush out,okuhinintuka
[GENERAL_VERB] I gush out,nhinintuka
[GENERAL_VERB] he/she gush outs,ahinintuka
[GENERAL_VERB] I have gush outed,nhinintukire
[GENERAL_VERB] gush out!,hinintuka
[GENERAL_VERB] I don't gush out,tinhinintuka
[GENERAL_VERB] to fall down,okuhirima
[GENERAL_VERB] I fall down,nhirima
[GENERAL_VERB] he/she fall downs,ahirima
[GENERAL_VERB] I have fall downed,nhirimire
[GENERAL_VERB] fall down!,hirima
[GENERAL_VERB] I don't fall down,tinhirima
[GENERAL_VERB] to make something roll,okuhiringisa
[GENERAL_VERB] I make something roll,nhiringisa
[GENERAL_VERB] he/she make something rolls,ahiringisa
[GENERAL_VERB] I have make something rolled,nhiringisire
[GENERAL_VERB] make something roll!,hiringisa
[GENERAL_VERB] I don't make something roll,tinhiringisa
[GENERAL_VERB] to roll,okuhiringita
[GENERAL_VERB] I roll,nhiringita
[GENERAL_VERB] he/she rolls,ahiringita
[GENERAL_VERB] I have rolled,nhiringisire
[GENERAL_VERB] roll!,hiringita
[GENERAL_VERB] I don't roll,tinhiringita
[GENERAL_VERB] to make something roll,okuhiringuza
[GENERAL_VERB] I make something roll,nhiringuza
[GENERAL_VERB] he/she make something rolls,ahiringuza
[GENERAL_VERB] I have make something rolled,nhiringuzire
[GENERAL_VERB] make something roll!,hiringuza
[GENERAL_VERB] I don't make something roll,tinhiringuza
[GENERAL_VERB] to invoke evil spirits,okuhiriza
[GENERAL_VERB] I invoke evil spirits,nhiriza
[GENERAL_VERB] he/she invoke evil spiritses,ahiriza
[GENERAL_VERB] I have invoke evil spiritsed,nhirizire
[GENERAL_VERB] invoke evil spirits!,hiriza
[GENERAL_VERB] I don't invoke evil spirits,tinhiriza
[GENERAL_VERB] to become very soft,okuhoha
[GENERAL_VERB] I become very soft,nhoha
[GENERAL_VERB] he/she become very softs,ahoha
[GENERAL_VERB] I have become very softed,nhohire
[GENERAL_VERB] become very soft!,hoha
[GENERAL_VERB] I don't become very soft,tinhoha
[GENERAL_VERB] to plaster,okuhoma
[GENERAL_VERB] I plaster,nhoma
[GENERAL_VERB] he/she plasters,ahoma
[GENERAL_VERB] I have plastered,nhomire
[GENERAL_VERB] plaster!,homa
[GENERAL_VERB] I don't plaster,tinhoma
[GENERAL_VERB] to shrivel up,okuhombanya
[GENERAL_VERB] I shrivel up,nhombanya
[GENERAL_VERB] he/she shrivel ups,ahombanya
[GENERAL_VERB] I have shrivel uped,nhombanyire
[GENERAL_VERB] shrivel up!,hombanya
[GENERAL_VERB] I don't shrivel up,tinhombanya
[GENERAL_VERB] to undress in public,okuhompoora
[GENERAL_VERB] I undress in public,nhompoora
[GENERAL_VERB] he/she undress in publics,ahompoora
[GENERAL_VERB] I have undress in publiced,nhompoozire
[GENERAL_VERB] undress in public!,hompoora
[GENERAL_VERB] I don't undress in public,tinhompoora
[GENERAL_VERB] (of cereals) to overgrow,okuhona
[GENERAL_VERB] I (of cereals) to overgrow,nhona
[GENERAL_VERB] he/she (of cereals) to overgrows,ahona
[GENERAL_VERB] I have (of cereals) to overgrowed,nhonire
[GENERAL_VERB] (of cereals) to overgrow!,hona
[GENERAL_VERB] I don't (of cereals) to overgrow,tinhona
[GENERAL_VERB] to hit or knock,okuhonda
[GENERAL_VERB] I hit or knock,nhonda
[GENERAL_VERB] he/she hit or knocks,ahonda
[GENERAL_VERB] I have hit or knocked,nhondire
[GENERAL_VERB] hit or knock!,honda
[GENERAL_VERB] I don't hit or knock,tinhonda
[GENERAL_VERB] to pound,okuhonda
[GENERAL_VERB] I pound,nhonda
[GENERAL_VERB] he/she pounds,ahonda
[GENERAL_VERB] I have pounded,nhondire
[GENERAL_VERB] pound!,honda
[GENERAL_VERB] I don't pound,tinhonda
[GENERAL_VERB] to oversleep,okuhondeeza
[GENERAL_VERB] I oversleep,nhondeeza
[GENERAL_VERB] he/she oversleeps,ahondeeza
[GENERAL_VERB] I have oversleeped,nhondeezire
[GENERAL_VERB] oversleep!,hondeeza
[GENERAL_VERB] I don't oversleep,tinhondeeza
"[GENERAL_VERB] to hug, to embrace",okuhoobeera
"[GENERAL_VERB] I hug, to embrace",nhoobeera
"[GENERAL_VERB] he/she hug, to embraces",ahoobeera
"[GENERAL_VERB] I have hug, to embraced",nhoobeezire
"[GENERAL_VERB] hug, to embrace!",hoobeera
"[GENERAL_VERB] I don't hug, to embrace",tinhoobeera
[GENERAL_VERB] to pay tax,okuhoora
[GENERAL_VERB] I pay tax,nhoora
[GENERAL_VERB] he/she pay taxs,ahoora
[GENERAL_VERB] I have pay taxed,nhoozire
[GENERAL_VERB] pay tax!,hoora
[GENERAL_VERB] I don't pay tax,tinhoora
[GENERAL_VERB] to revenge,okuhoora-enzigu
[GENERAL_VERB] I revenge,nhoora-enzigu
[GENERAL_VERB] he/she revenges,ahoora-enzigu
[GENERAL_VERB] I have revenged,nhoora-enziguire
[GENERAL_VERB] revenge!,hoora-enzigu
[GENERAL_VERB] I don't revenge,tinhoora-enzigu
[GENERAL_NOUN] roaring,okuhoorera
[GENERAL_VERB] to cool,okuhora
[GENERAL_VERB] I cool,nhora
[GENERAL_VERB] he/she cools,ahora
[GENERAL_VERB] I have cooled,nhozire
[GENERAL_VERB] cool!,hora
[GENERAL_VERB] I don't cool,tinhora
[GENERAL_NOUN] panting,okuhorogoma
[GENERAL_VERB] to lose weight,okuhoroota
[GENERAL_VERB] I lose weight,nhoroota
[GENERAL_VERB] he/she lose weights,ahoroota
[GENERAL_VERB] I have lose weighted,nhoroosire
[GENERAL_VERB] lose weight!,horoota
[GENERAL_VERB] I don't lose weight,tinhoroota
[GENERAL_NOUN] moral decay,okuhota
[GENERAL_VERB] to twist,okuhotora
[GENERAL_VERB] I twist,nhotora
[GENERAL_VERB] he/she twists,ahotora
[GENERAL_VERB] I have twisted,nhotozire
[GENERAL_VERB] twist!,hotora
[GENERAL_VERB] I don't twist,tinhotora
[GENERAL_VERB] to return something,okuhotora
[GENERAL_VERB] I return something,nhotora
[GENERAL_VERB] he/she return somethings,ahotora
[GENERAL_VERB] I have return somethinged,nhotozire
[GENERAL_VERB] return something!,hotora
[GENERAL_VERB] I don't return something,tinhotora
[GENERAL_VERB] to be greedy,okuhuba
[GENERAL_VERB] I be greedy,nhuba
[GENERAL_VERB] he/she be greedies,ahuba
[GENERAL_VERB] I have be greedied,nhubire
[GENERAL_VERB] be greedy!,huba
[GENERAL_VERB] I don't be greedy,tinhuba
[GENERAL_VERB] to be greedy,okuhugusa
[GENERAL_VERB] I be greedy,nhugusa
[GENERAL_VERB] he/she be greedies,ahugusa
[GENERAL_VERB] I have be greedied,nhugusire
[GENERAL_VERB] be greedy!,hugusa
[GENERAL_VERB] I don't be greedy,tinhugusa
[GENERAL_VERB] to clarify something,okuhuguura
[GENERAL_VERB] I clarify something,nhuguura
[GENERAL_VERB] he/she clarify somethings,ahuguura
[GENERAL_VERB] I have clarify somethinged,nhuguuzire
[GENERAL_VERB] clarify something!,huguura
[GENERAL_VERB] I don't clarify something,tinhuguura
[GENERAL_VERB] to wheeze restlessly,okuhujeera
[GENERAL_VERB] I wheeze restlessly,nhujeera
[GENERAL_VERB] he/she wheeze restlesslies,ahujeera
[GENERAL_VERB] I have wheeze restlesslied,nhujeezire
[GENERAL_VERB] wheeze restlessly!,hujeera
[GENERAL_VERB] I don't wheeze restlessly,tinhujeera
[GENERAL_VERB] to become blind,okuhuma
[GENERAL_VERB] I become blind,nhuma
[GENERAL_VERB] he/she become blinds,ahuma
[GENERAL_VERB] I have become blinded,nhumire
[GENERAL_VERB] become blind!,huma
[GENERAL_VERB] I don't become blind,tinhuma
[GENERAL_VERB] to become a leper,okuhumaana
[GENERAL_VERB] I become a leper,nhumaana
[GENERAL_VERB] he/she become a lepers,ahumaana
[GENERAL_VERB] I have become a lepered,nhumaanire
[GENERAL_VERB] become a leper!,humaana
[GENERAL_VERB] I don't become a leper,tinhumaana
[GENERAL_VERB] to close one's eyes,okuhumagiza
[GENERAL_VERB] I close one's eyes,nhumagiza
[GENERAL_VERB] he/she close one's eyeses,ahumagiza
[GENERAL_VERB] I have close one's eyesed,nhumagizire
[GENERAL_VERB] close one's eyes!,humagiza
[GENERAL_VERB] I don't close one's eyes,tinhumagiza
[GENERAL_VERB] to gather wild berries,okuhumba
[GENERAL_VERB] I gather wild berries,nhumba
[GENERAL_VERB] he/she gather wild berrieses,ahumba
[GENERAL_VERB] I have gather wild berriesed,nhumbire
[GENERAL_VERB] gather wild berries!,humba
[GENERAL_VERB] I don't gather wild berries,tinhumba
[GENERAL_VERB] to swarm around,okuhumbata
[GENERAL_VERB] I swarm around,nhumbata
[GENERAL_VERB] he/she swarm arounds,ahumbata
[GENERAL_VERB] I have swarm arounded,nhumbasire
[GENERAL_VERB] swarm around!,humbata
[GENERAL_VERB] I don't swarm around,tinhumbata
[GENERAL_VERB] to resurrect,okuhumbuuka
[GENERAL_VERB] I resurrect,nhumbuuka
[GENERAL_VERB] he/she resurrects,ahumbuuka
[GENERAL_VERB] I have resurrected,nhumbuukire
[GENERAL_VERB] resurrect!,humbuuka
[GENERAL_VERB] I don't resurrect,tinhumbuuka
[GENERAL_VERB] to pray for someone,okuhumbya
[GENERAL_VERB] I pray for someone,nhumbya
[GENERAL_VERB] he/she pray for someones,ahumbya
[GENERAL_VERB] I have pray for someoned,nhumbyire
[GENERAL_VERB] pray for someone!,humbya
[GENERAL_VERB] I don't pray for someone,tinhumbya
[GENERAL_VERB] to wink eyes,okuhumbya
[GENERAL_VERB] I wink eyes,nhumbya
[GENERAL_VERB] he/she wink eyeses,ahumbya
[GENERAL_VERB] I have wink eyesed,nhumbyire
[GENERAL_VERB] wink eyes!,humbya
[GENERAL_VERB] I don't wink eyes,tinhumbya
[GENERAL_VERB] to close on's eyes,okuhumiriza
[GENERAL_VERB] I close on's eyes,nhumiriza
[GENERAL_VERB] he/she close on's eyeses,ahumiriza
[GENERAL_VERB] I have close on's eyesed,nhumirizire
[GENERAL_VERB] close on's eyes!,humiriza
[GENERAL_VERB] I don't close on's eyes,tinhumiriza
[GENERAL_VERB] to close the eyes,okuhumiza
[GENERAL_VERB] I close the eyes,nhumiza
[GENERAL_VERB] he/she close the eyeses,ahumiza
[GENERAL_VERB] I have close the eyesed,nhumizire
[GENERAL_VERB] close the eyes!,humiza
[GENERAL_VERB] I don't close the eyes,tinhumiza
[GENERAL_VERB] to open eyes,okuhumuura
[GENERAL_VERB] I open eyes,nhumuura
[GENERAL_VERB] he/she open eyeses,ahumuura
[GENERAL_VERB] I have open eyesed,nhumuuzire
[GENERAL_VERB] open eyes!,humuura
[GENERAL_VERB] I don't open eyes,tinhumuura
[GENERAL_VERB] to decorate,okuhunama
[GENERAL_VERB] I decorate,nhunama
[GENERAL_VERB] he/she decorates,ahunama
[GENERAL_VERB] I have decorated,nhunamire
[GENERAL_VERB] decorate!,hunama
[GENERAL_VERB] I don't decorate,tinhunama
[GENERAL_VERB] to grow thin,okuhundama
[GENERAL_VERB] I grow thin,nhundama
[GENERAL_VERB] he/she grow thins,ahundama
[GENERAL_VERB] I have grow thined,nhundamire
[GENERAL_VERB] grow thin!,hundama
[GENERAL_VERB] I don't grow thin,tinhundama
[GENERAL_VERB] to cause starvation,okuhundika
[GENERAL_VERB] I cause starvation,nhundika
[GENERAL_VERB] he/she cause starvations,ahundika
[GENERAL_VERB] I have cause starvationed,nhundikire
[GENERAL_VERB] cause starvation!,hundika
[GENERAL_VERB] I don't cause starvation,tinhundika
[GENERAL_VERB] to lose lusture,okuhunduuka
[GENERAL_VERB] I lose lusture,nhunduuka
[GENERAL_VERB] he/she lose lustures,ahunduuka
[GENERAL_VERB] I have lose lustured,nhunduukire
[GENERAL_VERB] lose lusture!,hunduuka
[GENERAL_VERB] I don't lose lusture,tinhunduuka
[GENERAL_VERB] to make something fade,okuhunduura
[GENERAL_VERB] I make something fade,nhunduura
[GENERAL_VERB] he/she make something fades,ahunduura
[GENERAL_VERB] I have make something faded,nhunduuzire
[GENERAL_VERB] make something fade!,hunduura
[GENERAL_VERB] I don't make something fade,tinhunduura
[GENERAL_VERB] to renovate,okuhunduuza
[GENERAL_VERB] I renovate,nhunduuza
[GENERAL_VERB] he/she renovates,ahunduuza
[GENERAL_VERB] I have renovated,nhunduuzire
[GENERAL_VERB] renovate!,hunduuza
[GENERAL_VERB] I don't renovate,tinhunduuza
[GENERAL_VERB] to wander,okuhungungwa
[GENERAL_VERB] I wander,nhungungwa
[GENERAL_VERB] he/she wanders,ahungungwa
[GENERAL_VERB] I have wandered,nhungungwire
[GENERAL_VERB] wander!,hungungwa
[GENERAL_VERB] I don't wander,tinhungungwa
[GENERAL_VERB] to shake the buttocks,okuhungura
[GENERAL_VERB] I shake the buttocks,nhungura
[GENERAL_VERB] he/she shake the buttockses,ahungura
[GENERAL_VERB] I have shake the buttocksed,nhunguzire
[GENERAL_VERB] shake the buttocks!,hungura
[GENERAL_VERB] I don't shake the buttocks,tinhungura
[GENERAL_VERB] to lose some senses,okuhungutuka
[GENERAL_VERB] I lose some senses,nhungutuka
[GENERAL_VERB] he/she lose some senseses,ahungutuka
[GENERAL_VERB] I have lose some sensesed,nhungutukire
[GENERAL_VERB] lose some senses!,hungutuka
[GENERAL_VERB] I don't lose some senses,tinhungutuka
[GENERAL_VERB] to have a nap,okuhunjagara
[GENERAL_VERB] I have a nap,nhunjagara
[GENERAL_VERB] he/she have a naps,ahunjagara
[GENERAL_VERB] I have have a naped,nhunjagazire
[GENERAL_VERB] have a nap!,hunjagara
[GENERAL_VERB] I don't have a nap,tinhunjagara
[GENERAL_VERB] to flee from danger,okuhunyahunya
[GENERAL_VERB] I flee from danger,nhunyahunya
[GENERAL_VERB] he/she flee from dangers,ahunyahunya
[GENERAL_VERB] I have flee from dangered,nhunyahunyire
[GENERAL_VERB] flee from danger!,hunyahunya
[GENERAL_VERB] I don't flee from danger,tinhunyahunya
[GENERAL_VERB] to listen,okuhurikiza
[GENERAL_VERB] I listen,nhurikiza
[GENERAL_VERB] he/she listens,ahurikiza
[GENERAL_VERB] I have listened,nhurikizire
[GENERAL_VERB] listen!,hurikiza
[GENERAL_VERB] I don't listen,tinhurikiza
[GENERAL_VERB] to hear,okuhurira
[GENERAL_VERB] I hear,nhurira
[GENERAL_VERB] he/she hears,ahurira
[GENERAL_VERB] I have heared,nhurizire
[GENERAL_VERB] hear!,hurira
[GENERAL_VERB] I don't hear,tinhurira
[GENERAL_VERB] to keep in touch,okuhurizana
[GENERAL_VERB] I keep in touch,nhurizana
[GENERAL_VERB] he/she keep in touches,ahurizana
[GENERAL_VERB] I have keep in touched,nhurizanire
[GENERAL_VERB] keep in touch!,hurizana
[GENERAL_VERB] I don't keep in touch,tinhurizana
[GENERAL_VERB] to move secretly,okuhurubuka
[GENERAL_VERB] I move secretly,nhurubuka
[GENERAL_VERB] he/she move secretlies,ahurubuka
[GENERAL_VERB] I have move secretlied,nhurubukire
[GENERAL_VERB] move secretly!,hurubuka
[GENERAL_VERB] I don't move secretly,tinhurubuka
[GENERAL_VERB] to grow thin,okuhururuka
[GENERAL_VERB] I grow thin,nhururuka
[GENERAL_VERB] he/she grow thins,ahururuka
[GENERAL_VERB] I have grow thined,nhururukire
[GENERAL_VERB] grow thin!,hururuka
[GENERAL_VERB] I don't grow thin,tinhururuka
[GENERAL_VERB] to starve,okuhururura
[GENERAL_VERB] I starve,nhururura
[GENERAL_VERB] he/she starves,ahururura
[GENERAL_VERB] I have starved,nhururuzire
[GENERAL_VERB] starve!,hururura
[GENERAL_VERB] I don't starve,tinhururura
[GENERAL_VERB] to be in pain,okuhururwa
[GENERAL_VERB] I be in pain,nhururwa
[GENERAL_VERB] he/she be in pains,ahururwa
[GENERAL_VERB] I have be in pained,nhururwire
[GENERAL_VERB] be in pain!,hururwa
[GENERAL_VERB] I don't be in pain,tinhururwa
[GENERAL_VERB] to happen very fast,okuhuruutuka
[GENERAL_VERB] I happen very fast,nhuruutuka
[GENERAL_VERB] he/she happen very fasts,ahuruutuka
[GENERAL_VERB] I have happen very fasted,nhuruutukire
[GENERAL_VERB] happen very fast!,huruutuka
[GENERAL_VERB] I don't happen very fast,tinhuruutuka
[GENERAL_VERB] to rush,okuhuruutuka
[GENERAL_VERB] I rush,nhuruutuka
[GENERAL_VERB] he/she rushes,ahuruutuka
[GENERAL_VERB] I have rushed,nhuruutukire
[GENERAL_VERB] rush!,huruutuka
[GENERAL_VERB] I don't rush,tinhuruutuka
[GENERAL_VERB] to scare someone,okuhuruutura
[GENERAL_VERB] I scare someone,nhuruutura
[GENERAL_VERB] he/she scare someones,ahuruutura
[GENERAL_VERB] I have scare someoned,nhuruutuzire
[GENERAL_VERB] scare someone!,huruutura
[GENERAL_VERB] I don't scare someone,tinhuruutura
[GENERAL_VERB] to be injured,okuhutaara
[GENERAL_VERB] I be injured,nhutaara
[GENERAL_VERB] he/she be injureds,ahutaara
[GENERAL_VERB] I have be injureded,nhutaazire
[GENERAL_VERB] be injured!,hutaara
[GENERAL_VERB] I don't be injured,tinhutaara
[GENERAL_VERB] to swing,okuhuuba
[GENERAL_VERB] I swing,nhuuba
[GENERAL_VERB] he/she swings,ahuuba
[GENERAL_VERB] I have swinged,nhuubire
[GENERAL_VERB] swing!,huuba
[GENERAL_VERB] I don't swing,tinhuuba
[GENERAL_VERB] to feel dizzy,okuhuugiza
[GENERAL_VERB] I feel dizzy,nhuugiza
[GENERAL_VERB] he/she feel dizzies,ahuugiza
[GENERAL_VERB] I have feel dizzied,nhuugizire
[GENERAL_VERB] feel dizzy!,huugiza
[GENERAL_VERB] I don't feel dizzy,tinhuugiza
[GENERAL_VERB] to hide,okuhuugiza
[GENERAL_VERB] I hide,nhuugiza
[GENERAL_VERB] he/she hides,ahuugiza
[GENERAL_VERB] I have hided,nhuugizire
[GENERAL_VERB] hide!,huugiza
[GENERAL_VERB] I don't hide,tinhuugiza
[GENERAL_VERB] to blow,okuhuuha
[GENERAL_VERB] I blow,nhuuha
[GENERAL_VERB] he/she blows,ahuuha
[GENERAL_VERB] I have blowed,nhuuhire
[GENERAL_VERB] blow!,huuha
[GENERAL_VERB] I don't blow,tinhuuha
[GENERAL_VERB] to chase something away,okuhuuha
[GENERAL_VERB] I chase something away,nhuuha
[GENERAL_VERB] he/she chase something aways,ahuuha
[GENERAL_VERB] I have chase something awayed,nhuuhire
[GENERAL_VERB] chase something away!,huuha
[GENERAL_VERB] I don't chase something away,tinhuuha
[GENERAL_VERB] to gulp,okuhuukura
[GENERAL_VERB] I gulp,nhuukura
[GENERAL_VERB] he/she gulps,ahuukura
[GENERAL_VERB] I have gulped,nhuukuzire
[GENERAL_VERB] gulp!,huukura
[GENERAL_VERB] I don't gulp,tinhuukura
[GENERAL_VERB] to eat food greedily,okuhuukura
[GENERAL_VERB] I eat food greedily,nhuukura
[GENERAL_VERB] he/she eat food greedilies,ahuukura
[GENERAL_VERB] I have eat food greedilied,nhuukuzire
[GENERAL_VERB] eat food greedily!,huukura
[GENERAL_VERB] I don't eat food greedily,tinhuukura
[GENERAL_VERB] to hoot,okuhuuma
[GENERAL_VERB] I hoot,nhuuma
[GENERAL_VERB] he/she hoots,ahuuma
[GENERAL_VERB] I have hooted,nhuumire
[GENERAL_VERB] hoot!,huuma
[GENERAL_VERB] I don't hoot,tinhuuma
[GENERAL_VERB] to retire someone,okuhuumuza
[GENERAL_VERB] I retire someone,nhuumuza
[GENERAL_VERB] he/she retire someones,ahuumuza
[GENERAL_VERB] I have retire someoned,nhuumuzire
[GENERAL_VERB] retire someone!,huumuza
[GENERAL_VERB] I don't retire someone,tinhuumuza
[GENERAL_VERB] to grunt,okuhuuna
[GENERAL_VERB] I grunt,nhuuna
[GENERAL_VERB] he/she grunts,ahuuna
[GENERAL_VERB] I have grunted,nhuunire
[GENERAL_VERB] grunt!,huuna
[GENERAL_VERB] I don't grunt,tinhuuna
[GENERAL_VERB] to grunt in bewilderment,okuhuunagira
[GENERAL_VERB] I grunt in bewilderment,nhuunagira
[GENERAL_VERB] he/she grunt in bewilderments,ahuunagira
[GENERAL_VERB] I have grunt in bewildermented,nhuunagizire
[GENERAL_VERB] grunt in bewilderment!,huunagira
[GENERAL_VERB] I don't grunt in bewilderment,tinhuunagira
[GENERAL_VERB] to thresh,okuhuura
[GENERAL_VERB] I thresh,nhuura
[GENERAL_VERB] he/she threshes,ahuura
[GENERAL_VERB] I have threshed,nhuuzire
[GENERAL_VERB] thresh!,huura
[GENERAL_VERB] I don't thresh,tinhuura
[GENERAL_VERB] to confuse two things,okuhuurikana
[GENERAL_VERB] I confuse two things,nhuurikana
[GENERAL_VERB] he/she confuse two thingses,ahuurikana
[GENERAL_VERB] I have confuse two thingsed,nhuurikanire
[GENERAL_VERB] confuse two things!,huurikana
[GENERAL_VERB] I don't confuse two things,tinhuurikana
[GENERAL_VERB] to get finished,okuhwa
[GENERAL_VERB] I get finished,nhwa
[GENERAL_VERB] he/she get finisheds,ahwa
[GENERAL_VERB] I have get finisheded,nhwire
[GENERAL_VERB] get finished!,hwa
[GENERAL_VERB] I don't get finished,tinhwa
[GENERAL_VERB] to be completely finished,okuhwaho
[GENERAL_VERB] I be completely finished,nhwaho
[GENERAL_VERB] he/she be completely finisheds,ahwaho
[GENERAL_VERB] I have be completely finisheded,nhwahoire
[GENERAL_VERB] be completely finished!,hwaho
[GENERAL_VERB] I don't be completely finished,tinhwaho
[GENERAL_VERB] to be amnihilated,okuhwaho
[GENERAL_VERB] I be amnihilated,nhwaho
[GENERAL_VERB] he/she be amnihilateds,ahwaho
[GENERAL_VERB] I have be amnihilateded,nhwahoire
[GENERAL_VERB] be amnihilated!,hwaho
[GENERAL_VERB] I don't be amnihilated,tinhwaho
[GENERAL_VERB] to hesitate,okuhwama
[GENERAL_VERB] I hesitate,nhwama
[GENERAL_VERB] he/she hesitates,ahwama
[GENERAL_VERB] I have hesitated,nhwamire
[GENERAL_VERB] hesitate!,hwama
[GENERAL_VERB] I don't hesitate,tinhwama
[GENERAL_VERB] to get finished,okuhwamu
[GENERAL_VERB] I get finished,nhwamu
[GENERAL_VERB] he/she get finisheds,ahwamu
[GENERAL_VERB] I have get finisheded,nhwamuire
[GENERAL_VERB] get finished!,hwamu
[GENERAL_VERB] I don't get finished,tinhwamu
[GENERAL_VERB] to be separated,okuhwanaho
[GENERAL_VERB] I be separated,nhwanaho
[GENERAL_VERB] he/she be separateds,ahwanaho
[GENERAL_VERB] I have be separateded,nhwanahoire
[GENERAL_VERB] be separated!,hwanaho
[GENERAL_VERB] I don't be separated,tinhwanaho
[GENERAL_VERB] to lose concentration,okuhwaziira
[GENERAL_VERB] I lose concentration,nhwaziira
[GENERAL_VERB] he/she lose concentrations,ahwaziira
[GENERAL_VERB] I have lose concentrationed,nhwaziizire
[GENERAL_VERB] lose concentration!,hwaziira
[GENERAL_VERB] I don't lose concentration,tinhwaziira
[GENERAL_VERB] to whisper to somebody,okuhwehura
[GENERAL_VERB] I whisper to somebody,nhwehura
[GENERAL_VERB] he/she whisper to somebodies,ahwehura
[GENERAL_VERB] I have whisper to somebodied,nhwehuzire
[GENERAL_VERB] whisper to somebody!,hwehura
[GENERAL_VERB] I don't whisper to somebody,tinhwehura
[GENERAL_VERB] to dose,okuhwekera
[GENERAL_VERB] I dose,nhwekera
[GENERAL_VERB] he/she doses,ahwekera
[GENERAL_VERB] I have dosed,nhwekezire
[GENERAL_VERB] dose!,hwekera
[GENERAL_VERB] I don't dose,tinhwekera
[GENERAL_VERB] to help or assist,okuhwera
[GENERAL_VERB] I help or assist,nhwera
[GENERAL_VERB] he/she help or assists,ahwera
[GENERAL_VERB] I have help or assisted,nhwezire
[GENERAL_VERB] help or assist!,hwera
[GENERAL_VERB] I don't help or assist,tinhwera
[GENERAL_VERB] to be destroyed completely,okuhwerekerera
[GENERAL_VERB] I be destroyed completely,nhwerekerera
[GENERAL_VERB] he/she be destroyed completelies,ahwerekerera
[GENERAL_VERB] I have be destroyed completelied,nhwerekerezire
[GENERAL_VERB] be destroyed completely!,hwerekerera
[GENERAL_VERB] I don't be destroyed completely,tinhwerekerera
[GENERAL_VERB] to dissolve,okuhwerera
[GENERAL_VERB] I dissolve,nhwerera
[GENERAL_VERB] he/she dissolves,ahwerera
[GENERAL_VERB] I have dissolved,nhwerezire
[GENERAL_VERB] dissolve!,hwerera
[GENERAL_VERB] I don't dissolve,tinhwerera
[GENERAL_VERB] to die down,okuhwerera
[GENERAL_VERB] I die down,nhwerera
[GENERAL_VERB] he/she die downs,ahwerera
[GENERAL_VERB] I have die downed,nhwerezire
[GENERAL_VERB] die down!,hwerera
[GENERAL_VERB] I don't die down,tinhwerera
[GENERAL_VERB] to wear out,okuhwerera
[GENERAL_VERB] I wear out,nhwerera
[GENERAL_VERB] he/she wear outs,ahwerera
[GENERAL_VERB] I have wear outed,nhwerezire
[GENERAL_VERB] wear out!,hwerera
[GENERAL_VERB] I don't wear out,tinhwerera
[GENERAL_VERB] to be dispersed,okuhwerera
[GENERAL_VERB] I be dispersed,nhwerera
[GENERAL_VERB] he/she be disperseds,ahwerera
[GENERAL_VERB] I have be disperseded,nhwerezire
[GENERAL_VERB] be dispersed!,hwerera
[GENERAL_VERB] I don't be dispersed,tinhwerera
[GENERAL_VERB] to grow very old,okuhwita
[GENERAL_VERB] I grow very old,nhwita
[GENERAL_VERB] he/she grow very olds,ahwita
[GENERAL_VERB] I have grow very olded,nhwisire
[GENERAL_VERB] grow very old!,hwita
[GENERAL_VERB] I don't grow very old,tinhwita
[GENERAL_VERB] to spread about,okujaakara
[GENERAL_VERB] I spread about,njaakara
[GENERAL_VERB] he/she spread abouts,ajaakara
[GENERAL_VERB] I have spread abouted,njaakazire
[GENERAL_VERB] spread about!,jaakara
[GENERAL_VERB] I don't spread about,tinjaakara
[GENERAL_VERB] to wander,okujaayana
[GENERAL_VERB] I wander,njaayana
[GENERAL_VERB] he/she wanders,ajaayana
[GENERAL_VERB] I have wandered,njaayanire
[GENERAL_VERB] wander!,jaayana
[GENERAL_VERB] I don't wander,tinjaayana
[GENERAL_VERB] to do something haphazzardly,okujabajaba
[GENERAL_VERB] I do something haphazzardly,njabajaba
[GENERAL_VERB] he/she do something haphazzardlies,ajabajaba
[GENERAL_VERB] I have do something haphazzardlied,njabajabire
[GENERAL_VERB] do something haphazzardly!,jabajaba
[GENERAL_VERB] I don't do something haphazzardly,tinjabajaba
[GENERAL_VERB] to make untidy,okujabanga
[GENERAL_VERB] I make untidy,njabanga
[GENERAL_VERB] he/she make untidies,ajabanga
[GENERAL_VERB] I have make untidied,njabangire
[GENERAL_VERB] make untidy!,jabanga
[GENERAL_VERB] I don't make untidy,tinjabanga
[GENERAL_VERB] to be shabby,okujabiirira
[GENERAL_VERB] I be shabby,njabiirira
[GENERAL_VERB] he/she be shabbies,ajabiirira
[GENERAL_VERB] I have be shabbied,njabiirizire
[GENERAL_VERB] be shabby!,jabiirira
[GENERAL_VERB] I don't be shabby,tinjabiirira
[GENERAL_VERB] to walk in water,okujabuza
[GENERAL_VERB] I walk in water,njabuza
[GENERAL_VERB] he/she walk in waters,ajabuza
[GENERAL_VERB] I have walk in watered,njabuzire
[GENERAL_VERB] walk in water!,jabuza
[GENERAL_VERB] I don't walk in water,tinjabuza
[GENERAL_VERB] to be hairly,okujagaata
[GENERAL_VERB] I be hairly,njagaata
[GENERAL_VERB] he/she be hairlies,ajagaata
[GENERAL_VERB] I have be hairlied,njagaasire
[GENERAL_VERB] be hairly!,jagaata
[GENERAL_VERB] I don't be hairly,tinjagaata
[GENERAL_VERB] to have many leaves,okujagaata
[GENERAL_VERB] I have many leaves,njagaata
[GENERAL_VERB] he/she have many leaveses,ajagaata
[GENERAL_VERB] I have have many leavesed,njagaasire
[GENERAL_VERB] have many leaves!,jagaata
[GENERAL_VERB] I don't have many leaves,tinjagaata
[GENERAL_VERB] to be restless,okujagajaga
[GENERAL_VERB] I be restless,njagajaga
[GENERAL_VERB] he/she be restlesses,ajagajaga
[GENERAL_VERB] I have be restlessed,njagajagire
[GENERAL_VERB] be restless!,jagajaga
[GENERAL_VERB] I don't be restless,tinjagajaga
[GENERAL_VERB] to be excited,okujagarara
[GENERAL_VERB] I be excited,njagarara
[GENERAL_VERB] he/she be exciteds,ajagarara
[GENERAL_VERB] I have be exciteded,njagarazire
[GENERAL_VERB] be excited!,jagarara
[GENERAL_VERB] I don't be excited,tinjagarara
[GENERAL_VERB] to notch the ear,okujagura
[GENERAL_VERB] I notch the ear,njagura
[GENERAL_VERB] he/she notch the ears,ajagura
[GENERAL_VERB] I have notch the eared,njaguzire
[GENERAL_VERB] notch the ear!,jagura
[GENERAL_VERB] I don't notch the ear,tinjagura
[GENERAL_VERB] to celebrate,okujaguza
[GENERAL_VERB] I celebrate,njaguza
[GENERAL_VERB] he/she celebrates,ajaguza
[GENERAL_VERB] I have celebrated,njaguzire
[GENERAL_VERB] celebrate!,jaguza
[GENERAL_VERB] I don't celebrate,tinjaguza
[GENERAL_VERB] to feel comfortable,okujajama
[GENERAL_VERB] I feel comfortable,njajama
[GENERAL_VERB] he/she feel comfortables,ajajama
[GENERAL_VERB] I have feel comfortabled,njajamire
[GENERAL_VERB] feel comfortable!,jajama
[GENERAL_VERB] I don't feel comfortable,tinjajama
[GENERAL_VERB] to do things haphazardly,okujajura
[GENERAL_VERB] I do things haphazardly,njajura
[GENERAL_VERB] he/she do things haphazardlies,ajajura
[GENERAL_VERB] I have do things haphazardlied,njajuzire
[GENERAL_VERB] do things haphazardly!,jajura
[GENERAL_VERB] I don't do things haphazardly,tinjajura
[GENERAL_VERB] to snatch,okujandura
[GENERAL_VERB] I snatch,njandura
[GENERAL_VERB] he/she snatches,ajandura
[GENERAL_VERB] I have snatched,njanduzire
[GENERAL_VERB] snatch!,jandura
[GENERAL_VERB] I don't snatch,tinjandura
[GENERAL_VERB] take something by surprise,okujanduura
[GENERAL_VERB] I take something by surprise,njanduura
[GENERAL_VERB] he/she take something by surprises,ajanduura
[GENERAL_VERB] I have take something by surprised,njanduuzire
[GENERAL_VERB] take something by surprise!,janduura
[GENERAL_VERB] I don't take something by surprise,tinjanduura
[GENERAL_VERB] to spread,okujanjaara
[GENERAL_VERB] I spread,njanjaara
[GENERAL_VERB] he/she spreads,ajanjaara
[GENERAL_VERB] I have spreaded,njanjaazire
[GENERAL_VERB] spread!,janjaara
[GENERAL_VERB] I don't spread,tinjanjaara
[GENERAL_VERB] (of flowers) to unfold,okujanjamura
[GENERAL_VERB] I (of flowers) to unfold,njanjamura
[GENERAL_VERB] he/she (of flowers) to unfolds,ajanjamura
[GENERAL_VERB] I have (of flowers) to unfolded,njanjamuzire
[GENERAL_VERB] (of flowers) to unfold!,janjamura
[GENERAL_VERB] I don't (of flowers) to unfold,tinjanjamura
[GENERAL_VERB] to loiter,okujarajara
[GENERAL_VERB] I loiter,njarajara
[GENERAL_VERB] he/she loiters,ajarajara
[GENERAL_VERB] I have loitered,njarajazire
[GENERAL_VERB] loiter!,jarajara
[GENERAL_VERB] I don't loiter,tinjarajara
[GENERAL_VERB] to disobey,okujeema
[GENERAL_VERB] I disobey,njeema
[GENERAL_VERB] he/she disobeys,ajeema
[GENERAL_VERB] I have disobeyed,njeemire
[GENERAL_VERB] disobey!,jeema
[GENERAL_VERB] I don't disobey,tinjeema
[GENERAL_VERB] to be loose,okujega
[GENERAL_VERB] I be loose,njega
[GENERAL_VERB] he/she be looses,ajega
[GENERAL_VERB] I have be loosed,njegire
[GENERAL_VERB] be loose!,jega
[GENERAL_VERB] I don't be loose,tinjega
[GENERAL_VERB] to become sodden,okujenga
[GENERAL_VERB] I become sodden,njenga
[GENERAL_VERB] he/she become soddens,ajenga
[GENERAL_VERB] I have become soddened,njengire
[GENERAL_VERB] become sodden!,jenga
[GENERAL_VERB] I don't become sodden,tinjenga
[GENERAL_VERB] to tie something loosely,okujenjereka
[GENERAL_VERB] I tie something loosely,njenjereka
[GENERAL_VERB] he/she tie something looselies,ajenjereka
[GENERAL_VERB] I have tie something looselied,njenjerekire
[GENERAL_VERB] tie something loosely!,jenjereka
[GENERAL_VERB] I don't tie something loosely,tinjenjereka
[GENERAL_VERB] to weave neatly,okujerenga
[GENERAL_VERB] I weave neatly,njerenga
[GENERAL_VERB] he/she weave neatlies,ajerenga
[GENERAL_VERB] I have weave neatlied,njerengire
[GENERAL_VERB] weave neatly!,jerenga
[GENERAL_VERB] I don't weave neatly,tinjerenga
[GENERAL_VERB] to be very angry,okujiriiza
[GENERAL_VERB] I be very angry,njiriiza
[GENERAL_VERB] he/she be very angries,ajiriiza
[GENERAL_VERB] I have be very angried,njiriizire
[GENERAL_VERB] be very angry!,jiriiza
[GENERAL_VERB] I don't be very angry,tinjiriiza
[GENERAL_VERB] to dilute a drink,okujojora
[GENERAL_VERB] I dilute a drink,njojora
[GENERAL_VERB] he/she dilute a drinks,ajojora
[GENERAL_VERB] I have dilute a drinked,njojozire
[GENERAL_VERB] dilute a drink!,jojora
[GENERAL_VERB] I don't dilute a drink,tinjojora
[GENERAL_VERB] to become very soft,okujongoma
[GENERAL_VERB] I become very soft,njongoma
[GENERAL_VERB] he/she become very softs,ajongoma
[GENERAL_VERB] I have become very softed,njongomire
[GENERAL_VERB] become very soft!,jongoma
[GENERAL_VERB] I don't become very soft,tinjongoma
[GENERAL_VERB] to piss,okujoroga
[GENERAL_VERB] I piss,njoroga
[GENERAL_VERB] he/she pisses,ajoroga
[GENERAL_VERB] I have pissed,njorogire
[GENERAL_VERB] piss!,joroga
[GENERAL_VERB] I don't piss,tinjoroga
[GENERAL_NOUN] knee,okuju
[GENERAL_VERB] to fish,okujuba
[GENERAL_VERB] I fish,njuba
[GENERAL_VERB] he/she fishes,ajuba
[GENERAL_VERB] I have fished,njubire
[GENERAL_VERB] fish!,juba
[GENERAL_VERB] I don't fish,tinjuba
[CULTURE_AND_TRADITION_VERB] to pay bride price,okujuga
[CULTURE_AND_TRADITION_VERB] I pay bride price,njuga
[CULTURE_AND_TRADITION_VERB] he/she pay bride prices,ajuga
[CULTURE_AND_TRADITION_VERB] I have pay bride priced,njugire
[CULTURE_AND_TRADITION_VERB] pay bride price!,juga
[CULTURE_AND_TRADITION_VERB] I don't pay bride price,tinjuga
[GENERAL_VERB] to charge something dearly,okujugisa
[GENERAL_VERB] I charge something dearly,njugisa
[GENERAL_VERB] he/she charge something dearlies,ajugisa
[GENERAL_VERB] I have charge something dearlied,njugisire
[GENERAL_VERB] charge something dearly!,jugisa
[GENERAL_VERB] I don't charge something dearly,tinjugisa
[GENERAL_VERB] to make fire,okujugutirira
[GENERAL_VERB] I make fire,njugutirira
[GENERAL_VERB] he/she make fires,ajugutirira
[GENERAL_VERB] I have make fired,njugutirizire
[GENERAL_VERB] make fire!,jugutirira
[GENERAL_VERB] I don't make fire,tinjugutirira
[GENERAL_VERB] to grow very fat,okujujuuka
[GENERAL_VERB] I grow very fat,njujuuka
[GENERAL_VERB] he/she grow very fats,ajujuuka
[GENERAL_VERB] I have grow very fated,njujuukire
[GENERAL_VERB] grow very fat!,jujuuka
[GENERAL_VERB] I don't grow very fat,tinjujuuka
[GENERAL_VERB] to compete,okujukaana
[GENERAL_VERB] I compete,njukaana
[GENERAL_VERB] he/she competes,ajukaana
[GENERAL_VERB] I have competed,njukaanire
[GENERAL_VERB] compete!,jukaana
[GENERAL_VERB] I don't compete,tinjukaana
[GENERAL_VERB] to insult,okujuma
[GENERAL_VERB] I insult,njuma
[GENERAL_VERB] he/she insults,ajuma
[GENERAL_VERB] I have insulted,njumire
[GENERAL_VERB] insult!,juma
[GENERAL_VERB] I don't insult,tinjuma
[GENERAL_VERB] to discover,okujumbura
[GENERAL_VERB] I discover,njumbura
[GENERAL_VERB] he/she discovers,ajumbura
[GENERAL_VERB] I have discovered,njumbuzire
[GENERAL_VERB] discover!,jumbura
[GENERAL_VERB] I don't discover,tinjumbura
[LEGAL_AND_LAW_MATTERS_VERB] to testify,okujurira
[LEGAL_AND_LAW_MATTERS_VERB] I testify,njurira
[LEGAL_AND_LAW_MATTERS_VERB] he/she testifies,ajurira
[LEGAL_AND_LAW_MATTERS_VERB] I have testified,njurizire
[LEGAL_AND_LAW_MATTERS_VERB] testify!,jurira
[LEGAL_AND_LAW_MATTERS_VERB] I don't testify,tinjurira
[GENERAL_VERB] to appeal,okujurira
[GENERAL_VERB] I appeal,njurira
[GENERAL_VERB] he/she appeals,ajurira
[GENERAL_VERB] I have appealed,njurizire
[GENERAL_VERB] appeal!,jurira
[GENERAL_VERB] I don't appeal,tinjurira
[GENERAL_VERB] to be naive,okujuumagira
[GENERAL_VERB] I be naive,njuumagira
[GENERAL_VERB] he/she be naives,ajuumagira
[GENERAL_VERB] I have be naived,njuumagizire
[GENERAL_VERB] be naive!,juumagira
[GENERAL_VERB] I don't be naive,tinjuumagira
[GENERAL_VERB] to be overturned,okujuumara
[GENERAL_VERB] I be overturned,njuumara
[GENERAL_VERB] he/she be overturneds,ajuumara
[GENERAL_VERB] I have be overturneded,njuumazire
[GENERAL_VERB] be overturned!,juumara
[GENERAL_VERB] I don't be overturned,tinjuumara
[GENERAL_VERB] to do something haphazardly,okujuyajuya
[GENERAL_VERB] I do something haphazardly,njuyajuya
[GENERAL_VERB] he/she do something haphazardlies,ajuyajuya
[GENERAL_VERB] I have do something haphazardlied,njuyajuyire
[GENERAL_VERB] do something haphazardly!,juyajuya
[GENERAL_VERB] I don't do something haphazardly,tinjuyajuya
[GENERAL_VERB] to disorganise,okujuyanga
[GENERAL_VERB] I disorganise,njuyanga
[GENERAL_VERB] he/she disorganises,ajuyanga
[GENERAL_VERB] I have disorganised,njuyangire
[GENERAL_VERB] disorganise!,juyanga
[GENERAL_VERB] I don't disorganise,tinjuyanga
[GENERAL_VERB] to bleed,okujwa
[GENERAL_VERB] I bleed,njwa
[GENERAL_VERB] he/she bleeds,ajwa
[GENERAL_VERB] I have bleeded,njwire
[GENERAL_VERB] bleed!,jwa
[GENERAL_VERB] I don't bleed,tinjwa
[GENERAL_VERB] to shine,okujwa
[GENERAL_VERB] I shine,njwa
[GENERAL_VERB] he/she shines,ajwa
[GENERAL_VERB] I have shined,njwire
[GENERAL_VERB] shine!,jwa
[GENERAL_VERB] I don't shine,tinjwa
[GENERAL_VERB] to separate,okujwagura
[GENERAL_VERB] I separate,njwagura
[GENERAL_VERB] he/she separates,ajwagura
[GENERAL_VERB] I have separated,njwaguzire
[GENERAL_VERB] separate!,jwagura
[GENERAL_VERB] I don't separate,tinjwagura
[GENERAL_VERB] to mix,okujwanga
[GENERAL_VERB] I mix,njwanga
[GENERAL_VERB] he/she mixs,ajwanga
[GENERAL_VERB] I have mixed,njwangire
[GENERAL_VERB] mix!,jwanga
[GENERAL_VERB] I don't mix,tinjwanga
[GENERAL_VERB] to represent,okujwekera
[GENERAL_VERB] I represent,njwekera
[GENERAL_VERB] he/she represents,ajwekera
[GENERAL_VERB] I have represented,njwekezire
[GENERAL_VERB] represent!,jwekera
[GENERAL_VERB] I don't represent,tinjwekera
[GENERAL_VERB] to rustle,okukaabuuza
[GENERAL_VERB] I rustle,nkaabuuza
[GENERAL_VERB] he/she rustles,akaabuuza
[GENERAL_VERB] I have rustled,nkaabuuzire
[GENERAL_VERB] rustle!,kaabuuza
[GENERAL_VERB] I don't rustle,tinkaabuuza
[GENERAL_VERB] to be strong,okukaakaara
[GENERAL_VERB] I be strong,nkaakaara
[GENERAL_VERB] he/she be strongs,akaakaara
[GENERAL_VERB] I have be stronged,nkaakaazire
[GENERAL_VERB] be strong!,kaakaara
[GENERAL_VERB] I don't be strong,tinkaakaara
[GENERAL_VERB] to move slowly,okukaanyuka
[GENERAL_VERB] I move slowly,nkaanyuka
[GENERAL_VERB] he/she move slowlies,akaanyuka
[GENERAL_VERB] I have move slowlied,nkaanyukire
[GENERAL_VERB] move slowly!,kaanyuka
[GENERAL_VERB] I don't move slowly,tinkaanyuka
[GENERAL_VERB] to compel,okukaka
[GENERAL_VERB] I compel,nkaka
[GENERAL_VERB] he/she compels,akaka
[GENERAL_VERB] I have compeled,nkakire
[GENERAL_VERB] compel!,kaka
[GENERAL_VERB] I don't compel,tinkaka
[GENERAL_VERB] to become rough,okukamba
[GENERAL_VERB] I become rough,nkamba
[GENERAL_VERB] he/she become roughs,akamba
[GENERAL_VERB] I have become roughed,nkambire
[GENERAL_VERB] become rough!,kamba
[GENERAL_VERB] I don't become rough,tinkamba
[GENERAL_VERB] to camp,okukambiika
[GENERAL_VERB] I camp,nkambiika
[GENERAL_VERB] he/she camps,akambiika
[GENERAL_VERB] I have camped,nkambiikire
[GENERAL_VERB] camp!,kambiika
[GENERAL_VERB] I don't camp,tinkambiika
[GENERAL_VERB] to lose roof,okukambuka
[GENERAL_VERB] I lose roof,nkambuka
[GENERAL_VERB] he/she lose roofs,akambuka
[GENERAL_VERB] I have lose roofed,nkambukire
[GENERAL_VERB] lose roof!,kambuka
[GENERAL_VERB] I don't lose roof,tinkambuka
[GENERAL_VERB] to become emanciated,okukambuka
[GENERAL_VERB] I become emanciated,nkambuka
[GENERAL_VERB] he/she become emanciateds,akambuka
[GENERAL_VERB] I have become emanciateded,nkambukire
[GENERAL_VERB] become emanciated!,kambuka
[GENERAL_VERB] I don't become emanciated,tinkambuka
[GENERAL_VERB] to demolish a structure,okukambuura
[GENERAL_VERB] I demolish a structure,nkambuura
[GENERAL_VERB] he/she demolish a structures,akambuura
[GENERAL_VERB] I have demolish a structured,nkambuuzire
[GENERAL_VERB] demolish a structure!,kambuura
[GENERAL_VERB] I don't demolish a structure,tinkambuura
[GENERAL_VERB] to be partially dry,okukamuuka
[GENERAL_VERB] I be partially dry,nkamuuka
[GENERAL_VERB] he/she be partially dries,akamuuka
[GENERAL_VERB] I have be partially dried,nkamuukire
[GENERAL_VERB] be partially dry!,kamuuka
[GENERAL_VERB] I don't be partially dry,tinkamuuka
[GENERAL_VERB] to breath with difficulties,okukanagira
[GENERAL_VERB] I breath with difficulties,nkanagira
[GENERAL_VERB] he/she breath with difficultieses,akanagira
[GENERAL_VERB] I have breath with difficultiesed,nkanagizire
[GENERAL_VERB] breath with difficulties!,kanagira
[GENERAL_VERB] I don't breath with difficulties,tinkanagira
[GENERAL_VERB] to hit repeatedly,okukananga
[GENERAL_VERB] I hit repeatedly,nkananga
[GENERAL_VERB] he/she hit repeatedlies,akananga
[GENERAL_VERB] I have hit repeatedlied,nkanangire
[GENERAL_VERB] hit repeatedly!,kananga
[GENERAL_VERB] I don't hit repeatedly,tinkananga
[GENERAL_VERB] to knead with hands,okukanda
[GENERAL_VERB] I knead with hands,nkanda
[GENERAL_VERB] he/she knead with handses,akanda
[GENERAL_VERB] I have knead with handsed,nkandire
[GENERAL_VERB] knead with hands!,kanda
[GENERAL_VERB] I don't knead with hands,tinkanda
[GENERAL_VERB] to be startled,okukangarana
[GENERAL_VERB] I be startled,nkangarana
[GENERAL_VERB] he/she be startleds,akangarana
[GENERAL_VERB] I have be startleded,nkangaranire
[GENERAL_VERB] be startled!,kangarana
[GENERAL_VERB] I don't be startled,tinkangarana
[GENERAL_VERB] to chew something,okukanjakanja
[GENERAL_VERB] I chew something,nkanjakanja
[GENERAL_VERB] he/she chew somethings,akanjakanja
[GENERAL_VERB] I have chew somethinged,nkanjakanzire
[GENERAL_VERB] chew something!,kanjakanja
[GENERAL_VERB] I don't chew something,tinkanjakanja
[GENERAL_VERB] to dismember,okukankabura
[GENERAL_VERB] I dismember,nkankabura
[GENERAL_VERB] he/she dismembers,akankabura
[GENERAL_VERB] I have dismembered,nkankabuzire
[GENERAL_VERB] dismember!,kankabura
[GENERAL_VERB] I don't dismember,tinkankabura
[GENERAL_VERB] to shout,okukankama
[GENERAL_VERB] I shout,nkankama
[GENERAL_VERB] he/she shouts,akankama
[GENERAL_VERB] I have shouted,nkankamire
[GENERAL_VERB] shout!,kankama
[GENERAL_VERB] I don't shout,tinkankama
[GENERAL_VERB] to sign one's name,okukaraga
[GENERAL_VERB] I sign one's name,nkaraga
[GENERAL_VERB] he/she sign one's names,akaraga
[GENERAL_VERB] I have sign one's named,nkaragire
[GENERAL_VERB] sign one's name!,karaga
[GENERAL_VERB] I don't sign one's name,tinkaraga
[GENERAL_VERB] to tickle,okukaragata
[GENERAL_VERB] I tickle,nkaragata
[GENERAL_VERB] he/she tickles,akaragata
[GENERAL_VERB] I have tickled,nkaragasire
[GENERAL_VERB] tickle!,karagata
[GENERAL_VERB] I don't tickle,tinkaragata
[GENERAL_VERB] to repeat a performance,okukarangura
[GENERAL_VERB] I repeat a performance,nkarangura
[GENERAL_VERB] he/she repeat a performances,akarangura
[GENERAL_VERB] I have repeat a performanced,nkaranguzire
[GENERAL_VERB] repeat a performance!,karangura
[GENERAL_VERB] I don't repeat a performance,tinkarangura
[GENERAL_VERB] to snap,okukatuka
[GENERAL_VERB] I snap,nkatuka
[GENERAL_VERB] he/she snaps,akatuka
[GENERAL_VERB] I have snaped,nkatukire
[GENERAL_VERB] snap!,katuka
[GENERAL_VERB] I don't snap,tinkatuka
[GENERAL_VERB] to take a detour,okukiikama
[GENERAL_VERB] I take a detour,nkiikama
[GENERAL_VERB] he/she take a detours,akiikama
[GENERAL_VERB] I have take a detoured,nkiikamire
[GENERAL_VERB] take a detour!,kiikama
[GENERAL_VERB] I don't take a detour,tinkiikama
[GENERAL_VERB] to mock,okukimba
[GENERAL_VERB] I mock,nkimba
[GENERAL_VERB] he/she mocks,akimba
[GENERAL_VERB] I have mocked,nkimbire
[GENERAL_VERB] mock!,kimba
[GENERAL_VERB] I don't mock,tinkimba
[GENERAL_VERB] to be sarcastic,okukiniika
[GENERAL_VERB] I be sarcastic,nkiniika
[GENERAL_VERB] he/she be sarcastics,akiniika
[GENERAL_VERB] I have be sarcasticed,nkiniikire
[GENERAL_VERB] be sarcastic!,kiniika
[GENERAL_VERB] I don't be sarcastic,tinkiniika
[GENERAL_VERB] to consume everything,okukinura
[GENERAL_VERB] I consume everything,nkinura
[GENERAL_VERB] he/she consume everythings,akinura
[GENERAL_VERB] I have consume everythinged,nkinuzire
[GENERAL_VERB] consume everything!,kinura
[GENERAL_VERB] I don't consume everything,tinkinura
[GENERAL_VERB] to kill suddenly,okukinura
[GENERAL_VERB] I kill suddenly,nkinura
[GENERAL_VERB] he/she kill suddenlies,akinura
[GENERAL_VERB] I have kill suddenlied,nkinuzire
[GENERAL_VERB] kill suddenly!,kinura
[GENERAL_VERB] I don't kill suddenly,tinkinura
[GENERAL_VERB] to give birth,okukira
[GENERAL_VERB] I give birth,nkira
[GENERAL_VERB] he/she give births,akira
[GENERAL_VERB] I have give birthed,nkizire
[GENERAL_VERB] give birth!,kira
[GENERAL_VERB] I don't give birth,tinkira
[GENERAL_VERB] to survive narrowly,okukiriirira
[GENERAL_VERB] I survive narrowly,nkiriirira
[GENERAL_VERB] he/she survive narrowlies,akiriirira
[GENERAL_VERB] I have survive narrowlied,nkiriirizire
[GENERAL_VERB] survive narrowly!,kiriirira
[GENERAL_VERB] I don't survive narrowly,tinkiriirira
[GENERAL_VERB] to recover from sickness,okukiruuka
[GENERAL_VERB] I recover from sickness,nkiruuka
[GENERAL_VERB] he/she recover from sicknesses,akiruuka
[GENERAL_VERB] I have recover from sicknessed,nkiruukire
[GENERAL_VERB] recover from sickness!,kiruuka
[GENERAL_VERB] I don't recover from sickness,tinkiruuka
[GENERAL_VERB] to break into pieces,okukocakocora
[GENERAL_VERB] I break into pieces,nkocakocora
[GENERAL_VERB] he/she break into pieceses,akocakocora
[GENERAL_VERB] I have break into piecesed,nkocakocozire
[GENERAL_VERB] break into pieces!,kocakocora
[GENERAL_VERB] I don't break into pieces,tinkocakocora
[GENERAL_VERB] to snatch,okukohekana
[GENERAL_VERB] I snatch,nkohekana
[GENERAL_VERB] he/she snatches,akohekana
[GENERAL_VERB] I have snatched,nkohekanire
[GENERAL_VERB] snatch!,kohekana
[GENERAL_VERB] I don't snatch,tinkohekana
[GENERAL_VERB] to cause shriveling,okukokoosa
[GENERAL_VERB] I cause shriveling,nkokoosa
[GENERAL_VERB] he/she cause shrivelings,akokoosa
[GENERAL_VERB] I have cause shrivelinged,nkokoosire
[GENERAL_VERB] cause shriveling!,kokoosa
[GENERAL_VERB] I don't cause shriveling,tinkokoosa
[GENERAL_VERB] to make backcloth,okukomaga
[GENERAL_VERB] I make backcloth,nkomaga
[GENERAL_VERB] he/she make backcloths,akomaga
[GENERAL_VERB] I have make backclothed,nkomagire
[GENERAL_VERB] make backcloth!,komaga
[GENERAL_VERB] I don't make backcloth,tinkomaga
[GENERAL_VERB] to shrivel,okukombatana
[GENERAL_VERB] I shrivel,nkombatana
[GENERAL_VERB] he/she shrivels,akombatana
[GENERAL_VERB] I have shriveled,nkombatanire
[GENERAL_VERB] shrivel!,kombatana
[GENERAL_VERB] I don't shrivel,tinkombatana
[GENERAL_VERB] to originate from somewherey,okukomooka
[GENERAL_VERB] I originate from somewherey,nkomooka
[GENERAL_VERB] he/she originate from somewhereys,akomooka
[GENERAL_VERB] I have originate from somewhereyed,nkomookire
[GENERAL_VERB] originate from somewherey!,komooka
[GENERAL_VERB] I don't originate from somewherey,tinkomooka
[GENERAL_VERB] to blink,okukomya
[GENERAL_VERB] I blink,nkomya
[GENERAL_VERB] he/she blinks,akomya
[GENERAL_VERB] I have blinked,nkomyire
[GENERAL_VERB] blink!,komya
[GENERAL_VERB] I don't blink,tinkomya
[GENERAL_VERB] to weaken,okukondaharira
[GENERAL_VERB] I weaken,nkondaharira
[GENERAL_VERB] he/she weakens,akondaharira
[GENERAL_VERB] I have weakened,nkondaharizire
[GENERAL_VERB] weaken!,kondaharira
[GENERAL_VERB] I don't weaken,tinkondaharira
[GENERAL_VERB] to swing or dangle,okukondakonda
[GENERAL_VERB] I swing or dangle,nkondakonda
[GENERAL_VERB] he/she swing or dangles,akondakonda
[GENERAL_VERB] I have swing or dangled,nkondakondire
[GENERAL_VERB] swing or dangle!,kondakonda
[GENERAL_VERB] I don't swing or dangle,tinkondakonda
[GENERAL_VERB] to move very slowly,okukootooka
[GENERAL_VERB] I move very slowly,nkootooka
[GENERAL_VERB] he/she move very slowlies,akootooka
[GENERAL_VERB] I have move very slowlied,nkootookire
[GENERAL_VERB] move very slowly!,kootooka
[GENERAL_VERB] I don't move very slowly,tinkootooka
[GENERAL_VERB] to imitate or copy,okukopa
[GENERAL_VERB] I imitate or copy,nkopa
[GENERAL_VERB] he/she imitate or copies,akopa
[GENERAL_VERB] I have imitate or copied,nkopire
[GENERAL_VERB] imitate or copy!,kopa
[GENERAL_VERB] I don't imitate or copy,tinkopa
[GENERAL_VERB] to be employed,okukora
[GENERAL_VERB] I be employed,nkora
[GENERAL_VERB] he/she be employeds,akora
[GENERAL_VERB] I have be employeded,nkozire
[GENERAL_VERB] be employed!,kora
[GENERAL_VERB] I don't be employed,tinkora
[GENERAL_VERB] to disapoint someone,okukoraho
[GENERAL_VERB] I disapoint someone,nkoraho
[GENERAL_VERB] he/she disapoint someones,akoraho
[GENERAL_VERB] I have disapoint someoned,nkorahoire
[GENERAL_VERB] disapoint someone!,koraho
[GENERAL_VERB] I don't disapoint someone,tinkoraho
[GENERAL_VERB] to touch on there,okukoraho
[GENERAL_VERB] I touch on there,nkoraho
[GENERAL_VERB] he/she touch on theres,akoraho
[GENERAL_VERB] I have touch on thered,nkorahoire
[GENERAL_VERB] touch on there!,koraho
[GENERAL_VERB] I don't touch on there,tinkoraho
[GENERAL_VERB] to chip in,okukorobora
[GENERAL_VERB] I chip in,nkorobora
[GENERAL_VERB] he/she chip ins,akorobora
[GENERAL_VERB] I have chip ined,nkorobozire
[GENERAL_VERB] chip in!,korobora
[GENERAL_VERB] I don't chip in,tinkorobora
[GENERAL_VERB] to cause to cough,okukoroza
[GENERAL_VERB] I cause to cough,nkoroza
[GENERAL_VERB] he/she cause to coughs,akoroza
[GENERAL_VERB] I have cause to coughed,nkorozire
[GENERAL_VERB] cause to cough!,koroza
[GENERAL_VERB] I don't cause to cough,tinkoroza
[GENERAL_VERB] to make someone cough,okukoroza
[GENERAL_VERB] I make someone cough,nkoroza
[GENERAL_VERB] he/she make someone coughs,akoroza
[GENERAL_VERB] I have make someone coughed,nkorozire
[GENERAL_VERB] make someone cough!,koroza
[GENERAL_VERB] I don't make someone cough,tinkoroza
[GENERAL_VERB] to unfold something,okukubuura
[GENERAL_VERB] I unfold something,nkubuura
[GENERAL_VERB] he/she unfold somethings,akubuura
[GENERAL_VERB] I have unfold somethinged,nkubuuzire
[GENERAL_VERB] unfold something!,kubuura
[GENERAL_VERB] I don't unfold something,tinkubuura
[GENERAL_VERB] to cause to return,okukubuura
[GENERAL_VERB] I cause to return,nkubuura
[GENERAL_VERB] he/she cause to returns,akubuura
[GENERAL_VERB] I have cause to returned,nkubuuzire
[GENERAL_VERB] cause to return!,kubuura
[GENERAL_VERB] I don't cause to return,tinkubuura
[GENERAL_VERB] to win territory miltary,okukubuura
[GENERAL_VERB] I win territory miltary,nkubuura
[GENERAL_VERB] he/she win territory miltaries,akubuura
[GENERAL_VERB] I have win territory miltaried,nkubuuzire
[GENERAL_VERB] win territory miltary!,kubuura
[GENERAL_VERB] I don't win territory miltary,tinkubuura
[GENERAL_VERB] to walk majestically,okukumba
[GENERAL_VERB] I walk majestically,nkumba
[GENERAL_VERB] he/she walk majesticallies,akumba
[GENERAL_VERB] I have walk majesticallied,nkumbire
[GENERAL_VERB] walk majestically!,kumba
[GENERAL_VERB] I don't walk majestically,tinkumba
[GENERAL_VERB] to protect,okukumira
[GENERAL_VERB] I protect,nkumira
[GENERAL_VERB] he/she protects,akumira
[GENERAL_VERB] I have protected,nkumizire
[GENERAL_VERB] protect!,kumira
[GENERAL_VERB] I don't protect,tinkumira
[GENERAL_VERB] to defraud,okukumpanya
[GENERAL_VERB] I defraud,nkumpanya
[GENERAL_VERB] he/she defrauds,akumpanya
[GENERAL_VERB] I have defrauded,nkumpanyire
[GENERAL_VERB] defraud!,kumpanya
[GENERAL_VERB] I don't defraud,tinkumpanya
[GENERAL_VERB] to team up,okukungika
[GENERAL_VERB] I team up,nkungika
[GENERAL_VERB] he/she team ups,akungika
[GENERAL_VERB] I have team uped,nkungikire
[GENERAL_VERB] team up!,kungika
[GENERAL_VERB] I don't team up,tinkungika
[GENERAL_VERB] to exaggulate,okukuriiriza
[GENERAL_VERB] I exaggulate,nkuriiriza
[GENERAL_VERB] he/she exaggulates,akuriiriza
[GENERAL_VERB] I have exaggulated,nkuriirizire
[GENERAL_VERB] exaggulate!,kuriiriza
[GENERAL_VERB] I don't exaggulate,tinkuriiriza
[GENERAL_VERB] to bring together,okukwatanisa
[GENERAL_VERB] I bring together,nkwatanisa
[GENERAL_VERB] he/she bring togethers,akwatanisa
[GENERAL_VERB] I have bring togethered,nkwatanisire
[GENERAL_VERB] bring together!,kwatanisa
[GENERAL_VERB] I don't bring together,tinkwatanisa
[GENERAL_VERB] to wean a baby,okumogora
[GENERAL_VERB] I wean a baby,nmogora
[GENERAL_VERB] he/she wean a babies,amogora
[GENERAL_VERB] I have wean a babied,nmogozire
[GENERAL_VERB] wean a baby!,mogora
[GENERAL_VERB] I don't wean a baby,tinmogora
[GENERAL_VERB] to lose something,okunaga
[GENERAL_VERB] I lose something,nnaga
[GENERAL_VERB] he/she lose somethings,anaga
[GENERAL_VERB] I have lose somethinged,nnagire
[GENERAL_VERB] lose something!,naga
[GENERAL_VERB] I don't lose something,tinnaga
[GENERAL_VERB] to throw arms about,okunaga-omukono
[GENERAL_VERB] I throw arms about,nnaga-omukono
[GENERAL_VERB] he/she throw arms abouts,anaga-omukono
[GENERAL_VERB] I have throw arms abouted,nnaga-omukonoire
[GENERAL_VERB] throw arms about!,naga-omukono
[GENERAL_VERB] I don't throw arms about,tinnaga-omukono
[GENERAL_VERB] to run so fast,okunanuura
[GENERAL_VERB] I run so fast,nnanuura
[GENERAL_VERB] he/she run so fasts,ananuura
[GENERAL_VERB] I have run so fasted,nnanuuzire
[GENERAL_VERB] run so fast!,nanuura
[GENERAL_VERB] I don't run so fast,tinnanuura
[GENERAL_VERB] to feel zealous,okunihiira
[GENERAL_VERB] I feel zealous,nnihiira
[GENERAL_VERB] he/she feel zealouses,anihiira
[GENERAL_VERB] I have feel zealoused,nnihiizire
[GENERAL_VERB] feel zealous!,nihiira
[GENERAL_VERB] I don't feel zealous,tinnihiira
[GENERAL_VERB] to pluk tea leaves,okunoga
[GENERAL_VERB] I pluk tea leaves,nnoga
[GENERAL_VERB] he/she pluk tea leaveses,anoga
[GENERAL_VERB] I have pluk tea leavesed,nnogire
[GENERAL_VERB] pluk tea leaves!,noga
[GENERAL_VERB] I don't pluk tea leaves,tinnoga
[GENERAL_VERB] to make clay pots,okunogoora
[GENERAL_VERB] I make clay pots,nnogoora
[GENERAL_VERB] he/she make clay potses,anogoora
[GENERAL_VERB] I have make clay potsed,nnogoozire
[GENERAL_VERB] make clay pots!,nogoora
[GENERAL_VERB] I don't make clay pots,tinnogoora
[GENERAL_VERB] to beat,okunona
[GENERAL_VERB] I beat,nnona
[GENERAL_VERB] he/she beats,anona
[GENERAL_VERB] I have beated,nnonire
[GENERAL_VERB] beat!,nona
[GENERAL_VERB] I don't beat,tinnona
[GENERAL_VERB] to hit something sharply,okunona
[GENERAL_VERB] I hit something sharply,nnona
[GENERAL_VERB] he/she hit something sharplies,anona
[GENERAL_VERB] I have hit something sharplied,nnonire
[GENERAL_VERB] hit something sharply!,nona
[GENERAL_VERB] I don't hit something sharply,tinnona
[GENERAL_VERB] to taste awful,okunungurirwa
[GENERAL_VERB] I taste awful,nnungurirwa
[GENERAL_VERB] he/she taste awfuls,anungurirwa
[GENERAL_VERB] I have taste awfuled,nnungurirwire
[GENERAL_VERB] taste awful!,nungurirwa
[GENERAL_VERB] I don't taste awful,tinnungurirwa
[GENERAL_VERB] to sustain an abrasion,okunuubuka
[GENERAL_VERB] I sustain an abrasion,nnuubuka
[GENERAL_VERB] he/she sustain an abrasions,anuubuka
[GENERAL_VERB] I have sustain an abrasioned,nnuubukire
[GENERAL_VERB] sustain an abrasion!,nuubuka
[GENERAL_VERB] I don't sustain an abrasion,tinnuubuka
[GENERAL_VERB] to smell badly,okunuuka
[GENERAL_VERB] I smell badly,nnuuka
[GENERAL_VERB] he/she smell badlies,anuuka
[GENERAL_VERB] I have smell badlied,nnuukire
[GENERAL_VERB] smell badly!,nuuka
[GENERAL_VERB] I don't smell badly,tinnuuka
[GENERAL_VERB] to walk away shamelessly,okunyaanyuka
[GENERAL_VERB] I walk away shamelessly,nnyaanyuka
[GENERAL_VERB] he/she walk away shamelesslies,anyaanyuka
[GENERAL_VERB] I have walk away shamelesslied,nnyaanyukire
[GENERAL_VERB] walk away shamelessly!,nyaanyuka
[GENERAL_VERB] I don't walk away shamelessly,tinnyaanyuka
[GENERAL_VERB] to cane repeatedly,okunyabangura
[GENERAL_VERB] I cane repeatedly,nnyabangura
[GENERAL_VERB] he/she cane repeatedlies,anyabangura
[GENERAL_VERB] I have cane repeatedlied,nnyabanguzire
[GENERAL_VERB] cane repeatedly!,nyabangura
[GENERAL_VERB] I don't cane repeatedly,tinnyabangura
[GENERAL_VERB] to whip or lash,okunyabura
[GENERAL_VERB] I whip or lash,nnyabura
[GENERAL_VERB] he/she whip or lashes,anyabura
[GENERAL_VERB] I have whip or lashed,nnyabuzire
[GENERAL_VERB] whip or lash!,nyabura
[GENERAL_VERB] I don't whip or lash,tinnyabura
[GENERAL_VERB] to improve a little,okunyangara
[GENERAL_VERB] I improve a little,nnyangara
[GENERAL_VERB] he/she improve a littles,anyangara
[GENERAL_VERB] I have improve a littled,nnyangazire
[GENERAL_VERB] improve a little!,nyangara
[GENERAL_VERB] I don't improve a little,tinnyangara
[GENERAL_VERB] to snatch,okunyankura
[GENERAL_VERB] I snatch,nnyankura
[GENERAL_VERB] he/she snatches,anyankura
[GENERAL_VERB] I have snatched,nnyankuzire
[GENERAL_VERB] snatch!,nyankura
[GENERAL_VERB] I don't snatch,tinnyankura
[GENERAL_VERB] to be deliberately unaudible,okunyanyaata
[GENERAL_VERB] I be deliberately unaudible,nnyanyaata
[GENERAL_VERB] he/she be deliberately unaudibles,anyanyaata
[GENERAL_VERB] I have be deliberately unaudibled,nnyanyaasire
[GENERAL_VERB] be deliberately unaudible!,nyanyaata
[GENERAL_VERB] I don't be deliberately unaudible,tinnyanyaata
[GENERAL_VERB] to shake something lightly,okunyeenya
[GENERAL_VERB] I shake something lightly,nnyeenya
[GENERAL_VERB] he/she shake something lightlies,anyeenya
[GENERAL_VERB] I have shake something lightlied,nnyeenyire
[GENERAL_VERB] shake something lightly!,nyeenya
[GENERAL_VERB] I don't shake something lightly,tinnyeenya
[GENERAL_VERB] to go a slope,okunyegera
[GENERAL_VERB] I go a slope,nnyegera
[GENERAL_VERB] he/she go a slopes,anyegera
[GENERAL_VERB] I have go a sloped,nnyegezire
[GENERAL_VERB] go a slope!,nyegera
[GENERAL_VERB] I don't go a slope,tinnyegera
[GENERAL_VERB] to move slowly,okunyimbuka
[GENERAL_VERB] I move slowly,nnyimbuka
[GENERAL_VERB] he/she move slowlies,anyimbuka
[GENERAL_VERB] I have move slowlied,nnyimbukire
[GENERAL_VERB] move slowly!,nyimbuka
[GENERAL_VERB] I don't move slowly,tinnyimbuka
[GENERAL_VERB] to pay attention,okunyohoka
[GENERAL_VERB] I pay attention,nnyohoka
[GENERAL_VERB] he/she pay attentions,anyohoka
[GENERAL_VERB] I have pay attentioned,nnyohokire
[GENERAL_VERB] pay attention!,nyohoka
[GENERAL_VERB] I don't pay attention,tinnyohoka
[COMMON_ANIMALS_VERB] to have goose-flesh,okunyohwa
[COMMON_ANIMALS_VERB] I have goose-flesh,nnyohwa
[COMMON_ANIMALS_VERB] he/she have goose-fleshes,anyohwa
[COMMON_ANIMALS_VERB] I have have goose-fleshed,nnyohwire
[COMMON_ANIMALS_VERB] have goose-flesh!,nyohwa
[COMMON_ANIMALS_VERB] I don't have goose-flesh,tinnyohwa
[GENERAL_VERB] to crawl,okunyongota
[GENERAL_VERB] I crawl,nnyongota
[GENERAL_VERB] he/she crawls,anyongota
[GENERAL_VERB] I have crawled,nnyongosire
[GENERAL_VERB] crawl!,nyongota
[GENERAL_VERB] I don't crawl,tinnyongota
[GENERAL_VERB] to pull,okunyurura
[GENERAL_VERB] I pull,nnyurura
[GENERAL_VERB] he/she pulls,anyurura
[GENERAL_VERB] I have pulled,nnyuruzire
[GENERAL_VERB] pull!,nyurura
[GENERAL_VERB] I don't pull,tinnyurura
[GENERAL_VERB] to make friends,okunywana
[GENERAL_VERB] I make friends,nnywana
[GENERAL_VERB] he/she make friendses,anywana
[GENERAL_VERB] I have make friendsed,nnywanire
[GENERAL_VERB] make friends!,nywana
[GENERAL_VERB] I don't make friends,tinnywana
[SPORTS_VERB] to score a goal,okunyweisa
[SPORTS_VERB] I score a goal,nnyweisa
[SPORTS_VERB] he/she score a goals,anyweisa
[SPORTS_VERB] I have score a goaled,nnyweisire
[SPORTS_VERB] score a goal!,nyweisa
[SPORTS_VERB] I don't score a goal,tinnyweisa
[GENERAL_VERB] to guess,okupaaza
[GENERAL_VERB] I guess,mpaaza
[GENERAL_VERB] he/she guesses,apaaza
[GENERAL_VERB] I have guessed,mpaazire
[GENERAL_VERB] guess!,paaza
[GENERAL_VERB] I don't guess,timpaaza
[GENERAL_VERB] to pile,okupanga
[GENERAL_VERB] I pile,mpanga
[GENERAL_VERB] he/she piles,apanga
[GENERAL_VERB] I have piled,mpangire
[GENERAL_VERB] pile!,panga
[GENERAL_VERB] I don't pile,timpanga
[GENERAL_VERB] to investigate,okupeerereza
[GENERAL_VERB] I investigate,mpeerereza
[GENERAL_VERB] he/she investigates,apeerereza
[GENERAL_VERB] I have investigated,mpeererezire
[GENERAL_VERB] investigate!,peerereza
[GENERAL_VERB] I don't investigate,timpeerereza
[GENERAL_VERB] to shiver,okupiipa
[GENERAL_VERB] I shiver,mpiipa
[GENERAL_VERB] he/she shivers,apiipa
[GENERAL_VERB] I have shivered,mpiipire
[GENERAL_VERB] shiver!,piipa
[GENERAL_VERB] I don't shiver,timpiipa
[GENERAL_VERB] to refuse,okupinga
[GENERAL_VERB] I refuse,mpinga
[GENERAL_VERB] he/she refuses,apinga
[GENERAL_VERB] I have refused,mpingire
[GENERAL_VERB] refuse!,pinga
[GENERAL_VERB] I don't refuse,timpinga
[GENERAL_VERB] to be proud,okuponga
[GENERAL_VERB] I be proud,mponga
[GENERAL_VERB] he/she be prouds,aponga
[GENERAL_VERB] I have be prouded,mpongire
[GENERAL_VERB] be proud!,ponga
[GENERAL_VERB] I don't be proud,timponga
[GENERAL_VERB] to stab,okupukura
[GENERAL_VERB] I stab,mpukura
[GENERAL_VERB] he/she stabs,apukura
[GENERAL_VERB] I have stabed,mpukuzire
[GENERAL_VERB] stab!,pukura
[GENERAL_VERB] I don't stab,timpukura
[GENERAL_VERB] to make a will,okuraama
[GENERAL_VERB] I make a will,ndaama
[GENERAL_VERB] he/she make a wills,araama
[GENERAL_VERB] I have make a willed,ndaamire
[GENERAL_VERB] make a will!,raama
[GENERAL_VERB] I don't make a will,tindaama
[GENERAL_VERB] to brag,okuraata
[GENERAL_VERB] I brag,ndaata
[GENERAL_VERB] he/she brags,araata
[GENERAL_VERB] I have braged,ndaasire
[GENERAL_VERB] brag!,raata
[GENERAL_VERB] I don't brag,tindaata
[GENERAL_NOUN] (slang for) to beat,okuraatuura
[GENERAL_VERB] to indulge in prostitution,okuraaya
[GENERAL_VERB] I indulge in prostitution,ndaaya
[GENERAL_VERB] he/she indulge in prostitutions,araaya
[GENERAL_VERB] I have indulge in prostitutioned,ndaayire
[GENERAL_VERB] indulge in prostitution!,raaya
[GENERAL_VERB] I don't indulge in prostitution,tindaaya
[GENERAL_VERB] to fallow,okuraaza entabire
[GENERAL_VERB] I fallow,ndaaza entabire
[GENERAL_VERB] he/she fallows,araaza entabire
[GENERAL_VERB] I have fallowed,ndaaza entabireire
[GENERAL_VERB] fallow!,raaza entabire
[GENERAL_VERB] I don't fallow,tindaaza entabire
[GENERAL_VERB] to put off fire,okuraaza
[GENERAL_VERB] I put off fire,ndaaza
[GENERAL_VERB] he/she put off fires,araaza
[GENERAL_VERB] I have put off fired,ndaazire
[GENERAL_VERB] put off fire!,raaza
[GENERAL_VERB] I don't put off fire,tindaaza
[GENERAL_VERB] to host a visitor,okuraaza
[GENERAL_VERB] I host a visitor,ndaaza
[GENERAL_VERB] he/she host a visitors,araaza
[GENERAL_VERB] I have host a visitored,ndaazire
[GENERAL_VERB] host a visitor!,raaza
[GENERAL_VERB] I don't host a visitor,tindaaza
[GENERAL_VERB] to postpone an action,okuraaza
[GENERAL_VERB] I postpone an action,ndaaza
[GENERAL_VERB] he/she postpone an actions,araaza
[GENERAL_VERB] I have postpone an actioned,ndaazire
[GENERAL_VERB] postpone an action!,raaza
[GENERAL_VERB] I don't postpone an action,tindaaza
[GENERAL_VERB] to go via,okuraba
[GENERAL_VERB] I go via,ndaba
[GENERAL_VERB] he/she go vias,araba
[GENERAL_VERB] I have go viaed,ndabire
[GENERAL_VERB] go via!,raba
[GENERAL_VERB] I don't go via,tindaba
[GENERAL_VERB] to faint,okuraba
[GENERAL_VERB] I faint,ndaba
[GENERAL_VERB] he/she faints,araba
[GENERAL_VERB] I have fainted,ndabire
[GENERAL_VERB] faint!,raba
[GENERAL_VERB] I don't faint,tindaba
[GENERAL_VERB] to pass through,okurabamu
[GENERAL_VERB] I pass through,ndabamu
[GENERAL_VERB] he/she pass throughs,arabamu
[GENERAL_VERB] I have pass throughed,ndabamuire
[GENERAL_VERB] pass through!,rabamu
[GENERAL_VERB] I don't pass through,tindabamu
[GENERAL_NOUN] passing each other inadvertently,okurabanaho-empyor
[GENERAL_VERB] to bid farewel,okuraga
[GENERAL_VERB] I bid farewel,ndaga
[GENERAL_VERB] he/she bid farewels,araga
[GENERAL_VERB] I have bid fareweled,ndagire
[GENERAL_VERB] bid farewel!,raga
[GENERAL_VERB] I don't bid farewel,tindaga
[GENERAL_VERB] Usage: Ankole. See:okWEZIRIKURURA,okwezirikura
[GENERAL_VERB] I usage: ankole. see:okwezirikurura,nezirikura
[GENERAL_VERB] he/she usage: ankole. see:okwezirikururas,aezirikura
[GENERAL_VERB] I have usage: ankole. see:okwezirikururaed,nezirikuzire
[GENERAL_VERB] usage: ankole. see:okwezirikurura!,ezirikura
[GENERAL_VERB] I don't usage: ankole. see:okwezirikurura,tinezirikura
[GENERAL_VERB] to walk around. Var:okwezigurusa,okwezigurusa
[GENERAL_VERB] I walk around. var:okwezigurusa,nezigurusa
[GENERAL_VERB] he/she walk around. var:okwezigurusas,aezigurusa
[GENERAL_VERB] I have walk around. var:okwezigurusaed,nezigurusire
[GENERAL_VERB] walk around. var:okwezigurusa!,ezigurusa
[GENERAL_VERB] I don't walk around. var:okwezigurusa,tinezigurusa
[GENERAL_VERB] to turn around. See:okUZEngeRERA,okwezengereza
[GENERAL_VERB] I turn around. see:okuzengerera,nezengereza
[GENERAL_VERB] he/she turn around. see:okuzengereras,aezengereza
[GENERAL_VERB] I have turn around. see:okuzengereraed,nezengerezire
[GENERAL_VERB] turn around. see:okuzengerera!,ezengereza
[GENERAL_VERB] I don't turn around. see:okuzengerera,tinezengereza
[GENERAL_VERB] to yawn,okweyayamura
[GENERAL_VERB] I yawn,neyayamura
[GENERAL_VERB] he/she yawns,aeyayamura
[GENERAL_VERB] I have yawned,neyayamuzire
[GENERAL_VERB] yawn!,eyayamura
[GENERAL_VERB] I don't yawn,tineyayamura
[GENERAL_VERB] to introduce oneself. See:okWANJURA,okweyanjura
[GENERAL_VERB] I introduce oneself. see:okwanjura,neyanjura
[GENERAL_VERB] he/she introduce oneself. see:okwanjuras,aeyanjura
[GENERAL_VERB] I have introduce oneself. see:okwanjuraed,neyanjuzire
[GENERAL_VERB] introduce oneself. see:okwanjura!,eyanjura
[GENERAL_VERB] I don't introduce oneself. see:okwanjura,tineyanjura
[GENERAL_VERB] See: okWETUMIRIZA,okwetumisiriza
[GENERAL_VERB] I see: okwetumiriza,netumisiriza
[GENERAL_VERB] he/she see: okwetumirizas,aetumisiriza
[GENERAL_VERB] I have see: okwetumirizaed,netumisirizire
[GENERAL_VERB] see: okwetumiriza!,etumisiriza
[GENERAL_VERB] I don't see: okwetumiriza,tinetumisiriza
[GENERAL_VERB] to shake oneself,okwetigita
[GENERAL_VERB] I shake oneself,netigita
[GENERAL_VERB] he/she shake oneselfs,aetigita
[GENERAL_VERB] I have shake oneselfed,netigisire
[GENERAL_VERB] shake oneself!,etigita
[GENERAL_VERB] I don't shake oneself,tinetigita
[GENERAL_VERB] to understand each other,okwetegerezana
[GENERAL_VERB] I understand each other,netegerezana
[GENERAL_VERB] he/she understand each others,aetegerezana
[GENERAL_VERB] I have understand each othered,netegerezanire
[GENERAL_VERB] understand each other!,etegerezana
[GENERAL_VERB] I don't understand each other,tinetegerezana
[GENERAL_VERB] See: okWETEGUURA,okwetebeekanisa
[GENERAL_VERB] I see: okweteguura,netebeekanisa
[GENERAL_VERB] he/she see: okweteguuras,aetebeekanisa
[GENERAL_VERB] I have see: okweteguuraed,netebeekanisire
[GENERAL_VERB] see: okweteguura!,etebeekanisa
[GENERAL_VERB] I don't see: okweteguura,tinetebeekanisa
[GENERAL_VERB] to mix,okwetabura
[GENERAL_VERB] I mix,netabura
[GENERAL_VERB] he/she mixs,aetabura
[GENERAL_VERB] I have mixed,netabuzire
[GENERAL_VERB] mix!,etabura
[GENERAL_VERB] I don't mix,tinetabura
[GENERAL_VERB] praising oneself. See:okUSINGIZA,okwesingiza
[GENERAL_VERB] I praising oneself. see:okusingiza,nesingiza
[GENERAL_VERB] he/she praising oneself. see:okusingizas,aesingiza
[GENERAL_VERB] I have praising oneself. see:okusingizaed,nesingizire
[GENERAL_VERB] praising oneself. see:okusingiza!,esingiza
[GENERAL_VERB] I don't praising oneself. see:okusingiza,tinesingiza
[GENERAL_VERB] to pull oneself,okwesika
[GENERAL_VERB] I pull oneself,nesika
[GENERAL_VERB] he/she pull oneselfs,aesika
[GENERAL_VERB] I have pull oneselfed,nesikire
[GENERAL_VERB] pull oneself!,esika
[GENERAL_VERB] I don't pull oneself,tinesika
[GENERAL_NOUN] [okwesisibaniza] v. See:okWESISIBANISA,okwesiisibiriza
[GENERAL_VERB] to boast of something,okwesiimirana
[GENERAL_VERB] I boast of something,nesiimirana
[GENERAL_VERB] he/she boast of somethings,aesiimirana
[GENERAL_VERB] I have boast of somethinged,nesiimiranire
[GENERAL_VERB] boast of something!,esiimirana
[GENERAL_VERB] I don't boast of something,tinesiimirana
[GENERAL_VERB] See: okusweKA,okweshweka
[GENERAL_VERB] I see: okusweka,neshweka
[GENERAL_VERB] he/she see: okuswekas,aeshweka
[GENERAL_VERB] I have see: okuswekaed,neshwekire
[GENERAL_VERB] see: okusweka!,eshweka
[GENERAL_VERB] I don't see: okusweka,tineshweka
[GENERAL_VERB] to enjoy oneself,okwesemeza
[GENERAL_VERB] I enjoy oneself,nesemeza
[GENERAL_VERB] he/she enjoy oneselfs,aesemeza
[GENERAL_VERB] I have enjoy oneselfed,nesemezire
[GENERAL_VERB] enjoy oneself!,esemeza
[GENERAL_VERB] I don't enjoy oneself,tinesemeza
[GENERAL_VERB] to bandage oneself. See:okuseMBA,okwesemba
[GENERAL_VERB] I bandage oneself. see:okusemba,nesemba
[GENERAL_VERB] he/she bandage oneself. see:okusembas,aesemba
[GENERAL_VERB] I have bandage oneself. see:okusembaed,nesembire
[GENERAL_VERB] bandage oneself. see:okusemba!,esemba
[GENERAL_VERB] I don't bandage oneself. see:okusemba,tinesemba
[GENERAL_VERB] to pay oneself. See:okusasura,okwesasura
[GENERAL_VERB] I pay oneself. see:okusasura,nesasura
[GENERAL_VERB] he/she pay oneself. see:okusasuras,aesasura
[GENERAL_VERB] I have pay oneself. see:okusasuraed,nesasuzire
[GENERAL_VERB] pay oneself. see:okusasura!,esasura
[GENERAL_VERB] I don't pay oneself. see:okusasura,tinesasura
[GENERAL_VERB] to find room,okwesanja
[GENERAL_VERB] I find room,nesanja
[GENERAL_VERB] he/she find rooms,aesanja
[GENERAL_VERB] I have find roomed,nesanzire
[GENERAL_VERB] find room!,esanja
[GENERAL_VERB] I don't find room,tinesanja
[GENERAL_VERB] to be disgusted,okwesaanya
[GENERAL_VERB] I be disgusted,nesaanya
[GENERAL_VERB] he/she be disgusteds,aesaanya
[GENERAL_VERB] I have be disgusteded,nesaanyire
[GENERAL_VERB] be disgusted!,esaanya
[GENERAL_VERB] I don't be disgusted,tinesaanya
[GENERAL_VERB] to make yourself clean,okweringirika
[GENERAL_VERB] I make yourself clean,neringirika
[GENERAL_VERB] he/she make yourself cleans,aeringirika
[GENERAL_VERB] I have make yourself cleaned,neringirikire
[GENERAL_VERB] make yourself clean!,eringirika
[GENERAL_VERB] I don't make yourself clean,tineringirika
[GENERAL_VERB] to come voluntarily,okwereeta
[GENERAL_VERB] I come voluntarily,nereeta
[GENERAL_VERB] he/she come voluntarilies,aereeta
[GENERAL_VERB] I have come voluntarilied,nereesire
[GENERAL_VERB] come voluntarily!,ereeta
[GENERAL_VERB] I don't come voluntarily,tinereeta
[GENERAL_VERB] to water,okwereera
[GENERAL_VERB] I water,nereera
[GENERAL_VERB] he/she waters,aereera
[GENERAL_VERB] I have watered,nereezire
[GENERAL_VERB] water!,ereera
[GENERAL_VERB] I don't water,tinereera
[GENERAL_VERB] to catch a glance,okwerabwa
[GENERAL_VERB] I catch a glance,nerabwa
[GENERAL_VERB] he/she catch a glances,aerabwa
[GENERAL_VERB] I have catch a glanced,nerabwire
[GENERAL_VERB] catch a glance!,erabwa
[GENERAL_VERB] I don't catch a glance,tinerabwa
[GENERAL_VERB] to be ripe,okwera
[GENERAL_VERB] I be ripe,nera
[GENERAL_VERB] he/she be ripes,aera
[GENERAL_VERB] I have be riped,nezire
[GENERAL_VERB] be ripe!,era
[GENERAL_VERB] I don't be ripe,tinera
[GENERAL_VERB] to pour half way,okwenyungutuka
[GENERAL_VERB] I pour half way,nenyungutuka
[GENERAL_VERB] he/she pour half ways,aenyungutuka
[GENERAL_VERB] I have pour half wayed,nenyungutukire
[GENERAL_VERB] pour half way!,enyungutuka
[GENERAL_VERB] I don't pour half way,tinenyungutuka
[GENERAL_VERB] To squeeze oneself through,okwenyigiriza
[GENERAL_VERB] I squeeze oneself through,nenyigiriza
[GENERAL_VERB] he/she squeeze oneself throughs,aenyigiriza
[GENERAL_VERB] I have squeeze oneself throughed,nenyigirizire
[GENERAL_VERB] squeeze oneself through!,enyigiriza
[GENERAL_VERB] I don't squeeze oneself through,tinenyigiriza
[GENERAL_VERB] See: okWENAAMUURA,okwenootoora
[GENERAL_VERB] I see: okwenaamuura,nenootoora
[GENERAL_VERB] he/she see: okwenaamuuras,aenootoora
[GENERAL_VERB] I have see: okwenaamuuraed,nenootoozire
[GENERAL_VERB] see: okwenaamuura!,enootoora
[GENERAL_VERB] I don't see: okwenaamuura,tinenootoora
[GENERAL_VERB] to escape,okweniaguriza
[GENERAL_VERB] I escape,neniaguriza
[GENERAL_VERB] he/she escapes,aeniaguriza
[GENERAL_VERB] I have escaped,neniagurizire
[GENERAL_VERB] escape!,eniaguriza
[GENERAL_VERB] I don't escape,tineniaguriza
[GENERAL_VERB] to over rippen,okwengerera
[GENERAL_VERB] I over rippen,nengerera
[GENERAL_VERB] he/she over rippens,aengerera
[GENERAL_VERB] I have over rippened,nengerezire
[GENERAL_VERB] over rippen!,engerera
[GENERAL_VERB] I don't over rippen,tinengerera
[GENERAL_VERB] to spread,okwemereza
[GENERAL_VERB] I spread,nemereza
[GENERAL_VERB] he/she spreads,aemereza
[GENERAL_VERB] I have spreaded,nemerezire
[GENERAL_VERB] spread!,emereza
[GENERAL_VERB] I don't spread,tinemereza
[GENERAL_VERB] to have pheumonia,okwemererwa
[GENERAL_VERB] I have pheumonia,nemererwa
[GENERAL_VERB] he/she have pheumonias,aemererwa
[GENERAL_VERB] I have have pheumoniaed,nemererwire
[GENERAL_VERB] have pheumonia!,emererwa
[GENERAL_VERB] I don't have pheumonia,tinemererwa
[GENERAL_VERB] to sweet talk someone,okwekuringirira
[GENERAL_VERB] I sweet talk someone,nekuringirira
[GENERAL_VERB] he/she sweet talk someones,aekuringirira
[GENERAL_VERB] I have sweet talk someoned,nekuringirizire
[GENERAL_VERB] sweet talk someone!,ekuringirira
[GENERAL_VERB] I don't sweet talk someone,tinekuringirira
[GENERAL_VERB] to be selfish,okwekunda
[GENERAL_VERB] I be selfish,nekunda
[GENERAL_VERB] he/she be selfishes,aekunda
[GENERAL_VERB] I have be selfished,nekundire
[GENERAL_VERB] be selfish!,ekunda
[GENERAL_VERB] I don't be selfish,tinekunda
[GENERAL_VERB] rolling one self,okwekunangura
[GENERAL_VERB] I rolling one self,nekunangura
[GENERAL_VERB] he/she rolling one selfs,aekunangura
[GENERAL_VERB] I have rolling one selfed,nekunanguzire
[GENERAL_VERB] rolling one self!,ekunangura
[GENERAL_VERB] I don't rolling one self,tinekunangura
[GENERAL_VERB] See: okWEKUBA,okwekubirana
[GENERAL_VERB] I see: okwekuba,nekubirana
[GENERAL_VERB] he/she see: okwekubas,aekubirana
[GENERAL_VERB] I have see: okwekubaed,nekubiranire
[GENERAL_VERB] see: okwekuba!,ekubirana
[GENERAL_VERB] I don't see: okwekuba,tinekubirana
[GENERAL_VERB] to fold oneself,okwekuba
[GENERAL_VERB] I fold oneself,nekuba
[GENERAL_VERB] he/she fold oneselfs,aekuba
[GENERAL_VERB] I have fold oneselfed,nekubire
[GENERAL_VERB] fold oneself!,ekuba
[GENERAL_VERB] I don't fold oneself,tinekuba
[GENERAL_VERB] to dress smartly,okwekoma
[GENERAL_VERB] I dress smartly,nekoma
[GENERAL_VERB] he/she dress smartlies,aekoma
[GENERAL_VERB] I have dress smartlied,nekomire
[GENERAL_VERB] dress smartly!,ekoma
[GENERAL_VERB] I don't dress smartly,tinekoma
[GENERAL_VERB] to compesate oneself. See:okUKEITA,okwekeita
[GENERAL_VERB] I compesate oneself. see:okukeita,nekeita
[GENERAL_VERB] he/she compesate oneself. see:okukeitas,aekeita
[GENERAL_VERB] I have compesate oneself. see:okukeitaed,nekeisire
[GENERAL_VERB] compesate oneself. see:okukeita!,ekeita
[GENERAL_VERB] I don't compesate oneself. see:okukeita,tinekeita
[GENERAL_VERB] to emphasise,okwekambiika
[GENERAL_VERB] I emphasise,nekambiika
[GENERAL_VERB] he/she emphasises,aekambiika
[GENERAL_VERB] I have emphasised,nekambiikire
[GENERAL_VERB] emphasise!,ekambiika
[GENERAL_VERB] I don't emphasise,tinekambiika
[GENERAL_VERB] to use something,okwejunisa
[GENERAL_VERB] I use something,nejunisa
[GENERAL_VERB] he/she use somethings,aejunisa
[GENERAL_VERB] I have use somethinged,nejunisire
[GENERAL_VERB] use something!,ejunisa
[GENERAL_VERB] I don't use something,tinejunisa
[GENERAL_VERB] to get annoyed quickly,okwejugumbura
[GENERAL_VERB] I get annoyed quickly,nejugumbura
[GENERAL_VERB] he/she get annoyed quicklies,aejugumbura
[GENERAL_VERB] I have get annoyed quicklied,nejugumbuzire
[GENERAL_VERB] get annoyed quickly!,ejugumbura
[GENERAL_VERB] I don't get annoyed quickly,tinejugumbura
[GENERAL_VERB] to remind oneself. See:okWIJUKA,okweijusa
[GENERAL_VERB] I remind oneself. see:okwijuka,neijusa
[GENERAL_VERB] he/she remind oneself. see:okwijukas,aeijusa
[GENERAL_VERB] I have remind oneself. see:okwijukaed,neijusire
[GENERAL_VERB] remind oneself. see:okwijuka!,eijusa
[GENERAL_VERB] I don't remind oneself. see:okwijuka,tineijusa
[GENERAL_VERB] to roll oneself. See:okUHIRINGISA,okwehiringisa
[GENERAL_VERB] I roll oneself. see:okuhiringisa,nehiringisa
[GENERAL_VERB] he/she roll oneself. see:okuhiringisas,aehiringisa
[GENERAL_VERB] I have roll oneself. see:okuhiringisaed,nehiringisire
[GENERAL_VERB] roll oneself. see:okuhiringisa!,ehiringisa
[GENERAL_VERB] I don't roll oneself. see:okuhiringisa,tinehiringisa
[GENERAL_VERB] to praise oneself. See:okUHIMBISA,okwehimbisa
[GENERAL_VERB] I praise oneself. see:okuhimbisa,nehimbisa
[GENERAL_VERB] he/she praise oneself. see:okuhimbisas,aehimbisa
[GENERAL_VERB] I have praise oneself. see:okuhimbisaed,nehimbisire
[GENERAL_VERB] praise oneself. see:okuhimbisa!,ehimbisa
[GENERAL_VERB] I don't praise oneself. see:okuhimbisa,tinehimbisa
[GENERAL_VERB] to squeeze oneself,okwehigika
[GENERAL_VERB] I squeeze oneself,nehigika
[GENERAL_VERB] he/she squeeze oneselfs,aehigika
[GENERAL_VERB] I have squeeze oneselfed,nehigikire
[GENERAL_VERB] squeeze oneself!,ehigika
[GENERAL_VERB] I don't squeeze oneself,tinehigika
[GENERAL_VERB] to punish oneself,okwehena
[GENERAL_VERB] I punish oneself,nehena
[GENERAL_VERB] he/she punish oneselfs,aehena
[GENERAL_VERB] I have punish oneselfed,nehenire
[GENERAL_VERB] punish oneself!,ehena
[GENERAL_VERB] I don't punish oneself,tinehena
[GENERAL_VERB] See: okWEHAGANYURA,okwehanduura
[GENERAL_VERB] I see: okwehaganyura,nehanduura
[GENERAL_VERB] he/she see: okwehaganyuras,aehanduura
[GENERAL_VERB] I have see: okwehaganyuraed,nehanduuzire
[GENERAL_VERB] see: okwehaganyura!,ehanduura
[GENERAL_VERB] I don't see: okwehaganyura,tinehanduura
[GENERAL_VERB] to have oneself registered,okwehandiikisa
[GENERAL_VERB] I have oneself registered,nehandiikisa
[GENERAL_VERB] he/she have oneself registereds,aehandiikisa
[GENERAL_VERB] I have have oneself registereded,nehandiikisire
[GENERAL_VERB] have oneself registered!,ehandiikisa
[GENERAL_VERB] I don't have oneself registered,tinehandiikisa
[GENERAL_VERB] to register oneself,okwehandiika
[GENERAL_VERB] I register oneself,nehandiika
[GENERAL_VERB] he/she register oneselfs,aehandiika
[GENERAL_VERB] I have register oneselfed,nehandiikire
[GENERAL_VERB] register oneself!,ehandiika
[GENERAL_VERB] I don't register oneself,tinehandiika
[GENERAL_VERB] See: okWEHAGANYURA,okwehakuura
[GENERAL_VERB] I see: okwehaganyura,nehakuura
[GENERAL_VERB] he/she see: okwehaganyuras,aehakuura
[GENERAL_VERB] I have see: okwehaganyuraed,nehakuuzire
[GENERAL_VERB] see: okwehaganyura!,ehakuura
[GENERAL_VERB] I don't see: okwehaganyura,tinehakuura
[GENERAL_VERB] to endure a condition,okwegumya
[GENERAL_VERB] I endure a condition,negumya
[GENERAL_VERB] he/she endure a conditions,aegumya
[GENERAL_VERB] I have endure a conditioned,negumyire
[GENERAL_VERB] endure a condition!,egumya
[GENERAL_VERB] I don't endure a condition,tinegumya
[GENERAL_VERB] See:okUGONOOZA,okwegonooza
[GENERAL_VERB] I see:okugonooza,negonooza
[GENERAL_VERB] he/she see:okugonoozas,aegonooza
[GENERAL_VERB] I have see:okugonoozaed,negonoozire
[GENERAL_VERB] see:okugonooza!,egonooza
[GENERAL_VERB] I don't see:okugonooza,tinegonooza
[GENERAL_VERB] to favour oneself,okwegombeza
[GENERAL_VERB] I favour oneself,negombeza
[GENERAL_VERB] he/she favour oneselfs,aegombeza
[GENERAL_VERB] I have favour oneselfed,negombezire
[GENERAL_VERB] favour oneself!,egombeza
[GENERAL_VERB] I don't favour oneself,tinegombeza
[GENERAL_VERB] See: okWEGANDA,okweganya
[GENERAL_VERB] I see: okweganda,neganya
[GENERAL_VERB] he/she see: okwegandas,aeganya
[GENERAL_VERB] I have see: okwegandaed,neganyire
[GENERAL_VERB] see: okweganda!,eganya
[GENERAL_VERB] I don't see: okweganda,tineganya
[GENERAL_VERB] to report oneself,okwegamba
[GENERAL_VERB] I report oneself,negamba
[GENERAL_VERB] he/she report oneselfs,aegamba
[GENERAL_VERB] I have report oneselfed,negambire
[GENERAL_VERB] report oneself!,egamba
[GENERAL_VERB] I don't report oneself,tinegamba
[GENERAL_VERB] to humble oneself,okwecwendeeka
[GENERAL_VERB] I humble oneself,necwendeeka
[GENERAL_VERB] he/she humble oneselfs,aecwendeeka
[GENERAL_VERB] I have humble oneselfed,necwendeekire
[GENERAL_VERB] humble oneself!,ecwendeeka
[GENERAL_VERB] I don't humble oneself,tinecwendeeka
[GENERAL_VERB] to divide into groups,okwecwamu
[GENERAL_VERB] I divide into groups,necwamu
[GENERAL_VERB] he/she divide into groupses,aecwamu
[GENERAL_VERB] I have divide into groupsed,necwamuire
[GENERAL_VERB] divide into groups!,ecwamu
[GENERAL_VERB] I don't divide into groups,tinecwamu
[GENERAL_VERB] to abuse your body,okwecuukuura
[GENERAL_VERB] I abuse your body,necuukuura
[GENERAL_VERB] he/she abuse your bodies,aecuukuura
[GENERAL_VERB] I have abuse your bodied,necuukuuzire
[GENERAL_VERB] abuse your body!,ecuukuura
[GENERAL_VERB] I don't abuse your body,tinecuukuura
[GENERAL_VERB] to be work hard,okwecurenga
[GENERAL_VERB] I be work hard,necurenga
[GENERAL_VERB] he/she be work hards,aecurenga
[GENERAL_VERB] I have be work harded,necurengire
[GENERAL_VERB] be work hard!,ecurenga
[GENERAL_VERB] I don't be work hard,tinecurenga
[GENERAL_VERB] behave childly,okwecamura
[GENERAL_VERB] I behave childly,necamura
[GENERAL_VERB] he/she behave childlies,aecamura
[GENERAL_VERB] I have behave childlied,necamuzire
[GENERAL_VERB] behave childly!,ecamura
[GENERAL_VERB] I don't behave childly,tinecamura
[GENERAL_VERB] to forget,okwebwa
[GENERAL_VERB] I forget,nebwa
[GENERAL_VERB] he/she forgets,aebwa
[GENERAL_VERB] I have forgeted,nebwire
[GENERAL_VERB] forget!,ebwa
[GENERAL_VERB] I don't forget,tinebwa
[GENERAL_VERB] to hide yourself,okwebisa
[GENERAL_VERB] I hide yourself,nebisa
[GENERAL_VERB] he/she hide yourselfs,aebisa
[GENERAL_VERB] I have hide yourselfed,nebisire
[GENERAL_VERB] hide yourself!,ebisa
[GENERAL_VERB] I don't hide yourself,tinebisa
[GENERAL_VERB] See: okWEBIRIKA,okwebiringita
[GENERAL_VERB] I see: okwebirika,nebiringita
[GENERAL_VERB] he/she see: okwebirikas,aebiringita
[GENERAL_VERB] I have see: okwebirikaed,nebiringisire
[GENERAL_VERB] see: okwebirika!,ebiringita
[GENERAL_VERB] I don't see: okwebirika,tinebiringita
[GENERAL_VERB] to be helpless,okwayaya
[GENERAL_VERB] I be helpless,nayaya
[GENERAL_VERB] he/she be helplesses,aayaya
[GENERAL_VERB] I have be helplessed,nayayire
[GENERAL_VERB] be helpless!,ayaya
[GENERAL_VERB] I don't be helpless,tinayaya
[GENERAL_VERB] to loot or plunder,okwaya
[GENERAL_VERB] I loot or plunder,naya
[GENERAL_VERB] he/she loot or plunders,aaya
[GENERAL_VERB] I have loot or plundered,nayire
[GENERAL_VERB] loot or plunder!,aya
[GENERAL_VERB] I don't loot or plunder,tinaya
[GENERAL_VERB] to hatch the chicks,okwatura
[GENERAL_VERB] I hatch the chicks,natura
[GENERAL_VERB] he/she hatch the chickses,aatura
[GENERAL_VERB] I have hatch the chicksed,natuzire
[GENERAL_VERB] hatch the chicks!,atura
[GENERAL_VERB] I don't hatch the chicks,tinatura
[GENERAL_VERB] to be audible,okwatuka
[GENERAL_VERB] I be audible,natuka
[GENERAL_VERB] he/she be audibles,aatuka
[GENERAL_VERB] I have be audibled,natukire
[GENERAL_VERB] be audible!,atuka
[GENERAL_VERB] I don't be audible,tinatuka
[GENERAL_VERB] to cut open,okwatirira
[GENERAL_VERB] I cut open,natirira
[GENERAL_VERB] he/she cut opens,aatirira
[GENERAL_VERB] I have cut opened,natirizire
[GENERAL_VERB] cut open!,atirira
[GENERAL_VERB] I don't cut open,tinatirira
[GENERAL_VERB] See: okWAKA,okwatayata
[GENERAL_VERB] I see: okwaka,natayata
[GENERAL_VERB] he/she see: okwakas,aatayata
[GENERAL_VERB] I have see: okwakaed,natayasire
[GENERAL_VERB] see: okwaka!,atayata
[GENERAL_VERB] I don't see: okwaka,tinatayata
[GENERAL_VERB] to be divided,okwatana
[GENERAL_VERB] I be divided,natana
[GENERAL_VERB] he/she be divideds,aatana
[GENERAL_VERB] I have be divideded,natanire
[GENERAL_VERB] be divided!,atana
[GENERAL_VERB] I don't be divided,tinatana
[GENERAL_VERB] to disclose secrets,okwata-amabanga
[GENERAL_VERB] I disclose secrets,nata-amabanga
[GENERAL_VERB] he/she disclose secretses,aata-amabanga
[GENERAL_VERB] I have disclose secretsed,nata-amabangire
[GENERAL_VERB] disclose secrets!,ata-amabanga
[GENERAL_VERB] I don't disclose secrets,tinata-amabanga
[GENERAL_VERB] to hatch out,okwaruka
[GENERAL_VERB] I hatch out,naruka
[GENERAL_VERB] he/she hatch outs,aaruka
[GENERAL_VERB] I have hatch outed,narukire
[GENERAL_VERB] hatch out!,aruka
[GENERAL_VERB] I don't hatch out,tinaruka
[GENERAL_VERB] to slap someone heavilly,okwanura
[GENERAL_VERB] I slap someone heavilly,nanura
[GENERAL_VERB] he/she slap someone heavillies,aanura
[GENERAL_VERB] I have slap someone heavillied,nanuzire
[GENERAL_VERB] slap someone heavilly!,anura
[GENERAL_VERB] I don't slap someone heavilly,tinanura
[GENERAL_VERB] to open something widely,okwanjuruza
[GENERAL_VERB] I open something widely,nanjuruza
[GENERAL_VERB] he/she open something widelies,aanjuruza
[GENERAL_VERB] I have open something widelied,nanjuruzire
[GENERAL_VERB] open something widely!,anjuruza
[GENERAL_VERB] I don't open something widely,tinanjuruza
[GENERAL_VERB] to finish grinding,okwanjura
[GENERAL_VERB] I finish grinding,nanjura
[GENERAL_VERB] he/she finish grindings,aanjura
[GENERAL_VERB] I have finish grindinged,nanjuzire
[GENERAL_VERB] finish grinding!,anjura
[GENERAL_VERB] I don't finish grinding,tinanjura
[GENERAL_VERB] to spread something,okwanja
[GENERAL_VERB] I spread something,nanja
[GENERAL_VERB] he/she spread somethings,aanja
[GENERAL_VERB] I have spread somethinged,nanzire
[GENERAL_VERB] spread something!,anja
[GENERAL_VERB] I don't spread something,tinanja
[GENERAL_VERB] to declare publically,okwanika
[GENERAL_VERB] I declare publically,nanika
[GENERAL_VERB] he/she declare publicallies,aanika
[GENERAL_VERB] I have declare publicallied,nanikire
[GENERAL_VERB] declare publically!,anika
[GENERAL_VERB] I don't declare publically,tinanika
[GENERAL_VERB] to do something hurriedly,okwangusa
[GENERAL_VERB] I do something hurriedly,nangusa
[GENERAL_VERB] he/she do something hurriedlies,aangusa
[GENERAL_VERB] I have do something hurriedlied,nangusire
[GENERAL_VERB] do something hurriedly!,angusa
[GENERAL_VERB] I don't do something hurriedly,tinangusa
[GENERAL_VERB] to gilter,okwangaasana
[GENERAL_VERB] I gilter,nangaasana
[GENERAL_VERB] he/she gilters,aangaasana
[GENERAL_VERB] I have giltered,nangaasanire
[GENERAL_VERB] gilter!,angaasana
[GENERAL_VERB] I don't gilter,tinangaasana
[GENERAL_VERB] to dry up,okwanduuka
[GENERAL_VERB] I dry up,nanduuka
[GENERAL_VERB] he/she dry ups,aanduuka
[GENERAL_VERB] I have dry uped,nanduukire
[GENERAL_VERB] dry up!,anduuka
[GENERAL_VERB] I don't dry up,tinanduuka
[GENERAL_VERB] to walk hurriedly,okwandaguza
[GENERAL_VERB] I walk hurriedly,nandaguza
[GENERAL_VERB] he/she walk hurriedlies,aandaguza
[GENERAL_VERB] I have walk hurriedlied,nandaguzire
[GENERAL_VERB] walk hurriedly!,andaguza
[GENERAL_VERB] I don't walk hurriedly,tinandaguza
[GENERAL_VERB] to start flowering,okwana
[GENERAL_VERB] I start flowering,nana
[GENERAL_VERB] he/she start flowerings,aana
[GENERAL_VERB] I have start floweringed,nanire
[GENERAL_VERB] start flowering!,ana
[GENERAL_VERB] I don't start flowering,tinana
[GENERAL_VERB] to shout loudly,okwamuza
[GENERAL_VERB] I shout loudly,namuza
[GENERAL_VERB] he/she shout loudlies,aamuza
[GENERAL_VERB] I have shout loudlied,namuzire
[GENERAL_VERB] shout loudly!,amuza
[GENERAL_VERB] I don't shout loudly,tinamuza
[GENERAL_VERB] to stop raining,okwamuuka
[GENERAL_VERB] I stop raining,namuuka
[GENERAL_VERB] he/she stop rainings,aamuuka
[GENERAL_VERB] I have stop raininged,namuukire
[GENERAL_VERB] stop raining!,amuuka
[GENERAL_VERB] I don't stop raining,tinamuuka
[GENERAL_VERB] See: okUTAKIIRIRWA,okwakiirirwa
[GENERAL_VERB] I see: okutakiirirwa,nakiirirwa
[GENERAL_VERB] he/she see: okutakiirirwas,aakiirirwa
[GENERAL_VERB] I have see: okutakiirirwaed,nakiirirwire
[GENERAL_VERB] see: okutakiirirwa!,akiirirwa
[GENERAL_VERB] I don't see: okutakiirirwa,tinakiirirwa
[GENERAL_VERB] to begin to graze,okwahukira
[GENERAL_VERB] I begin to graze,nahukira
[GENERAL_VERB] he/she begin to grazes,aahukira
[GENERAL_VERB] I have begin to grazed,nahukizire
[GENERAL_VERB] begin to graze!,ahukira
[GENERAL_VERB] I don't begin to graze,tinahukira
[GENERAL_VERB] to sit at ease,okwagagara
[GENERAL_VERB] I sit at ease,nagagara
[GENERAL_VERB] he/she sit at eases,aagagara
[GENERAL_VERB] I have sit at eased,nagagazire
[GENERAL_VERB] sit at ease!,agagara
[GENERAL_VERB] I don't sit at ease,tinagagara
[GENERAL_VERB] to complain,okwabaaba
[GENERAL_VERB] I complain,nabaaba
[GENERAL_VERB] he/she complains,aabaaba
[GENERAL_VERB] I have complained,nabaabire
[GENERAL_VERB] complain!,abaaba
[GENERAL_VERB] I don't complain,tinabaaba
[GENERAL_VERB] to burst,okwaba
[GENERAL_VERB] I burst,naba
[GENERAL_VERB] he/she bursts,aaba
[GENERAL_VERB] I have bursted,nabire
[GENERAL_VERB] burst!,aba
[GENERAL_VERB] I don't burst,tinaba
[GENERAL_VERB] to shake something. Var:okujunguza,okuzunguza
[GENERAL_VERB] I shake something. var:okujunguza,nzunguza
[GENERAL_VERB] he/she shake something. var:okujunguzas,azunguza
[GENERAL_VERB] I have shake something. var:okujunguzaed,nzunguzire
[GENERAL_VERB] shake something. var:okujunguza!,zunguza
[GENERAL_VERB] I don't shake something. var:okujunguza,tinzunguza
[GENERAL_VERB] the act of reconciling,okuziruura
[GENERAL_VERB] I the act of reconciling,nziruura
[GENERAL_VERB] he/she the act of reconcilings,aziruura
[GENERAL_VERB] I have the act of reconcilinged,nziruuzire
[GENERAL_VERB] the act of reconciling!,ziruura
[GENERAL_VERB] I don't the act of reconciling,tinziruura
[CULTURE_AND_TRADITION_VERB] to deter a taboo,okuzirura
[CULTURE_AND_TRADITION_VERB] I deter a taboo,nzirura
[CULTURE_AND_TRADITION_VERB] he/she deter a taboos,azirura
[CULTURE_AND_TRADITION_VERB] I have deter a tabooed,nziruzire
[CULTURE_AND_TRADITION_VERB] deter a taboo!,zirura
[CULTURE_AND_TRADITION_VERB] I don't deter a taboo,tinzirura
[GENERAL_VERB] to be undecided,okuzirazira
[GENERAL_VERB] I be undecided,nzirazira
[GENERAL_VERB] he/she be undecideds,azirazira
[GENERAL_VERB] I have be undecideded,nzirazizire
[GENERAL_VERB] be undecided!,zirazira
[GENERAL_VERB] I don't be undecided,tinzirazira
[GENERAL_VERB] to become paralyzed,okuzingama
[GENERAL_VERB] I become paralyzed,nzingama
[GENERAL_VERB] he/she become paralyzeds,azingama
[GENERAL_VERB] I have become paralyzeded,nzingamire
[GENERAL_VERB] become paralyzed!,zingama
[GENERAL_VERB] I don't become paralyzed,tinzingama
[GENERAL_VERB] to attack. See: okUTAAHIRIRA,okuzinda
[GENERAL_VERB] I attack. see: okutaahirira,nzinda
[GENERAL_VERB] he/she attack. see: okutaahiriras,azinda
[GENERAL_VERB] I have attack. see: okutaahiriraed,nzindire
[GENERAL_VERB] attack. see: okutaahirira!,zinda
[GENERAL_VERB] I don't attack. see: okutaahirira,tinzinda
[GENERAL_NOUN] deep underground,okuzimu
[GENERAL_VERB] to become problematic,okuzimbagarira
[GENERAL_VERB] I become problematic,nzimbagarira
[GENERAL_VERB] he/she become problematics,azimbagarira
[GENERAL_VERB] I have become problematiced,nzimbagarizire
[GENERAL_VERB] become problematic!,zimbagarira
[GENERAL_VERB] I don't become problematic,tinzimbagarira
[GENERAL_VERB] to overcharge,okuzimba
[GENERAL_VERB] I overcharge,nzimba
[GENERAL_VERB] he/she overcharges,azimba
[GENERAL_VERB] I have overcharged,nzimbire
[GENERAL_VERB] overcharge!,zimba
[GENERAL_VERB] I don't overcharge,tinzimba
[GENERAL_VERB] to become very dirty,okuzika
[GENERAL_VERB] I become very dirty,nzika
[GENERAL_VERB] he/she become very dirties,azika
[GENERAL_VERB] I have become very dirtied,nzikire
[GENERAL_VERB] become very dirty!,zika
[GENERAL_VERB] I don't become very dirty,tinzika
[GENERAL_VERB] to overgrow,okuzika
[GENERAL_VERB] I overgrow,nzika
[GENERAL_VERB] he/she overgrows,azika
[GENERAL_VERB] I have overgrowed,nzikire
[GENERAL_VERB] overgrow!,zika
[GENERAL_VERB] I don't overgrow,tinzika
[GENERAL_VERB] to strangle something,okuzigirira
[GENERAL_VERB] I strangle something,nzigirira
[GENERAL_VERB] he/she strangle somethings,azigirira
[GENERAL_VERB] I have strangle somethinged,nzigirizire
[GENERAL_VERB] strangle something!,zigirira
[GENERAL_VERB] I don't strangle something,tinzigirira
[GENERAL_VERB] to paint something black,okuziga
[GENERAL_VERB] I paint something black,nziga
[GENERAL_VERB] he/she paint something blacks,aziga
[GENERAL_VERB] I have paint something blacked,nzigire
[GENERAL_VERB] paint something black!,ziga
[GENERAL_VERB] I don't paint something black,tinziga
[GENERAL_VERB] to sit vagarantly,okuzeetama
[GENERAL_VERB] I sit vagarantly,nzeetama
[GENERAL_VERB] he/she sit vagarantlies,azeetama
[GENERAL_VERB] I have sit vagarantlied,nzeetamire
[GENERAL_VERB] sit vagarantly!,zeetama
[GENERAL_VERB] I don't sit vagarantly,tinzeetama
[GENERAL_NOUN] phr. to cause trouble,okuzaara-akantu
[GENERAL_VERB] to return from exile,okuzaahuuka
[GENERAL_VERB] I return from exile,nzaahuuka
[GENERAL_VERB] he/she return from exiles,azaahuuka
[GENERAL_VERB] I have return from exiled,nzaahuukire
[GENERAL_VERB] return from exile!,zaahuuka
[GENERAL_VERB] I don't return from exile,tinzaahuuka
[GENERAL_VERB] to get disorganised,okuzaagarara
[GENERAL_VERB] I get disorganised,nzaagarara
[GENERAL_VERB] he/she get disorganiseds,azaagarara
[GENERAL_VERB] I have get disorganiseded,nzaagarazire
[GENERAL_VERB] get disorganised!,zaagarara
[GENERAL_VERB] I don't get disorganised,tinzaagarara
[GENERAL_VERB] to become morning,okuyangayanga
[GENERAL_VERB] I become morning,nyangayanga
[GENERAL_VERB] he/she become mornings,ayangayanga
[GENERAL_VERB] I have become morninged,nyangayangire
[GENERAL_VERB] become morning!,yangayanga
[GENERAL_VERB] I don't become morning,tinyangayanga
[GENERAL_VERB] to be a hooligan,okuyaayuuka
[GENERAL_VERB] I be a hooligan,nyaayuuka
[GENERAL_VERB] he/she be a hooligans,ayaayuuka
[GENERAL_VERB] I have be a hooliganed,nyaayuukire
[GENERAL_VERB] be a hooligan!,yaayuuka
[GENERAL_VERB] I don't be a hooligan,tinyaayuuka
[GENERAL_VERB] to disorganise things. See:okUVURUGA2,okuvuyanga
[GENERAL_VERB] I disorganise things. see:okuvuruga2,nvuyanga
[GENERAL_VERB] he/she disorganise things. see:okuvuruga2s,avuyanga
[GENERAL_VERB] I have disorganise things. see:okuvuruga2ed,nvuyangire
[GENERAL_VERB] disorganise things. see:okuvuruga2!,vuyanga
[GENERAL_VERB] I don't disorganise things. see:okuvuruga2,tinvuyanga
[GENERAL_VERB] to dilute something concentrated,okuvunuura
[GENERAL_VERB] I dilute something concentrated,nvunuura
[GENERAL_VERB] he/she dilute something concentrateds,avunuura
[GENERAL_VERB] I have dilute something concentrateded,nvunuuzire
[GENERAL_VERB] dilute something concentrated!,vunuura
[GENERAL_VERB] I don't dilute something concentrated,tinvunuura
[GENERAL_VERB] to beg for alcohol,okuvumba
[GENERAL_VERB] I beg for alcohol,nvumba
[GENERAL_VERB] he/she beg for alcohols,avumba
[GENERAL_VERB] I have beg for alcoholed,nvumbire
[GENERAL_VERB] beg for alcohol!,vumba
[GENERAL_VERB] I don't beg for alcohol,tinvumba
[GENERAL_VERB] to fill to capacity,okuviigiiza
[GENERAL_VERB] I fill to capacity,nviigiiza
[GENERAL_VERB] he/she fill to capacities,aviigiiza
[GENERAL_VERB] I have fill to capacitied,nviigiizire
[GENERAL_VERB] fill to capacity!,viigiiza
[GENERAL_VERB] I don't fill to capacity,tinviigiiza
[GENERAL_VERB] See: okUTWARIRANA,okutwaririra
[GENERAL_VERB] I see: okutwarirana,ntwaririra
[GENERAL_VERB] he/she see: okutwariranas,atwaririra
[GENERAL_VERB] I have see: okutwariranaed,ntwaririzire
[GENERAL_VERB] see: okutwarirana!,twaririra
[GENERAL_VERB] I don't see: okutwarirana,tintwaririra
[GENERAL_VERB] to become pregnant,okutwara
[GENERAL_VERB] I become pregnant,ntwara
[GENERAL_VERB] he/she become pregnants,atwara
[GENERAL_VERB] I have become pregnanted,ntwazire
[GENERAL_VERB] become pregnant!,twara
[GENERAL_VERB] I don't become pregnant,tintwara
[GENERAL_VERB] to move while bending,okutuutuuba
[GENERAL_VERB] I move while bending,ntuutuuba
[GENERAL_VERB] he/she move while bendings,atuutuuba
[GENERAL_VERB] I have move while bendinged,ntuutuubire
[GENERAL_VERB] move while bending!,tuutuuba
[GENERAL_VERB] I don't move while bending,tintuutuuba
[GENERAL_VERB] See: okUTUUNAGIRA,okutuunagurikwa
[GENERAL_VERB] I see: okutuunagira,ntuunagurikwa
[GENERAL_VERB] he/she see: okutuunagiras,atuunagurikwa
[GENERAL_VERB] I have see: okutuunagiraed,ntuunagurikwire
[GENERAL_VERB] see: okutuunagira!,tuunagurikwa
[GENERAL_VERB] I don't see: okutuunagira,tintuunagurikwa
[GENERAL_VERB] See: okUTURIZA. Var:okuturiza,okuturubiza
[GENERAL_VERB] I see: okuturiza. var:okuturiza,nturubiza
[GENERAL_VERB] he/she see: okuturiza. var:okuturizas,aturubiza
[GENERAL_VERB] I have see: okuturiza. var:okuturizaed,nturubizire
[GENERAL_VERB] see: okuturiza. var:okuturiza!,turubiza
[GENERAL_VERB] I don't see: okuturiza. var:okuturiza,tinturubiza
"[GENERAL_VERB] to mixSee: KUJWAnza, KUCANGANYA",okuturaniza
"[GENERAL_VERB] I mixsee: kujwanza, kucanganya",nturaniza
"[GENERAL_VERB] he/she mixsee: kujwanza, kucanganyas",aturaniza
"[GENERAL_VERB] I have mixsee: kujwanza, kucanganyaed",nturanizire
"[GENERAL_VERB] mixsee: kujwanza, kucanganya!",turaniza
"[GENERAL_VERB] I don't mixsee: kujwanza, kucanganya",tinturaniza
[GENERAL_VERB] to accuse,okutura
[GENERAL_VERB] I accuse,ntura
[GENERAL_VERB] he/she accuses,atura
[GENERAL_VERB] I have accused,ntuzire
[GENERAL_VERB] accuse!,tura
[GENERAL_VERB] I don't accuse,tintura
[GENERAL_VERB] See: okUTUBURA,okutunuura
[GENERAL_VERB] I see: okutubura,ntunuura
[GENERAL_VERB] he/she see: okutuburas,atunuura
[GENERAL_VERB] I have see: okutuburaed,ntunuuzire
[GENERAL_VERB] see: okutubura!,tunuura
[GENERAL_VERB] I don't see: okutubura,tintunuura
[GENERAL_VERB] to have fever,okutungura
[GENERAL_VERB] I have fever,ntungura
[GENERAL_VERB] he/she have fevers,atungura
[GENERAL_VERB] I have have fevered,ntunguzire
[GENERAL_VERB] have fever!,tungura
[GENERAL_VERB] I don't have fever,tintungura
[GENERAL_VERB] to be steep,okutungama
[GENERAL_VERB] I be steep,ntungama
[GENERAL_VERB] he/she be steeps,atungama
[GENERAL_VERB] I have be steeped,ntungamire
[GENERAL_VERB] be steep!,tungama
[GENERAL_VERB] I don't be steep,tintungama
[GENERAL_VERB] to tie tightly,okutunenga
[GENERAL_VERB] I tie tightly,ntunenga
[GENERAL_VERB] he/she tie tightlies,atunenga
[GENERAL_VERB] I have tie tightlied,ntunengire
[GENERAL_VERB] tie tightly!,tunenga
[GENERAL_VERB] I don't tie tightly,tintunenga
[GENERAL_VERB] to sell. Etym: [<Luganda.okutunda>],okutunda
[GENERAL_VERB] I sell. etym: [<luganda.okutunda>],ntunda
[GENERAL_VERB] he/she sell. etym: [<luganda.okutunda>]s,atunda
[GENERAL_VERB] I have sell. etym: [<luganda.okutunda>]ed,ntundire
[GENERAL_VERB] sell. etym: [<luganda.okutunda>]!,tunda
[GENERAL_VERB] I don't sell. etym: [<luganda.okutunda>],tintunda
[GENERAL_VERB] to become fat,okutunatuna
[GENERAL_VERB] I become fat,ntunatuna
[GENERAL_VERB] he/she become fats,atunatuna
[GENERAL_VERB] I have become fated,ntunatunire
[GENERAL_VERB] become fat!,tunatuna
[GENERAL_VERB] I don't become fat,tintunatuna
[GENERAL_VERB] to move while naked,okutumbuza
[GENERAL_VERB] I move while naked,ntumbuza
[GENERAL_VERB] he/she move while nakeds,atumbuza
[GENERAL_VERB] I have move while nakeded,ntumbuzire
[GENERAL_VERB] move while naked!,tumbuza
[GENERAL_VERB] I don't move while naked,tintumbuza
[GENERAL_VERB] to swell,okutumba
[GENERAL_VERB] I swell,ntumba
[GENERAL_VERB] he/she swells,atumba
[GENERAL_VERB] I have swelled,ntumbire
[GENERAL_VERB] swell!,tumba
[GENERAL_VERB] I don't swell,tintumba
[GENERAL_VERB] See: okUTUKURA,okutukurinkana
[GENERAL_VERB] I see: okutukura,ntukurinkana
[GENERAL_VERB] he/she see: okutukuras,atukurinkana
[GENERAL_VERB] I have see: okutukuraed,ntukurinkanire
[GENERAL_VERB] see: okutukura!,tukurinkana
[GENERAL_VERB] I don't see: okutukura,tintukurinkana
[GENERAL_VERB] to be sharp,okutugunjuka
[GENERAL_VERB] I be sharp,ntugunjuka
[GENERAL_VERB] he/she be sharps,atugunjuka
[GENERAL_VERB] I have be sharped,ntugunjukire
[GENERAL_VERB] be sharp!,tugunjuka
[GENERAL_VERB] I don't be sharp,tintugunjuka
[GENERAL_VERB] to stagger,okusibaaza
[GENERAL_VERB] I stagger,nsibaaza
[GENERAL_VERB] he/she staggers,asibaaza
[GENERAL_VERB] I have staggered,nsibaazire
[GENERAL_VERB] stagger!,sibaaza
[GENERAL_VERB] I don't stagger,tinsibaaza
[GENERAL_VERB] to undertake birth control,okusiba
[GENERAL_VERB] I undertake birth control,nsiba
[GENERAL_VERB] he/she undertake birth controls,asiba
[GENERAL_VERB] I have undertake birth controled,nsibire
[GENERAL_VERB] undertake birth control!,siba
[GENERAL_VERB] I don't undertake birth control,tinsiba
[GENERAL_VERB] to plait hair,okusiba
[GENERAL_VERB] I plait hair,nsiba
[GENERAL_VERB] he/she plait hairs,asiba
[GENERAL_VERB] I have plait haired,nsibire
[GENERAL_VERB] plait hair!,siba
[GENERAL_VERB] I don't plait hair,tinsiba
[GENERAL_VERB] See: okWENIAGURIZA,okutoroka
[GENERAL_VERB] I see: okweniaguriza,ntoroka
[GENERAL_VERB] he/she see: okweniagurizas,atoroka
[GENERAL_VERB] I have see: okweniagurizaed,ntorokire
[GENERAL_VERB] see: okweniaguriza!,toroka
[GENERAL_VERB] I don't see: okweniaguriza,tintoroka
[GENERAL_VERB] to subtract from,okutoora
[GENERAL_VERB] I subtract from,ntoora
[GENERAL_VERB] he/she subtract froms,atoora
[GENERAL_VERB] I have subtract fromed,ntoozire
[GENERAL_VERB] subtract from!,toora
[GENERAL_VERB] I don't subtract from,tintoora
[GENERAL_VERB] to trap an animal,okutoora
[GENERAL_VERB] I trap an animal,ntoora
[GENERAL_VERB] he/she trap an animals,atoora
[GENERAL_VERB] I have trap an animaled,ntoozire
[GENERAL_VERB] trap an animal!,toora
[GENERAL_VERB] I don't trap an animal,tintoora
[GENERAL_VERB] to dress finely,okutoora
[GENERAL_VERB] I dress finely,ntoora
[GENERAL_VERB] he/she dress finelies,atoora
[GENERAL_VERB] I have dress finelied,ntoozire
[GENERAL_VERB] dress finely!,toora
[GENERAL_VERB] I don't dress finely,tintoora
[GENERAL_VERB] to make dry,okutoonyoka
[GENERAL_VERB] I make dry,ntoonyoka
[GENERAL_VERB] he/she make dries,atoonyoka
[GENERAL_VERB] I have make dried,ntoonyokire
[GENERAL_VERB] make dry!,toonyoka
[GENERAL_VERB] I don't make dry,tintoonyoka
[NATURE_AND_ENVIRONMENT_VERB] to drizzle: rain lightly,okutoonyerera
[NATURE_AND_ENVIRONMENT_VERB] I drizzle: rain lightly,ntoonyerera
[NATURE_AND_ENVIRONMENT_VERB] he/she drizzle: rain lightlies,atoonyerera
[NATURE_AND_ENVIRONMENT_VERB] I have drizzle: rain lightlied,ntoonyerezire
[NATURE_AND_ENVIRONMENT_VERB] drizzle: rain lightly!,toonyerera
[NATURE_AND_ENVIRONMENT_VERB] I don't drizzle: rain lightly,tintoonyerera
[GENERAL_VERB] to feel sorrow,okutonza
[GENERAL_VERB] I feel sorrow,ntonza
[GENERAL_VERB] he/she feel sorrows,atonza
[GENERAL_VERB] I have feel sorrowed,ntonzire
[GENERAL_VERB] feel sorrow!,tonza
[GENERAL_VERB] I don't feel sorrow,tintonza
"[GENERAL_VERB] to ooze, usually blood",okutonyogoka
"[GENERAL_VERB] I ooze, usually blood",ntonyogoka
"[GENERAL_VERB] he/she ooze, usually bloods",atonyogoka
"[GENERAL_VERB] I have ooze, usually blooded",ntonyogokire
"[GENERAL_VERB] ooze, usually blood!",tonyogoka
"[GENERAL_VERB] I don't ooze, usually blood",tintonyogoka
[GENERAL_VERB] See: okUTONTOMA,okutontomera
[GENERAL_VERB] I see: okutontoma,ntontomera
[GENERAL_VERB] he/she see: okutontomas,atontomera
[GENERAL_VERB] I have see: okutontomaed,ntontomezire
[GENERAL_VERB] see: okutontoma!,tontomera
[GENERAL_VERB] I don't see: okutontoma,tintontomera
[GENERAL_VERB] failure to hatch,okutontoheza
[GENERAL_VERB] I failure to hatch,ntontoheza
[GENERAL_VERB] he/she failure to hatches,atontoheza
[GENERAL_VERB] I have failure to hatched,ntontohezire
[GENERAL_VERB] failure to hatch!,tontoheza
[GENERAL_VERB] I don't failure to hatch,tintontoheza
[GENERAL_VERB] to form a foetus,okutonda
[GENERAL_VERB] I form a foetus,ntonda
[GENERAL_VERB] he/she form a foetuses,atonda
[GENERAL_VERB] I have form a foetused,ntondire
[GENERAL_VERB] form a foetus!,tonda
[GENERAL_VERB] I don't form a foetus,tintonda
[GENERAL_VERB] to dirten something,okutokooza
[GENERAL_VERB] I dirten something,ntokooza
[GENERAL_VERB] he/she dirten somethings,atokooza
[GENERAL_VERB] I have dirten somethinged,ntokoozire
[GENERAL_VERB] dirten something!,tokooza
[GENERAL_VERB] I don't dirten something,tintokooza
[GENERAL_VERB] to be understanding,okutojoka
[GENERAL_VERB] I be understanding,ntojoka
[GENERAL_VERB] he/she be understandings,atojoka
[GENERAL_VERB] I have be understandinged,ntojokire
[GENERAL_VERB] be understanding!,tojoka
[GENERAL_VERB] I don't be understanding,tintojoka
[GENERAL_VERB] to make something wet,okutobya
[GENERAL_VERB] I make something wet,ntobya
[GENERAL_VERB] he/she make something wets,atobya
[GENERAL_VERB] I have make something weted,ntobyire
[GENERAL_VERB] make something wet!,tobya
[GENERAL_VERB] I don't make something wet,tintobya
[GENERAL_VERB] See: okUTOBERA,okutobeka
[GENERAL_VERB] I see: okutobera,ntobeka
[GENERAL_VERB] he/she see: okutoberas,atobeka
[GENERAL_VERB] I have see: okutoberaed,ntobekire
[GENERAL_VERB] see: okutobera!,tobeka
[GENERAL_VERB] I don't see: okutobera,tintobeka
[GENERAL_NOUN] to make a bridge,okutinda
[GENERAL_VERB] See: okUTIMBUURA,okutimbuuka
[GENERAL_VERB] I see: okutimbuura,ntimbuuka
[GENERAL_VERB] he/she see: okutimbuuras,atimbuuka
[GENERAL_VERB] I have see: okutimbuuraed,ntimbuukire
[GENERAL_VERB] see: okutimbuura!,timbuuka
[GENERAL_VERB] I don't see: okutimbuura,tintimbuuka
[GENERAL_VERB] to dig up holes,okutimba
[GENERAL_VERB] I dig up holes,ntimba
[GENERAL_VERB] he/she dig up holeses,atimba
[GENERAL_VERB] I have dig up holesed,ntimbire
[GENERAL_VERB] dig up holes!,timba
[GENERAL_VERB] I don't dig up holes,tintimba
[GENERAL_VERB] to shake,okutibita
[GENERAL_VERB] I shake,ntibita
[GENERAL_VERB] he/she shakes,atibita
[GENERAL_VERB] I have shaked,ntibisire
[GENERAL_VERB] shake!,tibita
[GENERAL_VERB] I don't shake,tintibita
[GENERAL_VERB] to be very soft,okutibagana
[GENERAL_VERB] I be very soft,ntibagana
[GENERAL_VERB] he/she be very softs,atibagana
[GENERAL_VERB] I have be very softed,ntibaganire
[GENERAL_VERB] be very soft!,tibagana
[GENERAL_VERB] I don't be very soft,tintibagana
[GENERAL_VERB] to fall,okutereburuka
[GENERAL_VERB] I fall,ntereburuka
[GENERAL_VERB] he/she falls,atereburuka
[GENERAL_VERB] I have falled,ntereburukire
[GENERAL_VERB] fall!,tereburuka
[GENERAL_VERB] I don't fall,tintereburuka
[GENERAL_VERB] to loose hope,okuterebuka
[GENERAL_VERB] I loose hope,nterebuka
[GENERAL_VERB] he/she loose hopes,aterebuka
[GENERAL_VERB] I have loose hoped,nterebukire
[GENERAL_VERB] loose hope!,terebuka
[GENERAL_VERB] I don't loose hope,tinterebuka
[GENERAL_VERB] to grind millet badly,okutera-embari
[GENERAL_VERB] I grind millet badly,ntera-embari
[GENERAL_VERB] he/she grind millet badlies,atera-embari
[GENERAL_VERB] I have grind millet badlied,ntera-embariire
[GENERAL_VERB] grind millet badly!,tera-embari
[GENERAL_VERB] I don't grind millet badly,tintera-embari
[GENERAL_VERB] to shake something repeatedly,okutenzatenza
[GENERAL_VERB] I shake something repeatedly,ntenzatenza
[GENERAL_VERB] he/she shake something repeatedlies,atenzatenza
[GENERAL_VERB] I have shake something repeatedlied,ntenzatenzire
[GENERAL_VERB] shake something repeatedly!,tenzatenza
[GENERAL_VERB] I don't shake something repeatedly,tintenzatenza
[GENERAL_VERB] to shake,okutenganya
[GENERAL_VERB] I shake,ntenganya
[GENERAL_VERB] he/she shakes,atenganya
[GENERAL_VERB] I have shaked,ntenganyire
[GENERAL_VERB] shake!,tenganya
[GENERAL_VERB] I don't shake,tintenganya
[GENERAL_VERB] (for kings) to sleep,okutemba
[GENERAL_VERB] I (for kings) to sleep,ntemba
[GENERAL_VERB] he/she (for kings) to sleeps,atemba
[GENERAL_VERB] I have (for kings) to sleeped,ntembire
[GENERAL_VERB] (for kings) to sleep!,temba
[GENERAL_VERB] I don't (for kings) to sleep,tintemba
[GENERAL_VERB] See: okWANZIRIRA,okuteganguza
[GENERAL_VERB] I see: okwanzirira,nteganguza
[GENERAL_VERB] he/she see: okwanziriras,ateganguza
[GENERAL_VERB] I have see: okwanziriraed,nteganguzire
[GENERAL_VERB] see: okwanzirira!,teganguza
[GENERAL_VERB] I don't see: okwanzirira,tinteganguza
[GENERAL_VERB] to listen,okutega okutu
[GENERAL_VERB] I listen,ntega okutu
[GENERAL_VERB] he/she listens,atega okutu
[GENERAL_VERB] I have listened,ntega okutuire
[GENERAL_VERB] listen!,tega okutu
[GENERAL_VERB] I don't listen,tintega okutu
[GENERAL_VERB] to be joined together,okuteeranizibwa
[GENERAL_VERB] I be joined together,nteeranizibwa
[GENERAL_VERB] he/she be joined togethers,ateeranizibwa
[GENERAL_VERB] I have be joined togethered,nteeranizibwire
[GENERAL_VERB] be joined together!,teeranizibwa
[GENERAL_VERB] I don't be joined together,tinteeranizibwa
[GENERAL_VERB] to guess. See: okUTEEBEREZA,okuteeba
[GENERAL_VERB] I guess. see: okuteebereza,nteeba
[GENERAL_VERB] he/she guess. see: okuteeberezas,ateeba
[GENERAL_VERB] I have guess. see: okuteeberezaed,nteebire
[GENERAL_VERB] guess. see: okuteebereza!,teeba
[GENERAL_VERB] I don't guess. see: okuteebereza,tinteeba
[GENERAL_VERB] to refuse something completely,okutaraiga
[GENERAL_VERB] I refuse something completely,ntaraiga
[GENERAL_VERB] he/she refuse something completelies,ataraiga
[GENERAL_VERB] I have refuse something completelied,ntaraigire
[GENERAL_VERB] refuse something completely!,taraiga
[GENERAL_VERB] I don't refuse something completely,tintaraiga
[GENERAL_VERB] to pay a fine,okutanga
[GENERAL_VERB] I pay a fine,ntanga
[GENERAL_VERB] he/she pay a fines,atanga
[GENERAL_VERB] I have pay a fined,ntangire
[GENERAL_VERB] pay a fine!,tanga
[GENERAL_VERB] I don't pay a fine,tintanga
[GENERAL_VERB] to make something horizontal,okutandaara
[GENERAL_VERB] I make something horizontal,ntandaara
[GENERAL_VERB] he/she make something horizontals,atandaara
[GENERAL_VERB] I have make something horizontaled,ntandaazire
[GENERAL_VERB] make something horizontal!,tandaara
[GENERAL_VERB] I don't make something horizontal,tintandaara
[GENERAL_VERB] See: okURYA,okutamira
[GENERAL_VERB] I see: okurya,ntamira
[GENERAL_VERB] he/she see: okuryas,atamira
[GENERAL_VERB] I have see: okuryaed,ntamizire
[GENERAL_VERB] see: okurya!,tamira
[GENERAL_VERB] I don't see: okurya,tintamira
[GENERAL_VERB] to start grinding millet,okutamika
[GENERAL_VERB] I start grinding millet,ntamika
[GENERAL_VERB] he/she start grinding millets,atamika
[GENERAL_VERB] I have start grinding milleted,ntamikire
[GENERAL_VERB] start grinding millet!,tamika
[GENERAL_VERB] I don't start grinding millet,tintamika
[GENERAL_VERB] to abuse without cause,okutambara
[GENERAL_VERB] I abuse without cause,ntambara
[GENERAL_VERB] he/she abuse without causes,atambara
[GENERAL_VERB] I have abuse without caused,ntambazire
[GENERAL_VERB] abuse without cause!,tambara
[GENERAL_VERB] I don't abuse without cause,tintambara
[GENERAL_VERB] to interfere. See:okUTAMBAARIRA,okutamba-ikono
[GENERAL_VERB] I interfere. see:okutambaarira,ntamba-ikono
[GENERAL_VERB] he/she interfere. see:okutambaariras,atamba-ikono
[GENERAL_VERB] I have interfere. see:okutambaariraed,ntamba-ikonoire
[GENERAL_VERB] interfere. see:okutambaarira!,tamba-ikono
[GENERAL_VERB] I don't interfere. see:okutambaarira,tintamba-ikono
[GENERAL_VERB] to offer sacrifice,okutamba
[GENERAL_VERB] I offer sacrifice,ntamba
[GENERAL_VERB] he/she offer sacrifices,atamba
[GENERAL_VERB] I have offer sacrificed,ntambire
[GENERAL_VERB] offer sacrifice!,tamba
[GENERAL_VERB] I don't offer sacrifice,tintamba
[GENERAL_VERB] to write without aim,okutamaga
[GENERAL_VERB] I write without aim,ntamaga
[GENERAL_VERB] he/she write without aims,atamaga
[GENERAL_VERB] I have write without aimed,ntamagire
[GENERAL_VERB] write without aim!,tamaga
[GENERAL_VERB] I don't write without aim,tintamaga
[GENERAL_VERB] to be mad temporarily,okutabuka
[GENERAL_VERB] I be mad temporarily,ntabuka
[GENERAL_VERB] he/she be mad temporarilies,atabuka
[GENERAL_VERB] I have be mad temporarilied,ntabukire
[GENERAL_VERB] be mad temporarily!,tabuka
[GENERAL_VERB] I don't be mad temporarily,tintabuka
[GENERAL_VERB] to make water dirty,okutabangura
[GENERAL_VERB] I make water dirty,ntabangura
[GENERAL_VERB] he/she make water dirties,atabangura
[GENERAL_VERB] I have make water dirtied,ntabanguzire
[GENERAL_VERB] make water dirty!,tabangura
[GENERAL_VERB] I don't make water dirty,tintabangura
[GENERAL_VERB] to scramble for something,okutabana
[GENERAL_VERB] I scramble for something,ntabana
[GENERAL_VERB] he/she scramble for somethings,atabana
[GENERAL_VERB] I have scramble for somethinged,ntabanire
[GENERAL_VERB] scramble for something!,tabana
[GENERAL_VERB] I don't scramble for something,tintabana
[GENERAL_VERB] to get spoilt,okutabakara
[GENERAL_VERB] I get spoilt,ntabakara
[GENERAL_VERB] he/she get spoilts,atabakara
[GENERAL_VERB] I have get spoilted,ntabakazire
[GENERAL_VERB] get spoilt!,tabakara
[GENERAL_VERB] I don't get spoilt,tintabakara
[GENERAL_VERB] to hurry,okutabaguza
[GENERAL_VERB] I hurry,ntabaguza
[GENERAL_VERB] he/she hurries,atabaguza
[GENERAL_VERB] I have hurried,ntabaguzire
[GENERAL_VERB] hurry!,tabaguza
[GENERAL_VERB] I don't hurry,tintabaguza
[GENERAL_VERB] to disorganise,okutabagura
[GENERAL_VERB] I disorganise,ntabagura
[GENERAL_VERB] he/she disorganises,atabagura
[GENERAL_VERB] I have disorganised,ntabaguzire
[GENERAL_VERB] disorganise!,tabagura
[GENERAL_VERB] I don't disorganise,tintabagura
[GENERAL_VERB] to go to war,okutabaara
[GENERAL_VERB] I go to war,ntabaara
[GENERAL_VERB] he/she go to wars,atabaara
[GENERAL_VERB] I have go to wared,ntabaazire
[GENERAL_VERB] go to war!,tabaara
[GENERAL_VERB] I don't go to war,tintabaara
[GENERAL_VERB] to visit,okutaayaaya
[GENERAL_VERB] I visit,ntaayaaya
[GENERAL_VERB] he/she visits,ataayaaya
[GENERAL_VERB] I have visited,ntaayaayire
[GENERAL_VERB] visit!,taayaaya
[GENERAL_VERB] I don't visit,tintaayaaya
[GENERAL_VERB] to scatter,okutaataana
[GENERAL_VERB] I scatter,ntaataana
[GENERAL_VERB] he/she scatters,ataataana
[GENERAL_VERB] I have scattered,ntaataanire
[GENERAL_VERB] scatter!,taataana
[GENERAL_VERB] I don't scatter,tintaataana
[GENERAL_VERB] See: BUTANDU,okutaara
[GENERAL_VERB] I see: butandu,ntaara
[GENERAL_VERB] he/she see: butandus,ataara
[GENERAL_VERB] I have see: butandued,ntaazire
[GENERAL_VERB] see: butandu!,taara
[GENERAL_VERB] I don't see: butandu,tintaara
[GENERAL_VERB] See: okUTAANA,okutaanuuka
[GENERAL_VERB] I see: okutaana,ntaanuuka
[GENERAL_VERB] he/she see: okutaanas,ataanuuka
[GENERAL_VERB] I have see: okutaanaed,ntaanuukire
[GENERAL_VERB] see: okutaana!,taanuuka
[GENERAL_VERB] I don't see: okutaana,tintaanuuka
[GENERAL_VERB] to enter into something,okutaahira
[GENERAL_VERB] I enter into something,ntaahira
[GENERAL_VERB] he/she enter into somethings,ataahira
[GENERAL_VERB] I have enter into somethinged,ntaahizire
[GENERAL_VERB] enter into something!,taahira
[GENERAL_VERB] I don't enter into something,tintaahira
[GENERAL_VERB] to go deep,okutaaha
[GENERAL_VERB] I go deep,ntaaha
[GENERAL_VERB] he/she go deeps,ataaha
[GENERAL_VERB] I have go deeped,ntaahire
[GENERAL_VERB] go deep!,taaha
[GENERAL_VERB] I don't go deep,tintaaha
[GENERAL_VERB] to go home,okutaaha
[GENERAL_VERB] I go home,ntaaha
[GENERAL_VERB] he/she go homes,ataaha
[GENERAL_VERB] I have go homed,ntaahire
[GENERAL_VERB] go home!,taaha
[GENERAL_VERB] I don't go home,tintaaha
[GENERAL_VERB] to tear,okutaagura
[GENERAL_VERB] I tear,ntaagura
[GENERAL_VERB] he/she tears,ataagura
[GENERAL_VERB] I have teared,ntaaguzire
[GENERAL_VERB] tear!,taagura
[GENERAL_VERB] I don't tear,tintaagura
[GENERAL_VERB] to get torn,okutaaguka
[GENERAL_VERB] I get torn,ntaaguka
[GENERAL_VERB] he/she get torns,ataaguka
[GENERAL_VERB] I have get torned,ntaagukire
[GENERAL_VERB] get torn!,taaguka
[GENERAL_VERB] I don't get torn,tintaaguka
[GENERAL_VERB] See: okUTAAGATAAGA,okutaagiira
[GENERAL_VERB] I see: okutaagataaga,ntaagiira
[GENERAL_VERB] he/she see: okutaagataagas,ataagiira
[GENERAL_VERB] I have see: okutaagataagaed,ntaagiizire
[GENERAL_VERB] see: okutaagataaga!,taagiira
[GENERAL_VERB] I don't see: okutaagataaga,tintaagiira
[GENERAL_VERB] to cry for help,okutaaga
[GENERAL_VERB] I cry for help,ntaaga
[GENERAL_VERB] he/she cry for helps,ataaga
[GENERAL_VERB] I have cry for helped,ntaagire
[GENERAL_VERB] cry for help!,taaga
[GENERAL_VERB] I don't cry for help,tintaaga
[GENERAL_VERB] to run very fast,okusora
[GENERAL_VERB] I run very fast,nsora
[GENERAL_VERB] he/she run very fasts,asora
[GENERAL_VERB] I have run very fasted,nsozire
[GENERAL_VERB] run very fast!,sora
[GENERAL_VERB] I don't run very fast,tinsora
[GENERAL_VERB] to underlook someone,okusomooza
[GENERAL_VERB] I underlook someone,nsomooza
[GENERAL_VERB] he/she underlook someones,asomooza
[GENERAL_VERB] I have underlook someoned,nsomoozire
[GENERAL_VERB] underlook someone!,somooza
[GENERAL_VERB] I don't underlook someone,tinsomooza
[GENERAL_VERB] to advise someone,okusaha
[GENERAL_VERB] I advise someone,nsaha
[GENERAL_VERB] he/she advise someones,asaha
[GENERAL_VERB] I have advise someoned,nsahire
[GENERAL_VERB] advise someone!,saha
[GENERAL_VERB] I don't advise someone,tinsaha
[GENERAL_VERB] (of rain) to stop,okusa
[GENERAL_VERB] I (of rain) to stop,nsa
[GENERAL_VERB] he/she (of rain) to stops,asa
[GENERAL_VERB] I have (of rain) to stoped,nsire
[GENERAL_VERB] (of rain) to stop!,sa
[GENERAL_VERB] I don't (of rain) to stop,tinsa
[GENERAL_VERB] to favour someone,okusosora
[GENERAL_VERB] I favour someone,nsosora
[GENERAL_VERB] he/she favour someones,asosora
[GENERAL_VERB] I have favour someoned,nsosozire
[GENERAL_VERB] favour someone!,sosora
[GENERAL_VERB] I don't favour someone,tinsosora
[GENERAL_VERB] to weed,okusoorera
[GENERAL_VERB] I weed,nsoorera
[GENERAL_VERB] he/she weeds,asoorera
[GENERAL_VERB] I have weeded,nsoorezire
[GENERAL_VERB] weed!,soorera
[GENERAL_VERB] I don't weed,tinsoorera
[GENERAL_VERB] See: okusoRA,okusoora
[GENERAL_VERB] I see: okusora,nsoora
[GENERAL_VERB] he/she see: okusoras,asoora
[GENERAL_VERB] I have see: okusoraed,nsoozire
[GENERAL_VERB] see: okusora!,soora
[GENERAL_VERB] I don't see: okusora,tinsoora
[GENERAL_VERB] See: okusokA,okusooka
[GENERAL_VERB] I see: okusoka,nsooka
[GENERAL_VERB] he/she see: okusokas,asooka
[GENERAL_VERB] I have see: okusokaed,nsookire
[GENERAL_VERB] see: okusoka!,sooka
[GENERAL_VERB] I don't see: okusoka,tinsooka
[GENERAL_VERB] to cool temperature,okusiza
[GENERAL_VERB] I cool temperature,nsiza
[GENERAL_VERB] he/she cool temperatures,asiza
[GENERAL_VERB] I have cool temperatured,nsizire
[GENERAL_VERB] cool temperature!,siza
[GENERAL_VERB] I don't cool temperature,tinsiza
[GENERAL_VERB] to pin something,okusita
[GENERAL_VERB] I pin something,nsita
[GENERAL_VERB] he/she pin somethings,asita
[GENERAL_VERB] I have pin somethinged,nsisire
[GENERAL_VERB] pin something!,sita
[GENERAL_VERB] I don't pin something,tinsita
[GENERAL_VERB] to move downwards,okusirimuka
[GENERAL_VERB] I move downwards,nsirimuka
[GENERAL_VERB] he/she move downwardses,asirimuka
[GENERAL_VERB] I have move downwardsed,nsirimukire
[GENERAL_VERB] move downwards!,sirimuka
[GENERAL_VERB] I don't move downwards,tinsirimuka
[GENERAL_VERB] to keep quiet,okusirika
[GENERAL_VERB] I keep quiet,nsirika
[GENERAL_VERB] he/she keep quiets,asirika
[GENERAL_VERB] I have keep quieted,nsirikire
[GENERAL_VERB] keep quiet!,sirika
[GENERAL_VERB] I don't keep quiet,tinsirika
[GENERAL_VERB] to wrestle,okusiriitana
[GENERAL_VERB] I wrestle,nsiriitana
[GENERAL_VERB] he/she wrestles,asiriitana
[GENERAL_VERB] I have wrestled,nsiriitanire
[GENERAL_VERB] wrestle!,siriitana
[GENERAL_VERB] I don't wrestle,tinsiriitana
[GENERAL_VERB] to run very quickly,okusiributuka
[GENERAL_VERB] I run very quickly,nsiributuka
[GENERAL_VERB] he/she run very quicklies,asiributuka
[GENERAL_VERB] I have run very quicklied,nsiributukire
[GENERAL_VERB] run very quickly!,siributuka
[GENERAL_VERB] I don't run very quickly,tinsiributuka
[GENERAL_VERB] to feel hungry,okusiraara
[GENERAL_VERB] I feel hungry,nsiraara
[GENERAL_VERB] he/she feel hungries,asiraara
[GENERAL_VERB] I have feel hungried,nsiraazire
[GENERAL_VERB] feel hungry!,siraara
[GENERAL_VERB] I don't feel hungry,tinsiraara
[GENERAL_VERB] to sit indecently,okusinura
[GENERAL_VERB] I sit indecently,nsinura
[GENERAL_VERB] he/she sit indecentlies,asinura
[GENERAL_VERB] I have sit indecentlied,nsinuzire
[GENERAL_VERB] sit indecently!,sinura
[GENERAL_VERB] I don't sit indecently,tinsinura
[GENERAL_VERB] to wake up,okusinsimuka
[GENERAL_VERB] I wake up,nsinsimuka
[GENERAL_VERB] he/she wake ups,asinsimuka
[GENERAL_VERB] I have wake uped,nsinsimukire
[GENERAL_VERB] wake up!,sinsimuka
[GENERAL_VERB] I don't wake up,tinsinsimuka
[GENERAL_VERB] See: okUSIITIRIRA,okusingirira
[GENERAL_VERB] I see: okusiitirira,nsingirira
[GENERAL_VERB] he/she see: okusiitiriras,asingirira
[GENERAL_VERB] I have see: okusiitiriraed,nsingirizire
[GENERAL_VERB] see: okusiitirira!,singirira
[GENERAL_VERB] I don't see: okusiitirira,tinsingirira
[GENERAL_VERB] to stand on toes,okusingiisira
[GENERAL_VERB] I stand on toes,nsingiisira
[GENERAL_VERB] he/she stand on toeses,asingiisira
[GENERAL_VERB] I have stand on toesed,nsingiisizire
[GENERAL_VERB] stand on toes!,singiisira
[GENERAL_VERB] I don't stand on toes,tinsingiisira
[GENERAL_VERB] to bring ill luck,okusindirira
[GENERAL_VERB] I bring ill luck,nsindirira
[GENERAL_VERB] he/she bring ill lucks,asindirira
[GENERAL_VERB] I have bring ill lucked,nsindirizire
[GENERAL_VERB] bring ill luck!,sindirira
[GENERAL_VERB] I don't bring ill luck,tinsindirira
[GENERAL_VERB] to push forward,okusindikiriza
[GENERAL_VERB] I push forward,nsindikiriza
[GENERAL_VERB] he/she push forwards,asindikiriza
[GENERAL_VERB] I have push forwarded,nsindikirizire
[GENERAL_VERB] push forward!,sindikiriza
[GENERAL_VERB] I don't push forward,tinsindikiriza
[GENERAL_VERB] to fall on something,okusindama
[GENERAL_VERB] I fall on something,nsindama
[GENERAL_VERB] he/she fall on somethings,asindama
[GENERAL_VERB] I have fall on somethinged,nsindamire
[GENERAL_VERB] fall on something!,sindama
[GENERAL_VERB] I don't fall on something,tinsindama
[GENERAL_VERB] to control running stool,okusina
[GENERAL_VERB] I control running stool,nsina
[GENERAL_VERB] he/she control running stools,asina
[GENERAL_VERB] I have control running stooled,nsinire
[GENERAL_VERB] control running stool!,sina
[GENERAL_VERB] I don't control running stool,tinsina
[GENERAL_VERB] to lift the foot,okusimbuza
[GENERAL_VERB] I lift the foot,nsimbuza
[GENERAL_VERB] he/she lift the foots,asimbuza
[GENERAL_VERB] I have lift the footed,nsimbuzire
[GENERAL_VERB] lift the foot!,simbuza
[GENERAL_VERB] I don't lift the foot,tinsimbuza
[GENERAL_VERB] to stand stiff,okusimbarara
[GENERAL_VERB] I stand stiff,nsimbarara
[GENERAL_VERB] he/she stand stiffs,asimbarara
[GENERAL_VERB] I have stand stiffed,nsimbarazire
[GENERAL_VERB] stand stiff!,simbarara
[GENERAL_VERB] I don't stand stiff,tinsimbarara
[GENERAL_VERB] to be smart,okusimantura
[GENERAL_VERB] I be smart,nsimantura
[GENERAL_VERB] he/she be smarts,asimantura
[GENERAL_VERB] I have be smarted,nsimantuzire
[GENERAL_VERB] be smart!,simantura
[GENERAL_VERB] I don't be smart,tinsimantura
[GENERAL_VERB] to slide off,okusimaatuka
[GENERAL_VERB] I slide off,nsimaatuka
[GENERAL_VERB] he/she slide offs,asimaatuka
[GENERAL_VERB] I have slide offed,nsimaatukire
[GENERAL_VERB] slide off!,simaatuka
[GENERAL_VERB] I don't slide off,tinsimaatuka
[GENERAL_VERB] to be abusive,okusikora
[GENERAL_VERB] I be abusive,nsikora
[GENERAL_VERB] he/she be abusives,asikora
[GENERAL_VERB] I have be abusived,nsikozire
[GENERAL_VERB] be abusive!,sikora
[GENERAL_VERB] I don't be abusive,tinsikora
[GENERAL_VERB] to beg persistently,okusikora
[GENERAL_VERB] I beg persistently,nsikora
[GENERAL_VERB] he/she beg persistentlies,asikora
[GENERAL_VERB] I have beg persistentlied,nsikozire
[GENERAL_VERB] beg persistently!,sikora
[GENERAL_VERB] I don't beg persistently,tinsikora
[GENERAL_VERB] to bring ill luck,okusikirira
[GENERAL_VERB] I bring ill luck,nsikirira
[GENERAL_VERB] he/she bring ill lucks,asikirira
[GENERAL_VERB] I have bring ill lucked,nsikirizire
[GENERAL_VERB] bring ill luck!,sikirira
[GENERAL_VERB] I don't bring ill luck,tinsikirira
[GENERAL_VERB] to inherit,okusikira
[GENERAL_VERB] I inherit,nsikira
[GENERAL_VERB] he/she inherits,asikira
[GENERAL_VERB] I have inherited,nsikizire
[GENERAL_VERB] inherit!,sikira
[GENERAL_VERB] I don't inherit,tinsikira
[GENERAL_VERB] to fight for something,okusikasikana
[GENERAL_VERB] I fight for something,nsikasikana
[GENERAL_VERB] he/she fight for somethings,asikasikana
[GENERAL_VERB] I have fight for somethinged,nsikasikanire
[GENERAL_VERB] fight for something!,sikasikana
[GENERAL_VERB] I don't fight for something,tinsikasikana
[GENERAL_VERB] to pull something violently,okusikankura
[GENERAL_VERB] I pull something violently,nsikankura
[GENERAL_VERB] he/she pull something violentlies,asikankura
[GENERAL_VERB] I have pull something violentlied,nsikankuzire
[GENERAL_VERB] pull something violently!,sikankura
[GENERAL_VERB] I don't pull something violently,tinsikankura
[GENERAL_VERB] to kneel,okusikamiriza
[GENERAL_VERB] I kneel,nsikamiriza
[GENERAL_VERB] he/she kneels,asikamiriza
[GENERAL_VERB] I have kneeled,nsikamirizire
[GENERAL_VERB] kneel!,sikamiriza
[GENERAL_VERB] I don't kneel,tinsikamiriza
[GENERAL_VERB] to take forcefully,okusikambura
[GENERAL_VERB] I take forcefully,nsikambura
[GENERAL_VERB] he/she take forcefullies,asikambura
[GENERAL_VERB] I have take forcefullied,nsikambuzire
[GENERAL_VERB] take forcefully!,sikambura
[GENERAL_VERB] I don't take forcefully,tinsikambura
[GENERAL_VERB] to get spoilt,okusiisikara
[GENERAL_VERB] I get spoilt,nsiisikara
[GENERAL_VERB] he/she get spoilts,asiisikara
[GENERAL_VERB] I have get spoilted,nsiisikazire
[GENERAL_VERB] get spoilt!,siisikara
[GENERAL_VERB] I don't get spoilt,tinsiisikara
[GENERAL_VERB] to rub off something,okusiimuura
[GENERAL_VERB] I rub off something,nsiimuura
[GENERAL_VERB] he/she rub off somethings,asiimuura
[GENERAL_VERB] I have rub off somethinged,nsiimuuzire
[GENERAL_VERB] rub off something!,siimuura
[GENERAL_VERB] I don't rub off something,tinsiimuura
[GENERAL_VERB] to delay somewhere,okusiibayo
[GENERAL_VERB] I delay somewhere,nsiibayo
[GENERAL_VERB] he/she delay somewheres,asiibayo
[GENERAL_VERB] I have delay somewhered,nsiibayoire
[GENERAL_VERB] delay somewhere!,siibayo
[GENERAL_VERB] I don't delay somewhere,tinsiibayo
[GENERAL_VERB] to spend a day,okusiiba
[GENERAL_VERB] I spend a day,nsiiba
[GENERAL_VERB] he/she spend a days,asiiba
[GENERAL_VERB] I have spend a dayed,nsiibire
[GENERAL_VERB] spend a day!,siiba
[GENERAL_VERB] I don't spend a day,tinsiiba
[GENERAL_VERB] to say good bye,okusibuura
[GENERAL_VERB] I say good bye,nsibuura
[GENERAL_VERB] he/she say good byes,asibuura
[GENERAL_VERB] I have say good byed,nsibuuzire
[GENERAL_VERB] say good bye!,sibuura
[GENERAL_VERB] I don't say good bye,tinsibuura
[GENERAL_VERB] to walk while staggering,okusibukana
[GENERAL_VERB] I walk while staggering,nsibukana
[GENERAL_VERB] he/she walk while staggerings,asibukana
[GENERAL_VERB] I have walk while staggeringed,nsibukanire
[GENERAL_VERB] walk while staggering!,sibukana
[GENERAL_VERB] I don't walk while staggering,tinsibukana
[GENERAL_VERB] to be married,okuswerwa
[GENERAL_VERB] I be married,nswerwa
[GENERAL_VERB] he/she be marrieds,aswerwa
[GENERAL_VERB] I have be marrieded,nswerwire
[GENERAL_VERB] be married!,swerwa
[GENERAL_VERB] I don't be married,tinswerwa
[GENERAL_VERB] See: okusuUKURA,okuswekura
[GENERAL_VERB] I see: okusuukura,nswekura
[GENERAL_VERB] he/she see: okusuukuras,aswekura
[GENERAL_VERB] I have see: okusuukuraed,nswekuzire
[GENERAL_VERB] see: okusuukura!,swekura
[GENERAL_VERB] I don't see: okusuukura,tinswekura
[GENERAL_VERB] to be a shamed,okuswara
[GENERAL_VERB] I be a shamed,nswara
[GENERAL_VERB] he/she be a shameds,aswara
[GENERAL_VERB] I have be a shameded,nswazire
[GENERAL_VERB] be a shamed!,swara
[GENERAL_VERB] I don't be a shamed,tinswara
[HEALTH_AND_MEDICINE_NOUN] SW. treating the mumps,okusuyuura
[GENERAL_NOUN] SW. See:okusuURUURA,okusuukuura
[GENERAL_VERB] SW. to wrap,okusubika
[GENERAL_VERB] I sw. to wrap,nsubika
[GENERAL_VERB] he/she sw. to wraps,asubika
[GENERAL_VERB] I have sw. to wraped,nsubikire
[GENERAL_VERB] sw. to wrap!,subika
[GENERAL_VERB] I don't sw. to wrap,tinsubika
[GENERAL_VERB] SW. to tell lies,okusubagura
[GENERAL_VERB] I sw. to tell lies,nsubagura
[GENERAL_VERB] he/she sw. to tell lieses,asubagura
[GENERAL_VERB] I have sw. to tell liesed,nsubaguzire
[GENERAL_VERB] sw. to tell lies!,subagura
[GENERAL_VERB] I don't sw. to tell lies,tinsubagura
[GENERAL_VERB] to be straight,okusororoka
[GENERAL_VERB] I be straight,nsororoka
[GENERAL_VERB] he/she be straights,asororoka
[GENERAL_VERB] I have be straighted,nsororokire
[GENERAL_VERB] be straight!,sororoka
[GENERAL_VERB] I don't be straight,tinsororoka
[GENERAL_VERB] to pay tax,okusora
[GENERAL_VERB] I pay tax,nsora
[GENERAL_VERB] he/she pay taxs,asora
[GENERAL_VERB] I have pay taxed,nsozire
[GENERAL_VERB] pay tax!,sora
[GENERAL_VERB] I don't pay tax,tinsora
"[GENERAL_VERB] to contribute, to solicit",okusonda
"[GENERAL_VERB] I contribute, to solicit",nsonda
"[GENERAL_VERB] he/she contribute, to solicits",asonda
"[GENERAL_VERB] I have contribute, to solicited",nsondire
"[GENERAL_VERB] contribute, to solicit!",sonda
"[GENERAL_VERB] I don't contribute, to solicit",tinsonda
[GENERAL_VERB] to abuse someone,okusomera
[GENERAL_VERB] I abuse someone,nsomera
[GENERAL_VERB] he/she abuse someones,asomera
[GENERAL_VERB] I have abuse someoned,nsomezire
[GENERAL_VERB] abuse someone!,somera
[GENERAL_VERB] I don't abuse someone,tinsomera
[GENERAL_VERB] to move slowly,okusombooka
[GENERAL_VERB] I move slowly,nsombooka
[GENERAL_VERB] he/she move slowlies,asombooka
[GENERAL_VERB] I have move slowlied,nsombookire
[GENERAL_VERB] move slowly!,sombooka
[GENERAL_VERB] I don't move slowly,tinsombooka
[GENERAL_VERB] to be well educated,okusoma
[GENERAL_VERB] I be well educated,nsoma
[GENERAL_VERB] he/she be well educateds,asoma
[GENERAL_VERB] I have be well educateded,nsomire
[GENERAL_VERB] be well educated!,soma
[GENERAL_VERB] I don't be well educated,tinsoma
[GENERAL_VERB] to pull out threds,okusohoorora
[GENERAL_VERB] I pull out threds,nsohoorora
[GENERAL_VERB] he/she pull out thredses,asohoorora
[GENERAL_VERB] I have pull out thredsed,nsohoorozire
[GENERAL_VERB] pull out threds!,sohoorora
[GENERAL_VERB] I don't pull out threds,tinsohoorora
[GENERAL_VERB] to sneak out,okusohooroka
[GENERAL_VERB] I sneak out,nsohooroka
[GENERAL_VERB] he/she sneak outs,asohooroka
[GENERAL_VERB] I have sneak outed,nsohoorokire
[GENERAL_VERB] sneak out!,sohooroka
[GENERAL_VERB] I don't sneak out,tinsohooroka
[GENERAL_VERB] to catch fish,okusoha
[GENERAL_VERB] I catch fish,nsoha
[GENERAL_VERB] he/she catch fishes,asoha
[GENERAL_VERB] I have catch fished,nsohire
[GENERAL_VERB] catch fish!,soha
[GENERAL_VERB] I don't catch fish,tinsoha
[GENERAL_VERB] to make a mistake,okusobya
[GENERAL_VERB] I make a mistake,nsobya
[GENERAL_VERB] he/she make a mistakes,asobya
[GENERAL_VERB] I have make a mistaked,nsobyire
[GENERAL_VERB] make a mistake!,sobya
[GENERAL_VERB] I don't make a mistake,tinsobya
[GENERAL_VERB] to be sarcastic,okusinyooka
[GENERAL_VERB] I be sarcastic,nsinyooka
[GENERAL_VERB] he/she be sarcastics,asinyooka
[GENERAL_VERB] I have be sarcasticed,nsinyookire
[GENERAL_VERB] be sarcastic!,sinyooka
[GENERAL_VERB] I don't be sarcastic,tinsinyooka
[GENERAL_VERB] to commit a sin,okusiisa
[GENERAL_VERB] I commit a sin,nsiisa
[GENERAL_VERB] he/she commit a sins,asiisa
[GENERAL_VERB] I have commit a sined,nsiisire
[GENERAL_VERB] commit a sin!,siisa
[GENERAL_VERB] I don't commit a sin,tinsiisa
[GENERAL_VERB] to waste,okusiisa
[GENERAL_VERB] I waste,nsiisa
[GENERAL_VERB] he/she wastes,asiisa
[GENERAL_VERB] I have wasted,nsiisire
[GENERAL_VERB] waste!,siisa
[GENERAL_VERB] I don't waste,tinsiisa
[GENERAL_VERB] to make porridge,okusigisa
[GENERAL_VERB] I make porridge,nsigisa
[GENERAL_VERB] he/she make porridges,asigisa
[GENERAL_VERB] I have make porridged,nsigisire
[GENERAL_VERB] make porridge!,sigisa
[GENERAL_VERB] I don't make porridge,tinsigisa
[GENERAL_VERB] SW. to collect firewood,okusenya
[GENERAL_VERB] I sw. to collect firewood,nsenya
[GENERAL_VERB] he/she sw. to collect firewoods,asenya
[GENERAL_VERB] I have sw. to collect firewooded,nsenyire
[GENERAL_VERB] sw. to collect firewood!,senya
[GENERAL_VERB] I don't sw. to collect firewood,tinsenya
[GENERAL_VERB] SW. to flow gently,okuseneneka
[GENERAL_VERB] I sw. to flow gently,nseneneka
[GENERAL_VERB] he/she sw. to flow gentlies,aseneneka
[GENERAL_VERB] I have sw. to flow gentlied,nsenenekire
[GENERAL_VERB] sw. to flow gently!,seneneka
[GENERAL_VERB] I don't sw. to flow gently,tinseneneka
[GENERAL_NOUN] SW. See: okuseNDekeREZA,okusendekeza
[GENERAL_VERB] SW. to attract,okusendasenda
[GENERAL_VERB] I sw. to attract,nsendasenda
[GENERAL_VERB] he/she sw. to attracts,asendasenda
[GENERAL_VERB] I have sw. to attracted,nsendasendire
[GENERAL_VERB] sw. to attract!,sendasenda
[GENERAL_VERB] I don't sw. to attract,tinsendasenda
[GENERAL_VERB] to operate on someone,okusemeza
[GENERAL_VERB] I operate on someone,nsemeza
[GENERAL_VERB] he/she operate on someones,asemeza
[GENERAL_VERB] I have operate on someoned,nsemezire
[GENERAL_VERB] operate on someone!,semeza
[GENERAL_VERB] I don't operate on someone,tinsemeza
[GENERAL_VERB] SW. to be pleasant,okusemera
[GENERAL_VERB] I sw. to be pleasant,nsemera
[GENERAL_VERB] he/she sw. to be pleasants,asemera
[GENERAL_VERB] I have sw. to be pleasanted,nsemezire
[GENERAL_VERB] sw. to be pleasant!,semera
[GENERAL_VERB] I don't sw. to be pleasant,tinsemera
[GENERAL_VERB] to dress a wound,okusemba
[GENERAL_VERB] I dress a wound,nsemba
[GENERAL_VERB] he/she dress a wounds,asemba
[GENERAL_VERB] I have dress a wounded,nsembire
[GENERAL_VERB] dress a wound!,semba
[GENERAL_VERB] I don't dress a wound,tinsemba
[GENERAL_VERB] SW. to be open,okuseesura
[GENERAL_VERB] I sw. to be open,nseesura
[GENERAL_VERB] he/she sw. to be opens,aseesura
[GENERAL_VERB] I have sw. to be opened,nseesuzire
[GENERAL_VERB] sw. to be open!,seesura
[GENERAL_VERB] I don't sw. to be open,tinseesura
[GENERAL_VERB] SW. to collect firewood,okuseenya
[GENERAL_VERB] I sw. to collect firewood,nseenya
[GENERAL_VERB] he/she sw. to collect firewoods,aseenya
[GENERAL_VERB] I have sw. to collect firewooded,nseenyire
[GENERAL_VERB] sw. to collect firewood!,seenya
[GENERAL_VERB] I don't sw. to collect firewood,tinseenya
[GENERAL_VERB] SW. to sprout again,okusebuka
[GENERAL_VERB] I sw. to sprout again,nsebuka
[GENERAL_VERB] he/she sw. to sprout agains,asebuka
[GENERAL_VERB] I have sw. to sprout agained,nsebukire
[GENERAL_VERB] sw. to sprout again!,sebuka
[GENERAL_VERB] I don't sw. to sprout again,tinsebuka
[GENERAL_VERB] SW. to split,okusatura
[GENERAL_VERB] I sw. to split,nsatura
[GENERAL_VERB] he/she sw. to splits,asatura
[GENERAL_VERB] I have sw. to splited,nsatuzire
[GENERAL_VERB] sw. to split!,satura
[GENERAL_VERB] I don't sw. to split,tinsatura
[GENERAL_VERB] SW. to be numb,okusarara
[GENERAL_VERB] I sw. to be numb,nsarara
[GENERAL_VERB] he/she sw. to be numbs,asarara
[GENERAL_VERB] I have sw. to be numbed,nsarazire
[GENERAL_VERB] sw. to be numb!,sarara
[GENERAL_VERB] I don't sw. to be numb,tinsarara
[GENERAL_VERB] SW. to enlarge,okusanjuura
[GENERAL_VERB] I sw. to enlarge,nsanjuura
[GENERAL_VERB] he/she sw. to enlarges,asanjuura
[GENERAL_VERB] I have sw. to enlarged,nsanjuuzire
[GENERAL_VERB] sw. to enlarge!,sanjuura
[GENERAL_VERB] I don't sw. to enlarge,tinsanjuura
[GENERAL_VERB] SW. to be found,okusangwa
[GENERAL_VERB] I sw. to be found,nsangwa
[GENERAL_VERB] he/she sw. to be founds,asangwa
[GENERAL_VERB] I have sw. to be founded,nsangwire
[GENERAL_VERB] sw. to be found!,sangwa
[GENERAL_VERB] I don't sw. to be found,tinsangwa
[GENERAL_VERB] SW. to commit adultery,okusambana
[GENERAL_VERB] I sw. to commit adultery,nsambana
[GENERAL_VERB] he/she sw. to commit adulteries,asambana
[GENERAL_VERB] I have sw. to commit adulteried,nsambanire
[GENERAL_VERB] sw. to commit adultery!,sambana
[GENERAL_VERB] I don't sw. to commit adultery,tinsambana
[GENERAL_VERB] SW. to catch something,okusamata
[GENERAL_VERB] I sw. to catch something,nsamata
[GENERAL_VERB] he/she sw. to catch somethings,asamata
[GENERAL_VERB] I have sw. to catch somethinged,nsamasire
[GENERAL_VERB] sw. to catch something!,samata
[GENERAL_VERB] I don't sw. to catch something,tinsamata
[GENERAL_VERB] SW. to starve,okusamaara
[GENERAL_VERB] I sw. to starve,nsamaara
[GENERAL_VERB] he/she sw. to starves,asamaara
[GENERAL_VERB] I have sw. to starved,nsamaazire
[GENERAL_VERB] sw. to starve!,samaara
[GENERAL_VERB] I don't sw. to starve,tinsamaara
[GENERAL_VERB] SW. to make noise,okusabagiza
[GENERAL_VERB] I sw. to make noise,nsabagiza
[GENERAL_VERB] he/she sw. to make noises,asabagiza
[GENERAL_VERB] I have sw. to make noised,nsabagizire
[GENERAL_VERB] sw. to make noise!,sabagiza
[GENERAL_VERB] I don't sw. to make noise,tinsabagiza
[GENERAL_VERB] to labour for nothing,okuseera-aha-muyaga
[GENERAL_VERB] I labour for nothing,nseera-aha-muyaga
[GENERAL_VERB] he/she labour for nothings,aseera-aha-muyaga
[GENERAL_VERB] I have labour for nothinged,nseera-aha-muyagire
[GENERAL_VERB] labour for nothing!,seera-aha-muyaga
[GENERAL_VERB] I don't labour for nothing,tinseera-aha-muyaga
[GENERAL_VERB] to walk slowly,okusaarumba
[GENERAL_VERB] I walk slowly,nsaarumba
[GENERAL_VERB] he/she walk slowlies,asaarumba
[GENERAL_VERB] I have walk slowlied,nsaarumbire
[GENERAL_VERB] walk slowly!,saarumba
[GENERAL_VERB] I don't walk slowly,tinsaarumba
[GENERAL_VERB] to cut off something,okuryebura
[GENERAL_VERB] I cut off something,ndyebura
[GENERAL_VERB] he/she cut off somethings,aryebura
[GENERAL_VERB] I have cut off somethinged,ndyebuzire
[GENERAL_VERB] cut off something!,ryebura
[GENERAL_VERB] I don't cut off something,tindyebura
[GENERAL_VERB] to be lustful,okuruuza
[GENERAL_VERB] I be lustful,nduuza
[GENERAL_VERB] he/she be lustfuls,aruuza
[GENERAL_VERB] I have be lustfuled,nduuzire
[GENERAL_VERB] be lustful!,ruuza
[GENERAL_VERB] I don't be lustful,tinduuza
[GENERAL_VERB] to gather things together,okurundaana
[GENERAL_VERB] I gather things together,ndundaana
[GENERAL_VERB] he/she gather things togethers,arundaana
[GENERAL_VERB] I have gather things togethered,ndundaanire
[GENERAL_VERB] gather things together!,rundaana
[GENERAL_VERB] I don't gather things together,tindundaana
[GENERAL_VERB] to block view,okurumbaara
[GENERAL_VERB] I block view,ndumbaara
[GENERAL_VERB] he/she block views,arumbaara
[GENERAL_VERB] I have block viewed,ndumbaazire
[GENERAL_VERB] block view!,rumbaara
[GENERAL_VERB] I don't block view,tindumbaara
[GENERAL_VERB] to stand out,okurumbaara
[GENERAL_VERB] I stand out,ndumbaara
[GENERAL_VERB] he/she stand outs,arumbaara
[GENERAL_VERB] I have stand outed,ndumbaazire
[GENERAL_VERB] stand out!,rumbaara
[GENERAL_VERB] I don't stand out,tindumbaara
[GENERAL_VERB] to bulge,okurumbaara
[GENERAL_VERB] I bulge,ndumbaara
[GENERAL_VERB] he/she bulges,arumbaara
[GENERAL_VERB] I have bulged,ndumbaazire
[GENERAL_VERB] bulge!,rumbaara
[GENERAL_VERB] I don't bulge,tindumbaara
[GENERAL_VERB] See: okURosoORA,okurosora
[GENERAL_VERB] I see: okurosoora,ndosora
[GENERAL_VERB] he/she see: okurosooras,arosora
[GENERAL_VERB] I have see: okurosooraed,ndosozire
[GENERAL_VERB] see: okurosoora!,rosora
[GENERAL_VERB] I don't see: okurosoora,tindosora
[GENERAL_VERB] to suck dry,okurongooza .
[GENERAL_VERB] I suck dry,ndongooza .
[GENERAL_VERB] he/she suck dries,arongooza .
[GENERAL_VERB] I have suck dried,ndongooza .ire
[GENERAL_VERB] suck dry!,rongooza .
[GENERAL_VERB] I don't suck dry,tindongooza .
[GENERAL_VERB] to feel nausea,okurokombwa
[GENERAL_VERB] I feel nausea,ndokombwa
[GENERAL_VERB] he/she feel nauseas,arokombwa
[GENERAL_VERB] I have feel nauseaed,ndokombwire
[GENERAL_VERB] feel nausea!,rokombwa
[GENERAL_VERB] I don't feel nausea,tindokombwa
[GENERAL_VERB] See: okUROFAHARA,okurofakara
[GENERAL_VERB] I see: okurofahara,ndofakara
[GENERAL_VERB] he/she see: okurofaharas,arofakara
[GENERAL_VERB] I have see: okurofaharaed,ndofakazire
[GENERAL_VERB] see: okurofahara!,rofakara
[GENERAL_VERB] I don't see: okurofahara,tindofakara
[GENERAL_VERB] to neighbour with someone,okuriraana
[GENERAL_VERB] I neighbour with someone,ndiraana
[GENERAL_VERB] he/she neighbour with someones,ariraana
[GENERAL_VERB] I have neighbour with someoned,ndiraanire
[GENERAL_VERB] neighbour with someone!,riraana
[GENERAL_VERB] I don't neighbour with someone,tindiraana
[GENERAL_VERB] to make things equal,okuringaaniza
[GENERAL_VERB] I make things equal,ndingaaniza
[GENERAL_VERB] he/she make things equals,aringaaniza
[GENERAL_VERB] I have make things equaled,ndingaanizire
[GENERAL_VERB] make things equal!,ringaaniza
[GENERAL_VERB] I don't make things equal,tindingaaniza
[GENERAL_VERB] to stop guarding something,okurindura
[GENERAL_VERB] I stop guarding something,ndindura
[GENERAL_VERB] he/she stop guarding somethings,arindura
[GENERAL_VERB] I have stop guarding somethinged,ndinduzire
[GENERAL_VERB] stop guarding something!,rindura
[GENERAL_VERB] I don't stop guarding something,tindindura
[GENERAL_VERB] to be totally blind,okurindagira
[GENERAL_VERB] I be totally blind,ndindagira
[GENERAL_VERB] he/she be totally blinds,arindagira
[GENERAL_VERB] I have be totally blinded,ndindagizire
[GENERAL_VERB] be totally blind!,rindagira
[GENERAL_VERB] I don't be totally blind,tindindagira
[GENERAL_VERB] to wait for something,okurinda
[GENERAL_VERB] I wait for something,ndinda
[GENERAL_VERB] he/she wait for somethings,arinda
[GENERAL_VERB] I have wait for somethinged,ndindire
[GENERAL_VERB] wait for something!,rinda
[GENERAL_VERB] I don't wait for something,tindinda
[GENERAL_VERB] to be handled together,okurimbiika
[GENERAL_VERB] I be handled together,ndimbiika
[GENERAL_VERB] he/she be handled togethers,arimbiika
[GENERAL_VERB] I have be handled togethered,ndimbiikire
[GENERAL_VERB] be handled together!,rimbiika
[GENERAL_VERB] I don't be handled together,tindimbiika
[GENERAL_VERB] to trick: being cunning,okurimanganya
[GENERAL_VERB] I trick: being cunning,ndimanganya
[GENERAL_VERB] he/she trick: being cunnings,arimanganya
[GENERAL_VERB] I have trick: being cunninged,ndimanganyire
[GENERAL_VERB] trick: being cunning!,rimanganya
[GENERAL_VERB] I don't trick: being cunning,tindimanganya
[GENERAL_VERB] to hack thoroughly,okuriituura
[GENERAL_VERB] I hack thoroughly,ndiituura
[GENERAL_VERB] he/she hack thoroughlies,ariituura
[GENERAL_VERB] I have hack thoroughlied,ndiituuzire
[GENERAL_VERB] hack thoroughly!,riituura
[GENERAL_VERB] I don't hack thoroughly,tindiituura
[GENERAL_VERB] to court (a girl),okuriima
[GENERAL_VERB] I court (a girl),ndiima
[GENERAL_VERB] he/she court (a girl)s,ariima
[GENERAL_VERB] I have court (a girl)ed,ndiimire
[GENERAL_VERB] court (a girl)!,riima
[GENERAL_VERB] I don't court (a girl),tindiima
[GENERAL_VERB] to be edible,okuriika
[GENERAL_VERB] I be edible,ndiika
[GENERAL_VERB] he/she be edibles,ariika
[GENERAL_VERB] I have be edibled,ndiikire
[GENERAL_VERB] be edible!,riika
[GENERAL_VERB] I don't be edible,tindiika
[GENERAL_VERB] to fbe edible,okuriija
[GENERAL_VERB] I fbe edible,ndiija
[GENERAL_VERB] he/she fbe edibles,ariija
[GENERAL_VERB] I have fbe edibled,ndiizire
[GENERAL_VERB] fbe edible!,riija
[GENERAL_VERB] I don't fbe edible,tindiija
[GENERAL_VERB] to feel abdominal pain,okuriibwa
[GENERAL_VERB] I feel abdominal pain,ndiibwa
[GENERAL_VERB] he/she feel abdominal pains,ariibwa
[GENERAL_VERB] I have feel abdominal pained,ndiibwire
[GENERAL_VERB] feel abdominal pain!,riibwa
[GENERAL_VERB] I don't feel abdominal pain,tindiibwa
"[GENERAL_VERB] to be tired, exhauseted",okuriha
"[GENERAL_VERB] I be tired, exhauseted",ndiha
"[GENERAL_VERB] he/she be tired, exhauseteds",ariha
"[GENERAL_VERB] I have be tired, exhauseteded",ndihire
"[GENERAL_VERB] be tired, exhauseted!",riha
"[GENERAL_VERB] I don't be tired, exhauseted",tindiha
[GENERAL_VERB] See: okUDIBA. Var: okudiba,okuriba
[GENERAL_VERB] I see: okudiba. var: okudiba,ndiba
[GENERAL_VERB] he/she see: okudiba. var: okudibas,ariba
[GENERAL_VERB] I have see: okudiba. var: okudibaed,ndibire
[GENERAL_VERB] see: okudiba. var: okudiba!,riba
[GENERAL_VERB] I don't see: okudiba. var: okudiba,tindiba
[GENERAL_VERB] to float,okurerema
[GENERAL_VERB] I float,nderema
[GENERAL_VERB] he/she floats,arerema
[GENERAL_VERB] I have floated,nderemire
[GENERAL_VERB] float!,rerema
[GENERAL_VERB] I don't float,tinderema
[GENERAL_VERB] to pass on something,okurenza
[GENERAL_VERB] I pass on something,ndenza
[GENERAL_VERB] he/she pass on somethings,arenza
[GENERAL_VERB] I have pass on somethinged,ndenzire
[GENERAL_VERB] pass on something!,renza
[GENERAL_VERB] I don't pass on something,tindenza
[GENERAL_VERB] to exaggerate,okurenza
[GENERAL_VERB] I exaggerate,ndenza
[GENERAL_VERB] he/she exaggerates,arenza
[GENERAL_VERB] I have exaggerated,ndenzire
[GENERAL_VERB] exaggerate!,renza
[GENERAL_VERB] I don't exaggerate,tindenza
[GENERAL_VERB] to dangle something,okurengeta.
[GENERAL_VERB] I dangle something,ndengeta.
[GENERAL_VERB] he/she dangle somethings,arengeta.
[GENERAL_VERB] I have dangle somethinged,ndengeta.ire
[GENERAL_VERB] dangle something!,rengeta.
[GENERAL_VERB] I don't dangle something,tindengeta.
[GENERAL_VERB] to lose hope,okurengerana
[GENERAL_VERB] I lose hope,ndengerana
[GENERAL_VERB] he/she lose hopes,arengerana
[GENERAL_VERB] I have lose hoped,ndengeranire
[GENERAL_VERB] lose hope!,rengerana
[GENERAL_VERB] I don't lose hope,tindengerana
[GENERAL_VERB] to weigh out capacity,okurenga
[GENERAL_VERB] I weigh out capacity,ndenga
[GENERAL_VERB] he/she weigh out capacities,arenga
[GENERAL_VERB] I have weigh out capacitied,ndengire
[GENERAL_VERB] weigh out capacity!,renga
[GENERAL_VERB] I don't weigh out capacity,tindenga
[GENERAL_VERB] See: okUHEMBEKA,okurembeka
[GENERAL_VERB] I see: okuhembeka,ndembeka
[GENERAL_VERB] he/she see: okuhembekas,arembeka
[GENERAL_VERB] I have see: okuhembekaed,ndembekire
[GENERAL_VERB] see: okuhembeka!,rembeka
[GENERAL_VERB] I don't see: okuhembeka,tindembeka
[GENERAL_NOUN] SW.Usage: Nkole. See: okUREGEZA,okuregeza
[GENERAL_NOUN] SW. See: okUREEKA,okuregeka
[GENERAL_VERB] to smoke,okureetsa
[GENERAL_VERB] I smoke,ndeetsa
[GENERAL_VERB] he/she smokes,areetsa
[GENERAL_VERB] I have smoked,ndeetsire
[GENERAL_VERB] smoke!,reetsa
[GENERAL_VERB] I don't smoke,tindeetsa
[GENERAL_VERB] to dangle,okureereeta
[GENERAL_VERB] I dangle,ndeereeta
[GENERAL_VERB] he/she dangles,areereeta
[GENERAL_VERB] I have dangled,ndeereesire
[GENERAL_VERB] dangle!,reereeta
[GENERAL_VERB] I don't dangle,tindeereeta
[GENERAL_VERB] to harvest rain water,okureeka
[GENERAL_VERB] I harvest rain water,ndeeka
[GENERAL_VERB] he/she harvest rain waters,areeka
[GENERAL_VERB] I have harvest rain watered,ndeekire
[GENERAL_VERB] harvest rain water!,reeka
[GENERAL_VERB] I don't harvest rain water,tindeeka
[GENERAL_ADJ] to be transparent,okureeberwamu
[GENERAL_VERB] to fallow,okuraza
[GENERAL_VERB] I fallow,ndaza
[GENERAL_VERB] he/she fallows,araza
[GENERAL_VERB] I have fallowed,ndazire
[GENERAL_VERB] fallow!,raza
[GENERAL_VERB] I don't fallow,tindaza
[GENERAL_VERB] to echo,okurangaara
[GENERAL_VERB] I echo,ndangaara
[GENERAL_VERB] he/she echos,arangaara
[GENERAL_VERB] I have echoed,ndangaazire
[GENERAL_VERB] echo!,rangaara
[GENERAL_VERB] I don't echo,tindangaara
[GENERAL_VERB] to be famous,okurangaanwa
[GENERAL_VERB] I be famous,ndangaanwa
[GENERAL_VERB] he/she be famouses,arangaanwa
[GENERAL_VERB] I have be famoused,ndangaanwire
[GENERAL_VERB] be famous!,rangaanwa
[GENERAL_VERB] I don't be famous,tindangaanwa
[GENERAL_VERB] to bargain or huggle,okuramuza
[GENERAL_VERB] I bargain or huggle,ndamuza
[GENERAL_VERB] he/she bargain or huggles,aramuza
[GENERAL_VERB] I have bargain or huggled,ndamuzire
[GENERAL_VERB] bargain or huggle!,ramuza
[GENERAL_VERB] I don't bargain or huggle,tindamuza
[GENERAL_VERB] See: okURAMUKANISA,okuramukanya
[GENERAL_VERB] I see: okuramukanisa,ndamukanya
[GENERAL_VERB] he/she see: okuramukanisas,aramukanya
[GENERAL_VERB] I have see: okuramukanisaed,ndamukanyire
[GENERAL_VERB] see: okuramukanisa!,ramukanya
[GENERAL_VERB] I don't see: okuramukanisa,tindamukanya
[GENERAL_VERB] See: okURAMATIKA,okuramatikana
[GENERAL_VERB] I see: okuramatika,ndamatikana
[GENERAL_VERB] he/she see: okuramatikas,aramatikana
[GENERAL_VERB] I have see: okuramatikaed,ndamatikanire
[GENERAL_VERB] see: okuramatika!,ramatikana
[GENERAL_VERB] I don't see: okuramatika,tindamatikana
[GENERAL_VERB] to become taller,okuraiha
[GENERAL_VERB] I become taller,ndaiha
[GENERAL_VERB] he/she become tallers,araiha
[GENERAL_VERB] I have become tallered,ndaihire
[GENERAL_VERB] become taller!,raiha
[GENERAL_VERB] I don't become taller,tindaiha
[GENERAL_VERB] to do things quickly,okurahusa
[GENERAL_VERB] I do things quickly,ndahusa
[GENERAL_VERB] he/she do things quicklies,arahusa
[GENERAL_VERB] I have do things quicklied,ndahusire
[GENERAL_VERB] do things quickly!,rahusa
[GENERAL_VERB] I don't do things quickly,tindahusa
[GENERAL_VERB] to move quickly,okurahuka
[GENERAL_VERB] I move quickly,ndahuka
[GENERAL_VERB] he/she move quicklies,arahuka
[GENERAL_VERB] I have move quicklied,ndahukire
[GENERAL_VERB] move quickly!,rahuka
[GENERAL_VERB] I don't move quickly,tindahuka
[GENERAL_VERB] to make incessant demands,okuragiiza
[GENERAL_VERB] I make incessant demands,ndagiiza
[GENERAL_VERB] he/she make incessant demandses,aragiiza
[GENERAL_VERB] I have make incessant demandsed,ndagiizire
[GENERAL_VERB] make incessant demands!,ragiiza
[GENERAL_VERB] I don't make incessant demands,tindagiiza
[GENERAL_VERB] to drop and scatter,okuragarika
[GENERAL_VERB] I drop and scatter,ndagarika
[GENERAL_VERB] he/she drop and scatters,aragarika
[GENERAL_VERB] I have drop and scattered,ndagarikire
[GENERAL_VERB] drop and scatter!,ragarika
[GENERAL_VERB] I don't drop and scatter,tindagarika
[GENERAL_VERB] to bid farewel,okuraga2.
[GENERAL_VERB] I bid farewel,ndaga2.
[GENERAL_VERB] he/she bid farewels,araga2.
[GENERAL_VERB] I have bid fareweled,ndaga2.ire
[GENERAL_VERB] bid farewel!,raga2.
[GENERAL_VERB] I don't bid farewel,tindaga2.
[GENERAL_VERB] to give a present,okurabira
[GENERAL_VERB] I give a present,ndabira
[GENERAL_VERB] he/she give a presents,arabira
[GENERAL_VERB] I have give a presented,ndabizire
[GENERAL_VERB] give a present!,rabira
[GENERAL_VERB] I don't give a present,tindabira
[GENERAL_NOUN] See: OBUTURUTURU,oruturuturu
[GENERAL_NOUN_PLURAL] See: OBUTURUTURUs,enturuturu
[GENERAL_NOUN] skin rash,orukuuruuru
[GENERAL_NOUN_PLURAL] skin rashes,enkuuruuru
[GENERAL_NOUN] illuminations: things that glitter,omwenge
[GENERAL_NOUN_PLURAL] illuminations: things that glitters,abenge
[GENERAL_NOUN] See: ABAMBARI,omwambari
[GENERAL_NOUN_PLURAL] See: ABAMBARIs,abambari
[GENERAL_NOUN] See: AMAZIGA,omuziga
[GENERAL_NOUN_PLURAL] See: AMAZIGAs,abaziga
[GENERAL_NOUN] See: OMUTONEZI,omutonezi
[GENERAL_NOUN_PLURAL] See: OMUTONEZIs,abatonezi
[GENERAL_NOUN] See: EKISEREBEGANYI,omuserebenganyi
[GENERAL_NOUN_PLURAL] See: EKISEREBEGANYIs,abaserebenganyi
[GENERAL_NOUN] n.See:ensambani,omusambani
[GENERAL_NOUN_PLURAL] n.See:ensambanis,abasambani
[GENERAL_NOUN] wrought,omuramuuro
[GENERAL_NOUN_PLURAL] wroughts,abaramuuro
[GENERAL_NOUN] column,omugogo
[GENERAL_NOUN_PLURAL] columns,abagogo
[GENERAL_NOUN] See: KATARA,omuceeri
[GENERAL_NOUN_PLURAL] See: KATARAs,abaceeri
[GENERAL_NOUN] silence: being very quite,omuceceko
[GENERAL_NOUN_PLURAL] silence: being very quites,abaceceko
[GENERAL_NOUN] See: KABOHE 2,omubyamo
[GENERAL_NOUN_PLURAL] See: KABOHE 2s,ababyamo
"[GENERAL_NOUN] in, inside",omunda
"[GENERAL_NOUN_PLURAL] in, insides",abanda
[COMMON_ANIMALS_NOUN] cock-crow,omunkoko
[COMMON_ANIMALS_NOUN_PLURAL] cock-crows,abankoko
[GENERAL_NOUN] tru native of Tooro,omutooro kaswa
[GENERAL_NOUN_PLURAL] tru native of Tooros,abatooro kaswa
[GENERAL_VERB] to dry,omya
[GENERAL_ADJ] the whole of something,ona
"[GENERAL_VERB] to increase, add, continue",oogera
"[GENERAL_VERB] to spin, twist thread",ongosa
"[GENERAL_NOUN] only, self, selves",onka
[GENERAL_VERB] to suckle,onkya
"[GENERAL_NOUN] vry self, selves",onyini
[GENERAL_VERB] See: okWEKUZA,okwekuriiriza
[GENERAL_VERB] I see: okwekuza,nekuriiriza
[GENERAL_VERB] he/she see: okwekuzas,aekuriiriza
[GENERAL_VERB] I have see: okwekuzaed,nekuriirizire
[GENERAL_VERB] see: okwekuza!,ekuriiriza
[GENERAL_VERB] I don't see: okwekuza,tinekuriiriza
[GENERAL_VERB] See: okUROOBA,okwecenenkuriza
[GENERAL_VERB] I see: okurooba,necenenkuriza
[GENERAL_VERB] he/she see: okuroobas,aecenenkuriza
[GENERAL_VERB] I have see: okuroobaed,necenenkurizire
[GENERAL_VERB] see: okurooba!,ecenenkuriza
[GENERAL_VERB] I don't see: okurooba,tinecenenkuriza
[GENERAL_NOUN] See: NYABIHeke,okwa kana
[GENERAL_VERB] to suffer from ringworms,okuzomba
[GENERAL_VERB] I suffer from ringworms,nzomba
[GENERAL_VERB] he/she suffer from ringwormses,azomba
[GENERAL_VERB] I have suffer from ringwormsed,nzombire
[GENERAL_VERB] suffer from ringworms!,zomba
[GENERAL_VERB] I don't suffer from ringworms,tinzomba
[GENERAL_VERB] See: okUNYUNGURURA,okuyungurura
[GENERAL_VERB] I see: okunyungurura,nyungurura
[GENERAL_VERB] he/she see: okunyungururas,ayungurura
[GENERAL_VERB] I have see: okunyungururaed,nyunguruzire
[GENERAL_VERB] see: okunyungurura!,yungurura
[GENERAL_VERB] I don't see: okunyungurura,tinyungurura
[GENERAL_VERB] See: okUJENGA2,okuyenga
[GENERAL_VERB] I see: okujenga2,nyenga
[GENERAL_VERB] he/she see: okujenga2s,ayenga
[GENERAL_VERB] I have see: okujenga2ed,nyengire
[GENERAL_VERB] see: okujenga2!,yenga
[GENERAL_VERB] I don't see: okujenga2,tinyenga
[GENERAL_VERB] See: okUTUMBIIKA,okutungeza
[GENERAL_VERB] I see: okutumbiika,ntungeza
[GENERAL_VERB] he/she see: okutumbiikas,atungeza
[GENERAL_VERB] I have see: okutumbiikaed,ntungezire
[GENERAL_VERB] see: okutumbiika!,tungeza
[GENERAL_VERB] I don't see: okutumbiika,tintungeza
[GENERAL_VERB] See: okURAARIRIZA,okutooza
[GENERAL_VERB] I see: okuraaririza,ntooza
[GENERAL_VERB] he/she see: okuraaririzas,atooza
[GENERAL_VERB] I have see: okuraaririzaed,ntoozire
[GENERAL_VERB] see: okuraaririza!,tooza
[GENERAL_VERB] I don't see: okuraaririza,tintooza
[GENERAL_VERB] burning heavily,okutootera
[GENERAL_VERB] I burning heavily,ntootera
[GENERAL_VERB] he/she burning heavilies,atootera
[GENERAL_VERB] I have burning heavilied,ntootezire
[GENERAL_VERB] burning heavily!,tootera
[GENERAL_VERB] I don't burning heavily,tintootera
[GENERAL_VERB] See: okURAARIRIZA,okutoorereza
[GENERAL_VERB] I see: okuraaririza,ntoorereza
[GENERAL_VERB] he/she see: okuraaririzas,atoorereza
[GENERAL_VERB] I have see: okuraaririzaed,ntoorerezire
[GENERAL_VERB] see: okuraaririza!,toorereza
[GENERAL_VERB] I don't see: okuraaririza,tintoorereza
[GENERAL_VERB] See: okUHEMBEKA,okutangiriza
[GENERAL_VERB] I see: okuhembeka,ntangiriza
[GENERAL_VERB] he/she see: okuhembekas,atangiriza
[GENERAL_VERB] I have see: okuhembekaed,ntangirizire
[GENERAL_VERB] see: okuhembeka!,tangiriza
[GENERAL_VERB] I don't see: okuhembeka,tintangiriza
[GENERAL_VERB] to be in search,okutaara
[GENERAL_VERB] I be in search,ntaara
[GENERAL_VERB] he/she be in searches,ataara
[GENERAL_VERB] I have be in searched,ntaazire
[GENERAL_VERB] be in search!,taara
[GENERAL_VERB] I don't be in search,tintaara
[GENERAL_VERB] See: okURAAKAARA,okusaakaara
[GENERAL_VERB] I see: okuraakaara,nsaakaara
[GENERAL_VERB] he/she see: okuraakaaras,asaakaara
[GENERAL_VERB] I have see: okuraakaaraed,nsaakaazire
[GENERAL_VERB] see: okuraakaara!,saakaara
[GENERAL_VERB] I don't see: okuraakaara,tinsaakaara
[GENERAL_NOUN] a person with authority,ow'obusoboorozi
[GENERAL_NOUN] on the ground,owaishe-butaka
[GENERAL_NOUN] sleep,oturo
[GENERAL_VERB] to be obedient,orobera
[GENERAL_VERB] to soften,orobya
[GENERAL_NOUN] muddy water,orwondo
[GENERAL_NOUN_PLURAL] muddy waters,enondo
[GENERAL_NOUN] a bad scaring eye,orwiso
[GENERAL_NOUN_PLURAL] bad scaring eyes,eniso
[GENERAL_NOUN] sturbornness,orweju
[GENERAL_NOUN_PLURAL] sturbornnesses,eneju
[GENERAL_NOUN] a long necked gourd,orutuuha
[GENERAL_NOUN_PLURAL] long necked gourds,entuuha
[GENERAL_NOUN] a wooden dish,orutabago
[GENERAL_NOUN_PLURAL] wooden dishes,entabago
[GENERAL_NOUN] half boiled milk,orusongosongo
[GENERAL_NOUN_PLURAL] half boiled milks,ensongosongo
[COMMON_ANIMALS_NOUN] a striped rat,orurenga-myambi
[COMMON_ANIMALS_NOUN_PLURAL] striped rats,endenga-myambi
[GENERAL_VERB] See: EKIBUGA,orurembo
[GENERAL_NOUN] a fertilised stigma,orunyoga
[GENERAL_NOUN_PLURAL] fertilised stigmas,ennyoga
[GENERAL_NOUN] conjuring stick,orumanyo
[GENERAL_NOUN_PLURAL] conjuring sticks,enmanyo
[GENERAL_VERB] See: ORUGUUTO,orukuuto
[GENERAL_VERB] See:OMUKURAIJO,orukuraijo
[NATURE_AND_ENVIRONMENT_NOUN] drizzle.See:ORUHUUNYIRIRA,orukanga-booro
[NATURE_AND_ENVIRONMENT_NOUN_PLURAL] drizzle.See:ORUHUUNYIRIRAs,enkanga-booro
[NATURE_AND_ENVIRONMENT_NOUN] drizzle. See: ORUHUUNYIRIRA,orujurajura
[NATURE_AND_ENVIRONMENT_NOUN_PLURAL] drizzle. See: ORUHUUNYIRIRAs,enjurajura
[NATURE_AND_ENVIRONMENT_NOUN] drizzle,oruhuunyirira
[NATURE_AND_ENVIRONMENT_NOUN_PLURAL] drizzles,enhuunyirira
[GENERAL_NOUN] a bad smell,oruhurahure
[GENERAL_NOUN_PLURAL] bad smells,enhurahure
[GENERAL_NOUN] certain swamp grass,oruhunda .
[GENERAL_NOUN_PLURAL] certain swamp grasses,enhunda .
[GENERAL_NOUN] food mould. See: ORUHUMBU,oruhumbwe
[GENERAL_NOUN_PLURAL] food mould. See: ORUHUMBUs,enhumbwe
[GENERAL_NOUN] pointed iron digging tool,oruhoso
[GENERAL_NOUN_PLURAL] pointed iron digging tools,enhoso
[NATURE_AND_ENVIRONMENT_NOUN] a plant species,oruherere
[NATURE_AND_ENVIRONMENT_NOUN_PLURAL] plant specieses,enherere
[GENERAL_NOUN] a bushy forest,oruhenda
[GENERAL_NOUN_PLURAL] bushy forests,enhenda
[GENERAL_NOUN] area around a homestead,oruhembo
[GENERAL_NOUN_PLURAL] area around a homesteads,enhembo
[GENERAL_NOUN] new moon,oruhembe
[GENERAL_NOUN_PLURAL] new moons,enhembe
[GENERAL_NOUN] [oruhaburizo]See: ORUHABYO,oruhaburizo
[GENERAL_NOUN_PLURAL] [oruhaburizo]See: ORUHABYOs,enhaburizo
[GENERAL_VERB] See: ORUGEZI,orugezigezi
[GENERAL_VERB] See: ORUGOYE,orugoyi
[GENERAL_NOUN] spiral wire bracelet,orugaga.
[GENERAL_NOUN_PLURAL] spiral wire bracelets,engaga.
[GENERAL_NOUN] dust,orucuucu
[GENERAL_NOUN_PLURAL] dusts,encuucu
[GENERAL_NOUN] high jumb,orucurabembe
[GENERAL_NOUN_PLURAL] high jumbs,encurabembe
[GENERAL_NOUN] mist. See: ORUHO,orucu
[GENERAL_NOUN_PLURAL] mist. See: ORUHOs,encu
[GENERAL_NOUN] insolence,orubwa
[GENERAL_NOUN_PLURAL] insolences,embwa
[GENERAL_NOUN] tethering-rope,orububura
[GENERAL_NOUN_PLURAL] tethering-ropes,embubura
[GENERAL_NOUN] a large milk pot,orubindi
[GENERAL_NOUN_PLURAL] large milk pots,embindi
[GENERAL_NOUN] timber used for roofing,orubazi
[GENERAL_NOUN_PLURAL] timber used for roofings,embazi
[GENERAL_NOUN] an ancient hero,orubanda
[GENERAL_NOUN_PLURAL] ancient heros,embanda
[GENERAL_NOUN] Fire flames,orubabo
[GENERAL_NOUN_PLURAL] Fire flameses,embabo
[GENERAL_NOUN] a bundle of firewood,oruba
[GENERAL_NOUN_PLURAL] bundle of firewoods,emba
[GENERAL_ADJ] the holy one,orikwera
[GENERAL_NOUN] holly spirit,omwoyo-orikwera
[GENERAL_NOUN_PLURAL] holly spirits,aboyo-orikwera
[GENERAL_NOUN] a poor person,omworo
[GENERAL_NOUN_PLURAL] poor persons,aboro
[NATURE_AND_ENVIRONMENT_NOUN] a medicinal tree species,omwonyo-gwa-muha
[NATURE_AND_ENVIRONMENT_NOUN_PLURAL] medicinal tree specieses,abonyo-gwa-muha
[GENERAL_NOUN] being naked,omwonore
[GENERAL_NOUN_PLURAL] being nakeds,abonore
[GENERAL_NOUN] talent,omwoga
[GENERAL_NOUN_PLURAL] talents,aboga
[GENERAL_NOUN] funnel.s,omwituzi
[GENERAL_NOUN_PLURAL] funnel.ses,abituzi
[GENERAL_NOUN] a mwiru female person,omwirukazi
[GENERAL_NOUN_PLURAL] mwiru female persons,abirukazi
[GENERAL_NOUN] elephant task,omwino
[GENERAL_NOUN_PLURAL] elephant tasks,abino
[GENERAL_VERB] See: okWINARA,omwinaro
[GENERAL_NOUN] niece. See: OMWIHWA,omwihwakati
[GENERAL_NOUN_PLURAL] niece. See: OMWIHWAs,abihwakati
[COMMON_ANIMALS_NOUN] a rat's track,omweyera
[COMMON_ANIMALS_NOUN_PLURAL] rat's tracks,abeyera
[GENERAL_VERB] See: OMWEMAMURO,omweyayamuro
[GENERAL_VERB] See: OMWESYAMURO,omwesamuro
[GENERAL_NOUN] vocation. See: ORWETO,omweto
[GENERAL_NOUN_PLURAL] vocation. See: ORWETOs,abeto
[GENERAL_NOUN] an indepent minded person,omweteyeki
[GENERAL_NOUN_PLURAL] indepent minded persons,abeteyeki
[GENERAL_VERB] See: OMWESHUNGI,omwesungo
[GENERAL_VERB] See: OMWEHURIRO,omweryo
[GENERAL_VERB] See: OMWEGANDE,omweremwa
[GENERAL_NOUN] a medicinal plant,omwenyi-musaija
[GENERAL_NOUN_PLURAL] medicinal plants,abenyi-musaija
[GENERAL_VERB] See: OMWEHURIRO,omwemanyo
[GENERAL_NOUN] God parent. See: OMUZAIRE,omwema
[GENERAL_NOUN_PLURAL] God parent. See: OMUZAIREs,abema
[GENERAL_NOUN] unnecessary noise,omweharanganyo
[GENERAL_NOUN_PLURAL] unnecessary noises,abeharanganyo
[GENERAL_VERB] See: OMWegeMURE,omweyenge
[GENERAL_NOUN] a careful person,omweyenderezi
[GENERAL_NOUN_PLURAL] careful persons,abeyenderezi
[GENERAL_NOUN] a conceited person,omwegirage
[GENERAL_NOUN_PLURAL] conceited persons,abegirage
[GENERAL_NOUN] a lazy person,omwegande
[GENERAL_NOUN_PLURAL] lazy persons,abegande
[GENERAL_NOUN] millet or sorghum cake,omwate
[GENERAL_NOUN_PLURAL] millet or sorghum cakes,abate
[GENERAL_NOUN] end of an arrow,omwatangabo
[GENERAL_NOUN_PLURAL] end of an arrows,abatangabo
[GENERAL_NOUN] instead of,omwanya
[GENERAL_NOUN_PLURAL] instead ofs,abanya
[GENERAL_NOUN] period of time,omwanya
[GENERAL_NOUN_PLURAL] period of times,abanya
[GENERAL_NOUN] absent minded person,omwanjuki
[GENERAL_NOUN_PLURAL] absent minded persons,abanjuki
[GENERAL_VERB] See: OMWANGANZIMA,omwangaazimu
[GENERAL_ADJ] untideness,omwanda
"[GENERAL_NOUN] Mr, master, husband chief",omwami
"[GENERAL_NOUN_PLURAL] Mr, master, husband chiefs",abami
[GENERAL_NOUN] new harvest,omwaka
[GENERAL_NOUN_PLURAL] new harvests,abaka
[GENERAL_NOUN] a short visit paid,omuzirimuko
[GENERAL_NOUN_PLURAL] short visit paids,abazirimuko
[GENERAL_NOUN] banana leaves',omuzingoonya
[GENERAL_NOUN_PLURAL] banana leaves's,abazingoonya
[GOVERNANCE_AND_ADMINISTRATION_NOUN] king: a traditional ruler,omuzingangoma
[GOVERNANCE_AND_ADMINISTRATION_NOUN_PLURAL] king: a traditional rulers,abazingangoma
[GENERAL_NOUN] a heap of dung,omuzindi
[GENERAL_NOUN_PLURAL] heap of dungs,abazindi
[GENERAL_NOUN] room:one roomed house,omuzigo
[GENERAL_NOUN_PLURAL] room:one roomed houses,abazigo
[GENERAL_NOUN] astate of confusion,omuzambaaro
[GENERAL_NOUN_PLURAL] astate of confusions,abazambaaro
[NATURE_AND_ENVIRONMENT_NOUN] a tree species,omuyovu
[NATURE_AND_ENVIRONMENT_NOUN_PLURAL] tree specieses,abayovu
[COMMON_ANIMALS_NOUN] saliva of the cow,omuvumba
[COMMON_ANIMALS_NOUN_PLURAL] saliva of the cows,abavumba
[GENERAL_NOUN] avery tall person,omutyobero
[GENERAL_NOUN_PLURAL] avery tall persons,abatyobero
[NATURE_AND_ENVIRONMENT_NOUN] a tree species,omuturika
[NATURE_AND_ENVIRONMENT_NOUN_PLURAL] tree specieses,abaturika
[GENERAL_NOUN] plant of passion fruits,omutunda
[GENERAL_NOUN_PLURAL] plant of passion fruitses,abatunda
[GENERAL_NOUN] a heap of millet,omutunda
[GENERAL_NOUN_PLURAL] heap of millets,abatunda
[GENERAL_NOUN] bean's soup. See: OMUNIINO,omutoha
[GENERAL_NOUN_PLURAL] bean's soup. See: OMUNIINOs,abatoha
[GENERAL_NOUN] a brick making tray,omutiba
[GENERAL_NOUN_PLURAL] brick making trays,abatiba
[HEALTH_AND_MEDICINE_NOUN] cattle disease,omutara
[HEALTH_AND_MEDICINE_NOUN_PLURAL] cattle diseases,abatara
[GENERAL_NOUN] The usefulness of something,omutambo
[GENERAL_NOUN_PLURAL] usefulness of somethings,abatambo
[GENERAL_VERB] See:OMUHAKO,omutakaatako
[GENERAL_NOUN] a coffee plant,omutabungwa
[GENERAL_NOUN_PLURAL] coffee plants,abatabungwa
[GENERAL_NOUN] spear: a long spear,omutaari
[GENERAL_NOUN_PLURAL] spear: a long spears,abataari
[GENERAL_NOUN] tall thorn-tree,omusaza
[GENERAL_NOUN_PLURAL] tall thorn-trees,abasaza
[GENERAL_NOUN] dancer: one who dances,omusoomi
[GENERAL_NOUN_PLURAL] dancer: one who danceses,abasoomi
[GENERAL_NOUN] a bunch of bananas,omusisa
[GENERAL_NOUN_PLURAL] bunch of bananases,abasisa
[GENERAL_NOUN] aplant species,omusingasinga
[GENERAL_NOUN_PLURAL] aplant specieses,abasingasinga
[GENERAL_NOUN] newly unbaked pot,omusinga
[GENERAL_NOUN_PLURAL] newly unbaked pots,abasinga
[GENERAL_NOUN] alluvial soils,omusimbi
[GENERAL_NOUN_PLURAL] alluvial soilses,abasimbi
[GENERAL_NOUN] untrustworthy person,omusikuzi
[GENERAL_NOUN_PLURAL] untrustworthy persons,abasikuzi
[GENERAL_NOUN] a grass specie,omusunguru
[GENERAL_NOUN_PLURAL] grass species,abasunguru
[GENERAL_NOUN] anus. See: OMWOYO,omusumiko
[GENERAL_NOUN_PLURAL] anus. See: OMWOYOs,abasumiko
[GENERAL_NOUN] young millet stalks,omusooro
[GENERAL_NOUN_PLURAL] young millet stalkses,abasooro
[EDUCATION_AND_LEARNING_NOUN] mistress: a female teacher,omusomesa-kati
[EDUCATION_AND_LEARNING_NOUN_PLURAL] mistress: a female teachers,abasomesa-kati
[NATURE_AND_ENVIRONMENT_NOUN] plant species,omusobya
[NATURE_AND_ENVIRONMENT_NOUN_PLURAL] plant specieses,abasobya
[GENERAL_NOUN] a person who outstays,omusitamirizi
[GENERAL_NOUN_PLURAL] person who outstayses,abasitamirizi
[GENERAL_NOUN] thump: a heavy blow,omusenguro
[GENERAL_NOUN_PLURAL] thump: a heavy blows,abasenguro
[NATURE_AND_ENVIRONMENT_NOUN] a tree species,omuseese
[NATURE_AND_ENVIRONMENT_NOUN_PLURAL] tree specieses,abaseese
[GENERAL_VERB] See: OMUSA,omuse
[NATURE_AND_ENVIRONMENT_NOUN] a grass species,omusarakanda
[NATURE_AND_ENVIRONMENT_NOUN_PLURAL] grass specieses,abasarakanda
[GENERAL_NOUN] a Kinyarwanda traditional dress,omusanana
[GENERAL_NOUN_PLURAL] Kinyarwanda traditional dresses,abasanana
[GENERAL_VERB] See: EKISAMATO,omusamato
[NATURE_AND_ENVIRONMENT_NOUN] plant: a tree species,omusaabo
[NATURE_AND_ENVIRONMENT_NOUN_PLURAL] plant: a tree specieses,abasaabo
[GENERAL_NOUN] a brand new car,omuserebende
[GENERAL_NOUN_PLURAL] brand new cars,abaserebende
[GENERAL_NOUN] alarm. See: OMURANGA,omuruura
[GENERAL_NOUN_PLURAL] alarm. See: OMURANGAs,abaruura
[GENERAL_NOUN] shin,omurundi
[GENERAL_NOUN_PLURAL] shins,abarundi
[MATHEMATICS_NOUN] multiplication table,omurundi
[MATHEMATICS_NOUN_PLURAL] multiplication tables,abarundi
[COMMON_ANIMALS_NOUN] the duck's excrets,omuroba
[COMMON_ANIMALS_NOUN_PLURAL] duck's excretses,abaroba
[ASTRONOMY_AND_THE_UNIVERSE_NOUN] name of a comet,omureetsa .
[ASTRONOMY_AND_THE_UNIVERSE_NOUN_PLURAL] name of a comets,abareetsa .
[GENERAL_NOUN] being curious,omureebuuzo
[GENERAL_NOUN_PLURAL] being curiouses,abareebuuzo
[GENERAL_NOUN] something done very quickly,omuraso
[GENERAL_NOUN_PLURAL] something done very quicklies,abaraso
[GENERAL_NOUN] a tree specie,omurangara
[GENERAL_NOUN_PLURAL] tree species,abarangara
[GENERAL_NOUN] passion fruits,omurande
[GENERAL_NOUN_PLURAL] passion fruitses,abarande
[GENERAL_ADJ] something very long,omurambuure .
[GENERAL_VERB] See:EMIRAMBI,omurambi
[GENERAL_VERB] See: EMIRABANAMU,omurabanamu
[GENERAL_VERB] See: MINZAANI,omunzaani
[GENERAL_VERB] See:OMUNYORORO,omunyururu
[GENERAL_NOUN] earth warm,omunyongororwa
[GENERAL_NOUN_PLURAL] earth warms,abanyongororwa
[GENERAL_VERB] See: OMUNYANA,omunyoma
[GENERAL_NOUN] accacia tree,omunyinya
[GENERAL_NOUN_PLURAL] accacia trees,abanyinya
[GENERAL_NOUN] smashed food especially bananas,omunyige
[GENERAL_NOUN_PLURAL] smashed food especially bananases,abanyige
[GENERAL_VERB] to walk slowly,omunyigimbo
[GENERAL_NOUN] pins and needles,omunyegezi
[GENERAL_NOUN_PLURAL] pins and needleses,abanyegezi
[GENERAL_NOUN] premature bunch of matooke,omunyara
[GENERAL_NOUN_PLURAL] premature bunch of matookes,abanyara
[GENERAL_VERB] See: OMUNYAMUKAGO,omunyaruganda
[GENERAL_VERB] See:OMUNYANZIGU,omunyanziika
[GENERAL_NOUN] someone who likes revenging,omunyanzigu
[GENERAL_NOUN_PLURAL] someone who likes revengings,abanyanzigu
[GENERAL_NOUN] indigenous person. See: OMUTAKA,omunyansi
[GENERAL_NOUN_PLURAL] indigenous person. See: OMUTAKAs,abanyansi
[GENERAL_NOUN] premature bunch of matooke,omunyangara
[GENERAL_NOUN_PLURAL] premature bunch of matookes,abanyangara
[GENERAL_VERB] See:OMUNYAMURURU,omunyanda
[GENERAL_VERB] See:OMUNYABWANGU,omunyabwira
[GENERAL_NOUN] basket fibre,omunya
[GENERAL_NOUN_PLURAL] basket fibres,abanya
[GENERAL_NOUN] the person who dislikes,omunugi
[GENERAL_NOUN_PLURAL] person who dislikeses,abanugi
[GENERAL_VERB] See:OMUNAFU,omunoofooki
[GENERAL_NOUN] a certain grass specie,omumbya
[GENERAL_NOUN_PLURAL] certain grass species,abambya
[GENERAL_NOUN] [omukebezi]: See:OMUGOROZi,omukebezi
[GENERAL_NOUN_PLURAL] [omukebezi]: See:OMUGOROZis,abakebezi
[GENERAL_NOUN] [omukwodyo]: a tactiful person,omukwodyo
[GENERAL_NOUN_PLURAL] [omukwodyo]: a tactiful persons,abakwodyo
[GENERAL_NOUN] muddy sediments in beer,omukunyu
[GENERAL_NOUN_PLURAL] muddy sediments in beers,abakunyu
[GENERAL_NOUN] a grass specie,omukungasebeya
[GENERAL_NOUN_PLURAL] grass species,abakungasebeya
[GENERAL_NOUN] half cooked or ripe,omukooto
[GENERAL_NOUN_PLURAL] half cooked or ripes,abakooto
[NATURE_AND_ENVIRONMENT_NOUN] a prickly shrub,omukongorani
[NATURE_AND_ENVIRONMENT_NOUN_PLURAL] prickly shrubs,abakongorani
[GENERAL_NOUN] a tree specie,omukobe
[GENERAL_NOUN_PLURAL] tree species,abakobe
[GENERAL_NOUN] participant in the meeting,omukiiki
[GENERAL_NOUN_PLURAL] participant in the meetings,abakiiki
[GENERAL_VERB] See:OMUJWIGA,omukankaana
[GENERAL_NOUN] at home,omuka
[GENERAL_NOUN_PLURAL] at homes,abaka
[GENERAL_NOUN] a piece of stick,omujuguto
[GENERAL_NOUN_PLURAL] piece of sticks,abajuguto
"[COMMON_ANIMALS_NOUN] long-nosed, long-tailed rat",omuhuuhe
"[COMMON_ANIMALS_NOUN_PLURAL] long-nosed, long-tailed rats",abahuuhe
[GENERAL_NOUN] pure liquid,omuhuuhe
[GENERAL_NOUN_PLURAL] pure liquids,abahuuhe
[GENERAL_NOUN] milk with no froth,omuhuhe
[GENERAL_NOUN_PLURAL] milk with no froths,abahuhe
[GENERAL_NOUN] someone who offers sacrifices,omuhongi
[GENERAL_NOUN_PLURAL] someone who offers sacrificeses,abahongi
[GENERAL_NOUN] a medicinal tree specie,omuhingura
[GENERAL_NOUN_PLURAL] medicinal tree species,abahingura
[GENERAL_NOUN] a blade of spear,omuhimba
[GENERAL_NOUN_PLURAL] blade of spears,abahimba
[GENERAL_NOUN] one who blesses people,omuhiire
[GENERAL_NOUN_PLURAL] one who blesses peoples,abahiire
[GENERAL_VERB] See: RWEBANDIRA,omuheekera
[GENERAL_NOUN] a medical plant,omuhe
[GENERAL_NOUN_PLURAL] medical plants,abahe
[GENERAL_NOUN] a sharp long object,omugeto
[GENERAL_NOUN_PLURAL] sharp long objects,abageto
[GENERAL_VERB] See: OMUGWEZI. Pl: abaguruzi,omuguruzi
[GENERAL_NOUN] cowpea leaves,omugobe
[GENERAL_NOUN_PLURAL] cowpea leaveses,abagobe
[GENERAL_NOUN] Minister,omugatwa
[GENERAL_NOUN_PLURAL] Ministers,abagatwa
[NATURE_AND_ENVIRONMENT_NOUN] wild plant,omugarura
[NATURE_AND_ENVIRONMENT_NOUN_PLURAL] wild plants,abagarura
[GENERAL_NOUN] protected spring,omugano
[GENERAL_NOUN_PLURAL] protected springs,abagano
[GENERAL_NOUN] bundle e.g of firewood,omuganda
[GENERAL_NOUN_PLURAL] bundle e.g of firewoods,abaganda
[NATURE_AND_ENVIRONMENT_NOUN] a tree species,omufa-igesa
[NATURE_AND_ENVIRONMENT_NOUN_PLURAL] tree specieses,abafa-igesa
[GENERAL_NOUN] fatility loose of anything,omucuku
[GENERAL_NOUN_PLURAL] fatility loose of anythings,abacuku
[GENERAL_NOUN] sauce,omucu   n. sauce.
[GENERAL_NOUN_PLURAL] sauces,abacu   n. sauce.
[GENERAL_NOUN] pimple,omububuuro
[GENERAL_NOUN_PLURAL] pimples,ababubuuro
[GENERAL_NOUN] flesh alcohol,omubire
[GENERAL_NOUN_PLURAL] flesh alcohols,ababire
[GENERAL_NOUN] a medicinal plant specie,omubimba-ifuro
[GENERAL_NOUN_PLURAL] medicinal plant species,ababimba-ifuro
[GENERAL_NOUN] very young maize,omubeya
[GENERAL_NOUN_PLURAL] very young maizes,ababeya
[GENERAL_NOUN] flute,omubanda
[GENERAL_NOUN_PLURAL] flutes,ababanda
[GENERAL_NOUN] a new blandy car,omubanda
[GENERAL_NOUN_PLURAL] new blandy cars,ababanda
[GENERAL_NOUN] a decoration,omubabo
[GENERAL_NOUN_PLURAL] decorations,abababo
[GENERAL_NOUN] CELEBRATIONS,okwotera
[GENERAL_VERB] to soften something,okworobya
[GENERAL_VERB] I soften something,norobya
[GENERAL_VERB] he/she soften somethings,aorobya
[GENERAL_VERB] I have soften somethinged,norobyire
[GENERAL_VERB] soften something!,orobya
[GENERAL_VERB] I don't soften something,tinorobya
[GENERAL_VERB] to add on something,okwongesereza
[GENERAL_VERB] I add on something,nongesereza
[GENERAL_VERB] he/she add on somethings,aongesereza
[GENERAL_VERB] I have add on somethinged,nongeserezire
[GENERAL_VERB] add on something!,ongesereza
[GENERAL_VERB] I don't add on something,tinongesereza
[GENERAL_VERB] to be burnt completely,okwongotoka
[GENERAL_VERB] I be burnt completely,nongotoka
[GENERAL_VERB] he/she be burnt completelies,aongotoka
[GENERAL_VERB] I have be burnt completelied,nongotokire
[GENERAL_VERB] be burnt completely!,ongotoka
[GENERAL_VERB] I don't be burnt completely,tinongotoka
[GENERAL_VERB] to grow thin,okwongoboka
[GENERAL_VERB] I grow thin,nongoboka
[GENERAL_VERB] he/she grow thins,aongoboka
[GENERAL_VERB] I have grow thined,nongobokire
[GENERAL_VERB] grow thin!,ongoboka
[GENERAL_VERB] I don't grow thin,tinongoboka
[GENERAL_NOUN] SLAVERY,okwongoboka
[GENERAL_VERB] to witness falsely,okwomeka
[GENERAL_VERB] I witness falsely,nomeka
[GENERAL_VERB] he/she witness falselies,aomeka
[GENERAL_VERB] I have witness falselied,nomekire
[GENERAL_VERB] witness falsely!,omeka
[GENERAL_VERB] I don't witness falsely,tinomeka
[GENERAL_NOUN] OWNERSHIP,okwomankana
[GENERAL_VERB] to weld a metal,okwokera
[GENERAL_VERB] I weld a metal,nokera
[GENERAL_VERB] he/she weld a metals,aokera
[GENERAL_VERB] I have weld a metaled,nokezire
[GENERAL_VERB] weld a metal!,okera
[GENERAL_VERB] I don't weld a metal,tinokera
[GENERAL_VERB] to be upset,okwohoka
[GENERAL_VERB] I be upset,nohoka
[GENERAL_VERB] he/she be upsets,aohoka
[GENERAL_VERB] I have be upseted,nohokire
[GENERAL_VERB] be upset!,ohoka
[GENERAL_VERB] I don't be upset,tinohoka
[GENERAL_VERB] to pass through something,okwoga
[GENERAL_VERB] I pass through something,noga
[GENERAL_VERB] he/she pass through somethings,aoga
[GENERAL_VERB] I have pass through somethinged,nogire
[GENERAL_VERB] pass through something!,oga
[GENERAL_VERB] I don't pass through something,tinoga
[GENERAL_VERB] to abuse someone severely,okwoboora
[GENERAL_VERB] I abuse someone severely,noboora
[GENERAL_VERB] he/she abuse someone severelies,aoboora
[GENERAL_VERB] I have abuse someone severelied,noboozire
[GENERAL_VERB] abuse someone severely!,oboora
[GENERAL_VERB] I don't abuse someone severely,tinoboora
[GENERAL_PREP] that way,okwo
[GENERAL_VERB] to be killed,okwitwa
[GENERAL_VERB] I be killed,nitwa
[GENERAL_VERB] he/she be killeds,aitwa
[GENERAL_VERB] I have be killeded,nitwire
[GENERAL_VERB] be killed!,itwa
[GENERAL_VERB] I don't be killed,tinitwa
[GENERAL_NOUN] meet,okwitirana
[GENERAL_VERB] to eat unsatisfactorily,okwita-omwaku
[GENERAL_VERB] I eat unsatisfactorily,nita-omwaku
[GENERAL_VERB] he/she eat unsatisfactorilies,aita-omwaku
[GENERAL_VERB] I have eat unsatisfactorilied,nita-omwakuire
[GENERAL_VERB] eat unsatisfactorily!,ita-omwaku
[GENERAL_VERB] I don't eat unsatisfactorily,tinita-omwaku
[GENERAL_NOUN] SUPPORTERS,okwirukirira
[GENERAL_NOUN] [okwirukanga]RUNNING,okwirukanga
[GENERAL_VERB] to run,okwiruka
[GENERAL_VERB] I run,niruka
[GENERAL_VERB] he/she runs,airuka
[GENERAL_VERB] I have runed,nirukire
[GENERAL_VERB] run!,iruka
[GENERAL_VERB] I don't run,tiniruka
[GENERAL_VERB] to extend further,okwirirayo
[GENERAL_VERB] I extend further,nirirayo
[GENERAL_VERB] he/she extend furthers,airirayo
[GENERAL_VERB] I have extend furthered,nirirayoire
[GENERAL_VERB] extend further!,irirayo
[GENERAL_VERB] I don't extend further,tinirirayo
[GENERAL_VERB] to make something dirty,okwiraguza
[GENERAL_VERB] I make something dirty,niraguza
[GENERAL_VERB] he/she make something dirties,airaguza
[GENERAL_VERB] I have make something dirtied,niraguzire
[GENERAL_VERB] make something dirty!,iraguza
[GENERAL_VERB] I don't make something dirty,tiniraguza
[GENERAL_NOUN] OPTIONAL,okwinuka
[GENERAL_VERB] to tell ancient stories,okwinikiza
[GENERAL_VERB] I tell ancient stories,ninikiza
[GENERAL_VERB] he/she tell ancient storieses,ainikiza
[GENERAL_VERB] I have tell ancient storiesed,ninikizire
[GENERAL_VERB] tell ancient stories!,inikiza
[GENERAL_VERB] I don't tell ancient stories,tininikiza
[GENERAL_VERB] to stand upright,okwinamuka
[GENERAL_VERB] I stand upright,ninamuka
[GENERAL_VERB] he/she stand uprights,ainamuka
[GENERAL_VERB] I have stand uprighted,ninamukire
[GENERAL_VERB] stand upright!,inamuka
[GENERAL_VERB] I don't stand upright,tininamuka
[GENERAL_VERB] to retire from work,okwinamuka
[GENERAL_VERB] I retire from work,ninamuka
[GENERAL_VERB] he/she retire from works,ainamuka
[GENERAL_VERB] I have retire from worked,ninamukire
[GENERAL_VERB] retire from work!,inamuka
[GENERAL_VERB] I don't retire from work,tininamuka
[GENERAL_VERB] to do baby sitting,okwikaza
[GENERAL_VERB] I do baby sitting,nikaza
[GENERAL_VERB] he/she do baby sittings,aikaza
[GENERAL_VERB] I have do baby sittinged,nikazire
[GENERAL_VERB] do baby sitting!,ikaza
[GENERAL_VERB] I don't do baby sitting,tinikaza
[GENERAL_VERB] to wrestle down someone,okwikarira
[GENERAL_VERB] I wrestle down someone,nikarira
[GENERAL_VERB] he/she wrestle down someones,aikarira
[GENERAL_VERB] I have wrestle down someoned,nikarizire
[GENERAL_VERB] wrestle down someone!,ikarira
[GENERAL_VERB] I don't wrestle down someone,tinikarira
[GENERAL_NOUN] DETERMINATION,okwikaara
[GENERAL_VERB] to serve someone food,okwihurira
[GENERAL_VERB] I serve someone food,nihurira
[GENERAL_VERB] he/she serve someone foods,aihurira
[GENERAL_VERB] I have serve someone fooded,nihurizire
[GENERAL_VERB] serve someone food!,ihurira
[GENERAL_VERB] I don't serve someone food,tinihurira
[GENERAL_VERB] to serve food,okwihura
[GENERAL_VERB] I serve food,nihura
[GENERAL_VERB] he/she serve foods,aihura
[GENERAL_VERB] I have serve fooded,nihuzire
[GENERAL_VERB] serve food!,ihura
[GENERAL_VERB] I don't serve food,tinihura
[GENERAL_VERB] to pay a debt,okwihura
[GENERAL_VERB] I pay a debt,nihura
[GENERAL_VERB] he/she pay a debts,aihura
[GENERAL_VERB] I have pay a debted,nihuzire
[GENERAL_VERB] pay a debt!,ihura
[GENERAL_VERB] I don't pay a debt,tinihura
[GENERAL_VERB] See: okWIGIRA. Learning,okwigirira
[GENERAL_VERB] I see: okwigira. learning,nigirira
[GENERAL_VERB] he/she see: okwigira. learnings,aigirira
[GENERAL_VERB] I have see: okwigira. learninged,nigirizire
[GENERAL_VERB] see: okwigira. learning!,igirira
[GENERAL_VERB] I don't see: okwigira. learning,tinigirira
"[GENERAL_NOUN] badness, bad behaviour, ill-motive",obubi
"[GENERAL_NOUN] weakness, sickness",obuceke
[GENERAL_NOUN] foolishness,obudoma
[GENERAL_NOUN] laziness,obugara
[GENERAL_NOUN] width,obugazi
[GENERAL_NOUN] party,obugenyi
"[GENERAL_NOUN] sisal thread, sisal plant",obugoigo
[GENERAL_NOUN] shortness,obugufu
"[GENERAL_NOUN] barrenness, sterility",obugumba
"[GENERAL_NOUN] patience, perseverance",obugumiisiriza
"[GENERAL_NOUN] hardness, firmness, strength",obugumu
"[GENERAL_NOUN] wealth, richness, riches",obuguuda
[GENERAL_NOUN] options,obugyo
[GENERAL_NOUN] service,obuheereza
"[GENERAL_NOUN] shame, disgrace",obuhemu
"[HEALTH_AND_MEDICINE_NOUN] scabies, skin rash",obuhere
"[GENERAL_NOUN] corruption, extortion, cheating, plundering",obuhoogozi
[GENERAL_NOUN] left over food,obuhoro
[GENERAL_NOUN] obedience,obuhulizi
[GENERAL_NOUN] millions and millions,obuhumbe
[GENERAL_NOUN] resting place,obuhuumurro
"[GENERAL_NOUN] evidence, witnessing",obujulizi
"[GENERAL_NOUN] sorrow, sadness",obujune
[GENERAL_NOUN] ankles,obuwarro bw'enkwanzi
[GOVERNANCE_AND_ADMINISTRATION_NOUN] kingdom,obukama
[GENERAL_NOUN] fewness,obuke
"[GENERAL_NOUN] babyhood, earliest infancy",obukerembe
[GENERAL_NOUN] the left side,obukiizi bwemoso
[GENERAL_NOUN] relationship through marriage,obuko
"[GENERAL_NOUN] help, assistance",obukoonyezi
"[GENERAL_NOUN] skill, experience, knowledge",obukugu
"[GENERAL_NOUN] black jack, seeds",obukurra
[GENERAL_NOUN] relationship,obukwataine
"[GENERAL_NOUN] formal message, apostle ship",obukwenda
"[GENERAL_NOUN] problem, difficulty, challenge",obulemeezi
"[GENERAL_NOUN] rule, administration, leadership, governance",obulemi
"[MILITARY_NOUN] war, battle, a fight",obulemu
[GENERAL_NOUN] thin legs,obulenge
"[GENERAL_NOUN] cultivation, agriculture, farming",obulimi
"[GENERAL_NOUN] care, guardianship, protection",obulinzi
[GENERAL_NOUN] right hand / side,oburyo
"[GENERAL_NOUN] experience, knowledge, skills",obumanyirizi
"[GENERAL_NOUN] braverly, courage, boldness, valour",obumanzi
"[GENERAL_NOUN] unity ,singular",obumu
"[GENERAL_NOUN] may be, sometimes",obundi
[GENERAL_NOUN] from time to time,obundi n'obundi
[GENERAL_NOUN] toes,obunkenke
[GENERAL_NOUN] small inedible white ants,obunkoohooho
"[GENERAL_NOUN] length, height",obura
"[GENERAL_NOUN] length, height",oburaira
[GENERAL_NOUN] millet,oburo
[GENERAL_NOUN] usefulness,oburyo
[GENERAL_NOUN] animal dung,obusa
"[GENERAL_NOUN] pain, bitterness, sorrow, grief",obusaalizi
"[GENERAL_NOUN] spleen ,bow",obuta
[GENERAL_NOUN] trillions,obutabarwa
[GENERAL_NOUN] warmth,obutagasi
[GENERAL_NOUN] drunkenness,obutamiizi
[GENERAL_NOUN] accident,obutandwa
[GENERAL_NOUN] slippery ground,obuterre
"[GENERAL_NOUN] cowardice, timidity",obutiitiizi
"[GENERAL_NOUN] childhood, youth",obuto
[GENERAL_NOUN] passion juice,obutunda
[GENERAL_NOUN] small grey edible mushrooms,obutyabiri
"[GENERAL_NOUN] aid, assistance",obuyambi
"[GENERAL_NOUN] neatness, smartness, cleanliness",obuyonjo
"[GENERAL_NOUN] support, assistance",obusagiki
[GENERAL_NOUN] the Trinity,obusatu
[GENERAL_NOUN] immoral talk,obuseegu
"[NATURE_AND_ENVIRONMENT_NOUN] drizzle, little rain",obusesega
[GENERAL_NOUN] Islam,obusiraamu
[GENERAL_NOUN] forehead,obuso
"[GENERAL_NOUN] authority, powers, ability",obusobozi
"[GENERAL_NOUN] theft, being a robber",obusuma
"[GENERAL_NOUN] time, period",obusumi
[GENERAL_NOUN] sexual organs,obusura
"[GENERAL_NOUN] period after birth, parenthood",obuzaire
"[GENERAL_NOUN] traditional, inheritance",obuzarraanwa
[GENERAL_NOUN] evidence,obwakaiso
[GENERAL_NOUN] mine,obwange
"[GENERAL_NOUN] neatness, smartness, cleanliness",obwecumi
[GENERAL_NOUN] level of education attained,obwegese
"[GENERAL_NOUN] hard work, determination, zeal",obwekambi
[GENERAL_NOUN] generosity,obwenda
"[GENERAL_NOUN] rebelliousness, disobedience",obwereme
"[GENERAL_NOUN] trustworthiness, confidence, inspiring",obwesige
[GENERAL_NOUN] cave,obwingira
"[GENERAL_NOUN] life, health",obwomeezi
[GENERAL_NOUN] officer,ofiisa
[GENERAL_NOUN] office,ofiisi
[GENERAL_NOUN] mine,ogwange
[GENERAL_NOUN] oil lubricant,oiro
[GENERAL_NOUN] fuck,okucuga
[GENERAL_VERB] to kill,okuheekura
[GENERAL_VERB] I kill,nheekura
[GENERAL_VERB] he/she kills,aheekura
[GENERAL_VERB] I have killed,nheekuzire
[GENERAL_VERB] kill!,heekura
[GENERAL_VERB] I don't kill,tinheekura
[GENERAL_NOUN] cacophony,okuhuma
"[GENERAL_VERB] to show, exhibit",oleka
[GENERAL_NOUN] move purposefully,okutalika
"[GENERAL_VERB] to rustle (asgras, reeds)",omba
"[GENERAL_VERB] to build, perform",ombeka
[GENERAL_VERB] to weed,ombera
[GENERAL_NOUN] both,ombi
[GENERAL_VERB] to rustle or rattle,ombya
"[GENERAL_NOUN] alive, strong, well",omeezi
[GENERAL_VERB] to be constipated,omerenva
"[GENERAL_VERB] to convict, falsely accuse",omereza
[GENERAL_VERB] to dry thoroughly,omesereza
"[GENERAL_NOUN] eater, devourer",omuli
"[GENERAL_NOUN_PLURAL] eater, devourers",abali
[GOVERNANCE_AND_ADMINISTRATION_NOUN] prince,omubiito
[GOVERNANCE_AND_ADMINISTRATION_NOUN_PLURAL] princes,ababiito
[GOVERNANCE_AND_ADMINISTRATION_NOUN] princess,omubiitokati
[GOVERNANCE_AND_ADMINISTRATION_NOUN_PLURAL] princesses,ababiitokati
[GENERAL_NOUN] long hair generally curled,omucucu
[GENERAL_NOUN_PLURAL] long hair generally curleds,abacucu
[GENERAL_NOUN] quiet person,omuculeezi
[GENERAL_NOUN_PLURAL] quiet persons,abaculeezi
"[GENERAL_NOUN] a cook, baker",omucumbi
"[GENERAL_NOUN_PLURAL] cook, bakers",abacumbi
"[GENERAL_NOUN] orange fruit, orange",omucunguuha
"[GENERAL_NOUN_PLURAL] orange fruit, oranges",abacunguuha
[GENERAL_NOUN] orange,omucunguuwa
[GENERAL_NOUN_PLURAL] oranges,abacunguuwa
"[GENERAL_NOUN] liberator, saviour",omucunguzi
"[GENERAL_NOUN_PLURAL] liberator, saviours",abacunguzi
"[GENERAL_NOUN] a cute, cunning person",omucwacwa
"[GENERAL_NOUN_PLURAL] cute, cunning persons",abacwacwa
"[GENERAL_NOUN] gravy, stew from meat",omucwe
"[GENERAL_NOUN_PLURAL] gravy, stew from meats",abacwe
[GENERAL_NOUN] tracker in hunting,omucwi
[GENERAL_NOUN_PLURAL] tracker in huntings,abacwi
"[LEGAL_AND_LAW_MATTERS_NOUN] ba magistrate, judge",omucwi w'emisango
"[LEGAL_AND_LAW_MATTERS_NOUN_PLURAL] ba magistrate, judges",abacwi w'emisango
[GENERAL_NOUN] embroiderer,omudalizi
[GENERAL_NOUN_PLURAL] embroiderers,abadalizi
[GENERAL_NOUN] drunkard,omudanguzi
[GENERAL_NOUN_PLURAL] drunkards,abadanguzi
[GENERAL_NOUN] deacon,omudiikoni
[GENERAL_NOUN_PLURAL] deacons,abadiikoni
[GENERAL_NOUN] foolish person,omudomadoma
[GENERAL_NOUN_PLURAL] foolish persons,abadomadoma
"[GENERAL_NOUN] jug, gun-barrel",omuduma
"[GENERAL_NOUN_PLURAL] jug, gun-barrels",abaduma
"[MILITARY_NOUN] interpreter, commander",omuduumi
"[MILITARY_NOUN_PLURAL] interpreter, commanders",abaduumi
[MILITARY_NOUN] commander,omuduumizi
[MILITARY_NOUN_PLURAL] commanders,abaduumizi
[GENERAL_NOUN] liar,omuduupi
[GENERAL_NOUN_PLURAL] liars,abaduupi
[GENERAL_NOUN] mattress,omufaalisi
[GENERAL_NOUN_PLURAL] mattresses,abafaalisi
[GENERAL_NOUN] Pharisee,omufalisaayo
[GENERAL_NOUN_PLURAL] Pharisees,abafalisaayo
[GENERAL_NOUN] reckless,omufu w'omutima
[GENERAL_NOUN_PLURAL] recklesses,abafu w'omutima
[GENERAL_NOUN] deaf person,omufu w'amatu
[GENERAL_NOUN_PLURAL] deaf persons,abafu w'amatu
[GENERAL_NOUN] dumb person,omufu w'omunwa
[GENERAL_NOUN_PLURAL] dumb persons,abafu w'omunwa
[GENERAL_NOUN] wrestler,omufukaani
[GENERAL_NOUN_PLURAL] wrestlers,abafukaani
[GENERAL_NOUN] jealous husband or wife,omufuuhi
[GENERAL_NOUN_PLURAL] jealous husband or wifes,abafuuhi
[GENERAL_NOUN] bread,omugaati
[GENERAL_NOUN_PLURAL] breads,abagaati
"[GENERAL_NOUN] a generous, bountiful person",omugabi
"[GENERAL_NOUN_PLURAL] generous, bountiful persons",abagabi
[GENERAL_NOUN] share,omugabo
[GENERAL_NOUN_PLURAL] shares,abagabo
[GENERAL_NOUN] rich person,omugaiga
[GENERAL_NOUN_PLURAL] rich persons,abagaiga
"[GENERAL_NOUN] speaker, preacher",omugambizi
"[GENERAL_NOUN_PLURAL] speaker, preachers",abagambizi
[GENERAL_NOUN] a native of Buganda,omuganda
[GENERAL_NOUN_PLURAL] native of Bugandas,abaganda
[GENERAL_NOUN] cerebro-spinal mening it is,omugangamo
[GENERAL_NOUN_PLURAL] cerebro-spinal mening it ises,abagangamo
"[GENERAL_NOUN] friendship, intimacy",omuganjano
"[GENERAL_NOUN_PLURAL] friendship, intimacies",abaganjano
[GENERAL_NOUN] mourner,omuganyi
[GENERAL_NOUN_PLURAL] mourners,abaganyi
[GENERAL_NOUN] pitiful. merciful person,omuganyizi
[GENERAL_NOUN_PLURAL] pitiful. merciful persons,abaganyizi
"[GENERAL_NOUN] feeble, weak, lazy person",omugara
"[GENERAL_NOUN_PLURAL] feeble, weak, lazy persons",abagara
[GOVERNANCE_AND_ADMINISTRATION_NOUN] king's or chiefs servant,omugaragara
[GOVERNANCE_AND_ADMINISTRATION_NOUN_PLURAL] king's or chiefs servants,abagaragara
[GENERAL_NOUN] thorny tree,omugarama
[GENERAL_NOUN_PLURAL] thorny trees,abagarama
"[GENERAL_NOUN] illness, laziness, reluctance",omugayaaro
"[GENERAL_NOUN_PLURAL] illness, laziness, reluctances",abagayaaro
"[GENERAL_NOUN] scorn, contempt, cynicism,despising others",omugayangano
"[GENERAL_NOUN_PLURAL] scorn, contempt, cynicism,despising otherses",abagayangano
"[GENERAL_NOUN] docile, obedient person",omugayuki
"[GENERAL_NOUN_PLURAL] docile, obedient persons",abagayuki
"[GENERAL_NOUN] a visitor, guest, stranger",omugenyi
"[GENERAL_NOUN_PLURAL] visitor, guest, strangers",abagenyi
[GENERAL_NOUN] wanderer,omugenzigenzi
[GENERAL_NOUN_PLURAL] wanderers,abagenzigenzi
"[GENERAL_NOUN] custom, way, tradition",omugenzo
"[GENERAL_NOUN_PLURAL] custom, way, traditions",abagenzo
[GENERAL_NOUN] small river,omugera
[GENERAL_NOUN_PLURAL] small rivers,abagera
[GENERAL_NOUN] a kick,omugere
[GENERAL_NOUN_PLURAL] kicks,abagere
"[GENERAL_NOUN] sharp, clever, crafty person",omugezigezi
"[GENERAL_NOUN_PLURAL] sharp, clever, crafty persons",abagezigezi
[GENERAL_NOUN] catechism instructions before confirmation,omugigi
[GENERAL_NOUN_PLURAL] catechism instructions before confirmations,abagigi
[GOVERNANCE_AND_ADMINISTRATION_NOUN] a Queen-consort,omugo
[GOVERNANCE_AND_ADMINISTRATION_NOUN_PLURAL] Queen-consorts,abago
"[GENERAL_NOUN] a betrayer, traitor, deceiver",omugobeza
"[GENERAL_NOUN_PLURAL] betrayer, traitor, deceivers",abagobeza
"[GENERAL_NOUN] hypocrite, deceiver, cheat",omugobya
"[GENERAL_NOUN_PLURAL] hypocrite, deceiver, cheats",abagobya
[GENERAL_NOUN] stem of a banana,omugogo
[GENERAL_NOUN_PLURAL] stem of a bananas,abagogo
[GENERAL_NOUN] bride or bridegroom,omugole
[GENERAL_NOUN_PLURAL] bride or bridegrooms,abagole
[GENERAL_NOUN] drummer,omugoma
[GENERAL_NOUN_PLURAL] drummers,abagoma
[GENERAL_NOUN] a bolt,omugombole
[GENERAL_NOUN_PLURAL] bolts,abagombole
[GENERAL_NOUN] chief of a sub-county,omugomborozi
[GENERAL_NOUN_PLURAL] chief of a sub-counties,abagomborozi
[GENERAL_NOUN] back,omugongo
[GENERAL_NOUN_PLURAL] backs,abagongo
"[GENERAL_NOUN] crease, fold",omugonya
"[GENERAL_NOUN_PLURAL] crease, folds",abagonya
[GENERAL_NOUN] mad person,omuguwiraro
[GENERAL_NOUN_PLURAL] mad persons,abaguwiraro
[GENERAL_NOUN] patient person,omugumiisiriza
[GENERAL_NOUN_PLURAL] patient persons,abagumiisiriza
[GENERAL_NOUN] an old man,omugurusi
[GENERAL_NOUN_PLURAL] old mans,abagurusi
"[GENERAL_NOUN] Pl: emigusa, sorghum",omugusa
"[GENERAL_NOUN_PLURAL] Pl: emigusa, sorghums",abagusa
[GENERAL_NOUN] a rich person,omuguuda
[GENERAL_NOUN_PLURAL] rich persons,abaguuda
[GENERAL_NOUN] buyer,omuguzi
[GENERAL_NOUN_PLURAL] buyers,abaguzi
"[GENERAL_NOUN] tupid, halfwitted person",omugwagwa
"[GENERAL_NOUN_PLURAL] tupid, halfwitted persons",abagwagwa
[GENERAL_NOUN] trumpeter,omugwara
[GENERAL_NOUN_PLURAL] trumpeters,abagwara
[GENERAL_NOUN] a root,omuhama
[GENERAL_NOUN_PLURAL] roots,abahama
[GENERAL_NOUN] general term for charms,omuhambo
[GENERAL_NOUN_PLURAL] general term for charmses,abahambo
"[GENERAL_NOUN] path, road, way, track",omuhanda
"[GENERAL_NOUN_PLURAL] path, road, way, tracks",abahanda
"[GENERAL_NOUN] writer, clerk, scribe, secretary",omuhandiiki
"[GENERAL_NOUN_PLURAL] writer, clerk, scribe, secretaries",abahandiiki
[GENERAL_NOUN] a rainbow,omuhangazima
[GENERAL_NOUN_PLURAL] rainbows,abahangazima
"[GENERAL_NOUN] counsellor, advisor",omuhanuuzi
"[GENERAL_NOUN_PLURAL] counsellor, advisors",abahanuuzi
"[GENERAL_NOUN] daughter, girl",omuhara
"[GENERAL_NOUN_PLURAL] daughter, girls",abahara
"[GENERAL_NOUN] rival, competitor",omuharani
"[GENERAL_NOUN_PLURAL] rival, competitors",abaharani
"[GENERAL_NOUN] a stammerer, stutterer",omuhebebezi
"[GENERAL_NOUN_PLURAL] stammerer, stutterers",abahebebezi
"[GENERAL_NOUN] smith, blacksmith",omuheesi
"[GENERAL_NOUN_PLURAL] smith, blacksmiths",abaheesi
[GENERAL_NOUN] slanderer,omuhenderezi
[GENERAL_NOUN_PLURAL] slanderers,abahenderezi
"[GENERAL_NOUN] number, price, value, amount",omuhendo
"[GENERAL_NOUN_PLURAL] number, price, value, amounts",abahendo
"[GENERAL_NOUN] copper, iron, bracelet",omuherre
"[GENERAL_NOUN_PLURAL] copper, iron, bracelets",abaherre
[GENERAL_NOUN] backbiter,omuhesi
[GENERAL_NOUN_PLURAL] backbiters,abahesi
[GENERAL_NOUN] a sluggard,omuhetezi
[GENERAL_NOUN_PLURAL] sluggards,abahetezi
"[GENERAL_NOUN] the giver, donor",omuhi
"[GENERAL_NOUN_PLURAL] giver, donors",abahi
[GENERAL_NOUN] persecutor,omuhiiganizi
[GENERAL_NOUN_PLURAL] persecutors,abahiiganizi
[GENERAL_NOUN] the brewer,omuhiisa
[GENERAL_NOUN_PLURAL] brewers,abahiisa
[POLITICS_AND_CURRENT_AFFAIRS_NOUN] prime minister,omuhikirwa
[POLITICS_AND_CURRENT_AFFAIRS_NOUN_PLURAL] prime ministers,abahikirwa
"[GENERAL_NOUN] great joy, gladness, pleasure",omuhimbo
"[GENERAL_NOUN_PLURAL] great joy, gladness, pleasures",abahimbo
"[GENERAL_NOUN] convert, prosely",omuhinduki
"[GENERAL_NOUN_PLURAL] convert, proselies",abahinduki
"[GENERAL_NOUN] interpreter, translator",omuhinduzi
"[GENERAL_NOUN_PLURAL] interpreter, translators",abahinduzi
"[GENERAL_NOUN] a passer-by, way-farer",omuhinguzi
"[GENERAL_NOUN_PLURAL] passer-by, way-farers",abahinguzi
[GENERAL_NOUN] illness like sleeping sickness,omuhinyo
[GENERAL_NOUN_PLURAL] illness like sleeping sicknesses,abahinyo
"[GENERAL_NOUN] tribulation, weariness, suffering",omuhito
"[GENERAL_NOUN_PLURAL] tribulation, weariness, sufferings",abahito
[GENERAL_NOUN] cassava,omuhogo
[GENERAL_NOUN_PLURAL] cassavas,abahogo
[GENERAL_NOUN] salt,omuhonde
[GENERAL_NOUN_PLURAL] salts,abahonde
"[GENERAL_NOUN] disobedient, insolent, quarrelsome person",omuhoole
"[GENERAL_NOUN_PLURAL] disobedient, insolent, quarrelsome persons",abahoole
[GENERAL_NOUN] tree resembling wild fig,omuhora
[GENERAL_NOUN_PLURAL] tree resembling wild figs,abahora
"[GENERAL_NOUN] absent-minded, inattentive person",omuhugutani
"[GENERAL_NOUN_PLURAL] absent-minded, inattentive persons",abahugutani
[GENERAL_NOUN] unhealthy fatness,omuhuhuru
[GENERAL_NOUN_PLURAL] unhealthy fatnesses,abahuhuru
"[GENERAL_NOUN] spendthrift, wasted, good-for nothing",omuhungu
"[GENERAL_NOUN_PLURAL] spendthrift, wasted, good-for nothings",abahungu
"[GENERAL_NOUN] a passer-by, visitor",omuhunguki
"[GENERAL_NOUN_PLURAL] passer-by, visitors",abahunguki
"[GENERAL_NOUN] distaste, disgust, abhorrence",omuhuro
"[GENERAL_NOUN_PLURAL] distaste, disgust, abhorrences",abahuro
[GENERAL_NOUN] pestle,omuhurunguso
[GENERAL_NOUN_PLURAL] pestles,abahurunguso
[GENERAL_NOUN] the one who hums,omuhuumi
[GENERAL_NOUN_PLURAL] one who humses,abahuumi
"[GENERAL_NOUN] bachelor, spinster, abandoned husband",omuhuuru
"[GENERAL_NOUN_PLURAL] bachelor, spinster, abandoned husbands",abahuuru
[GENERAL_NOUN] a destroyer,omuhwerekereza
[GENERAL_NOUN_PLURAL] destroyers,abahwerekereza
"[GENERAL_NOUN] shameless, insolent person",omuhwiw'ensoni
"[GENERAL_NOUN_PLURAL] shameless, insolent persons",abahwiw'ensoni
"[GENERAL_NOUN] traitor, deceitful",omuhyangya
"[GENERAL_NOUN_PLURAL] traitor, deceitfuls",abahyangya
"[GENERAL_NOUN] grumbler, murmurer",omuhyemi
"[GENERAL_NOUN_PLURAL] grumbler, murmurers",abahyemi
[GENERAL_NOUN] knife,omuhyo
[GENERAL_NOUN_PLURAL] knifes,abahyo
[GENERAL_NOUN] african bassil,omujaaja
[GENERAL_NOUN_PLURAL] african bassils,abajaaja
[GENERAL_NOUN] the eve to Empango,omujato
[GENERAL_NOUN_PLURAL] eve to Empangos,abajato
"[GENERAL_NOUN] wanderer, loafer",omujanjaazi
"[GENERAL_NOUN_PLURAL] wanderer, loafers",abajanjaazi
[GENERAL_NOUN] a hungry person,omujara
[GENERAL_NOUN_PLURAL] hungry persons,abajara
"[GENERAL_NOUN] wanderer, vagabond",omujeezi
"[GENERAL_NOUN_PLURAL] wanderer, vagabonds",abajeezi
[GENERAL_NOUN] a blower of bellows,omujugusi
[GENERAL_NOUN_PLURAL] blower of bellowses,abajugusi
[GENERAL_NOUN] one who makes charcoal,omujugusi w'amakara
[GENERAL_NOUN_PLURAL] one who makes charcoals,abajugusi w'amakara
"[GENERAL_NOUN] witness, martyr",omujulizi
"[GENERAL_NOUN_PLURAL] witness, martyrs",abajulizi
"[GENERAL_NOUN] abuser, railer, blasphemer",omujumi
"[GENERAL_NOUN_PLURAL] abuser, railer, blasphemers",abajumi
[GENERAL_NOUN] the one who accuses,omujunaani
[GENERAL_NOUN_PLURAL] one who accuseses,abajunaani
"[GENERAL_NOUN] a White man, European",omujungu
"[GENERAL_NOUN_PLURAL] White man, Europeans",abajungu
[GENERAL_NOUN] saviour,omujuni
[GENERAL_NOUN_PLURAL] saviours,abajuni
[GENERAL_NOUN] flower of maize,omujuuli
[GENERAL_NOUN_PLURAL] flower of maizes,abajuuli
[GENERAL_NOUN] tired person,omujwahi
[GENERAL_NOUN_PLURAL] tired persons,abajwahi
[GENERAL_NOUN] coronet wearer,omujwaara kondo
[GENERAL_NOUN_PLURAL] coronet wearers,abajwaara kondo
"[GENERAL_NOUN] apparel, clothing",omujwaro
"[GENERAL_NOUN_PLURAL] apparel, clothings",abajwaro
[GOVERNANCE_AND_ADMINISTRATION_NOUN] prince,omusuga
[GOVERNANCE_AND_ADMINISTRATION_NOUN_PLURAL] princes,abasuga
[GOVERNANCE_AND_ADMINISTRATION_NOUN] princess,omujwera
[GOVERNANCE_AND_ADMINISTRATION_NOUN_PLURAL] princesses,abajwera
"[GENERAL_NOUN] heathen, pagan",omukaafiiri
"[GENERAL_NOUN_PLURAL] heathen, pagans",abakaafiiri
"[CULTURE_AND_TRADITION_NOUN] six, dowry",omukaaga
"[CULTURE_AND_TRADITION_NOUN_PLURAL] six, dowries",abakaaga
"[GENERAL_NOUN] a interrogator, examiner",omukaguzi
"[GENERAL_NOUN_PLURAL] interrogator, examiners",abakaguzi
[GENERAL_NOUN] at night fall,omukairirizi
[GENERAL_NOUN_PLURAL] at night falls,abakairirizi
"[GENERAL_NOUN] a martyr, witness",omukaiso
"[GENERAL_NOUN_PLURAL] martyr, witnesses",abakaiso
[GENERAL_NOUN] stalk of millet,omukaka
[GENERAL_NOUN_PLURAL] stalk of millets,abakaka
[GENERAL_NOUN] daughter-in-law,omukamwana
[GENERAL_NOUN_PLURAL] daughter-in-laws,abakamwana
[GENERAL_NOUN] dried meat,omukaro
[GENERAL_NOUN_PLURAL] dried meats,abakaro
"[GENERAL_NOUN] woman, wife",omukazi
"[GENERAL_NOUN_PLURAL] woman, wifes",abakazi
"[GENERAL_NOUN] steward, treasurer",omukeeto
"[GENERAL_NOUN_PLURAL] steward, treasurers",abakeeto
"[GENERAL_NOUN] selfish, disagreeable, unkind person",omukiinuuki
"[GENERAL_NOUN_PLURAL] selfish, disagreeable, unkind persons",abakiinuuki
[GENERAL_NOUN] butcher,omukinjaagi
[GENERAL_NOUN_PLURAL] butchers,abakinjaagi
[GENERAL_NOUN] son-in-law,omuko
[GENERAL_NOUN_PLURAL] son-in-laws,abako
[GENERAL_NOUN] a tall timber tree,omukogoto
[GENERAL_NOUN_PLURAL] tall timber trees,abakogoto
[GENERAL_NOUN] glutton,omukoizi
[GENERAL_NOUN_PLURAL] gluttons,abakoizi
[GENERAL_NOUN] beater in hunting,omukokozi
[GENERAL_NOUN_PLURAL] beater in huntings,abakokozi
"[GENERAL_NOUN] arm, handwriting",omukono
"[GENERAL_NOUN_PLURAL] arm, handwritings",abakono
"[GENERAL_NOUN] helper, supporter, benefactor",omukoonyezi
"[GENERAL_NOUN_PLURAL] helper, supporter, benefactors",abakoonyezi
[GOVERNANCE_AND_ADMINISTRATION_NOUN] the king's milk man,omukoroogi
[GOVERNANCE_AND_ADMINISTRATION_NOUN_PLURAL] king's milk mans,abakoroogi
"[GENERAL_NOUN] overseer, headman",omukoza
"[GENERAL_NOUN_PLURAL] overseer, headmans",abakoza
"[GENERAL_NOUN] maker, workman, labourer",omukozi
"[GENERAL_NOUN_PLURAL] maker, workman, labourers",abakozi
[GENERAL_NOUN] border,omukugiro
[GENERAL_NOUN_PLURAL] borders,abakugiro
[GENERAL_NOUN] expert,omukugu
[GENERAL_NOUN_PLURAL] experts,abakugu
[COMMON_ANIMALS_NOUN] pig iron,omukulingo
[COMMON_ANIMALS_NOUN_PLURAL] pig irons,abakulingo
[GENERAL_NOUN] keeper,omukumirizi
[GENERAL_NOUN_PLURAL] keepers,abakumirizi
[GENERAL_NOUN] navel,omukundi
[GENERAL_NOUN_PLURAL] navels,abakundi
[GENERAL_NOUN] loud cry,omukungo
[GENERAL_NOUN_PLURAL] loud cries,abakungo
[GENERAL_NOUN] wild fig tree,omukungu
[GENERAL_NOUN_PLURAL] wild fig trees,abakungu
[GENERAL_NOUN] lover,omukunzi
[GENERAL_NOUN_PLURAL] lovers,abakunzi
[GENERAL_NOUN] track,omukurundizo
[GENERAL_NOUN_PLURAL] tracks,abakurundizo
"[GENERAL_NOUN] tell tale, mischief-maker",omukurungutaniza
"[GENERAL_NOUN_PLURAL] tell tale, mischief-makers",abakurungutaniza
[NATURE_AND_ENVIRONMENT_NOUN] mahogany tree,omukusu
[NATURE_AND_ENVIRONMENT_NOUN_PLURAL] mahogany trees,abakusu
"[GENERAL_NOUN] sodomite, homesexual",omukuuhya
"[GENERAL_NOUN_PLURAL] sodomite, homesexuals",abakuuhya
[GENERAL_NOUN] guardian,omukuza
[GENERAL_NOUN_PLURAL] guardians,abakuza
[GENERAL_NOUN] pledge,omukwatirizo
[GENERAL_NOUN_PLURAL] pledges,abakwatirizo
"[GENERAL_NOUN] prisoner, captive",omukwatwa
"[GENERAL_NOUN_PLURAL] prisoner, captives",abakwatwa
[COMMON_ANIMALS_NOUN] rat truck,omukwebebe
[COMMON_ANIMALS_NOUN_PLURAL] rat trucks,abakwebebe
"[GENERAL_NOUN] bringer, proposer, author",omuleesi
"[GENERAL_NOUN_PLURAL] bringer, proposer, authors",abaleesi
"[GENERAL_NOUN] accuser, talebearer",omulegi
"[GENERAL_NOUN_PLURAL] accuser, talebearers",abalegi
[GENERAL_NOUN] beard,omuleju
[GENERAL_NOUN_PLURAL] beards,abaleju
[GENERAL_NOUN] freed man,omulekerwa
[GENERAL_NOUN_PLURAL] freed mans,abalekerwa
"[GENERAL_NOUN] lame person, cripple, disabled",omulema
"[GENERAL_NOUN_PLURAL] lame person, cripple, disableds",abalema
[GENERAL_NOUN] ruler,omulemi
[GENERAL_NOUN_PLURAL] rulers,abalemi
[GENERAL_NOUN] applaud of happiness,omulera
[GENERAL_NOUN_PLURAL] applaud of happinesses,abalera
[GENERAL_NOUN] a tree fernl,omulere
[GENERAL_NOUN_PLURAL] tree fernls,abalere
"[HEALTH_AND_MEDICINE_NOUN] babysitter, nurse of child",omulezi
"[HEALTH_AND_MEDICINE_NOUN_PLURAL] babysitter, nurse of childs",abalezi
"[GENERAL_NOUN] greedy, selfish person",omuliiririzi
"[GENERAL_NOUN_PLURAL] greedy, selfish persons",abaliiririzi
"[GENERAL_NOUN] sailor, fisherman",omulimba
"[GENERAL_NOUN_PLURAL] sailor, fishermans",abalimba
[GENERAL_NOUN] brass,omulinga
[GENERAL_NOUN_PLURAL] brasses,abalinga
"[GENERAL_NOUN] kind sort, species",omulingo
"[GENERAL_NOUN_PLURAL] kind sort, specieses",abalingo
"[GENERAL_NOUN] guard, keeper, guardian",omulinzi
"[GENERAL_NOUN_PLURAL] guard, keeper, guardians",abalinzi
[GENERAL_NOUN] rope for catching animals,omuliti
[GENERAL_NOUN_PLURAL] rope for catching animalses,abaliti
[GENERAL_NOUN] one who weeps,omulizi
[GENERAL_NOUN_PLURAL] one who weepses,abalizi
"[GENERAL_NOUN] defrauder, cheat",omuryakuzi
"[GENERAL_NOUN_PLURAL] defrauder, cheats",abaryakuzi
"[GENERAL_NOUN] doorway, entrance",omuryango
"[GENERAL_NOUN_PLURAL] doorway, entrances",abaryango
[MATHEMATICS_NOUN] one million,omuryoni gumu
[MATHEMATICS_NOUN_PLURAL] one millions,abaryoni gumu
"[GENERAL_NOUN] infront of, ahead",omumaiso
"[GENERAL_NOUN_PLURAL] infront of, aheads",abamaiso
"[GENERAL_NOUN] truly, infact",omumananu
"[GENERAL_NOUN_PLURAL] truly, infacts",abamananu
"[GENERAL_NOUN] gobbler, fast eater",omumizi
"[GENERAL_NOUN_PLURAL] gobbler, fast eaters",abamizi
[GENERAL_NOUN] net for catching fish,omumogo
[GENERAL_NOUN_PLURAL] net for catching fishes,abamogo
[GOVERNANCE_AND_ADMINISTRATION_NOUN] king's executioner,omumogoro
[GOVERNANCE_AND_ADMINISTRATION_NOUN_PLURAL] king's executioners,abamogoro
[GENERAL_NOUN] torch bearer,omumuliki
[GENERAL_NOUN_PLURAL] torch bearers,abamuliki
[GENERAL_NOUN] barber,omumwi
[GENERAL_NOUN_PLURAL] barbers,abamwi
[GENERAL_NOUN] stinging-nettle,omumya
[GENERAL_NOUN_PLURAL] stinging-nettles,abamya
[GENERAL_NOUN] eight,omunaana
[GENERAL_NOUN_PLURAL] eights,abanaana
"[GENERAL_NOUN] tower, flagstaff",omunaara
"[GENERAL_NOUN_PLURAL] tower, flagstaffs",abanaara
[GENERAL_NOUN] guide of the blind,omunanasi
[GENERAL_NOUN_PLURAL] guide of the blinds,abananasi
"[GENERAL_NOUN] trustworthy, faithful person",omunanu
"[GENERAL_NOUN_PLURAL] trustworthy, faithful persons",abananu
[GENERAL_NOUN] date-palm,omunazi
[GENERAL_NOUN_PLURAL] date-palms,abanazi
[GENERAL_NOUN] anything very cold,omuneno
[GENERAL_NOUN_PLURAL] anything very colds,abaneno
[GENERAL_NOUN] self-sown plant or tree,omuniibwanyonyi
[GENERAL_NOUN_PLURAL] self-sown plant or trees,abaniibwanyonyi
"[GENERAL_NOUN] pleasure, gladness, rejoicing",omuniiniiro
"[GENERAL_NOUN_PLURAL] pleasure, gladness, rejoicings",abaniiniiro
[GENERAL_NOUN] earthworm,omuniongorozi
[GENERAL_NOUN_PLURAL] earthworms,abaniongorozi
[GENERAL_NOUN] earth worm,omuniongorro
[GENERAL_NOUN_PLURAL] earth worms,abaniongorro
"[GENERAL_NOUN] person, man",omuntu
"[GENERAL_NOUN_PLURAL] person, mans",abantu
"[GENERAL_NOUN] redeemer, saviour",omununuzi
"[GENERAL_NOUN_PLURAL] redeemer, saviours",abanunuzi
"[GENERAL_NOUN] mouth, lip opening, beak",omunwa
"[GENERAL_NOUN_PLURAL] mouth, lip opening, beaks",abanwa
"[GENERAL_NOUN] a man of, native",omunya
"[GENERAL_NOUN_PLURAL] man of, natives",abanya
[COMMON_ANIMALS_NOUN] lizard,omunyaa
[COMMON_ANIMALS_NOUN_PLURAL] lizards,abanyaa
"[GENERAL_NOUN] pricking, tingling sensation",omunyaalizi
"[GENERAL_NOUN_PLURAL] pricking, tingling sensations",abanyaalizi
"[GENERAL_NOUN] spoil, plunder, booty",omunyago
"[GENERAL_NOUN_PLURAL] spoil, plunder, booties",abanyago
[GENERAL_NOUN] captive,omunyagwa
[GENERAL_NOUN_PLURAL] captives,abanyagwa
[GENERAL_NOUN] debtor,omunyarbanja
[GENERAL_NOUN_PLURAL] debtors,abanyarbanja
[GEOGRAPHY_NOUN] one of another nation,omunyaihanga
[GEOGRAPHY_NOUN_PLURAL] one of another nations,abanyaihanga
[GENERAL_NOUN] thirsty person,omunyairoho
[GENERAL_NOUN_PLURAL] thirsty persons,abanyairoho
[GENERAL_NOUN] headman,omunyampara
[GENERAL_NOUN_PLURAL] headmans,abanyampara
[GENERAL_NOUN] hungry person,omunyanjara
[GENERAL_NOUN_PLURAL] hungry persons,abanyanjara
[GENERAL_NOUN] prisoner,omunyankomo
[GENERAL_NOUN_PLURAL] prisoners,abanyankomo
"[GENERAL_NOUN] enemy, adversary",omunyanzigwa
"[GENERAL_NOUN_PLURAL] enemy, adversaries",abanyanzigwa
[GENERAL_NOUN] broken or jagged surface,omunyarra
[GENERAL_NOUN_PLURAL] broken or jagged surfaces,abanyarra
"[GENERAL_NOUN] adolescent, the youth",omunyeeto
"[GENERAL_NOUN_PLURAL] adolescent, the youths",abanyeeto
"[LEGAL_AND_LAW_MATTERS_NOUN] accuser, complainant, prosecutor",omunyegerezi
"[LEGAL_AND_LAW_MATTERS_NOUN_PLURAL] accuser, complainant, prosecutors",abanyegerezi
[GENERAL_NOUN] mongoose,omunyerre
[GENERAL_NOUN_PLURAL] mongooses,abanyerre
[GENERAL_NOUN] bulrush,omunyiri
[GENERAL_NOUN_PLURAL] bulrushes,abanyiri
[GENERAL_NOUN] tiny water-worm,omunyole
[GENERAL_NOUN_PLURAL] tiny water-worms,abanyole
"[GENERAL_NOUN] cured hide, leather",omunyuke
"[GENERAL_NOUN_PLURAL] cured hide, leathers",abanyuke
[GENERAL_NOUN] friend,omunywani
[GENERAL_NOUN_PLURAL] friends,abanywani
[GENERAL_NOUN] drinker,omunywi
[GENERAL_NOUN_PLURAL] drinkers,abanywi
"[GENERAL_NOUN] hired workman, porter",omupagasa
"[GENERAL_NOUN_PLURAL] hired workman, porters",abapagasa
"[GENERAL_NOUN] ball, rubber, rain-coat",omupiira
"[GENERAL_NOUN_PLURAL] ball, rubber, rain-coats",abapiira
[GENERAL_NOUN] tall person,omuraiha
[GENERAL_NOUN_PLURAL] tall persons,abaraiha
[GENERAL_NOUN] a thief,ow'omukono mura
[GENERAL_NOUN] lightning,omurabyo gw'enkuba
[GENERAL_NOUN_PLURAL] lightnings,abarabyo gw'enkuba
"[MILITARY_NOUN] instructor, commander",omuragirizi
"[MILITARY_NOUN_PLURAL] instructor, commanders",abaragirizi
"[GENERAL_NOUN] promise, covenant",omurago
"[GENERAL_NOUN_PLURAL] promise, covenants",abarago
[GENERAL_NOUN] inspector,omurambuzi
[GENERAL_NOUN_PLURAL] inspectors,abarambuzi
[GENERAL_NOUN] worshipper,omurami
[GENERAL_NOUN_PLURAL] worshippers,abarami
[GENERAL_NOUN] brother or sister -in-law,omuramu
[GENERAL_NOUN_PLURAL] brother or sister -in-laws,abaramu
[GENERAL_NOUN] an illness like sleepingsickness,omurandabaro
[GENERAL_NOUN_PLURAL] illness like sleepingsicknesses,abarandabaro
"[GENERAL_NOUN] announcer, prophet",omurangi
"[GENERAL_NOUN_PLURAL] announcer, prophets",abarangi
"[GENERAL_NOUN] a spendthrift, prodigal",omurarangi
"[GENERAL_NOUN_PLURAL] spendthrift, prodigals",abararangi
[GENERAL_NOUN] copper,omurasagaaju
[GENERAL_NOUN_PLURAL] coppers,abarasagaaju
"[GENERAL_NOUN] archer, rifleman",omurasi
"[GENERAL_NOUN_PLURAL] archer, riflemans",abarasi
"[GENERAL_NOUN] slovenly, dirty person",omurofu
"[GENERAL_NOUN_PLURAL] slovenly, dirty persons",abarofu
[GENERAL_NOUN] Bishop.COU,omuroleerezi
[GENERAL_NOUN_PLURAL] Bishop.COUs,abaroleerezi
"[GENERAL_NOUN] overseer, inspector, guardian",omurolerezi
"[GENERAL_NOUN_PLURAL] overseer, inspector, guardians",abarolerezi
"[GENERAL_NOUN] mast, flag-staff",omurongooti
"[GENERAL_NOUN_PLURAL] mast, flag-staffs",abarongooti
[GENERAL_NOUN] tracker,omuronzi
[GENERAL_NOUN_PLURAL] trackers,abaronzi
[GENERAL_NOUN] loin cloth,omuroobe
[GENERAL_NOUN_PLURAL] loin cloths,abaroobe
[GENERAL_NOUN] fire,omurro
[GENERAL_NOUN_PLURAL] fires,abarro
[NATURE_AND_ENVIRONMENT_NOUN] shrub which cures cough,omumbata
[NATURE_AND_ENVIRONMENT_NOUN_PLURAL] shrub which cures coughs,abambata
[GENERAL_NOUN] stone hammer,omurubiko
[GENERAL_NOUN_PLURAL] stone hammers,abarubiko
[GENERAL_NOUN] sub-parish,omuruka
[GENERAL_NOUN_PLURAL] sub-parishes,abaruka
"[GENERAL_NOUN] weaver, spinner, knitter",omuruki
"[GENERAL_NOUN_PLURAL] weaver, spinner, knitters",abaruki
"[GENERAL_NOUN] heap, mass",omurundo
"[GENERAL_NOUN_PLURAL] heap, masses",abarundo
"[GENERAL_NOUN] good, beautiful person",omurungi
"[GENERAL_NOUN_PLURAL] good, beautiful persons",abarungi
"[GENERAL_NOUN] pilot, steersman",omurungiki
"[GENERAL_NOUN_PLURAL] pilot, steersmans",abarungiki
[MILITARY_NOUN] soldier of king Kabalega,omurusuura
[MILITARY_NOUN_PLURAL] soldier of king Kabalegas,abarusuura
"[GENERAL_NOUN] copper, sulphate, bluestone",omuruturutu
"[GENERAL_NOUN_PLURAL] copper, sulphate, bluestones",abaruturutu
"[GENERAL_NOUN] patient, a sick person",omurwaire
"[GENERAL_NOUN_PLURAL] patient, a sick persons",abarwaire
"[MILITARY_NOUN] fighter, warrior",omunvani
"[MILITARY_NOUN_PLURAL] fighter, warriors",abanvani
[GENERAL_NOUN] at night fall,omurwiririzi
[GENERAL_NOUN_PLURAL] at night falls,abarwiririzi
"[GENERAL_NOUN] shore, bank",omusa
"[GENERAL_NOUN_PLURAL] shore, banks",abasa
"[ECONOMICS_AND_COMMERCE_NOUN] wage, salary",omusaara
"[ECONOMICS_AND_COMMERCE_NOUN_PLURAL] wage, salaries",abasaara
[GENERAL_NOUN] beater,omusagasi
[GENERAL_NOUN_PLURAL] beaters,abasagasi
[GENERAL_NOUN] supporter,omusagiki
[GENERAL_NOUN_PLURAL] supporters,abasagiki
[GENERAL_NOUN] sticks of bedstead,omusago
[GENERAL_NOUN_PLURAL] sticks of bedsteads,abasago
"[GENERAL_NOUN] man, husband",omusaija
"[GENERAL_NOUN_PLURAL] man, husbands",abasaija
[GENERAL_NOUN] a cross,omusaraba
[GENERAL_NOUN_PLURAL] crosses,abasaraba
"[GENERAL_NOUN] crack, cut",omusale
"[GENERAL_NOUN_PLURAL] crack, cuts",abasale
"[SPORTS_NOUN] kicker, football player",omusambi
"[SPORTS_NOUN_PLURAL] kicker, football players",abasambi
[GENERAL_NOUN] maker of barkcloth mallets,omusami
[GENERAL_NOUN_PLURAL] maker of barkcloth malletses,abasami
"[GENERAL_NOUN] day light, sunlight",omusana
"[GENERAL_NOUN_PLURAL] day light, sunlights",abasana
[GENERAL_NOUN] wild rubber tree,omusanda
[GENERAL_NOUN_PLURAL] wild rubber trees,abasanda
"[GENERAL_NOUN] joker, jester, humorous person",omusandaazi
"[GENERAL_NOUN_PLURAL] joker, jester, humorous persons",abasandaazi
[GENERAL_NOUN] ivory,omusanga
[GENERAL_NOUN_PLURAL] ivories,abasanga
"[GENERAL_NOUN] tall, hollow-stemmed grass",omusanja
"[GENERAL_NOUN_PLURAL] tall, hollow-stemmed grasses",abasanja
[GENERAL_NOUN] seven,omusanju
[GENERAL_NOUN_PLURAL] sevens,abasanju
"[GENERAL_NOUN] carver, engraver",omusaruzi
"[GENERAL_NOUN_PLURAL] carver, engravers",abasaruzi
[GENERAL_NOUN] one who cuts,omusazi
[GENERAL_NOUN_PLURAL] one who cutses,abasazi
[GENERAL_NOUN] poor person,omuseege
[GENERAL_NOUN_PLURAL] poor persons,abaseege
[GENERAL_NOUN] one who collects firewood,omuseenyi
[GENERAL_NOUN_PLURAL] one who collects firewoods,abaseenyi
[GENERAL_NOUN] bamboo,omuseke
[GENERAL_NOUN_PLURAL] bamboos,abaseke
"[GENERAL_NOUN] entertaining , amusing person",omusekesa
"[GENERAL_NOUN_PLURAL] entertaining , amusing persons",abasekesa
"[GENERAL_NOUN] stupid, ignorant person, fool",omusema
"[GENERAL_NOUN_PLURAL] stupid, ignorant person, fools",abasema
[GENERAL_NOUN] one who serves food,omusembezi
[GENERAL_NOUN_PLURAL] one who serves foods,abasembezi
"[HEALTH_AND_MEDICINE_NOUN] cleaner, refiner,surgeon",omusemezi
"[HEALTH_AND_MEDICINE_NOUN_PLURAL] cleaner, refiner,surgeons",abasemezi
"[GENERAL_NOUN] outcast, exile",omusendwa
"[GENERAL_NOUN_PLURAL] outcast, exiles",abasendwa
"[GENERAL_NOUN] filter, strainer",omusengijo
"[GENERAL_NOUN_PLURAL] filter, strainers",abasengijo
[GENERAL_NOUN] sand,omusenyi
[GENERAL_NOUN_PLURAL] sands,abasenyi
"[GENERAL_NOUN] young man, youth",omusigazi
"[GENERAL_NOUN_PLURAL] young man, youths",abasigazi
"[GENERAL_NOUN] adulterer, fornicator",omusiihani
"[GENERAL_NOUN_PLURAL] adulterer, fornicators",abasiihani
"[GENERAL_NOUN] sinner, transgressor",omusiisi
"[GENERAL_NOUN_PLURAL] sinner, transgressors",abasiisi
[GENERAL_NOUN] member of Basiita clan,omusiita
[GENERAL_NOUN_PLURAL] member of Basiita clans,abasiita
[GENERAL_NOUN] ruled line,omusiitale
[GENERAL_NOUN_PLURAL] ruled lines,abasiitale
"[COMMON_ANIMALS_NOUN] unbaked pot, pig-iron",omusinga
"[COMMON_ANIMALS_NOUN_PLURAL] unbaked pot, pig-irons",abasinga
[GENERAL_NOUN] sweeper,omusingolezi
[GENERAL_NOUN_PLURAL] sweepers,abasingolezi
"[GENERAL_NOUN] the conquered one, captive",omusingurwa
"[GENERAL_NOUN_PLURAL] conquered one, captives",abasingurwa
"[GENERAL_NOUN] the conqueror, victor, winner",omusinguzi
"[GENERAL_NOUN_PLURAL] conqueror, victor, winners",abasinguzi
[GENERAL_NOUN] clitoris,omusino
[GENERAL_NOUN_PLURAL] clitorises,abasino
[NATURE_AND_ENVIRONMENT_NOUN] earthquake,omusisa
[NATURE_AND_ENVIRONMENT_NOUN_PLURAL] earthquakes,abasisa
[GENERAL_NOUN] very large calabash,omusisi
[GENERAL_NOUN_PLURAL] very large calabashes,abasisi
[GENERAL_NOUN] incense tree,omusizi
[GENERAL_NOUN_PLURAL] incense trees,abasizi
[GENERAL_NOUN] transgressor,omusobya
[GENERAL_NOUN_PLURAL] transgressors,abasobya
[GENERAL_NOUN] castor-oil plant,omusoga
[GENERAL_NOUN_PLURAL] castor-oil plants,abasoga
[GENERAL_NOUN] a fisherman,omusohi
[GENERAL_NOUN_PLURAL] fishermans,abasohi
[GENERAL_NOUN] marrow,omusoina
[GENERAL_NOUN_PLURAL] marrows,abasoina
[GENERAL_NOUN] tax collector,omusorooza
[GENERAL_NOUN_PLURAL] tax collectors,abasorooza
"[COMMON_ANIMALS_NOUN] edible rat, cane-rat",omusu
"[COMMON_ANIMALS_NOUN_PLURAL] edible rat, cane-rats",abasu
[GENERAL_NOUN] candle,omusubbaaho
[GENERAL_NOUN_PLURAL] candles,abasubbaaho
[GENERAL_NOUN] young banana tree,omusugusa
[GENERAL_NOUN_PLURAL] young banana trees,abasugusa
"[GENERAL_NOUN] thrifty, economical, careful person",omusulirizi
"[GENERAL_NOUN_PLURAL] thrifty, economical, careful persons",abasulirizi
"[GENERAL_NOUN] thief, greedy person",omusuma
"[GENERAL_NOUN_PLURAL] thief, greedy persons",abasuma
"[GENERAL_NOUN] nail,screw",omusumaali
"[GENERAL_NOUN_PLURAL] nail,screws",abasumaali
[GENERAL_NOUN] leech,omusundo
[GENERAL_NOUN_PLURAL] leeches,abasundo
[GENERAL_NOUN] inner husk of millet,omusunga
[GENERAL_NOUN_PLURAL] inner husk of millets,abasunga
[GENERAL_NOUN] common horn-bill,omusuraibaaga
[GENERAL_NOUN_PLURAL] common horn-bills,abasuraibaaga
[GENERAL_NOUN] tail of a bird,omusuti
[GENERAL_NOUN_PLURAL] tail of a birds,abasuti
"[ECONOMICS_AND_COMMERCE_NOUN] rader, merchant, business person",omusuubuzi
"[ECONOMICS_AND_COMMERCE_NOUN_PLURAL] rader, merchant, business persons",abasuubuzi
"[GEOGRAPHY_NOUN] exile, refugee",omusuuhuuki
"[GEOGRAPHY_NOUN_PLURAL] exile, refugees",abasuuhuuki
[GENERAL_NOUN] mocker,omuswahirizi
[GENERAL_NOUN_PLURAL] mockers,abaswahirizi
[GENERAL_NOUN] raffia palm,omuswale
[GENERAL_NOUN_PLURAL] raffia palms,abaswale
"[HEALTH_AND_MEDICINE_NOUN] fever, malaria",omuswija
"[HEALTH_AND_MEDICINE_NOUN_PLURAL] fever, malarias",abaswija
"[GENERAL_NOUN] neighbour, fellow, companion",omutaahi
"[GENERAL_NOUN_PLURAL] neighbour, fellow, companions",abataahi
[GENERAL_NOUN] mixer,omutabi
[GENERAL_NOUN_PLURAL] mixers,abatabi
[GENERAL_NOUN] neighbour,omutahi
[GENERAL_NOUN_PLURAL] neighbours,abatahi
[GENERAL_NOUN] drunkard,omutamizi
[GENERAL_NOUN_PLURAL] drunkards,abatamizi
"[GENERAL_NOUN] fine, propitiatory gift",omutango
"[GENERAL_NOUN_PLURAL] fine, propitiatory gifts",abatango
[GENERAL_NOUN] irreplaceable thing,omutasumbuuswa
[GENERAL_NOUN_PLURAL] irreplaceable things,abatasumbuuswa
"[GENERAL_NOUN] preacher, evangelist",omutebezi
"[GENERAL_NOUN_PLURAL] preacher, evangelists",abatebezi
"[COMMON_ANIMALS_NOUN] iron bar, crow-bar",omuteehimbwa
"[COMMON_ANIMALS_NOUN_PLURAL] iron bar, crow-bars",abateehimbwa
"[GENERAL_NOUN] heap, pile, share, part",omuteeko
"[GENERAL_NOUN_PLURAL] heap, pile, share, parts",abateeko
[GENERAL_NOUN] peacemaker,omuteeranizi
[GENERAL_NOUN_PLURAL] peacemakers,abateeranizi
[GENERAL_NOUN] mottled pink bean,omuteesweka
[GENERAL_NOUN_PLURAL] mottled pink beans,abateesweka
"[GENERAL_NOUN] striker, player",omuteezi
"[GENERAL_NOUN_PLURAL] striker, players",abateezi
[GENERAL_NOUN] gambler,omuteezi w'ejaara
[GENERAL_NOUN_PLURAL] gamblers,abateezi w'ejaara
"[GENERAL_NOUN] trouble, worry",omutegaine
"[GENERAL_NOUN_PLURAL] trouble, worries",abategaine
[GENERAL_NOUN] business,omutegano
[GENERAL_NOUN_PLURAL] businesses,abategano
"[ECONOMICS_AND_COMMERCE_NOUN] peddler, merchant",omutembeeya
"[ECONOMICS_AND_COMMERCE_NOUN_PLURAL] peddler, merchants",abatembeeya
"[GENERAL_NOUN] climber, rider",omutembi
"[GENERAL_NOUN_PLURAL] climber, riders",abatembi
[GENERAL_NOUN] feller of trees,omutemi w'emiti
[GENERAL_NOUN_PLURAL] feller of treeses,abatemi w'emiti
"[EDUCATION_AND_LEARNING_NOUN] instructor, teacher, initiator",omutendeki
"[EDUCATION_AND_LEARNING_NOUN_PLURAL] instructor, teacher, initiators",abatendeki
[COMMON_ANIMALS_NOUN] tail of a sheep,omutere
[COMMON_ANIMALS_NOUN_PLURAL] tail of a sheeps,abatere
"[GENERAL_NOUN] tree, piece of wood",omuti
"[GENERAL_NOUN_PLURAL] tree, piece of woods",abati
"[GENERAL_NOUN] stubborn, obstinate, person",omutigi
"[GENERAL_NOUN_PLURAL] stubborn, obstinate, persons",abatigi
[GENERAL_NOUN] coward,omutiini
[GENERAL_NOUN_PLURAL] cowards,abatiini
[GENERAL_NOUN] tiny brown bird,omutiiri
[GENERAL_NOUN_PLURAL] tiny brown birds,abatiiri
[GENERAL_NOUN] lender,omutiizi
[GENERAL_NOUN_PLURAL] lenders,abatiizi
[GENERAL_NOUN] salt water,omutimba
[GENERAL_NOUN_PLURAL] salt waters,abatimba
[GENERAL_NOUN] barkcloth tree,omutoma
[GENERAL_NOUN_PLURAL] barkcloth trees,abatoma
"[LEGAL_AND_LAW_MATTERS_NOUN] advocate, intercessor, pleader",omutonganirizi
"[LEGAL_AND_LAW_MATTERS_NOUN_PLURAL] advocate, intercessor, pleaders",abatonganirizi
[GENERAL_NOUN] creditor,omutongi
[GENERAL_NOUN_PLURAL] creditors,abatongi
[GENERAL_NOUN] debtor,omutongwa
[GENERAL_NOUN_PLURAL] debtors,abatongwa
"[GENERAL_NOUN] a mean, stingy person",omutulika
"[GENERAL_NOUN_PLURAL] mean, stingy persons",abatulika
"[GENERAL_NOUN] heart, mind",omutuma
"[GENERAL_NOUN_PLURAL] heart, minds",abatuma
"[GENERAL_NOUN] corpse, carcass",omutumbi
"[GENERAL_NOUN_PLURAL] corpse, carcasses",abatumbi
"[GENERAL_NOUN] messenger, apostle",omutumwa
"[GENERAL_NOUN_PLURAL] messenger, apostles",abatumwa
[GENERAL_NOUN] trouble causer,omutuntuzi
[GENERAL_NOUN_PLURAL] trouble causers,abatuntuzi
"[GENERAL_NOUN] copper sulphate, bluestone",omuturuturu
"[GENERAL_NOUN_PLURAL] copper sulphate, bluestones",abaturuturu
"[GENERAL_NOUN] voracity, greed",omutuubo
"[GENERAL_NOUN_PLURAL] voracity, greeds",abatuubo
"[GENERAL_NOUN] heap, pile",omutuumo
"[GENERAL_NOUN_PLURAL] heap, piles",abatuumo
"[GENERAL_NOUN] bundle, ten thousand",omutwaro
"[GENERAL_NOUN_PLURAL] bundle, ten thousands",abatwaro
"[GENERAL_NOUN] favouritism, partiality",omutyagiro
"[GENERAL_NOUN_PLURAL] favouritism, partialities",abatyagiro
[GENERAL_NOUN] salt,omuunyo
[GENERAL_NOUN_PLURAL] salts,abaunyo
[GENERAL_NOUN] good white salt,omuunyu
[GENERAL_NOUN_PLURAL] good white salts,abaunyu
[TRANSPORT_NOUN] driver,omuvugi
[TRANSPORT_NOUN_PLURAL] drivers,abavugi
[GENERAL_NOUN] partly dried things,omuyaajwa
[GENERAL_NOUN_PLURAL] partly dried thingses,abayaajwa
[HEALTH_AND_MEDICINE_NOUN] pleura-pneumonia,omuyebe
[HEALTH_AND_MEDICINE_NOUN_PLURAL] pleura-pneumonias,abayebe
[GENERAL_NOUN] mango fruit/tree,omuyembe
[GENERAL_NOUN_PLURAL] mango fruit/trees,abayembe
[GENERAL_NOUN] a Greek,omuyonaani
[GENERAL_NOUN_PLURAL] Greeks,abayonaani
"[GENERAL_NOUN] female slave, servant, maid",omuzaana
"[GENERAL_NOUN_PLURAL] female slave, servant, maids",abazaana
"[GENERAL_NOUN] game, amusement, sport, play",omuzaano
"[GENERAL_NOUN_PLURAL] game, amusement, sport, plays",abazaano
[GENERAL_NOUN] habit,omuze
[GENERAL_NOUN_PLURAL] habits,abaze
[GENERAL_NOUN] olive tree,omuzeituni/omuzaituuni
[GENERAL_NOUN_PLURAL] olive trees,abazeituni/omuzaituuni
[GENERAL_NOUN] first born child,omuzigaijo
[GENERAL_NOUN_PLURAL] first born childs,abazigaijo
[GENERAL_NOUN] drum stick,omuzigiso
[GENERAL_NOUN_PLURAL] drum sticks,abazigiso
[GENERAL_NOUN] swimmer,omuzihi
[GENERAL_NOUN_PLURAL] swimmers,abazihi
[GENERAL_NOUN] one who buries another,omuziiki
[GENERAL_NOUN_PLURAL] one who buries anothers,abaziiki
"[ART_AND_ENTERTAINMENT_NOUN] dancer, singer",omuzini
"[ART_AND_ENTERTAINMENT_NOUN_PLURAL] dancer, singers",abazini
[GENERAL_NOUN] collector of market dues,omuzinisa
[GENERAL_NOUN_PLURAL] collector of market dueses,abazinisa
"[GENERAL_NOUN] raider, murderer",omuzinzi
"[GENERAL_NOUN_PLURAL] raider, murderers",abazinzi
[GENERAL_NOUN] fragile thing,omuzirakugwa
[GENERAL_NOUN_PLURAL] fragile things,abazirakugwa
[GENERAL_NOUN] back tendon,omuzisa
[GENERAL_NOUN_PLURAL] back tendons,abazisa
[GENERAL_NOUN] large pumpkin,omuzizima
[GENERAL_NOUN_PLURAL] large pumpkins,abazizima
[GENERAL_NOUN] at their place,omwabo
[GENERAL_NOUN_PLURAL] at their places,ababo
[GENERAL_NOUN] at their place,omwabyo
[GENERAL_NOUN_PLURAL] at their places,ababyo
[GENERAL_NOUN] at its place,omwagwo
[GENERAL_NOUN_PLURAL] at its places,abagwo
[GENERAL_NOUN] tiny bunch of bananas,omwahuko
[GENERAL_NOUN_PLURAL] tiny bunch of bananases,abahuko
"[GENERAL_NOUN] clergyman,'pastor, priest C.O.U",omwahule
"[GENERAL_NOUN_PLURAL] clergyman,'pastor, priest C.O.Us",abahule
[GENERAL_NOUN] year,omwaka
[GENERAL_NOUN_PLURAL] years,abaka
[GENERAL_NOUN] at its place,omwako
[GENERAL_NOUN_PLURAL] at its places,abako
[GENERAL_NOUN] unbaked cooking-pot,omwali
[GENERAL_NOUN_PLURAL] unbaked cooking-pots,abali
[GENERAL_NOUN] at its place,omwaryo
[GENERAL_NOUN_PLURAL] at its places,abaryo
"[GENERAL_NOUN] arrow, cartridge",omwambi
"[GENERAL_NOUN_PLURAL] arrow, cartridges",abambi
[GENERAL_NOUN] ferryman,omwambuzi
[GENERAL_NOUN_PLURAL] ferrymans,abambuzi
[GOVERNANCE_AND_ADMINISTRATION_NOUN] the king's laundry-man,omwamura
[GOVERNANCE_AND_ADMINISTRATION_NOUN_PLURAL] king's laundry-mans,abamura
"[GENERAL_NOUN] idler, loiterer",omwandaazi
"[GENERAL_NOUN_PLURAL] idler, loiterers",abandaazi
[GENERAL_NOUN] flat stone or rock,omwandara
[GENERAL_NOUN_PLURAL] flat stone or rocks,abandara
"[GENERAL_NOUN] ravine, deep valley",omwanga
"[GENERAL_NOUN_PLURAL] ravine, deep valleys",abanga
[GENERAL_NOUN] house without partitions,omwangaara
[GENERAL_NOUN_PLURAL] house without partitionses,abangaara
[GENERAL_NOUN] at my place,omwange
[GENERAL_NOUN_PLURAL] at my places,abange
"[GENERAL_NOUN] quick, rash person",omwanguhi
"[GENERAL_NOUN_PLURAL] quick, rash persons",abanguhi
[NATURE_AND_ENVIRONMENT_NOUN] coffee shrub or berry,omwani
[NATURE_AND_ENVIRONMENT_NOUN_PLURAL] coffee shrub or berries,abani
"[GENERAL_NOUN] space, room, opportunity, leisure",omwanya
"[GENERAL_NOUN_PLURAL] space, room, opportunity, leisures",abanya
[GENERAL_NOUN] at your place,omwanyu
[GENERAL_NOUN_PLURAL] at your places,abanyu
[GENERAL_NOUN] at their place,omwatwo
[GENERAL_NOUN_PLURAL] at their places,abatwo
[GENERAL_NOUN] at your place,omwawe
[GENERAL_NOUN_PLURAL] at your places,abawe
"[GENERAL_NOUN] marauder, raider, petty thief",omwayi
"[GENERAL_NOUN_PLURAL] marauder, raider, petty thiefs",abayi
[GENERAL_NOUN] at its place,omwayo
[GENERAL_NOUN_PLURAL] at its places,abayo
[GENERAL_NOUN] at their place,omwazo
[GENERAL_NOUN_PLURAL] at their places,abazo
[GENERAL_NOUN] at his place,omwe
[GENERAL_NOUN_PLURAL] at his places,abe
"[GENERAL_NOUN] guide, leader",omwebembezi
"[GENERAL_NOUN_PLURAL] guide, leaders",abebembezi
"[EDUCATION_AND_LEARNING_NOUN] learner, beginner",omwega
"[EDUCATION_AND_LEARNING_NOUN_PLURAL] learner, beginners",abega
[GENERAL_NOUN] careful person,omwegendereza
[GENERAL_NOUN_PLURAL] careful persons,abegendereza
"[GENERAL_NOUN] cloak, robe",omwegereko
"[GENERAL_NOUN_PLURAL] cloak, robes",abegereko
[EDUCATION_AND_LEARNING_NOUN] teacher,omwegesa
[EDUCATION_AND_LEARNING_NOUN_PLURAL] teachers,abegesa
"[EDUCATION_AND_LEARNING_NOUN] learner, pupil, disciple, scholar",omwegesibwa
"[EDUCATION_AND_LEARNING_NOUN_PLURAL] learner, pupil, disciple, scholars",abegesibwa
[GENERAL_NOUN] clown,omwegingi
[GENERAL_NOUN_PLURAL] clowns,abegingi
"[GENERAL_NOUN] boaster, braggart, selfish",omwehaahizi/ omwepanki
"[GENERAL_NOUN_PLURAL] boaster, braggart, selfishes",abehaahizi/ omwepanki
"[GENERAL_NOUN] proud person, conceited person",omwehulizi
"[GENERAL_NOUN_PLURAL] proud person, conceited persons",abehulizi
"[GENERAL_NOUN] diligent person, hard working",omwekambi
"[GENERAL_NOUN_PLURAL] diligent person, hard workings",abekambi
"[GENERAL_NOUN] girdle, belt",omweko
"[GENERAL_NOUN_PLURAL] girdle, belts",abeko
"[GENERAL_NOUN] pilferer, thief",omwekomakomi
"[GENERAL_NOUN_PLURAL] pilferer, thiefs",abekomakomi
"[GENERAL_NOUN] proud, scornful person",omwekuniki
"[GENERAL_NOUN_PLURAL] proud, scornful persons",abekuniki
"[GENERAL_NOUN] rebel, traitor",omwemi
"[GENERAL_NOUN_PLURAL] rebel, traitors",abemi
"[GENERAL_NOUN] oppressor, bully",omwendereza
"[GENERAL_NOUN_PLURAL] oppressor, bullies",abendereza
"[GENERAL_NOUN] boaster, one who appreciates",omwenyumirizi
"[GENERAL_NOUN_PLURAL] boaster, one who appreciateses",abenyumirizi
[GENERAL_NOUN] sex minded person; lustful,omwenzi
[GENERAL_NOUN_PLURAL] sex minded person; lustfuls,abenzi
[GENERAL_NOUN] bishop,omwepiskopi
[GENERAL_NOUN_PLURAL] bishops,abepiskopi
"[GENERAL_NOUN] rebel, disobedient person",omwereme
"[GENERAL_NOUN_PLURAL] rebel, disobedient persons",abereme
"[GENERAL_NOUN] bullying, scornful person",omwerengerezi
"[GENERAL_NOUN_PLURAL] bullying, scornful persons",aberengerezi
"[HEALTH_AND_MEDICINE_NOUN] bullying, ill treatment",omwerengerro
"[HEALTH_AND_MEDICINE_NOUN_PLURAL] bullying, ill treatments",aberengerro
"[GENERAL_NOUN] modest, careful, sober-minded person",omwerinzi
"[GENERAL_NOUN_PLURAL] modest, careful, sober-minded persons",aberinzi
"[GENERAL_NOUN] plenty, abundance, cheapness",omweru/omwero
"[GENERAL_NOUN_PLURAL] plenty, abundance, cheapnesses",aberu/omwero
[GENERAL_NOUN] suppliant,omwesengerezi
[GENERAL_NOUN_PLURAL] suppliants,abesengerezi
[GENERAL_NOUN] self styled tenant,omwesengeze
[GENERAL_NOUN_PLURAL] self styled tenants,abesengeze
"[GENERAL_NOUN] faithful, trustworthy person",omwesigwa
"[GENERAL_NOUN_PLURAL] faithful, trustworthy persons",abesigwa
[GENERAL_NOUN] boardgame with beads,omweso
[GENERAL_NOUN_PLURAL] boardgame with beadses,abeso
"[GENERAL_NOUN] intruder, interloper",omwetaahirizi
"[GENERAL_NOUN_PLURAL] intruder, interlopers",abetaahirizi
"[GENERAL_NOUN] busy body, interfering person",omwetabi
"[GENERAL_NOUN_PLURAL] busy body, interfering persons",abetabi
"[GENERAL_NOUN] good-natured, easy-going person",omwetebeekezi
"[GENERAL_NOUN_PLURAL] good-natured, easy-going persons",abetebeekezi
[GENERAL_NOUN] sash or belt,omweteegero
[GENERAL_NOUN_PLURAL] sash or belts,abeteegero
[GENERAL_NOUN] sensible person,omwetegereza
[GENERAL_NOUN_PLURAL] sensible persons,abetegereza
[GENERAL_NOUN] a handy person,omwetoozitoozi
[GENERAL_NOUN_PLURAL] handy persons,abetoozitoozi
"[GENERAL_NOUN] carrier, porter",omwetweki
"[GENERAL_NOUN_PLURAL] carrier, porters",abetweki
[GENERAL_NOUN] one who shows off,omweyoleki
[GENERAL_NOUN_PLURAL] one who shows offs,abeyoleki
[GENERAL_NOUN] round about,omwezigorro
[GENERAL_NOUN_PLURAL] round abouts,abezigorro
[GENERAL_NOUN] harvest big harvest,omwezo
[GENERAL_NOUN_PLURAL] harvest big harvests,abezo
"[GENERAL_NOUN] thief, robber",omwibi
"[GENERAL_NOUN_PLURAL] thief, robbers",abibi
[GENERAL_NOUN] salt water,omwifooro
[GENERAL_NOUN_PLURAL] salt waters,abifooro
[GENERAL_NOUN] deaf person,omwigazi w'amatu
[GENERAL_NOUN_PLURAL] deaf persons,abigazi w'amatu
[GENERAL_NOUN] rain-maker,omwigi w'enjura
[GENERAL_NOUN_PLURAL] rain-makers,abigi w'enjura
"[GENERAL_NOUN] stick, walking-stick, rod",omwigo
"[GENERAL_NOUN_PLURAL] stick, walking-stick, rods",abigo
[GENERAL_NOUN] first born,omwiguranda
[GENERAL_NOUN_PLURAL] first borns,abiguranda
"[GENERAL_NOUN] satisfaction, repletion",omwiguto
"[GENERAL_NOUN_PLURAL] satisfaction, repletions",abiguto
[GENERAL_NOUN] toothless person,omwihuki w'amaino
[GENERAL_NOUN_PLURAL] toothless persons,abihuki w'amaino
"[GENERAL_NOUN] descendant, grandchild",omwijukuru
"[GENERAL_NOUN_PLURAL] descendant, grandchilds",abijukuru
[GENERAL_NOUN] the one who reminds,omwijukya
[GENERAL_NOUN_PLURAL] one who remindses,abijukya
"[GENERAL_NOUN] deluge, flood",omwijuzo
"[GENERAL_NOUN_PLURAL] deluge, floods",abijuzo
"[GENERAL_NOUN] smoke, air, gas, breath",omwika
"[GENERAL_NOUN_PLURAL] smoke, air, gas, breaths",abika
[GENERAL_NOUN] the one who outstays,omwikalirizi
[GENERAL_NOUN_PLURAL] one who outstayses,abikalirizi
"[GENERAL_NOUN] miserly, selfish, grudging person",omwimi
"[GENERAL_NOUN_PLURAL] miserly, selfish, grudging persons",abimi
[GENERAL_NOUN] agitator,omwimukirizi
[GENERAL_NOUN_PLURAL] agitators,abimukirizi
"[GENERAL_NOUN] darkness, problems",omwirima
"[GENERAL_NOUN_PLURAL] darkness, problemses",abirima
"[GENERAL_NOUN] servant, peasant",omwiru
"[GENERAL_NOUN_PLURAL] servant, peasants",abiru
"[GENERAL_NOUN] bondservant, slave",omwirurubaale
"[GENERAL_NOUN_PLURAL] bondservant, slaves",abirurubaale
"[GENERAL_NOUN] runner, fugitive",omwiruki
"[GENERAL_NOUN_PLURAL] runner, fugitives",abiruki
"[GENERAL_NOUN] a killer, a murderer",omwisi
"[GENERAL_NOUN_PLURAL] killer, a murderers",abisi
"[TRANSPORT_NOUN] fordable river, landing-place, harbour",omwogo
"[TRANSPORT_NOUN_PLURAL] fordable river, landing-place, harbours",abogo
[GENERAL_NOUN] one who roasts; incendiary,omwoki
[GENERAL_NOUN_PLURAL] one who roasts; incendiaries,aboki
"[GENERAL_NOUN] show, exhibition",omwoleko
"[GENERAL_NOUN_PLURAL] show, exhibitions",aboleko
[GENERAL_NOUN] metal bar,omwoma
[GENERAL_NOUN_PLURAL] metal bars,aboma
"[GENERAL_NOUN] disobliging, disagreeable person",omwomi
"[GENERAL_NOUN_PLURAL] disobliging, disagreeable persons",abomi
"[GENERAL_NOUN] spirit, soul",omwoyo
"[GENERAL_NOUN_PLURAL] spirit, souls",aboyo
[GENERAL_NOUN] hailstone,orubaale
[GENERAL_NOUN_PLURAL] hailstones,embaale
[GENERAL_NOUN] banana leaf,orubabi
[GENERAL_NOUN_PLURAL] banana leafs,embabi
[GENERAL_NOUN] hot thing,orubabu
[GENERAL_NOUN_PLURAL] hot things,embabu
[GENERAL_NOUN] side,orubaju
[GENERAL_NOUN_PLURAL] sides,embaju
"[GENERAL_NOUN] elephant grass, Pennisetum-Purpureum",orubingo
"[GENERAL_NOUN_PLURAL] elephant grass, Pennisetum-Purpureums",embingo
[NATURE_AND_ENVIRONMENT_NOUN] hot spring,orubiga
[NATURE_AND_ENVIRONMENT_NOUN_PLURAL] hot springs,embiga
[GENERAL_NOUN] German language,orudaaki
[GENERAL_NOUN_PLURAL] German languages,endaaki
[GENERAL_NOUN] French language,orufaransa
[GENERAL_NOUN_PLURAL] French languages,enfaransa
[STORYTELLING_AND_NARRATIVES_NOUN] proverb,orufumo
[STORYTELLING_AND_NARRATIVES_NOUN_PLURAL] proverbs,enfumo
[GENERAL_NOUN] spiral wire bracelet,orugagara
[GENERAL_NOUN_PLURAL] spiral wire bracelets,engagara
"[GENERAL_NOUN] rumours, baseless talk",orugambo
"[GENERAL_NOUN_PLURAL] rumours, baseless talks",engambo
"[GENERAL_NOUN] a story, a tale",oruganikyo
"[GENERAL_NOUN_PLURAL] story, a tales",enganikyo
[GENERAL_NOUN] umbilical,orulera
[GENERAL_NOUN_PLURAL] umbilicals,endera
"[GENERAL_NOUN] couch grass, guinea grass",orumbugu
"[GENERAL_NOUN_PLURAL] couch grass, guinea grasses",enmbugu
[GENERAL_NOUN] English language,orungereza
[GENERAL_NOUN_PLURAL] English languages,enngereza
[GENERAL_NOUN] tomato,orunyaanya
[GENERAL_NOUN_PLURAL] tomatos,ennyaanya
[GENERAL_NOUN] language of the Banyankore,orunyankore
[GENERAL_NOUN_PLURAL] language of the Banyankores,ennyankore
[GENERAL_NOUN] language of the Banyoro,orunyoro
[GENERAL_NOUN_PLURAL] language of the Banyoros,ennyoro
[GENERAL_NOUN] paper,orupapura
[GENERAL_NOUN_PLURAL] papers,empapura
"[GENERAL_NOUN] journey, trip",orugendo
"[GENERAL_NOUN_PLURAL] journey, trips",engendo
[GENERAL_NOUN] joint,orugingo
[GENERAL_NOUN_PLURAL] joints,engingo
[GENERAL_NOUN] ankle bell,orujogera
[GENERAL_NOUN_PLURAL] ankle bells,enjogera
[GENERAL_NOUN] a banana plantation,orugonjo
[GENERAL_NOUN_PLURAL] banana plantations,engonjo
[GENERAL_NOUN] water reed,orugoro
[GENERAL_NOUN_PLURAL] water reeds,engoro
[GENERAL_NOUN] cloth,orugoye
[GENERAL_NOUN_PLURAL] cloths,engoye
[GENERAL_NOUN] piece of broken pot,oruguhyo
[GENERAL_NOUN_PLURAL] piece of broken pots,enguhyo
[GENERAL_NOUN] bladder,oruhago
[GENERAL_NOUN_PLURAL] bladders,enhago
[GENERAL_NOUN] journey,oruhanda
[GENERAL_NOUN_PLURAL] journeys,enhanda
[GENERAL_NOUN] skull,oruhanga
[GENERAL_NOUN_PLURAL] skulls,enhanga
[GENERAL_NOUN] bald head,oruhara
[GENERAL_NOUN_PLURAL] bald heads,enhara
[GENERAL_NOUN] public labour in shifts,oruharo
[GENERAL_NOUN_PLURAL] public labour in shiftses,enharo
[GENERAL_NOUN] red ant,oruhazi
[GENERAL_NOUN_PLURAL] red ants,enhazi
[GENERAL_NOUN] Hebrew,oruheeburaniya
[GENERAL_NOUN_PLURAL] Hebrews,enheeburaniya
"[GENERAL_NOUN] grain ,bead for rosary",oruheke
"[GENERAL_NOUN_PLURAL] grain ,bead for rosaries",enheke
[GENERAL_NOUN] language of the Bahima,oruhitna
[GENERAL_NOUN_PLURAL] language of the Bahimas,enhitna
[GENERAL_NOUN] mist,oruho
[GENERAL_NOUN_PLURAL] mists,enho
[GENERAL_NOUN] language of the Bahororoai,oruhororo
[GENERAL_NOUN_PLURAL] language of the Bahororoais,enhororo
"[GENERAL_NOUN] skin, hide leather",oruhu
"[GENERAL_NOUN_PLURAL] skin, hide leathers",enhu
[GENERAL_NOUN] mould,oruhumbo
[GENERAL_NOUN_PLURAL] moulds,enhumbo
[GENERAL_NOUN] swamp grass,oruhunda
[GENERAL_NOUN_PLURAL] swamp grasses,enhunda
[GENERAL_NOUN] German language,orujamani
[GENERAL_NOUN_PLURAL] German languages,enjamani
[GENERAL_NOUN] Japanese language,orujapaani
[GENERAL_NOUN_PLURAL] Japanese languages,enjapaani
[GENERAL_NOUN] grey hair,oruju
[GENERAL_NOUN_PLURAL] grey hairs,enju
[GENERAL_NOUN] thicket with thorns,orukaiga
[GENERAL_NOUN_PLURAL] thicket with thornses,enkaiga
[GENERAL_NOUN] line,orukarra
[GENERAL_NOUN_PLURAL] lines,enkarra
[GENERAL_NOUN] language of the Bakiga,orukiga
[GENERAL_NOUN_PLURAL] language of the Bakigas,enkiga
[GENERAL_NOUN] curtain,orukingi
[GENERAL_NOUN_PLURAL] curtains,enkingi
"[GENERAL_NOUN] belt, rubber straps",orukoba
"[GENERAL_NOUN_PLURAL] belt, rubber strapses",enkoba
[GENERAL_NOUN] eye-lash,orukohe
[GENERAL_NOUN_PLURAL] eye-lashes,enkohe
[GENERAL_NOUN] eye-lash,orukohi
[GENERAL_NOUN_PLURAL] eye-lashes,enkohi
[GENERAL_NOUN] fence,orukomera
[GENERAL_NOUN_PLURAL] fences,enkomera
[GENERAL_NOUN] type of pea,orukoole
[GENERAL_NOUN_PLURAL] type of peas,enkoole
[GENERAL_NOUN] big black ant,orukorooto
[GENERAL_NOUN_PLURAL] big black ants,enkorooto
[GENERAL_NOUN] stick of firewood,oruku
[GENERAL_NOUN_PLURAL] stick of firewoods,enku
[GENERAL_NOUN] finger,orukumu
[GENERAL_NOUN_PLURAL] fingers,enkumu
"[GENERAL_NOUN] meeting, council",orukurato
"[GENERAL_NOUN_PLURAL] meeting, councils",enkurato
[GENERAL_NOUN] permission,orukusa
[GENERAL_NOUN_PLURAL] permissions,enkusa
[GENERAL_NOUN] pigeon pea,orukuuku
[GENERAL_NOUN_PLURAL] pigeon peas,enkuuku
[GENERAL_NOUN] millet grain,oruro
[GENERAL_NOUN_PLURAL] millet grains,endo
[GENERAL_NOUN] permission,orusa
[GENERAL_NOUN_PLURAL] permissions,ensa
[GENERAL_NOUN] backyard of the house,orusansabagi
[GENERAL_NOUN_PLURAL] backyard of the houses,ensansabagi
"[GENERAL_NOUN] sucking vessel, straw",oruseke
"[GENERAL_NOUN_PLURAL] sucking vessel, straws",enseke
[HEALTH_AND_MEDICINE_NOUN] measles,oruseru
[HEALTH_AND_MEDICINE_NOUN_PLURAL] measleses,enseru
[GENERAL_NOUN] inner room,orusiika
[GENERAL_NOUN_PLURAL] inner rooms,ensiika
[GENERAL_NOUN] castor oil tree,orusoga
[GENERAL_NOUN_PLURAL] castor oil trees,ensoga
[EDUCATION_AND_LEARNING_NOUN] school term,orusoma
[EDUCATION_AND_LEARNING_NOUN_PLURAL] school terms,ensoma
"[GENERAL_NOUN] hill, mountain",orusozi
"[GENERAL_NOUN_PLURAL] hill, mountains",ensozi
[GENERAL_NOUN] roof,orusu
[GENERAL_NOUN_PLURAL] roofs,ensu
[GENERAL_NOUN] altar,orutaali
[GENERAL_NOUN_PLURAL] altars,entaali
[GENERAL_NOUN] stride. step,orutambo
[GENERAL_NOUN_PLURAL] stride. steps,entambo
[GENERAL_NOUN] curtain,orutimbe
[GENERAL_NOUN_PLURAL] curtains,entimbe
[GENERAL_NOUN] language of the Batooro,orutooro
[GENERAL_NOUN_PLURAL] language of the Batooros,entooro
[GENERAL_NOUN] Greek,oruyonaani
[GENERAL_NOUN_PLURAL] Greeks,enyonaani
[GENERAL_NOUN] Hebrew,oruyudaaya
[GENERAL_NOUN_PLURAL] Hebrews,enyudaaya
"[GENERAL_NOUN] birth, getting children, production",oruzaaro
"[GENERAL_NOUN_PLURAL] birth, getting children, productions",enzaaro
[COMMON_ANIMALS_NOUN] locust,oruzige
[COMMON_ANIMALS_NOUN_PLURAL] locusts,enzige
[GENERAL_NOUN] a maggot,oruzito
[GENERAL_NOUN_PLURAL] maggots,enzito
"[GENERAL_NOUN] lowers, flowering stage",orwakyo
"[GENERAL_NOUN_PLURAL] lowers, flowering stages",enakyo
[GENERAL_NOUN] mine,orwange
[GENERAL_NOUN_PLURAL] mines,enange
[GENERAL_NOUN] presence of many people,orwato/orwatu
[GENERAL_NOUN_PLURAL] presence of many peoples,enato/orwatu
[GENERAL_NOUN] familiarity,orwemanyiisirize
[GENERAL_NOUN_PLURAL] familiarities,enemanyiisirize
[GENERAL_NOUN] living room,orwemo
[GENERAL_NOUN_PLURAL] living rooms,enemo
"[GENERAL_NOUN] plain place, clear ground",orwerere
"[GENERAL_NOUN_PLURAL] plain place, clear grounds",enerere
[GENERAL_NOUN] vocation,orweto
[GENERAL_NOUN_PLURAL] vocations,eneto
"[GENERAL_NOUN] bountiful harvest, fertility",orwezo
"[GENERAL_NOUN_PLURAL] bountiful harvest, fertilities",enezo
[GENERAL_NOUN] door,orwigi
[GENERAL_NOUN_PLURAL] doors,enigi
[GENERAL_NOUN] Italian language,orwitale
[GENERAL_NOUN_PLURAL] Italian languages,enitale
[GENERAL_NOUN] burning embers,orwogootooto
[GENERAL_NOUN_PLURAL] burning emberses,enogootooto
[GENERAL_NOUN] goodbye,otaasane
[GENERAL_NOUN] thank yuo very much,otyo muno!
[GENERAL_NOUN] tell me,otyo!
"[GENERAL_NOUN] wise, cleverperson",owaamagezi
"[GENERAL_NOUN] wonder-worker, conjurer, magician",owaamasano
[GENERAL_NOUN] poor person,owaamaseege
[GENERAL_NOUN] deep down,owalegalege
[GENERAL_NOUN] brother or sister,owanyina
[GENERAL_NOUN] placenta after birth,owaanyuma
"[COMMON_ANIMALS_NOUN] cattle keeper, herdsman",owente
[GENERAL_NOUN] jelous/bad hearted,owihali
[GENERAL_NOUN] debtor,owibanja
[GOVERNANCE_AND_ADMINISTRATION_NOUN] county chief,owiisaza
"[GENERAL_NOUN] marksman, goodshot",owiltomo
[GENERAL_NOUN] city dweller,owoomurubuga
"[GENERAL_NOUN] relation, kinsman",owoomuruganda
[GOVERNANCE_AND_ADMINISTRATION_NOUN] parish chief,owoomuruka
[GENERAL_NOUN] citizen,owoomwihanga
[GENERAL_NOUN] walking hurriedly and excitedly,otakincwa
[POLITICS_AND_CURRENT_AFFAIRS_NOUN] prime minister,owekitinisa
[GOVERNANCE_AND_ADMINISTRATION_NOUN] sub-county chief,ow'igomborra
[GOVERNANCE_AND_ADMINISTRATION_NOUN] county chief,ow'isaza
[GOVERNANCE_AND_ADMINISTRATION_NOUN] parish chief,ow'omuruka
[GENERAL_NOUN] a clans person,ow'oruganda
[GENERAL_NOUN] pope,paap
[GENERAL_NOUN] intensive with,paapai
"[GENERAL_VERB] to chatter, speak carelessly",paipya
[ECONOMICS_AND_COMMERCE_VERB] to work for wages,Pakasa
[GENERAL_NOUN] See: MAISHO-ANA,pukonyo
[GENERAL_ADJ] a sip of something,poosi
[GENERAL_NOUN] hinge,pata
[GENERAL_NOUN] cotton,pamba
"[GENERAL_VERB] to deny, refuse",pampa
[GENERAL_VERB] to meet unexpectedly,pamparana
"[GENERAL_VERB] to rent, hire",pangisa
[GENERAL_NOUN] quickly and roughly,paku
[GENERAL_NOUN] quickly roughly,pakupaku
"[GENERAL_VERB] to flap wings, flutter",papamuka
[GENERAL_NOUN] chisel,pataasi
[GENERAL_VERB] to be very bitter,peepeepe
"[GENERAL_VERB] to gnaw, crunch",pekenya
[GENERAL_VERB] to fan,piipiza
"[GENERAL_VERB] to measure, weigh",pima
"[GENERAL_VERB] to shake, shiver, tremble",pipira
[GENERAL_NOUN] pepper,piripiri
[GENERAL_NOUN] police,poliisi
[GENERAL_NOUN] post office,poositoofiisi
[GENERAL_NOUN] food/ maize flour,poso
"[GENERAL_NOUN] unaware, suddenly unexpectedly",puku
[GENERAL_NOUN] unexpected visitor,pukunapuku
[GENERAL_NOUN] intensive with,pukupuku
"[GENERAL_NOUN] fright, terror, panic",pumpu
[GENERAL_VERB] to pluck,puucura
[TRANSPORT_NOUN] petrol,peterooli
[TRANSPORT_NOUN] motorcycle,piki-piki
[GENERAL_NOUN] barrel,pipa
[GENERAL_NOUN] enchery dark,poopoopo
[GENERAL_NOUN] plan,puraani
[GENERAL_ADV] at once and unexpected,puku na puku
[GENERAL_VERB] see .omubara,ibura
[GENERAL_NOUN] elephant grass. Pennies-Wm purpureum,kibiogo
"[GENERAL_NOUN] -, papyrus. Cyp erus·papyn",kifunj
[GENERAL_NOUN] otnugeye,mucence
[NATURE_AND_ENVIRONMENT_NOUN] Acacia stenoca1pa. See orugaodo,mugando
[GENERAL_NOUN] large thorny tree,mugarama
[GENERAL_NOUN] Fagara spp. See omutatembwa,mugwamabere
[GENERAL_NOUN] omunywamaizi,mubangabagenzi
[GENERAL_NOUN] cassava,muhogo
"[NATURE_AND_ENVIRONMENT_NOUN] , a forest tree",muhorro
[GENERAL_NOUN] teganotaenia ara!Tacea. See omultamagwenjojo,mubotora
[GENERAL_NOUN] Chrysosphyllum albidum. See onmruuru,muhumburya
[GENERAL_NOUN] a tree resembling omubimba,mujana
[GENERAL_NOUN] Hymenocardia acida. See omutabwankubebe,mukanaga
[GENERAL_NOUN] Borassus tlabellifer,mukooga
[GENERAL_NOUN] Pterygota.sp. See omukoko,mukogoto
[GENERAL_NOUN] Desplatzia sp.(undescribed). Glyphana lateriflora,mukoma
"[GENERAL_NOUN] , =fo reg",mukomakahanga
[GENERAL_NOUN] Balanites Wilsoniana. See orukoyo,mukunga
[NATURE_AND_ENVIRONMENT_NOUN] Mahogany. Entandrophragma angolense,mukusu
[GENERAL_NOUN] tree fem. Cyathea dregei,mulere
[GENERAL_NOUN] Mimusops sp,muma
[GENERAL_NOUN] Symphonia gabonensis.See cnkwasi,munyankwasi
[GENERAL_NOUN] bamboo. Arudianaria alpina,museke
[GENERAL_NOUN] raffia palm,muswale
[GENERAL_NOUN] wild coffee. Coffea eugniodes.C.Rubusta,mwani
[NATURE_AND_ENVIRONMENT_NOUN] any long straigbt-spined acacia,mweramaino
[NATURE_AND_ENVIRONMENT_NOUN] Mahogany.Enrandraphragma cylindrium,mwikalirwangeye
[GENERAL_VERB] to live on,raagira
[GENERAL_NOUN] leave a curse,raaka
"[GENERAL_VERB] to sit on(eggs), brood",raara
[GENERAL_VERB] come to an end,raaruka
[GENERAL_NOUN] pound (pound),raatiri
"[GENERAL_NOUN] track to lair, reconnoitre",raaza
"[GENERAL_VERB] to be sharp, smart",rabukya
"[GENERAL_VERB] to covenant together, agree",ragaana
"[GENERAL_VERB] to promise, covenant with",raganiza
"[GENERAL_VERB] to drop, fall",ragara
[GENERAL_VERB] to sound,raha
"[GENERAL_VERB] to swear, vow",rahira
[GENERAL_VERB] to do very quickly,rahukiriza
[GENERAL_VERB] to provoke,rabura
"[GENERAL_VERB] to be high, tall",raiba
[GENERAL_NOUN] long,raira
[GENERAL_NOUN] lick,ramba
[GENERAL_VERB] to attack,rambaara
[GENERAL_VERB] to lie down,rambiira
[GENERAL_NOUN] stretch out,rambuura
"[GENERAL_VERB] to salute, greet",ramukya
[GENERAL_VERB] to spin out,randagataniza
"[GENERAL_VERB] to be torn, broken",randuka
[GENERAL_VERB] to knock over,rangaalika
[GENERAL_NOUN] spread,rangaana
"[GENERAL_NOUN] colour, dye, paint",rangi
[GENERAL_VERB] to announce to,rangira
[GENERAL_VERB] to tear,ranjura
[GENERAL_VERB] to look up,rarama
[GENERAL_VERB] to scatter.waste,rarangya
[GENERAL_NOUN] ; to be independent,raruka
"[GENERAL_VERB] to draw bow,shoot at",rasa
[GENERAL_VERB] to see far off,leeba
"[GENERAL_VERB] to unstring, get loose",leeguka
[GENERAL_VERB] to shine,leenya
"[GENERAL_NOUN] so, now, well",leero
[GENERAL_VERB] to accuse secretly,lega
"[GENERAL_NOUN] fix, ready for grinding",legeka
[GENERAL_VERB] to compensate,lehera
[GENERAL_VERB] to fine,lehesa
"[GENERAL_VERB] to be equal, draw",lemagana
"[GENERAL_VERB] to comfort, soothe",lembeerra
[GENERAL_VERB] to make heavy burden,lemeeza
[GENERAL_VERB] to compare with,lengasiniza
"[GENERAL_VERB] to be suspended, hang",lengiija
[GENERAL_NOUN] dangle,lengiiza
[GENERAL_NOUN] pass. of lenga,lengwa
[GENERAL_VERB] to be turned up,lerembuka
[GENERAL_VERB] to turn up,lerembura
[GENERAL_VERB] to be satsified,lerembya
"[GENERAL_VERB] to trample, tread",libatiira
[GENERAL_VERB] to lick,ligasa
"[GENERAL_VERB] to play, frolic, spar",liikana
"[GENERAL_VERB] to share, be partners",liraine
[GENERAL_NOUN] silk,liri
"[GENERAL_VERB] to feed, herd",liisa
[GENERAL_NOUN] creator,liiso likooto
"[GENERAL_VERB] to dig, to cultivate",lima
"[GENERAL_VERB] to cover up, protect",liroba
"[GENERAL_VERB] to find out, discover",limbuura
[GENERAL_VERB] to wait for,lindiirra
"[GENERAL_VERB] to keep waiting, wait",lindiriza
"[GENERAL_VERB] to peep, peer",linguza
[GENERAL_NOUN] weep over,liriira
[GENERAL_VERB] to make weep,liza
[GENERAL_NOUN] scared royal spear,rihango
"[GENERAL_NOUN] dove, pigeon",riiba
"[GENERAL_NOUN] den, hole",riina
[GENERAL_NOUN] tooth,riino
[GENERAL_NOUN] iziga,riizi
"[GENERAL_NOUN] dirty, filthy",rofu
"[GENERAL_VERB] to gossip, chatter",rogoisibwa
[GENERAL_VERB] to be quenched,rohooka
[GENERAL_VERB] to quench (thirst),roboora
[GENERAL_VERB] to choke,rokana
"[GENERAL_NOUN] gaze, stare",roleereza
[GENERAL_VERB] to be visible,roleka
[GENERAL_VERB] to be transparent,rolekana
[GENERAL_NOUN] grow,romba
"[GENERAL_VERB] to blame unceasingly, quarrelsome",ronda
[GENERAL_VERB] to walk wanderingly,rondogora
[GENERAL_VERB] to gossip,rondogorwa
[GENERAL_VERB] to follow a trail,ronza
[GENERAL_VERB] to pulsate,rooka
[GENERAL_NOUN] lorry,roole
"[GENERAL_VERB] to be clear, transparent",roorraana
[GENERAL_VERB] to dream,roota
"[GENERAL_VERB] to see, behold, find",rora
[GENERAL_VERB] to be left alone,roronga
[GENERAL_VERB] to tatse,roza
"[GENERAL_VERB] to weep, cry",rra
[GENERAL_NOUN] ramrod,rubaasi
[GENERAL_NOUN] plantain leaf,rubab
[GENERAL_NOUN] side rib,rubaju
[GENERAL_NOUN] the mucwezi oftwins,rubanga
"[GENERAL_NOUN] conversation, speech",rubazo
"[GENERAL_NOUN] board, plank,desk",rubbaaho
"[GENERAL_NOUN] lower milestone, grand stoe",rubengo
[GENERAL_NOUN] water of bot spring,rubiga
[GENERAL_NOUN] new house,rubiika
"[GENERAL_NOUN] reed, elephant grass",rubingo
[COMMON_ANIMALS_NOUN] black he-goat,rubogo
[GENERAL_NOUN] small packet (of salt.),ruboho
[GENERAL_NOUN] a tum,rubu
"[GENERAL_NOUN] stubble, straw of oburo",rububa
[GENERAL_NOUN] cream on scalded milk,rububi
[GENERAL_NOUN] barkcloth,rubugo
[GENERAL_NOUN] requent and unauthorized vists,rubungo
[COMMON_ANIMALS_NOUN] light- grey bull,rubuubi
"[GENERAL_NOUN] multitude, abundance, great quantity",rucaca
[GENERAL_NOUN] rheeumatism,ruceenyo
"[COMMON_ANIMALS_NOUN] young locust, hopper",rucencede
[HEALTH_AND_MEDICINE_NOUN] a skin disease,rucooli
[GENERAL_NOUN] handful,rucumite
[GENERAL_NOUN] a couch creeping grass,rucwamba
[GENERAL_NOUN] salivation,rucwanta
[GENERAL_NOUN] long legged lanky person,rudengadenga
[GENERAL_NOUN] death,rufu
"[STORYTELLING_AND_NARRATIVES_NOUN] wise saying, parable, proverb",rufumo
[GENERAL_NOUN] papyrus,rufunjo
[GENERAL_NOUN] thick wire bracelet,rufuruuto
[GENERAL_NOUN] See: GAAJU,rugaaju
[GENERAL_NOUN] cathedral,rugaatwa
"[GENERAL_NOUN] weaker, tray for winnowing",rugali
"[GENERAL_NOUN] rumour, chatter, empty talk",rugambo
"[GENERAL_NOUN] tribe, clan, family",ruganda
[GENERAL_NOUN] razor,rugembo
[COMMON_ANIMALS_NOUN] rat track,rugendero
"[GENERAL_NOUN] juorney, voyage, march",rugendo
[GENERAL_NOUN] reaping-knife,rugeso
[GENERAL_NOUN] joint,rugiga
[GENERAL_NOUN] wooden charm,rugisa
[GENERAL_NOUN] lesser bustard,rugobante
[GENERAL_NOUN] packet containing medicine,rugogo
[GENERAL_ADJ] something very big,rugogoma
[GENERAL_NOUN] garden of plantains,rogonjo
"[GENERAL_NOUN] potsherd, crock",rugubyo
[GENERAL_NOUN] clocynth,rugusuuru
"[GENERAL_NOUN] main road, street",ruguudo
"[GENERAL_VERB] to become exhausted, faint",ruha
[COMMON_ANIMALS_NOUN] species of edible termite,ruhaho
[GENERAL_NOUN] seed of gourd(pumpkin),ruhambo
"[GENERAL_NOUN] advise, counsel, conference",ruhanuura
[GENERAL_NOUN] baldness,ruhara
[GENERAL_NOUN] forked iron stick,ruhaso
[GENERAL_VERB] see kihiihi,ruhiihi
[GENERAL_NOUN] grass fire,ruhiira
[GENERAL_NOUN] divining rod,ruhimbo
"[GENERAL_NOUN] needle, bodkin, pipe cleaner",rubindo
"[GENERAL_NOUN] mottled, goal",rubinduki
[GENERAL_NOUN] change,ruhindura
"[GENERAL_NOUN] stretcher, litter, bier",ruhinyo
[GENERAL_NOUN] haze,ruho
[COMMON_ANIMALS_NOUN] reddish brown bull,ruhogo
"[GENERAL_VERB] talk rapidly, successively; chatter",ruhonderaniize
[GENERAL_NOUN] but for goats,ruhongole
"[GENERAL_NOUN] skin, hide",ruhu
[GENERAL_NOUN] very small white worm,rubuka
"[GENERAL_NOUN] shamelessness, carelessness, rudeness",ruhule
"[GENERAL_NOUN] mould, mouldness",ruhumbo
[COMMON_ANIMALS_NOUN] black bull or ram,rukara
[GENERAL_VERB] to hand on traditon,rukaruka
[COMMON_ANIMALS_NOUN] pinkish-coloured bull,rukerenge
"[GENERAL_NOUN] curtain, diaphragm",rukingyo
[GENERAL_NOUN] spinal cord,rukizi
[GENERAL_NOUN] cluster of plantains,ruko
[GENERAL_NOUN] eyelash,rukohi
"[GENERAL_NOUN] fence, barricade",rukomera
[BIOLOGY_NOUN] species of euphorbia,rukoni
"[GENERAL_NOUN] slope of hill, descend",rukonkomoko
[GENERAL_NOUN] very strong tobacco,rukoroza
[GENERAL_NOUN] a tall flowering grass,rukozi
"[GENERAL_NOUN] stick of firewood, logs",ruku
[GENERAL_NOUN] packet (tired round.),rukube
"[GENERAL_NOUN] fold, pleat",rukubo
[GENERAL_NOUN] very stout person,rukujajara
"[GENERAL_NOUN] roughness, erecthair or bristles",rukujuju
[GENERAL_NOUN] grain of millet,rubuule
[COMMON_ANIMALS_NOUN] mottled grey bull,rubuura
[GENERAL_NOUN] light of patch skin,ruhyora
[GENERAL_NOUN] egg plant,rujai
[COMMON_ANIMALS_NOUN] very hairy ram,rujagaate
[COMMON_ANIMALS_NOUN] continous ram,rujegeju
"[GENERAL_NOUN] chain, fetter",rujegere
[COMMON_ANIMALS_NOUN] white ram,rujeru
[GENERAL_NOUN] name given to chatterbox,rujogeza
[GENERAL_NOUN] grey hair,ruju
[GENERAL_NOUN] european language,rujungu
"[GENERAL_VERB] to weave, plait, knit",ruka
[GENERAL_NOUN] six hundred,rukaaga
[BIOLOGY_NOUN] species of reed,rukaaka
"[GENERAL_NOUN] line, row, verse",rukaarra
"[HEALTH_AND_MEDICINE_NOUN] scabies, dry skin rush",rukaca
[GENERAL_NOUN] nearly ripe pod,rukaiga
[GENERAL_NOUN] dewlap,rukanaakana
"[GENERAL_NOUN] camp, booth",rukande
[GENERAL_NOUN] rake,rukanduzo
[GENERAL_NOUN] work of the house,rukanga
[GENERAL_NOUN] mange (of dogs),rukuuku
[GENERAL_NOUN] euphorbia,rukukuuru
"[GENERAL_NOUN] finger, small potatoes",rukumu
[COMMON_ANIMALS_NOUN] bull with no horns,rukungu
"[GENERAL_NOUN] coucil, assembly, committee, conference",rukurato
[GENERAL_NOUN] potters polisher,rukuubiso
[GENERAL_NOUN] passage,rukuubo
[GENERAL_NOUN] sorrel,rukuunya munzigu
[GENERAL_NOUN] road,rukuute
[HEALTH_AND_MEDICINE_NOUN] very severe scabies,rukwakwa
[GENERAL_NOUN] early morning,rukyakya
[GENERAL_NOUN] potter's polisher,rulebuzo
"[GENERAL_NOUN] measurement, size",rulengo
[GENERAL_NOUN] umbilical cord,rulera
"[GENERAL_NOUN] tongue, language, accent",rulimi
"[GENERAL_NOUN] wire, bracelet",rulinga
[GENERAL_NOUN] meal,rurya
"[GENERAL_NOUN] tribe, lineage",ruryo
[GENERAL_NOUN] bite,ruma
[GENERAL_NOUN] dragon fly,rumaga
"[GENERAL_VERB] to be overgrown, attack",rumba
[GENERAL_NOUN] nightjar,rumboto
[GENERAL_NOUN] couch grass,rumbugu
[GENERAL_NOUN] bleed by cupping,rumika
[GENERAL_VERB] to be gritty (food),rumira
[GENERAL_NOUN] giagantic,rumooma
[GENERAL_NOUN] reed torch,rumuli
[GENERAL_VERB] to give antidote,rumura
[GENERAL_NOUN] eight hundred,runaana
[COMMON_ANIMALS_NOUN] ; stinging centipede,runaku
[GENERAL_NOUN] reach out to,runduka
"[GENERAL_NOUN] English, language",rungereza
"[GENERAL_NOUN] anchor to steer, pilot",rungika
"[GENERAL_NOUN] beak, bill",runwa
[GENERAL_NOUN] tomato,runyaanya
[GENERAL_NOUN] honey guide,runyamarya
"[COMMON_ANIMALS_NOUN] large bird, peacock",runyonyi
[GENERAL_NOUN] glowing embers,runyota
[COMMON_ANIMALS_NOUN] drinking place for cattle,runywero
"[GENERAL_NOUN] paper, page",rupapura
"[GENERAL_NOUN] rupee, florin",rupiya
[GENERAL_NOUN] small intestine,rura
[GENERAL_NOUN] yam,rurali
"[GENERAL_NOUN] expedition, campaign, pilgrimage",ruramago
[GENERAL_VERB] to rush together,rurumuka
[GENERAL_VERB] to be greedy,rurunkana
"[GENERAL_NOUN] salivation, watering of mouth",rurusu
[GENERAL_NOUN] side of house,rusabazi
"[NATURE_AND_ENVIRONMENT_NOUN] bush, shrub",rusaka
[GENERAL_NOUN] metal tray,rusaniya
[GENERAL_NOUN] seven hundred,rusanja
"[MILITARY_NOUN] cut, rank (soldiers)",rusaro
"[GENERAL_NOUN] cheek, jaw",rusaya
[COMMON_ANIMALS_NOUN] edible grasshopper,rusenene
[COMMON_ANIMALS_NOUN] species of termite,ruseizere
"[GENERAL_NOUN] pipe, tube",ruseke
[GENERAL_NOUN] fetter of reeds,rusengo
[GENERAL_NOUN] scrotum,rusense
"[GENERAL_NOUN] sandy, plain, gravel",rusenyi
[HEALTH_AND_MEDICINE_NOUN] measles,ruseru
"[GENERAL_NOUN] wall, reed partition",rusiika
[COMMON_ANIMALS_NOUN] brown bull,rusiina
[GENERAL_NOUN] unripe ear of millet,rusinsa
[GENERAL_NOUN] term,rusoma
[GENERAL_NOUN] rain is drizzling,rusondoigo
[GENERAL_NOUN] new moon,rusooga
[COMMON_ANIMALS_NOUN] species of termite,rusooro
"[GENERAL_NOUN] hill, mountain",rusozi
[GENERAL_NOUN] odour of the body,rusu
[GENERAL_NOUN] whistle,rusurrzo
[GENERAL_VERB] see kisungu,rusungu
"[COMMON_ANIMALS_NOUN] crest, comb (of cock)",rusunsu
[GENERAL_NOUN] skin,rususu
[GENERAL_NOUN] wildcat,rusuzi
[GENERAL_NOUN] dusk,rusweko
[GENERAL_NOUN] vegetable,ruswiga
"[GENERAL_NOUN] expedition,journey; see tabaara",rutabaaro
[GENERAL_NOUN] white termtes,rutaiki
[GENERAL_NOUN] nightjar(bird),rutambaisiga
"[GENERAL_NOUN] Lamp wick, tape",rutambi
[BIOLOGY_NOUN] species of flying termites,rutenga
[COMMON_ANIMALS_NOUN] dark brown bull,rutimba
[GENERAL_NOUN] bridge,rutindo
[GENERAL_NOUN] a tall flowering grass,rutumbwa
"[GENERAL_NOUN] tuft, crest",rotunda
[GENERAL_NOUN] puddle pool,rutunga
[GENERAL_NOUN] bird with long neck,rutuuha
[GENERAL_NOUN] gooseberry,rutuutu
[GENERAL_NOUN] handle of shield,rutwango
[GENERAL_NOUN] ear of millet,rutwe
[GENERAL_VERB] to mix,ruuba
[GENERAL_NOUN] ruler,ruura
[GENERAL_NOUN] pearl,ruuru
[COMMON_ANIMALS_NOUN] female kid or lamb,ruusi
[COMMON_ANIMALS_NOUN] a spotted bull,ruyenje
[GENERAL_NOUN] kind of song,Ruyumbu
[GENERAL_NOUN] pubic hair,ruza
[GENERAL_NOUN] See: OruZAARO,ruzaaro
[GENERAL_NOUN] locusts,ruzige
[GENERAL_NOUN] early start on ajourney,ruzinduko
"[GENERAL_NOUN] cripple, stunted person",ruzingo
[GENERAL_NOUN] large winged ant,rwabya
[GENERAL_NOUN] lanky person,rwadoka
[GENERAL_NOUN] inferior salt,rwa hyomere
[GENERAL_NOUN] inferior salt,rwakaarraamire
[GENERAL_NOUN] God: the almighty,rugaba
[COMMON_ANIMALS_NOUN] dark brown he-goat,ruhinda
[GENERAL_NOUN] six hundred,rukaaga num
[GENERAL_NOUN] the naked one,rukidi
[GENERAL_NOUN] greater than all men,rukirabasaija
[GENERAL_NOUN] long line of animals,rukoroto
[MATHEMATICS_NUM] one thousand two hundred,rukumi n'ebibiri
[MATHEMATICS_NUM] one thousand one hundred,rukumi n'ekikumi
[MATHEMATICS_NUM] one thousand and one,rukumi n'emu
[MATHEMATICS_NOUN] one thousand: 1000,rukumi
[GENERAL_NOUN] attacker of nations,rumoma mahanga
[GENERAL_ADV] when,ryari
[GENERAL_NOUN] thorn apple,rweziringa
[GENERAL_NOUN] a very big thing,rweiguuga
[GENERAL_NOUN] rebel. See: OMUHEEKYERA,rwebandira
[GENERAL_NOUN] See: ENJUBU,rwanyamusanda
[HEALTH_AND_MEDICINE_NOUN] a serious cattle disease,rwakipumpuru
[GENERAL_NOUN] See: KIBIKINDI,rwakibikindi
[GENERAL_INTERJ] God forbid,rwaheeru
[GENERAL_ADJ] which one,ruuha
[GENERAL_NOUN] one who perseveres,rutaromba
[GENERAL_NOUN] a cautious person,rutanyohoka
[GENERAL_NOUN] phr. a lazy person,rutangirira-bagyenyi
[GENERAL_NOUN] a large burrowing beetle,rutahikwa-mutozo
[GENERAL_NOUN] a molar tooth,rutahikwa-mutoozo
[GENERAL_NOUN] See: RITAARI,rutaari
[GENERAL_NOUN] See: KASHAMAITU,rusamaitu
[GENERAL_PRON] that over there,ruriiya
[GENERAL_NOUN] See: MAHUMAHU,ruraka
[GENERAL_NOUN] a habitual thief,runkunku
[GENERAL_NOUN] one who gossips,runcumite
[COMMON_ANIMALS_NOUN] a hornless bull,rukungu
[GENERAL_NOUN] nasal bleeding,rujwa-mireju
[GENERAL_NOUN] Adam's apple,rujuga
[GENERAL_NOUN] a slow lazy person,ruhondeeza
[COMMON_ANIMALS_NOUN] a grasshopper specie,ruhima-rwa-ndongo
[GENERAL_NOUN] abuses which include curses,ruhenure
[GENERAL_NOUN] famine,ruhega
[COMMON_ANIMALS_NOUN] a male goat,ruhaya
[GENERAL_NOUN] one who plays about,ruharaatwa
[GENERAL_NOUN] finger millet specie,ruhamireeka
[COMMON_ANIMALS_NOUN] an old monkey,ruhaata
[GENERAL_NOUN] See: AKAHIMBA,rugungu
[GENERAL_NOUN] a shiny person,rucunya
[GENERAL_NOUN] a controversial figure,rucumu
[GENERAL_NOUN] coffee specie,rubosta
[GENERAL_ADJ] something very big,rubarara
[GENERAL_NOUN] His magesty,rubambansi
[GENERAL_ADV] the other one,riya
[GENERAL_NOUN] altar: a holy table,ritaari
[GENERAL_ADV] it's there,rimu
[GENERAL_ADJ] it is there,riho
[GENERAL_CONJ] then/so that,reero
[GENERAL_ADJ] long,raingwa
[GENERAL_NOUN] a part time job,raijaraija
[GENERAL_ADV] where?,rahi
[GENERAL_NOUN] mountians of the moon,ruwenzori
[COMMON_ANIMALS_NOUN] large spieces of locust,rwakacaanya
[COMMON_ANIMALS_NOUN] disease of cattle,rwakipumpuli
[GENERAL_NOUN] blood of dead animals,rwamba
"[GENERAL_VERB] to fight, struggle, contend",rwana
[GENERAL_NOUN] house without partitions,rwangaara
[GENERAL_NOUN] clear open space,rwanganga
[GENERAL_NOUN] open space,rwangaratete
[GENERAL_VERB] to tight for,rwaniirra
[GENERAL_NOUN] in public,rwanjale
[GENERAL_NOUN] kind of dance,rwanyamurabya
[COMMON_ANIMALS_NOUN] bull with white forehead,rwasa
"[GENERAL_NOUN] crack, crevice",rwatika
[GENERAL_NOUN] afternoon,rwebagyo
[GENERAL_NOUN] third finger,rwegati
[GENERAL_NOUN] familiarity,rwemanyisirizo
[GENERAL_NOUN] Masindi Port,Rwempondo
[GENERAL_NOUN] four hundred,rwenda
"[GENERAL_NOUN] repugnance, antipathy, disgust",rwetamo
[GENERAL_NOUN] door,rwigi
[GENERAL_NOUN] pipe cleaner,rwiguzo
[GENERAL_NOUN] fee given to soothsayer,rwinamo
[GENERAL_NOUN] wooden basin,rwoho
[GENERAL_NOUN] burn,rwokyo
[GENERAL_NOUN] wire,rwoma
[GENERAL_NOUN] barren ground,rwomere
[GENERAL_NOUN] silence,rworo
"[GENERAL_NOUN] steam, breath, air, perspiration",rwoya
"[GENERAL_VERB] to cheat, defraud",ryakura
[GENERAL_NOUN] irritate,ryaryata
"[GENERAL_VERB] to entice, persuade",ryesaryesa
[GENERAL_NOUN] self-standing pron. for nouns,ryo
"[GENERAL_NOUN] store, treasury, granary",ryahuurro
[GENERAL_NOUN] ford,ryambukiro
[GENERAL_NOUN] insolence;cheek,ryana
[GENERAL_NOUN] airing-ground,ryaniko
"[GENERAL_NOUN] canoe, boat",ryato
"[GENERAL_NOUN] class, school",ryegero
[GENERAL_NOUN] class,ryegesezo
[GENERAL_NOUN] biding-place,ryesereko
"[GENERAL_NOUN] washing-pl ace, bathroom",ryogero
[GENERAL_NOUN] oven,ryokezo
[GENERAL_NOUN] edible gourd,ryozi
[GENERAL_NOUN] the scourge of nations,rwitamahanga
[GENERAL_NOUN] mud,saabu
[GENERAL_VERB] to remain over,saagiira
[GENERAL_NOUN] spread,saagya
[GENERAL_VERB] to clear jungle,saaha
"[GENERAL_NOUN] , black jacl.enyabarasana",saaka
"[GENERAL_VERB] make ensaamo (barkcloth, mallets)",saama
[GENERAL_VERB] to patch old clothes,saaniika
[GENERAL_VERB] to be bitter,saara
"[GENERAL_VERB] to cut off, prune",saarra
[GENERAL_NOUN] shirt,saati
"[GENERAL_VERB] to ask for, pray",saba
[GENERAL_NOUN] target mark,sabbaabo
[GENERAL_NOUN] soap,sabbuuni
"[GENERAL_VERB] to beg, pester, bother",sabiriza
[GENERAL_NOUN] saucepan,safuliya
[GENERAL_VERB] to make rustle,saganiza
"[GENERAL_VERB] to support, steady",sagika
"[GENERAL_NOUN] plate, dish",sahaani
[GENERAL_NOUN] nothing as a reward,sai
"[COMMON_ANIMALS_NOUN] barren cow,etc",sajwa
[GENERAL_NOUN] thatch,sakaara
[GENERAL_VERB] to take off thatch,sakambura
[GENERAL_VERB] to come off (thatch),sakurruuka
"[GENERAL_VERB] to unthatch, strip",sakuurra
[GENERAL_VERB] to treat unjustly,saruriza
[GENERAL_NOUN] o be cracked (skin),salika
[GENERAL_VERB] to bleed,sama
[GENERAL_VERB] to kick ooe another,sambagana
"[GENERAL_VERB] to root up, stubble",sambura
"[GENERAL_NOUN] unravel,unpick",sambuorra
"[GENERAL_VERB] to become undone,unraveled",sambuuruuka
"[GENERAL_VERB] to sport, frolic,jest,joke",sandaara
"[GENERAL_VERB] to tease,joke with",sandaaza
[GENERAL_VERB] to cover,sangiirra
[GENERAL_VERB] to scatter,sansara
[GENERAL_NOUN] solve string trick,sanuurra
"[GENERAL_NOUN] hat, helmet",sapeeho
[GENERAL_NOUN] rosary,sapuli
[GENERAL_VERB] to cut,sara
"[GENERAL_NOUN] carve, engrave",sarura
"[GENERAL_VERB] to smash, bruise, crumble",sasangura
"[GENERAL_VERB] to repay, compensate",sasura
[GENERAL_NOUN] three,satu
[GENERAL_VERB] to gnaw,satura
[GENERAL_NOUN] barley,sayiri
[GENERAL_VERB] to be smashed up,sebenguka
[GENERAL_VERB] to become well off,seeguruka
[GENERAL_VERB] to collect firewood,seenya
"[GENERAL_NOUN] float, hover",seereera
[GENERAL_VERB] to fall gently (rain),seesega
[COMMON_ANIMALS_NOUN] drive (cattle) to pasture,seetura
[COMMON_ANIMALS_NOUN] vulture,sega
[GENERAL_NOUN] divining-rod,segeeto
[GENERAL_NOUN] mash,segenyuka
"[GENERAL_VERB] to move away,push along",segya
[HEALTH_AND_MEDICINE_VERB] to act as midwife,sehenya
[GENERAL_VERB] to jest,sekeerraana
"[GENERAL_NOUN] pond, crush",sekura
[GENERAL_NOUN] calico (second quality),semaaniini
"[GENERAL_VERB] to uncover, undo,unwind",sembuurra
[GENERAL_VERB] to engage (a servant),sengesa
"[GENERAL_VERB] to strain, filter",sengiija
"[GENERAL_VERB] to smash, beat hard",sengujura
[GENERAL_NOUN] migrate,senguka
[GENERAL_VERB] to take away captive,sengura
[GENERAL_VERB] to tear into strips,sensebura
[GENERAL_NOUN] money,sente
"[GENERAL_NOUN] wag (tongue), shuffie(feet)",seraseza
[GENERAL_VERB] to overcook,serebeza
[GENERAL_NOUN] European drum,serumbeeti
"[GENERAL_VERB] to retch, feel sick",sesemwa
"[GENERAL_NOUN] evil spirit, demon",setaani
[GENERAL_NOUN] ; to tether,sibika
[GENERAL_VERB] to untether,sibuurra
[GENERAL_NOUN] beer three days old,sibwa
[GENERAL_VERB] to use for tying,sibya
"[GENERAL_VERB] to refuse, grudge",sigaza
[GENERAL_NOUN] break a fast,siiburuka
[GENERAL_VERB] to entreat,siigasiiga
[GENERAL_VERB] to commit adultery,siibana
[GENERAL_VERB] to cause to fade,siihura
[GENERAL_VERB] to fry,siika
"[GENERAL_VERB] to be stubborn, obstinate",siikooma
[GENERAL_VERB] make walls or partitions,siikura
"[GENERAL_VERB] be rough (lake, sea)",slikuuka
"[GENERAL_VERB] to scorch, char, burn",siiriiza
"[GENERAL_VERB] to do wrong, sin;spoil",siisa
[GENERAL_ADJ] extremely black,siisiisi
[GENERAL_VERB] to become spoiled,siisikara
[GENERAL_NOUN] scarf,sikaafu
[GENERAL_NOUN] hiccup,sikina
"[GENERAL_VERB] to shake about, waggle",sikinyiza
[GENERAL_VERB] to attack again. recur,sikira
[COMMON_ANIMALS_NOUN] turkey,sikoko
[GENERAL_VERB] to be pulled forcibly,sikuka
[GENERAL_VERB] to pull forcibly,sikura
[GENERAL_VERB] to beckon,sima
[GENERAL_VERB] to leave with (pledge),simbira
"[GENERAL_NOUN] push, send away",sindika
[GENERAL_VERB] to be uprooted,sinduka
[GENERAL_NOUN] honour,singa
[GENERAL_VERB] to wear many necklaces,singisa
[GENERAL_VERB] to overcome,singura
"[GENERAL_VERB] to fail, be defeated",singwa
[GENERAL_VERB] to tum to Mohammedan,siraamoka
[GENERAL_NOUN] slasher,siraasa
"[GENERAL_VERB] to rub hard, press",siriita
[GENERAL_VERB] to prevent,sirika
[GENERAL_VERB] to descend,sirimuka
"[GENERAL_VERB] to lower, bring down",sirimura
"[GENERAL_VERB] to liken to, compare",sisaniza
"[GENERAL_VERB] to scrape, cure (hides)",sisiima
"[GENERAL_VERB] to awake, recover consciousness",sisiimuka
"[GENERAL_VERB] to waken, rouse",sisiimura
"[GENERAL_NOUN] round about, junction",sitenseni
[GENERAL_VERB] to break out (rash),situka
[GENERAL_NOUN] cool,siza
"[GENERAL_VERB] to be wrong, defective",soba
"[GENERAL_VERB] to baffle, perplex",sobera
[GENERAL_NOUN] (pf.soberaniize); = foreg,soberaniza
"[GENERAL_NOUN] perplex, disappoint",sobeza
"[GENERAL_VERB] to be possible, manageable",soboka
[GENERAL_VERB] to enable,sobozesa
[GENERAL_NOUN] sit down comfortably,sodooka
"[GENERAL_VERB] to urge on, incite",sokasoka
[GENERAL_NOUN] socks,sokisi
"[GENERAL_VERB] to wrangle, henpeck",somangana
[GENERAL_VERB] to go in crowds,sombooka
"[GENERAL_VERB] to repair, thatch",someekeerra
"[GENERAL_VERB] to insert, slip in",someka
"[GENERAL_VERB] to teach, conduct service",somesa
[GENERAL_NOUN] bear fruits (beans),somoorra
[GENERAL_VERB] to drink with accompanment,somya
"[GENERAL_VERB] to weaken, sap strength",sondera
"[GENERAL_VERB] to disturb,worry, bully",sondokora
[GENERAL_VERB] to chop up,sonjoora
[GENERAL_VERB] to creep away,soobooka
[GENERAL_VERB] to be insolent,sookooma
[GENERAL_NOUN] with no horns (animal),soomi
"[GENERAL_VERB] to do slowly, persuade",soonereza
[GENERAL_VERB] to take away quietly,soonoora
"[GENERAL_VERB] to assemble, gather together",soorrookana
[GENERAL_VERB] to walk single file,soronga
"[GENERAL_VERB] to collect, gather together",sorooza
[GENERAL_VERB] to collect taxes,soza
"[GENERAL_VERB] to imitate, mimic",subiiriza
"[GENERAL_NOUN] impoverish, degrade",suka
[GENERAL_NOUN] sugar/sweet banana,sukaali
[GENERAL_VERB] to be angry,sukirana
[GENERAL_VERB] to knock out,sukuma
"[GENERAL_VERB] to be lonely, solitary",sukumara
[GENERAL_NOUN] Christmas day,Sukuukuru
[GENERAL_VERB] to have swollen cheeks,sukuunira
[GENERAL_VERB] to whistle,suliza
[ECONOMICS_AND_COMMERCE_NOUN] herd cattle (for wages),sumba
"[GENERAL_VERB] to open, unlock, unie",sumuurra
[GENERAL_VERB] to pinch,suna
[GENERAL_VERB] to gaze at longingly,sungamiriza
[GENERAL_VERB] to toss,sunsa
"[GENERAL_VERB] to make ill, demoralize",sununura
[GENERAL_NOUN] soup,supu
[GENERAL_NOUN] pick axe,suruuru
[GENERAL_VERB] to peel off(eg skin.),sosuuka
[GENERAL_NOUN] exile,suugisa
"[GENERAL_VERB] to uncover, revealed, open",suukuka
"[GENERAL_VERB] to uncover, expose, reveal",suukura
"[GENERAL_VERB] to dangle, hang, suspend",suuleeba
[GENERAL_NOUN] uncover,suurra
[GENERAL_NOUN] pass form. suuswa,suusa
[GENERAL_NOUN] foetal dung(of animals.),suusi
[GENERAL_VERB] to be suspended,suusuuba
[GENERAL_NOUN] your paternal aunt,swenkati
[GENERAL_NOUN] marry,swera
[GENERAL_VERB] to marry,swerana
[GENERAL_NOUN] marry (of two people),swerangana
[GENERAL_VERB] to be married,swerwa
[GENERAL_VERB] to cause to marry,sweza
[GENERAL_NOUN] day of worship,sabbiiti
[GENERAL_NOUN] Sunday,sande
[GENERAL_NOUN] cement,seminti
[GENERAL_ADJ] dark brown,siina
"[GENERAL_NOUN] banana, red in color",siira
[GENERAL_NOUN] Christmas,sikuukururu
[GENERAL_NOUN] cinema,sineema
[ECONOMICS_AND_COMMERCE_NOUN] shilling,siringi
[GENERAL_ADJ] a pole placed across,sirupande
[GENERAL_ADJ] a very black colour,sirisiri
[GENERAL_NOUN] very black,siriri
[GENERAL_NOUN] See: NOHIRI,sikuukuru
[GENERAL_ADJ] very black,siisi
[GENERAL_NOUN] refering to many,soimwe
[GENERAL_INTERJ] may be,sinta
[GENERAL_NOUN] a banana specie,semba  obureku
[GENERAL_CONJ] may be or perhaps,shana
[GENERAL_NOUN] See: KASHAMAITU,samaitu
[GENERAL_NOUN] See: SENTURUMA,senturumwa
[GENERAL_NOUN] See: NSEERI-MAYANJA,seeri-mayanja
[GENERAL_NOUN] See: NSEERI,seeri
[GENERAL_NOUN] sweet,switi
[GENERAL_NOUN] tobacco,taaba
"[GENERAL_VERB] to tear inpieces, devour",taagataagura
"[GENERAL_VERB] be sulky, sullen",taabirirwa
[GENERAL_VERB] to have guests/visitors,taahirwa
[GENERAL_VERB] to tear,taamura
[GENERAL_NOUN] five,taano
"[GENERAL_NOUN] lantern, lamp",taara
[GENERAL_VERB] to fetch,tabaarra
[GENERAL_NOUN] welcome,tabaarukya
[GENERAL_VERB] to mix together,tabanganiza
"[GENERAL_NOUN] ; to mix,join together",tabika
[GENERAL_VERB] to create a wrangle,tabya
[GENERAL_NOUN] small kerosene lamp,tadooba
"[GENERAL_VERB] to be happy, carefree",taga
"[GENERAL_VERB] to be frolicsome, gay",tagaija
"[GENERAL_VERB] to beat, warm up",tagasa
[GENERAL_VERB] to go many times,taiga
[GENERAL_NOUN] small,taito
[GENERAL_VERB] to be busy,taliga
[GENERAL_NOUN] stride,tambikiza
"[GENERAL_NOUN] drunkenness,intoxication",tamiro
[GENERAL_VERB] to vomit,tanaka
[GENERAL_NOUN] inconvincible,tananuka
[GENERAL_VERB] to spread (e.g. cement),tandaaza
"[GENERAL_VERB] to stand astride,kneel withlegsapart",tandama
"[GENERAL_VERB] to forbid, stop, prevent",tangs
[GENERAL_VERB] to meet,tangaana
[GENERAL_VERB] to pick a quarrel,tanukiira
[GENERAL_VERB] to stagger,tarantuka
[GENERAL_VERB] to trip up,taruka
[GENERAL_VERB] to spy on,tata
"[GENERAL_NOUN] hox, call without reason",teba
"[GENERAL_VERB] to inform, tell, preach",tebeza
"[GENERAL_NOUN] converse, narrate, tell news",tebya
"[GENERAL_VERB] to guess, speculate",teebeereza
[GENERAL_VERB] be confinned (church rite),teebwa
[GENERAL_VERB] to gird(another),teega
"[GENERAL_VERB] to prepare, make ready",teekaniza
[GENERAL_VERB] to sharpen {knife),teekera
"[GENERAL_VERB] to think, consider, suppose",teekereza
[GENERAL_VERB] to beat one another,teerangana
[GENERAL_NOUN] stir up urge,teereerra
"[GENERAL_VERB] to deny, oppose, contradict",teerereza
[GENERAL_NOUN] lemon grass,teete
[GENERAL_VERB] to make an attempt,tegeekaniza
[GENERAL_VERB] to grow luxuriantly,tegeijuka
[GENERAL_VERB] to wait for expectantly,tegereza
"[GENERAL_VERB] to be level, straight",teka
[GENERAL_NOUN] television,televizoni
[GENERAL_VERB] to tear to pieces,tematemura
[GENERAL_VERB] to accuse falsely,tembeeka
"[GENERAL_NOUN] ; to steady, balance",tengeneka
[GENERAL_VERB] to roll,tenta
"[GENERAL_NOUN] level, smooth, straight,flat",tereekeriire
"[GENERAL_VERB] to be straight, flat,level",tereekeerra
[GENERAL_VERB] to make level,tereekereza
"[GENERAL_VERB] to lie, talk deceitfully",terenganiza
[GENERAL_NOUN] very slippery,teruteru
[GENERAL_VERB] to give,tetera
[GENERAL_VERB] to tickle,tigita
[GENERAL_VERB] to grow tired of,tiikuruka
"[GENERAL_NOUN] chop small, mince",tiima
"[GENERAL_VERB] to cheep, twitter",tiitiira
"[GENERAL_NOUN] very small, wee",tiitiiro
"[GENERAL_VERB] to lend, borrow (notmoney)",tiiza
[GENERAL_VERB] to beat,timbun
"[GENERAL_VERB] to shake about, waddle",tintima
[GENERAL_VERB] to frighten,tintimya
[GENERAL_NOUN] water(as potatoes.),tira
"[GENERAL_NOUN] play, gamble, caper",tiriiha
"[GENERAL_VERB] speak irrationally, talk randomly",toboka
[GENERAL_VERB] to walk about naked,togatoga
[GENERAL_VERB] to speak incoberently,togolekwa
"[GENERAL_VERB] to crush, squash",togonyora
[GENERAL_VERB] to bubble (when boiling),togota
[GENERAL_NOUN] till,toija
[GENERAL_VERB] to shout,toka
[GENERAL_VERB] to shout,toko
[GENERAL_NOUN] t. bubble with beat,tokomera
"[GENERAL_VERB] to explain, tell all",tondera
"[GENERAL_NOUN] split open (beans, peas)",tondooka
[GENERAL_VERB] to plead for another,tonganiirra
"[GENERAL_NOUN] dive, down, descend",tontera
"[GENERAL_VERB] to gmmble, murmur",tontorrooma
[NATURE_AND_ENVIRONMENT_VERB] to drizzle,toonyeerra
"[GENERAL_VERB] to weed (bean, millet)",toorra
"[GENERAL_VERB] to be lewd, lascivious",toorwa
[GENERAL_ADV] still-born child or animal,toroogo
[GENERAL_NOUN] stand erect,torotoro
"[GENERAL_VERB] to relapse, grow weak",totatota
[GENERAL_VERB] to protrude,tugunduka
[GENERAL_VERB] to be squashed,tugunjuka
"[GENERAL_VERB] to tread on, squash",tugunya
"[GENERAL_VERB] to defame, run down",tuka
"[GENERAL_VERB] to pester, importune",tukiriza
[GENERAL_NOUN] sister to a chief,tooro
[GENERAL_ADJ] only us,twenka
[GENERAL_ADJ] all of us,twena
[GENERAL_ADJ] those ones,turiya
[GENERAL_NOUN] a certain plant specie,tubura
[GENERAL_ADJ] birds sound/singing,tsoi-tsoi
[GENERAL_CONJ] not so?,tikwo
[GENERAL_ADJ] to be ready,tayaari
[GENERAL_NOUN] parrot 's taH,tuku
"[GENERAL_VERB] to tremble, shiver",tukuma
[GENERAL_NOUN] shiver particularly of fever,tukumira
[GENERAL_VERB] to be red,tukura
[GENERAL_VERB] to lie,tulingika
"[GENERAL_VERB] to send,send for",tuma
[GENERAL_NOUN] cause to rise,tumbisa
[GENERAL_VERB] to keep on sending,tumiriiza
[GENERAL_VERB] to stretch(e.g. limbs),tuna
[GENERAL_VERB] to sell,tunda
"[GENERAL_NOUN] tarpaulin, ground sheet",tundubaale
"[GENERAL_NOUN] ;to protrude, stick out",tunduka
[GENERAL_VERB] to grow tall,tunguka
[GENERAL_VERB] to taste sour,tungununa
"[GENERAL_VERB] to shake, wooble",tunguuta
[GENERAL_VERB] to perspire,tunguutana
[GENERAL_VERB] to grow very fast,tuntumuka
"[GENERAL_VERB] to gaze at, behold",tunuurra
[GENERAL_VERB] to pass right through,turuukana
[GENERAL_VERB] to swell when soaked,tutubara
"[GENERAL_VERB] to be gluttonous, voracious",tuuba
"[GENERAL_VERB] to undo (beadwork), untie",tuukuurra
[GENERAL_VERB] to heap up,tuumma
[GENERAL_NOUN] ascend (smoke),tuumuuka
[GENERAL_VERB] to infect,tuurra
"[GENERAL_NOUN] sweat, perspiration",tuutu
[GENERAL_VERB] to sweat,tuuya
[GENERAL_VERB] to die,tuuza
[GENERAL_VERB] to conceive (by fornication),twekwa
[GENERAL_VERB] to brandish,tyangya
"[GENERAL_VERB] to cut, tear",tyetyemura
[GENERAL_INTERJ] indicates an affirmative response,uuh
[GENERAL_NOUN] fork,uma
[GENERAL_NOUN] relative,waabu
[GENERAL_NOUN] moster,waizikya
[CULTURE_AND_TRADITION_NOUN] chwezi god for plenty,wamara
[GENERAL_NOUN] accomplished,wamara
[GENERAL_NOUN] thank you,webare
[GENERAL_NOUN] your relative,Waanyu
"[GENERAL_NOUN] cotton plant, raw cotton",waaro
[GENERAL_NOUN] beer four days old,wadibu
[COMMON_ANIMALS_NOUN] viper,wabimbiri
[GENERAL_NOUN] very large carrion-eating bird,waiburu
"[COMMON_ANIMALS_NOUN] pangolin, scaly ant eater",wakonga
[GENERAL_NOUN] the alphabet,walifu
[GENERAL_VERB] to bring to nothing,warairaha
"[GENERAL_NOUN] wwell done, thank you",weebale
[GENERAL_NOUN] you there,weewe
[GENERAL_NOUN] that was the truth,weza
"[GENERAL_NOUN] so, that is it",wezaakwo
"[GOVERNANCE_AND_ADMINISTRATION_NOUN] colonialist, parish chief",wiitwale
[GENERAL_NOUN] member of the clan,wooruganda
[GENERAL_NOUN] undiluted banana juice,wiidi
[GENERAL_ADJ] big and not shaped,wandandara
[NATURE_AND_ENVIRONMENT_NOUN] a shrub,wambuba
[GENERAL_NOUN] See: AKAME,wakame
[GENERAL_NOUN] week,wiiki
"[GENERAL_VERB] to help, aid",yamba
[GENERAL_NOUN] south wind,yangoromora
[GENERAL_NOUN] Jesus,yesu
[GENERAL_NOUN] clean,yonjo
[GENERAL_NOUN] the Jewish Temple,Yekaru
[GENERAL_NOUN] grass,yoojwa
[GENERAL_VERB] to go all together,yooka
[GENERAL_VERB] to become loose,yuga
[GENERAL_VERB] to join together,yunganiza
[GENERAL_VERB] to play,zaana
[GENERAL_VERB] to have common percentage,zaaranwa
[GENERAL_NOUN] psalm,zabbuli
"[GENERAL_VERB] to beat, flog",zaitura
[GENERAL_VERB] to be spoilt,zamba
[GENERAL_VERB] to stagger about,zengazenga
"[GENERAL_VERB] to be dizzy,giddy",zengeerra
[GENERAL_VERB] to shut (eyes),zibiiriza
"[GENERAL_NOUN] regain sight, open (eyes)",zibuurra
[GENERAL_VERB] to bear the first-born,zigaija
[GENERAL_NOUN] courtyard compound,zigati
[GENERAL_NOUN] rub,zigiisiirra
[GENERAL_VERB] to be black,zigi zigi
[GENERAL_VERB] to swing around,zigusura
"[GENERAL_VERB] to put round, surround",ziguza
[GENERAL_VERB] to swim be deep,ziha
[GENERAL_NOUN] ;to bury,ziika
[GENERAL_VERB] to bury (beer),ziikiira
"[GENERAL_VERB] to dig up, exhume",ziikura
[GENERAL_NOUN] leer at,zisuura
"[GENERAL_VERB] to sing, dance",zina
"[GENERAL_VERB] to untwist, unwind, unroll",zinguurra
[GENERAL_NOUN] woe unto thee! curse,zirikubona
"[GENERAL_NOUN] ; to wind'eyes,sticks)",ziringitiirra
[GENERAL_NOUN] throw(in wrestling),ziringura
"[GENERAL_VERB] to beat, flog",zirwaitura
[GENERAL_VERB] to enclose,zitira
"[GENERAL_VERB] to feel sick, retch",zizambuka
"[GENERAL_VERB] to make sick, nauseate",zizimbura
[GENERAL_NOUN] a leather bag,zibure-nkurye
[GENERAL_NOUN] these ones,zinu
[GENERAL_NOUN] all of them,zoona
