word,definitionEnglish,domain,pos
aa!,long deep sound denoting disappreciation of what is done by a person who was expected to perform better,General,noun
abaawe,a word used to refer to one's family members,General,noun
abo,"2, for people who are not far from the speaker, those",General,noun
abuka,"to come to an end, come to a stop, break up",General,verb
abura,"to groan, wail, lament; to bring to an end",General,verb
Abwoli,pet nameususaJly given to a male or female childby parent(s) at birth,General,noun
Acaali,"pet name given to a male person by bis/her parentsat birth, but dogs may also be petted",Culture And Tradition,noun
Adyeri,"pet name given to a person by his/her parents at birth, particularly if the name givento her/him is Kaikara (woman) or Rwakaikara (man)",Culture And Tradition,noun
abaanyoko,those who belong to your mother's clan,General,noun
abacwezi,rulers of the greater Kitara Empire from about 1300 AD to 1450 AD,History And Historical Accounts,noun
abahisi,undertakers for burrying a king. Sing:omuhisi,Governance And Administration,noun
aga,"to which possessive roots and self-standing pronouns are added to form possessives, to melt",General,verb
agaaga,"to stroke, rub dewlap of cattle",Common Animals,verb
agagara,"to sprawl, sit at ease",General,verb
agisa,"to cause to melt, make liquid",General,verb
agandi,SW. int. greeting: how are you?,General,interjection
abahuruzi,warriors: soldiers with experience and skill in fighting especially in the past,Military,noun
abaitu,our relatives: a word used to refer to my relatives,General,pronoun
abambari,(in Ankole kingdom) favoured male people who used to work in the palace,Governance And Administration,noun
abarege,"enemies: people who are not on one's side, opposers, competitors",General,noun
abaregera,a type of cows that are known for moving very fast and can move long distances,Common Animals,noun
abaroreezi,onlookers: uninvited people who watch what is going on at a ceremony,General,noun
abarungi,1) beautiful or good looking people. 2) good hearted people,General,noun
abaryakamu,.intimate friends: people who share common interests,General,noun
abasendekereza,. people who accompany a bride when she is getting married,General,noun
abasomi,. believers or religious people those who have faith. Sing,General,noun
abatangaaza,a name that was given to the cows for Ntare one of the former kings of Ankole,Common Animals,noun
abatangaazi,people who brought cows to Buganda when there was drought in Ankole in the first half of the 20th century,Nature & Environment,noun
abateruzi,1) potters: men who carry luggage. 2) people who used to lift makeshift brides,General,noun
abarusura,elite soilders for protecting the king,Governance And Administration,noun
abatuukurani,(in ancient times) people who were killed by swords or spears,History And Historical Accounts,noun
abayonga,dark people especially of the Bahinda clan,General,noun
abe,possessive for the sg. third person of his/hers; his/her relatives,General,pronoun
abaziiki,mourners: people who attend a burial,General,noun
abeeteeraine,people who come together for a common cause,General,noun
ahabiso,an unclosed place and abit distant,General,noun
ahagati,1) between: bordered by two things. 2) being at the centre,General,adverb
ahaifo,a place at a lower level compared to the other,General,noun
ahaiguru,above: the space above something,General,adverb
aha,negation root that needs appropriategenitive particle to mean that somethingor a person is not there,General,particle
ahamaisho,".face:front part of the head that comprises of the eyes, nose and the mouth",General,noun
ahukira,to begin to graze cattle; hasten to,Common Animals,verb
ahukiza,to begin to graze cattle; hasten to,Common Animals,verb
ahura,"put a side, store, take care of",General,verb
ahamweija,a word used to refer to a place already talked about and known to two or more people,General,noun
ahandi,1) somewhere: undisclosed place. 2) elsewhere: another place,General,noun
ahansi,"the place beneath, or under",General,noun
ahantu,"an area, or part of region or place",General,noun
akabanda,"pancake: a thin flat round cake of sweetened dough, yellow bananas and cassava flour. Usage: NK. Pl: otubanda, obubanda",General,noun
aharubaju,on the side out of other people's hearing,General,adverb
aharuguru,raised area: an area that is above the other in terms of position,General,noun
aheekiikire,a place which cannot be easily seen or accessed,General,noun
ai nuunu,"expression to mean oh, how good!",General,interjection
aima,expression of disgust: shame up on you!,General,interjection
akacapali,style of making love when the sexual organs get in contact creating a certain sound,General,noun
akadoima,type of caterpillar that destroys crops,Common Animals,noun
aitu,belonging to or connected with a group that one is part of,General,pronoun
akaakiiro,thirst: too much urgue for something to drink,General,noun
akaaku,trunk of an elephant that it uses for feeding and protection,General,noun
akaamunaana,exaggeration: explaining beyond the truth of the matter,General,noun
akaanirampanga,a bird of prey with hooked bill and sharp eye sight,Biology,noun
akaano,valley: low lying part between hills,General,noun
akaanya-bwanya,a short time: shortest time possible,General,noun
akaara-kahera,toe or inger: small finger,General,noun
akaari,ululation: a loud cry of happiness or excitement,General,interjection
akahanika,"bra,underwear to support women's breasts",General,noun
akahoiga,small dust of leaves speck,General,noun
akaaro,small village: a group of households in a rural setting,General,noun
akaatika,small crack: a line on the surface of something along which it has split,General,noun
akabaaho,small piece of timber: a sawed piece of wood,General,noun
akabaare,blackstone: a small stone used for sucking venon from the body,General,noun
abaabana,"to disperse, separate, wail with signs of despair",General,verb
abaabata,"to grope about, feel for",General,verb
Abbooki,pet name ususaJly given to a male or female child by parent(s) at birth,General,noun
akabi,danger or trouble: likehood of being injured or killed,General,noun
akabibiro,small basket: small seed basket that is used in sowing,General,noun
akabindi,nose of a buffalo or hyena,Common Animals,noun
akabindirano,to be taken in an impromptu manner,General,verb
akaboge,.sitting sideways with legs tucked inward,General,noun
akabonero,a sign: a sign of a cross,General,noun
akabumbuzo,calm place: a place where everything is peaceful,General,noun
akabuuza,question mark: a punctuation mark used to pause a question,General,noun
akacabari,the act of stroking the clitoris during sexual intercourse,General,noun
akaceceko,"lull, silence: a quiet moment",General,noun
akaceremete,a person who is thin and short,General,noun
akacookorekane,detail: many small facts about something or someone,General,noun
akacumu,pen: instrument for writing in ink,General,noun
akacwabazaire,millipede: very small insect with a long narrow body and many pairs of legs,Common Animals,noun
akainyamunya,type of bird with black and white stripes,General,noun
akacwankoni,a noctunal bird that whistles,General,noun
akadeeya,a sack made of sythentic fibres,General,noun
akaduukuru,cell: a small room in a prison,General,noun
akafubire,pornography: written or pictorial matter intended to arouse sexual feelings,General,noun
akafunzi,fire-finch: a tiny reddish bird,Common Animals,noun
akagarani,"an air tight sealed container for preserving food, made of a tin plate or aluminium",General,noun
akagiigya,a certain type of grass normally planted in the compound,Nature & Environment,noun
akagiiko,tea spoon: small spoon used for stirring tea,General,noun
akagombambure,ankle: a protruding bone where the leg is joined to the foot,General,noun
akagega,"basket with handles, used for shopping",General,noun
akagegena,".sieve: instrument used for seperating solids from liquids, coarser from finer particles",General,noun
akagyogo,a small bottle of 250ml used for measuring spirits,General,noun
akahararo,infatuation: the act of befriending or being in love with someone or something that is still new for a short period of time,General,noun
akaheehe,citement: a condition where someone gets excited on hearing or getting something good,General,noun
akaho,an eye disease that causes temporaryloss of sight temporarily,Health & Medicine,noun
akahuge,".confusion: a state of uncertainity about what is happening, what should be done, what something means, etc",General,noun
akahumbi,"one billion: a number of things equivalent to one thousand millions; 1,000,000,000",Mathematics,numeral
Abeeka,"people of the home, members of the family",General,noun
abiirra,"to show signs on the face of approaching death, be near death",General,verb
akahuumuro,a short break from daily routine,General,noun
akaiba,a small dove which stays in the bush,General,noun
akaibo,a small basket in which mingled millet is served,General,noun
akaimukiriro,upraising: a state of confusion where people move up and down to show their disagreement,General,noun
akainiko,the act of helping someone to complete the task,General,noun
akaishebakami,space between the leg and the udder in a cow,Common Animals,noun
akaitanda,a tiny snake-like lizard with a very smooth skin and normally found in dry grass,Common Animals,noun
akaitanyenje,insect repellant: a tablet used to deter crawling insects from destroying clothes,Health & Medicine,noun
akaitiro,hidden place in the house,General,noun
akajagiro,market: a place where people meet to buy and sell their goods,Economics And Commerce,noun
akajuma,tablet: a small solid piece of medicine that is swallowed,Health & Medicine,noun
akakiiko,"1) council, committee or subcommittee: a group of people elected to do a certain task",General,noun
akaituuru,small area that is protected from the sun,General,noun
akakoki,a small water course or a gulley: a small valley,General,noun
akakoma,a rubber or plastic bracelet,General,noun
akakooko,insect: a creature with six legs and body divided into three parts,General,noun
akakwate,relationship: the connection between two people or two things,General,noun
akakyencuzo,.sieve: a tool used for seperating larger solids from smaller ones,General,noun
akakyenkye,.seed-tray musical instrumental: a traditional musical instrument in Kigezi and Ankole which produces sound after shaking,Art And Entertainment,noun
akamesu,.rat trap: a device used for trapping animals especially rats,Common Animals,noun
akamoori,"Ventilator: an opening in the wall, especially on top of the window, which allows air in and out of the house",General,noun
akamwenyo,smile: an expression of happiness expressed on one's face,General,interjection
akanaara,booster: a device that helps to transmit sound in telecommunication equipment,General,noun
akanga-kaizi,"neither there nor here, just in between",General,noun
akangara-teete,"to suffer: to lead a hard life; staying outside with no shelte, living under harsh conditions",General,verb
akangari,plenty: a large number of things,General,noun
akanono,tip of the roof: the topmost part of the house,General,noun
akanwa kabi,1) foul mouth: saying things that are rude or offesive. 2) saying bad things which happen,General,noun
akanyaiganja,"an animal with paws such, as a cat, lion, dog, leopard, e.t.c",Common Animals,noun
alinga,"to laze, be good for nothing",General,verb
akanyamakaakya,one of the plants from whose stems a walking stick is made,General,noun
ali,to spread plantain fibre etc. or fastening up abundle before the cooking is done,General,verb
akanyampagara,poor quality bunch of banana,General,noun
akanyampatiira,state of being over crowded,General,noun
akanyampira,a small insect that stings the eye when it falls there,Common Animals,noun
akanyampiringita,something shorter or smaller than others of the same type,General,noun
akanyamuhebe,a small black and white bird with a long tail,General,noun
amuka,"to pass over (of rain, clouds' wind)",General,verb
amuliza,to be silent (of house;) be clear (of sky),General,verb
ama,"prefix for nouns in cl.6, the stemof which begin with a consonant or the vowe",General,particle
ambika,togive a feast when baby cuts first teeth,General,noun
ambuka,"to cross a swamp or river, to bathe, wash",General,verb
ambura,"to make to cross, take across a swamp or river",General,verb
amtirra,to mix omugaju with other perfumes,General,verb
amiza,to speak to (about)a dead relative,General,verb
Amooti,pet name given to a person,Culture And Tradition,noun
akanyangarara,"rack: a crack on a breakable item such as a door, glass, pot, calabash that lifespan is rendered uncertain",General,noun
akanyankogote,tortoise: an animal that walks slowly and can pull its head and legs into the shell on its back,Common Animals,noun
akanyantebo,hitting someone with a kick,General,noun
akanyarugondo,"1) type of snake which is not poisonous. 2) spotted lizard found in sandy areas such as beaches, coasts or sand mines",Common Animals,noun
akanyarukira,a black and white bird with a long tail,General,noun
akanyarutooke,urie: a type of bird commonly found in banana plantations,Common Animals,noun
akanyiriri,1) verse or line: a group of words that form one section in the Bible. Usage: Catholics. 2) small line,General,noun
akanyitsi,value: the minimum worth of something,General,noun
akanyoga,banana in its early stages of development,General,noun
akanyomo,a feeling of uncertainty. displeasure,General,noun
akanyongotoko,being over cooked or over ripe,General,noun
akanyororo,"a tall, thin and slender person",General,noun
akanyuunya,a type of grasshoppers which are not edible,General,noun
akapampari,:small piece resulting from much chipping.; (especially of machines) overused piece of metal,General,noun
akaraba mw'ishengero,:unintended interruption in a group,General,noun
akaragarika,":a crumb: a small fragment of bread or cake fallen under a table; that which has fallen e.g. leaves, grains",General,noun
akaragariso,:a broom used to clean a baking pot,General,noun
akaramata,:goose grass: a plant yielding red dye that can be made into ink,Common Animals,noun
akaranda-rugo,:a climbing plant that grows on fences,Nature & Environment,noun
akarangizo,: raised place from where one can view a surounding area,General,noun
akareega,:. 1) bra: a lingerie used to support a woman's breasts. 2) a tool used to straighten spokes of a bicycle,General,noun
akareesu,:.a piece of cloth especially used by women to wrap their shoulders or tied around the waist to cover the rest of the body,General,noun
akaregeya,:.a hanging flap of a skin on an animal's neck,General,noun
akareka,:tongue-tie: a vein under the tongue that causes impairment in speech,Biology,noun
akarenga-bazaana,:dusk: time of day when the sun is almost setting,General,noun
akarengo,:small measurement especially of grain or fruits,General,noun
akaribareeta,:bonus: something good that you get in addition to what you have paid for,Mathematics,noun
akarigime,:1) having bad company. 2) immorality caused by peer pressure,General,noun
akariigobe,:a way of posturing which reflects carelessness; way of sitting,General,noun
akariinyiriro,:pathway for riding or sliding especially using wooden or banana trees,General,noun
akarimi,:a minute or hour hand,General,noun
akarindi,: a small handle of a machete or knife,General,noun
akarogoijo,:anxiety: to be extremely worried or excited,General,noun
akarongero,:.a hole on the side of a pit where they smoke bananas to ripen,General,noun
akarooro,:a wingless insect found on hens,Common Animals,noun
akarugu,: one of the corners of the house,General,noun
akarundirundi,: rod of a bicycle that holds a pedal,General,noun
akaruuru,:1) elections. 2) a vote,Politics And Current Affairs,numeral
akaseeshe,:.the period from the day break up to around 11am,General,noun
akasorya,:.part of the structures that make the roof of a house,General,noun
akashutamo,:.a customs post: a border crossing associated with tax collection for countries,General,noun
akasikina,:hiccup: a sharp repeated sound in the throat caused by a sudden movement of the diaphram,General,noun
akasooroora,:strong wind which moves in circular motion when there is an imbalace in the atmospheric pressure,Nature & Environment,noun
akatabarwa,": trillion: one of the cardinal numerals represented by 1, followed by 15 zeros 1,000,000,000,000,000",Mathematics,numeral
akatare,:market: a place where goods and services are sold and bought,Economics And Commerce,noun
akatiina-mugogo,:a kind of rodent black in colour and having a long bushy tail which climbs and runs on banana leaves,General,noun
akatima-kakye,:inability or failure to resist temptation,General,noun
akatoonyezo,: full stop or period: a dot that indicates the end of a sentence,General,noun
akatuyo,:stench: a distinctive smell that is produced by rotten things,General,noun
akavugankande,:creeping plant: a plant that creeps on other plants in the bush and covers a wide area,Nature & Environment,noun
akavumba,:offals of a pig: internal organs of a pig,Common Animals,noun
akavuruge,:.confusion: a state of disorder that results into inability to think clearly or to know what to do,General,noun
akayengo,: small basket: a small weaved container made for carrying or measuring things,General,noun
akaze,:. habbit: something that you do often and is normally hard to stop,General,noun
akazoore,: madness: a condition that is associated with mental illness,Health & Medicine,noun
akeediimo,:a strike: an organised boycott,General,noun
akeerenguturo,:emptying a container by gulbing its contents,General,noun
akooya,:the act of eating food when one has not done anything to deserve it,General,noun
amabano,:the end of the arrow used to put a wire or a coil,Military,noun
amabara,: spots of different colours,General,noun
amacanda,:sunflower: plants with yellow flowers that produce edible seeds rich in oil,General,noun
amacwante,:saliva: the fluids in the mouth,General,noun
amafa,:a period of severe famine,General,noun
amagarama,:the stage in the growth of beans when it has about three leaves,General,noun
amagingo,: time: any time of day or night,General,noun
ago,"for nouns in cl.6, for things inmind, that, those",General,noun
amagyani,":. tea leaves: a plant whose leaves are harvested, ground and put in hot water to be drunk as a beverage",General,noun
amahame,:facts: matters of the heart,General,noun
amahasha,:.twins: two children born at the same time to the same mother,General,noun
amahaze,:abomination: doing something that is against one's culture and tradition,Culture And Tradition,noun
amahega,:cooking stones: three stones used in cooking using firewood,General,noun
amahenda,: millet: fully grown tall millet with big and wide fingers,General,noun
amahene,:an excuse used to deny somebody something,General,noun
amahenehene,:a disease that attacks ankle joints causing immobility,Health & Medicine,noun
amahenenge,:fatigue or extreme tiredness caused by long distance travel,General,noun
amahiima,:illness that causes difficulty in breathing,Health & Medicine,noun
amahiirane,:large homestead with many huts and gates all around,General,noun
amahiisa-nyungu,: a conversation meant to pass time,General,noun
amahira,:pus: a thick yellow liquid that forms in flesh that has infection,Health & Medicine,noun
amahiri,:stems that are thrown at things,General,noun
amahoro,:cold food: food that has stayed over night,General,noun
amahungu,": sorrow, misery: a feeling of great sadness usually associated with the death of someone",General,noun
amahurunguru,:droppings: solid waste of animals especially goats and sheep,Common Animals,noun
amaija,:advent: a four week period before Christmas day. Usage: Christians,General,noun
amaijuza,:. pregnancy at nine months,Health & Medicine,noun
amaiko,:hatred: a very strong feeling of dislike,General,noun
amaimante,:water left after watering cattle,Common Animals,noun
amura,to withhold rain (old belie1),General,verb
amuza,"to shout, cry out in distress; be clear(sky)",General,verb
amainamura,:something given to a person on his or her death bed,General,noun
amainaro,:1) bad omen. 2) bad luck,General,numeral
amairungi,:khat: the leaves of a shrub commonly chewed as an aphrodisiac or stimulant,Nature & Environment,noun
amaisho,:.trachoma: a chronic contagious viral disease marked by inflammation of the conjunctiva and cornea of the eye and the formation of scar tissue,Health & Medicine,noun
amaizi,:1) water: the clear liquid used for drinking and washing. 2) sperms,General,noun
amajugo,":ornament: attractive and decorative objects that are worn on the ankles, arms, etc",General,noun
amajuta,:1) vaseline: a thick oily substance used on dry skin. 2) ghee: butter made out of milk. 3) fuel: a liquid used as fuel for cars and other vehicles,General,noun
amakanda,:firmness: the state of being fully established,General,noun
amakankya,:gum: a sticky substance from some plants,General,noun
amakara,":charcoal: a black substance made from burnt wood used as fuel, especially for cooking",General,noun
amakore,a disease in cattle that attacks joints,Common Animals,noun
amakoryo,tender leaves of peas when they are cooked and eaten as source,General,noun
amakumi,a game played by bouncing a ball on the knee,General,noun
amakuru g'omukama,the king's food (in Ankole),Governance And Administration,noun
amakuru Marungi,the Gospel: the first four books of the New Testament),General,noun
amakwatane,1) shared holdings. 2) communal property),General,noun
amamburinga,mumps: swelling of lymph nodes,Health & Medicine,noun
amamesha,. kind of ghee commonly used in Rwanda),General,noun
amanana,stiffness or aching of the limbs,General,noun
amanege,".testicles: two round organs that produce sperms in a male, enclosed in a bag of skin behind and below the penis",General,noun
amangigina,1) sensitivity of teeth. 2) chilly feeling in gums (mouth or teeth) after eating raw fruits,General,noun
amanure,salty water: water that contains salt or tastes salty,General,noun
amanzamba,horns of a cow facing down,Common Animals,noun
amara,intestines: the lower part of the alimentary canal from the stomach to the anus,General,noun
amaragane,1) time to say goodbye. 2) any word or phrase uttered to bid someone farewell,General,noun
amaranga,water that has been used for washing milk pots,General,noun
amarari,"1) squint: a condition that affectes eye muscles, making each eye look in a different direction. 2) to be cross eyed",General,noun
amari,a pest that destroys plants,General,noun
amaringoringo,acts or objects used to attract attension,General,noun
amarira,tears: a drop of liquid that comes from eyes when crying,General,noun
amarwa,a drink: a local brew made of farmented millet,General,noun
amaryo,.pride: a feeling of arrogance or selfconceit,General,noun
amasaaruura,1) harvest: what has been harvested. 2) haversting season: period of harvesting,General,verb
amasararazi,. fruit: fruits that turn yellow when ripe,General,noun
amasemererwa,. hapiness or great joy,General,noun
amasushane,look alikes: uniform or similar things,General,verb
amasuuma,south: situated in or facing or moving toward or coming from the south,General,noun
amasuyo,cattle disease: east coast fever,Health & Medicine,noun
amasiiba,a big congregation or audience at music performance,General,noun
amatanta,pride: having high opinion of oneself,General,noun
amate,1) milk: a white liquid produced by mammary glands of female animals for feeding their young ones. 2) thick white sap produced by some plants,General,noun
amatemba,north: situated in or facing or moving toward or coming from the north,General,noun
amatotoro,(usually of chicken) bird droppings,Common Animals,noun
amasinde,clods of soil upturned by a hoe,General,noun
amatungo,livestock: domestic animals kept for use or profit,General,noun
amatunguru,swamp plants with red rhizomes which are used as food,General,noun
amatwenge,inner feeling someone gets when he or she is delighted,General,noun
amawuwa,popcorns: a type of maize grain with small ears and kernels that burst when exposed to dry heat,General,noun
amayasa,groin: part of the body between the thigh and sexual organs,General,noun
amayengo,1) measured heaps of things. 2) waves on water bodies,General,noun
amayenje,white patches on a cow,Common Animals,noun
amayombera,ankle bells: musical ornaments made out of metals which are tied to the legs when dancing,General,noun
amayonjo,over-arched shoulders: the part of the body between the top of each arm and the neck,General,noun
amayonza,wild fruits: a wild fruit with milky juice,General,noun
amaziga,tears: salty water that comes from the eyes when one cries,General,noun
amaziika,1) money donated to the bereaved family. 2) tribute. 3) process of burial,General,noun
ameehange,1) forcing oneself to do something that is too difficult for one to accomplish. 2) too much confidence,General,verb
amiina,the act of communicating with a deity (especially as a petition or in adoration or contrition or thanksgiving),Culture And Tradition,noun
arifu,alphabet: a set of letters in a fixed order,Education And Learning,noun
arubamu,1) a book for keeping photos. 2) a collection of songs compiled or composed by an artist,General,noun
atyo,1) like that. 2) then,General,verb
amatembane,a child or young of closely related parents,General,noun
akatembo,: a steep hill or road,General,noun
akanata,a tongue stuck in the mouth making it impossible to speak,General,noun
akanyangaro,whistle made with closed hands to call somebody,General,noun
akanyarabudidi,small inedible grasshopper with long antennae,Common Animals,noun
akamanyiso /akarugu,"hidden side,corner in the house",General,noun
akasaso,one bad luck after another,General,numeral
akasero,act of commenting too much on something good such that it starts suffering from negative effects,General,noun
akasiihirra,having great desire for something,General,noun
akasinsimizi,tiny flying insect common where banana wine is being brewed,General,noun
akasondokoraine,looking for ways of quarreling with someone,General,noun
akasuraigana,plant used as a broom or herbal medicine,General,noun
akatahyo,small calabash container with a handle used forj drinking water,General,noun
akatogo,a mixture of one type of food cooked with sauce,General,noun
akatwetwe,a peak of a hil,General,noun
akatyabiri,"a type of mushroom,dark coloured",Common Animals,noun
akawaiduuru,a small bird that rises suddenly from the ground with loud whirring,Common Animals,noun
akeefubo,isolated place in a house,General,noun
akeejwiso,a woman's continuous bleeding not occurring during her normal menstruation period,Health & Medicine,noun
amacumu g'Omukama,the king's brave and faithful men,Military,noun
amadudu,large poisonous plant with white trumpet shaped flowers and spiny,General,noun
amagita,"a oil, fat, ghee, butter",General,noun
amagonjo,a deserted piece of land,General,noun
amagunga,milk of a cow which is about to go dry,Common Animals,noun
amahaiga,"season for reaping or digging out potatoes, cassava",General,noun
amahasa,a ritual to cleanse the twins,General,noun
amahukya,a type of millet with light colour,General,noun
amahumbuuka,"Easter Sunday, Resurrection of Jesus Christ",General,noun
amahunde,Sing: ihunde. 1) crown: a circle of flowers or leaves worn on the head especially as a sign of victory or as an award. 2) a garland made of gold and decorated with jewels worn by kings and queens on the head. 3) something beautifully decorated,Mathematics,noun
amaibaibane,put somebody in a situation of uncertainty,General,verb
amaijaleero,creeper with edible seeds like beans,General,noun
amaijukuru,"jokes between elders and younger people, especially of the level of grand children",General,noun
amainaro,1) poverty 2) bad omen. 3) bad luck,General,noun
arnaizi,"water, anyn liquid that is watery with no specific name",General,noun
aka,"particle e for nouns,2.to be in operation",Health & Medicine,particle
amakamba,"latex, sap that is sticky",General,noun
amakatara,"set task, piece of work to be finished within a stipulated period of time",General,noun
Ake,"prefix for nouns ,the stems of which begin with the vowel",General,particle
Akiiki,pet name usually given to a male or female child by pareot,Culture And Tradition,noun
amakire,illness of women caused by sexual excess,General,noun
ako,"for nouns in cl.12, and for things in mind",General,noun
amakondere,"insects with beautiful voices. Sing:eikondere, or music instrument",General,noun
amakongora,a kind of thorn bush,General,noun
amakura,disease of goats and sheep,Common Animals,noun
akuura,"lo take an offered thing in the hand ,accept",General,noun
amalegyo,a areas of a swamp where one can easily sink,General,noun
amalengo,illness of one who is bewitched,General,noun
amamburwiga,"swelling of the cheeks, mumps",Health & Medicine,noun
amya,"to mention name of dead person, speak cornfully of the dead",General,verb
amamya,millet soaked in water to make it germinate,General,noun
ana,"to bear, produce fruit; grow thin and weak(child)",General,verb
anamira,to pay a friendly visit in the evening,General,verb
andaara,"to trail along the ground; be idle, loiter",General,verb
andakaarra,"to be scattered about, in disorder;be tired out, exhausted",General,verb
andamira,to sit mourning a long time; pay a call at night and sit chatting,General,verb
anduza,"tobe very tired, worn out",General,verb
amaneera,larvae of carrion and other flies,Biology,noun
amankinda,honey with crumbs in it,General,noun
amankutiza,"saliva that collects as result of a desire to eat something, salivating",General,noun
amansinda,"the sweet yellow substance in a honeycomb, nector",General,noun
amanyaanungi,"swindle, pretending to be good",General,noun
amarambi,the foot of a bed,General,noun
anga,"to say no, deny, refuse",General,verb
anguhiirra,"to be easy, quick light",General,verb
anguhiriza,"to do too quickly, do carelessly, rash",General,verb
angura,touse (a pot) for the first time,General,noun
aniirra,"togroan, moan (as dying person)",General,noun
anika,to spread out on the ground,General,verb
anikiriza,her mother spread tbe bedding under the sun,General,noun
anuka,to become lean or wasted,General,verb
anura,"to ake out of the sun, take in from drying;make thin, diminish; hasten the business of",General,verb
anuukura,"to answer, reply, take an offered thing in the hand",General,verb
anziira,"to dawdle, idle; wail (many people)",General,verb
anzika,"todisembark, go aground (boat); embark,push off",General,verb
Apuuli,pet name given to a male child by bis parents at birth,Culture And Tradition,noun
ara,"to spreadout, lay out (beds, etc.), make the bed",General,verb
Araali,pet name given to a male child by his parents at birth,Culture And Tradition,noun
aruka,"to spring up (grain, etc. just appearing)",General,verb
arura,to take(hen) outside after chickens are hatched,Common Animals,verb
aruurra,"to take up (mats), take off (coverings)",General,verb
asa,"to spl it, cleave, chop; a hand, reveal a secrete",General,verb
asamiirra,"agape, to keep the mouth pen, swallow up",Common Animals,noun
ata,"to crack,smash, spill; talk loudly (in hunting) and scare the animal from its hideout",General,verb
Ateenyi,pet name given to a person(s) by his/her parents at birth,Culture And Tradition,noun
atiirra,"to be audible, distinct, become known (words)",General,verb
atika,"to become broken or cracked, be spilt",General,verb
atukiirra,"to be well known , famous",General,verb
atura,to speak loudJy and distractly (open confession),General,verb
aturamu,to pick out or cut down from among many,General,verb
atuurra,"to hatch out, to help to hatch",General,verb
Atwok,a pct name given to a person(s)by his/her parents at birth,General,noun
aya,"to raid,pillage, cut down food plants, loot",General,verb
ayaaya,"to force open and tie (mouth of cow),pass. form",Common Animals,verb
aza,"to ransack,search for stolen property",General,verb
amarwa,drink made from fermented millet,General,verb
amasangaaniro,"junction, point where one road meets another",General,noun
amasanju,smallest branches of a tree,General,noun
amasarule,cuts on a person's cheeks,General,noun
amasaza,"peas: a leguminous plant of the genus Pisum with small white flowers and long green pods containing edible green seeds. Var: obusaza, amasaza. Sing: eisaza",General,noun
amasiitale,illness of twins' relatives supposed to be caused by omitting to perform- all the usual ceremonies for twins,Culture And Tradition,noun
amasirra,action of catching edible grasshoppers by lighting a grassfire usually in the evening,General,noun
amasongezo,syphilitic swellings of the joints,General,noun
amasoro,small glistening lumps of salt,General,noun
amategura,a kind of dance where dancers wear costumes from palm leaves and rattles,General,noun
amatehe,a wild fruit like the pomegranate,General,noun
amatengenene,"red edible berries, wild cardamoms",General,noun
amatojo,a plant with thorny leavesliked by goats and cattle,Common Animals,noun
amatuga,"hydrocele,illness causing testicles to swell",General,noun
amatuuti,mounds of earth where potatoes are planted,General,noun
amawiino,long hairs from giraffe's tail used f6r making bracelets,Common Animals,noun
amazomba,"ringworms, a spotty skin disease",Health & Medicine,noun
arukwera,"the holy one, a saint",General,noun
baaga,"to skin, flay, cut up dead carcass; operate surgery",Health & Medicine,verb
baarra,"to reckon, estimate, aim at in shooting",General,verb
baata,meat twice and eats it while his/her relative is looking on forgets that his/her relative also has desire for it,General,noun
baba,"to smoke, heat over fire, burn designs on(stick), sting (e.g. nettle)",General,verb
babiikira,to be very hot mustard,General,verb
babirirwa,to have burning sensation (on body or in mouth),General,verb
babuka,"to be blistered, be painful, (burn)",General,verb
baga,to fix reeds on side of poles for a wall of a building (e.g. a mud and wattle wall),General,verb
bagana,to share apportion among selves,General,verb
baganiza,to divide into sections or parties;often with the adverbial prefix,General,verb
bugaoura,found the plantain cluster divided into two pans,General,verb
bugahya,"Kiruga mukigambo 'ahya', okuhambisibwa(to be chased) .e.g by animals or enemies",General,noun
baganura,to pull apart. spilt. open,General,verb
Bahemukiraata,King Kasagama 's royal drum,Governance And Administration,noun
baija,"to do carpentry, chop into shape",General,verb
baayineemu,"brother and brother, sister brother and sister and sister and siste and brother; those who share the samemother",General,noun
baaburangahi,a person who likes going to parties,General,noun
baamwana,parents of the bride and bridegroom,General,noun
bagemdanwa,the main royal drum of Ankole,Governance And Administration,noun
bagyendanwa,SW.royal drum: the largest drum in the royal palace in Ankole used for ceremonial purposes,Governance And Administration,noun
bahungu,eyelashes: short curved hairs growing on the upper eye lid,General,noun
baiburi,SW.Bible: the sacred writings of the Christian religions,General,noun
baiseemu,"those who share the same fther, brother of half-brother, sister of half sister",General,noun
baJiisiriza,"to converse with a person with intent to make him forget his sorrow, or get something from him;have continual talk with a person who is weary",General,verb
bamba,"to peg out (e.g. hide), crucify;, oruhu, peg out skin on the ground",General,verb
bambaara,to behave in mad fashion,General,verb
bambaga,"to be nearly full to the brim; lacking in fulness full to the brim, (e.g. 1qasket containing millet flour)",General,verb
bak,"to set light to, kindle; breathe quickly, pant",General,verb
bakihuuta,a person who does things quickly especially in talking: someone who is annoying because he or she talks too much in an offensive way,General,noun
bambe,a word used to express pitty and sympathy for someone's misfortune,General,noun
banda,a group of musicians who play popular music together,Art And Entertainment,noun
banka,bank: an institution that keeps money,Economics And Commerce,noun
bambira,"to fasten down securely; attack, assault; buy meat (straight from the carcase)",General,verb
bambu,"to peel off (e.g. skin, plaster), breakaway, come unpegged",General,verb
bambura,"to unpeg, puU up, take off top layer,peel off outer skin",General,verb
bambuura,"to take skin off, to completely unpeg",General,verb
bandaara,"to stay, wait a while",General,verb
bandaatuka,to spring up quickly(from sitting),General,verb
bangira,"to support, and keep from falling",General,verb
banza,"to begin, do first, precede",General,verb
banzlika,"to tack for sowing, make a rough copy of, draft",General,verb
barabaata,"to bum (pepper in the mouth), smart,sting",General,verb
barweguhira,oaroe given to one who looks for trouble,General,noun
bazigya,small insects which eat food,General,noun
bbaamuuka,"to go one's own way, walk out resentfully, be rude, naughty",General,verb
bbabban,"to be stiff, bard (e.g. skins)",General,verb
bbakuli,enamel bowl for rel ish,General,noun
Bbala,pet name given to male person by his parents at birth,Culture And Tradition,noun
bbana,"to pull tight, stretch; be stretched",General,verb
bbanga,"to cut a notch, mortise",General,verb
bbangaarra,"to be very erect, hold oneself well",General,verb
bbanika,to stretch tightly; be taut,General,verb
bbanuora,"to speak forcibly, be entertaining, amusing",General,verb
bbarangura,to hit (a hard thing) hard and break it into pieces,General,verb
bbasuka,to spring (trap or stone etc.),General,verb
bbayura,"to beat hard, smack; take foreign bodyout of eye with tip of tongue",General,verb
bboi,imitates the sound made by a dog when barking,Common Animals,noun
bbomooka,"to come off, peel off (as skin, plaster)",General,verb
bbongooka,to be poured away; go in crowds; have a piece broken out,General,verb
bbongoora,"to pour away, break a piece cut",General,verb
bboomooka,"to collapse, fall down(wall), come off (plaster)",General,verb
bbubura,to roar (as a lion),Common Animals,verb
beeba,to lift or move painfully,General,verb
bega,to spy on and report facts about a person or thing to be kept secret,General,verb
bemba,"to offer (to spirits, etc)",General,verb
bendabenda,to walk bending forward stoop,General,verb
berekera,to begin growing grey hair,General,verb
berenguka,"to be crushed, broken to",General,verb
berengura,"to break up, crush (beans);make very bot",General,verb
bibika,to cover completely (e.g. rash on the body),General,verb
bibugano,(used only in pl form); semen,General,noun
bibya,(used only in pl .form),General,noun
bicubyiguru,one of the names of fashions displayed by girls when playing the game of strings (cat's cradle),Common Animals,noun
bicumu,"burning sticks in fire, an insolent woman",General,noun
bidubudubu,relish cooked without salt or butter,General,noun
bifuzi,"froth in the mouth, phlegm",General,noun
bigendezo,old clothes worn when travel ing,General,noun
Bigere-bisaaga,title of great honour given to King,Governance And Administration,noun
bigisa,"child's cowrie aod bead necklace,channs",General,noun
bigisl,swollen gland io the neck,General,noun
bigogo,"dry plantain fibre (used as a rope, etc.).bigojo, e-, n. cl. 8, (used only in pl. form)",General,noun
bibana,millet left on the stirrer,General,noun
bibande,"coarse flour, roughly ground millet flour",General,noun
bihebyo,leaves etc. used for cleaning oneself after defecation,General,noun
biherehere,scabies all over the body,Health & Medicine,noun
bihinga,over lapping teeth ; debts,General,noun
biboiga,"bits of grass and stick, rubbish",General,noun
bihuruguto,rotten pulp of gourd; matter inside a boil,General,noun
biiga,disease (esp. of cows); (knees' swollen with effusion),General,noun
biiha,"to become bad, be ugly, deceptive",General,verb
bilhiirra,attribute words to a person falsely,General,noun
biikira,to choose leader of a herd,General,verb
biikuurra,to kill chief bull of herd,Common Animals,verb
bikaca,"roughness of the skin, nodules caused by leprosy",Health & Medicine,noun
bikamburo,"materials of ruin, old house",General,noun
bikerenju,"scum, oily film on the surface of water; fat on gravy",General,noun
bikiiso,something obtained at right time,General,noun
bikiratima,(used only in pl. form),General,noun
bikobokobo,pieces of withered plantain bud(fallen off the tree),General,noun
bikoko,crust of millet or maize ftour lefi in thecooking pot;wax in the ears or nose,General,noun
bikududu,dregs of sweet banana juice,General,noun
bikwato,"valuables, weapon, property(of a chief)",General,noun
bimba,"to bubble, boil over, foam, effervensce",General,verb
binga,"to drive away, turnout, expel, drive",General,verb
binyiga,"relish cooked without salt, smashed food",General,noun
biralikizo,aperson with squinted eyes; person whois always unsteady,General,noun
birama,. (used only in pl.form),General,noun
birambi,arrangements of the hnir in l ines; stripedcloth,General,noun
bireju,"(metaphorically used only in p/ .fon 11, instead of sg",General,noun
birigitwa,to have griping internal pain,General,verb
birooro,young calves kept in the pen,General,noun
biroro,", (used only in pl .form)",General,noun
bisekere,"a palm-like tree with stilt roots,found in stream beds. screw pine .Pandanus c/ ziliocmpus",General,noun
bisaaniiko,plantain leaves used to cover row food when cooking,General,noun
bisahi,"place in a house where milk vessels are kept,(dairy)",General,noun
bisaraganyu,millet porridge mixed with water and strained ready for drinking,General,noun
bisasara,"bee wax, cells of termites",Common Animals,noun
bisekule,relish cooked without salt or butter,General,noun
bisohoro,small millet (oburo) when in flower,General,noun
bisuosa,disease infected in the private parts of awoman,Health & Medicine,noun
bisunsa,edible leaves of a species of gourd or pumpkin,Biology,noun
bitakuji,"garden of potatoes, tubers produced bythere plants",General,noun
bitale,the King's hands and fingers,Governance And Administration,noun
bitemagwa,; anything felled in the bush,General,noun
bitembe,round black seeds of the wild planting tree,General,noun
bitote,millet Hour cooked with too much water pap,General,noun
bitu gunda,nick name for big eyes,General,noun
bituju,"polypus,occurring usually in nose uterus or bladder",General,noun
bitutu,buds;fringe of a woman's cloth or men's robe· women 's arrangement of bair in tufts,General,noun
bituutu,one having eyes which Cape gooseberries,General,numeral
bobeerra,"to fasten up for (as food for one going onajou rney); compel,exert by force",General,verb
biwaati,grass (found in swamps) which c;o. ntains a black dye,General,noun
biyengeyenge,stars apparently seen in front of eyes; heat flimmers from the sun,General,noun
biyengo,members of a household who are fed bythe house bolder,General,noun
bizinda,"dirt in stem of pipe, nicotine",General,noun
bohera,to cast a spell to a person,General,verb
bohoorra,pack food for a traveler,General,noun
boigoorra,"bark at, abuse. speak roughly to",General,verb
boija,to pick up and eat uncooked termites,General,verb
boijana,"to be left alone, part",General,verb
Boma,"foot,fenced enclosure, Government station.Abbreviation for British Overseas Military Administration",Military,noun
bomba,"to creep away ashamed, slink; have mange(disease cattle, dogs)",Common Animals,verb
bomooka,"to completely come off; peel off (as skin,plaster); have mange (cattle, dogs)",Common Animals,verb
bomoora,to completely take off the outer skin covering of something,General,verb
bonda,"to collapse, subside, sink down",General,verb
bonderenva,to be heavy with sleep,General,verb
boneekereza,to give someone something to start with (as grasshopper captors do to some one newly coming to catch grasshoppers),Common Animals,verb
boneka,"to appear, become visible, be new(moon),eat or drink (of King only)",Governance And Administration,verb
bonera,"to have first menstruation after giving birth, look tidy",General,verb
booga,sway about (when ill or tired),General,verb
boogoya,"to strut about, walk showing off fineclothes",General,verb
bonjooka,"to go stealthily, shame facedly",General,verb
booboita,"to roar (as a l ion), growl, groan",Chemistry,verb
boogabooga,"to be limp, flabby, floppy, (child or old person)",General,verb
boogo,tiny conical shells washed up by the waves,General,noun
boota,"to feeble old person; be flabby, decay",General,verb
borogota,to sleep very soundly; describes sound of rushing water,General,verb
borooga,"to groan, moan, roar, bellow; speak in a boastful manner, brag; increase. multiply",General,verb
boroogereza,to much pain to someone to the extent of causing him/her to make a continuous pitched cry,General,verb
botoka,"to fall in, partially collapse",General,verb
boya,"to smell fragrantly; be quarrelsome, ready tofight",General,verb
buburwa,"lavant of, usually of necessities",General,noun
bubya,craving for salt water (cattle),Common Animals,verb
bucaca,meal on part of backbone,General,noun
bufuka,spear (stab thrust)at close range,General,verb
bufumu,profession or work of a doctor,Health & Medicine,noun
bufundi,"skill, knowledge about technical work",General,noun
buga,"to go to and fro, be restless, wander aimlessly, toss about (in illness), throb",General,verb
buganga,gunpowder;skill or work of a doctor,Health & Medicine,noun
bugara,"idleness,laziness, weakness, impotence; tuft ontop of papyrus",General,noun
bugeme,sap of the wilddate palm made into a very intoxicating drink,General,noun
bugombe,plant with berries which make a lather in water,General,noun
bugoma,"Okuruga mukigambo 'goma', okumanyisa okwitirana rundi okukora amugomo",General,noun
bugoodo,"small white spot, e.g. on cattle",Common Animals,noun
bugoonyo,"place wheretravelers can sleep for a night, lodge",Tourism,noun
bugujaguja,edible berries of a plant,General,noun
buguma,"breeding sheep, goat etc., but not cattle",Common Animals,noun
bugumu,"firmness, hardness, durability, boldness, hardihood",General,noun
bugyaiswa,fee paid to doctor before treatment (consultationfee),Health & Medicine,noun
buheke,grains of mi llet (oburo) rubbed in the hands and eaten: mixture of simsim and millet,General,noun
buheekura,A place that has so many murders,General,noun
bubemu,grains of mi llet (oburo) rubbed in the hands and eaten: mixture of simsim and millet,General,noun
buhetezi,"prolonged sleep (in the morning), sleepiness, sloth",General,noun
buhiihi,"an uncountable number, multitude, abundance",General,noun
bubike,"end of life, time of death",General,noun
bubonoro,"soft mud, cattle dung, just dry on the surface but wet underneath",Common Animals,noun
buhumuurro,"rest, peace, freedom !Tom worry",General,noun
buhunda,"little bits of grass, specks",General,noun
buhunduguru,dung of goats and sheep,Common Animals,noun
buhweju,A place that grows many punpkins(ebihweju),General,noun
bubuule,milk as a novice without making froth,General,noun
"bujaba ra,",small edible berries of a species of saJanum,Biology,noun
bujenjeere,heat haze; small biting aots,General,noun
bujenje,"kinu ekigambo nikirugira mukigambo Bujenjeere(heat haze), ekikaro ekina embeho ekutagata",General,noun
bujolejole,small things of different kinds (together),General,noun
bujomba,"dirt in apipe, nicotine ; red sap of backcloth tree",General,noun
bujungi,share givento some one who has squeezed bananajuice,General,noun
bujungiro,mushroom that grows in a place where plantain juice ferments into beer,General,noun
bujwarro,"split hair, small leaves (as of papyrus)",General,noun
bukaikuru,"old age (usually female), infirmity",General,noun
bukambi,grass materiaJ which bas been used in squeezing juice out of plantain when used again to induce fermentation of the same,General,noun
buko,espousals of a woman 's betrothal,General,noun
bukoko,"small chicken, parasitic growth (e.g.fungi on trees",Common Animals,noun
bukorongo,blood pudding beaten up while in process of cooking,General,noun
bulema,"to be blemish, deformity, mal fonnation, lameness",General,verb
bulembo,sticky substance used by bees for building,General,noun
buli,treat me like you did that day,General,noun
buliga,dried cassava or plantain flour,General,noun
buliisa,a place for grazing animals,General,noun
bulime,land tilled but not sown,General,noun
bulimiro,earth that clings to the legs when digging,General,noun
bulindi,use the method of procuring fire by rubbingtwo sticks together,General,verb
bulyeradi,bird heard when millet is nearly ripe,General,noun
bumbtirra,"to repair, mend (clay vessels, ant hill)",General,verb
bumbulikwa,"to be afraid,to own up",General,verb
bumbuza,to go through a dark place or short-cuts unafrrud,General,verb
bumyoka,office of onesecond in comman,General,noun
bunananga,tubers mixed with other plants toproduce,General,noun
bunda,"to crouch, lie low, hide(anirnals)",General,verb
bundaara,"to be low, crouch for a spring",General,verb
bundabu nda,"to be over cast (sky),lower (clouds); bow low(sign of respect), stoop, droop",General,verb
bunduguza,to wake up early and start off alone; fumble about,General,verb
bunga,"to go visiting, pay a call",General,verb
bungabunga,"to go visiting, walk about, stroll",General,verb
bungira,to visit (socially or for a purpose) call on,General,verb
bungisa,"to host; invite someone to come and see one, take visiting, take out for a walk",General,verb
buogwa,"to be bored into by insects, be wormeaten",General,verb
bungya,"to hawk; take about, show off, advertise,bungyamu amaiso, look around about",Common Animals,verb
bunkenke,"on ones toes, on tiptoes ; expectantly",General,adverb
bttnsibi,cluster of plantains nearest flower bud,General,noun
bunyaamu,small pieces of wood used for cooking,General,noun
bunyara,a place that produces premature harvests. see. omunyara,General,noun
bunyamunwa,"disease of goat and sheep, goat-pox",Common Animals,noun
bunyigita,waist (as of thing tightly tied) neck of gourd,General,noun
bunyimyanyimya,"dazzlement, sparks, small sparkling things",General,noun
bura,"to get lost, go astray, disappear",General,verb
burabura,"to get lost frequently, go astray now andagain",General,verb
burabuza,"to confuse, make it difficult for one tounderstand",General,verb
buranga,service of a young girl in Kings Palace,General,noun
burangana,"to wander about and be lost, be brought to nought",General,verb
buranganiza,"to bring to naught,confuse, make to work hard",General,verb
buraro,"bridge, teera bridge a swamp",General,noun
burole,"openness; speak the truth, frankness",General,noun
burolerezi,"post of overseer; office of a bishop, diocese;beggary",General,noun
buromborombo,"customs internal dispute, ritual, struggle, procedure",General,noun
burooro,"tiny fleas found on fowls, uncountable things",General,noun
buruuli,"kinu ekigambo nikiruga mukigambo, 'Buurru' - okumayisa ekikaro ekina amaizi ge'bisaabu",General,noun
busaalizi,"bitterness, tingling; sorrow, grief, pain",General,noun
busunsu,hair of child shaved in a spiral pattern,General,noun
busura,to take (cattle) to salt spring water,Common Animals,verb
busurungu,dung (of goat and sheep),Common Animals,noun
butaara,"deserted (e.g. house); lya b., be free, absolutely or completely free",General,noun
butabuta,"to bend low before superior, bend due toold age",General,verb
butaka,"freehold property, family estate, chieftainship",General,noun
bu tambara,"un fore seen occurance, accident",General,noun
butami,thin strips of dried papyrus used for making baskets,General,noun
bu tamya,"cause to collapse;b. enda, arrest pregnancy",Health & Medicine,noun
butara,frame work table on which peeled plantains or meat are spread to dry or bake,General,noun
butoigo,first season of sowing millet,General,noun
buteere,"flour of dried plantains , cassava",General,noun
buteogen ene,"insecurity (on the feet), unsteadiness on ones toes",General,noun
butesi,behaviour of a petted person,General,noun
butiti,cold wind met within mountain forests,General,noun
butitizi,skin trouble caused by insects,General,noun
butoorre,offering of food put by for a diviner,General,noun
butorwa,sweet grass eaten by cattle,Common Animals,noun
butonu,"rora, gaze, stare, caught redhanded",General,noun
butura,"buy for a low price, get a bargain",General,verb
Butwarane,large dnun of the King of Tooro,Governance And Administration,noun
butwera,"zaara ob., bear children frequently",General,noun
buuruza,to waJk with eyes closed,General,verb
buyaga,a windy or draught area,General,noun
buyangana,"to be fussy, restless, be in a commotion",General,verb
buzaahi,"emigration, state of being in a distant country",Geography,noun
buzaarraanwa,"birth, nature received at birth",General,noun
buzaire,", lochia after childbirth; parenthood",Health & Medicine,noun
buzigaijo,"position of first born child, birthrigh",General,noun
buzinzi,"violence,highway robbery; very small potatoes",General,noun
bwadi,long ago; used to inquire indirectly about the time one has takendoing something,General,noun
bwafundi,"work or skill of a mechanic, artisan or. skilled workman",General,noun
bwasi,be milked after death of calf,Common Animals,verb
bwasiogo,dry cowdung used for making fire for cattle,Common Animals,noun
bwato,"canoe,boat;trough inwhich beer is made",General,noun
bwcka,to hide in a safe place,General,verb
bwerre,"open country,land (as opposed to sea), plains",Geography,noun
bweru,"whiteness,clearness; roughness of the skin",General,noun
bweyaganuurro,"room to move, freedom, spacious",General,noun
bwigaramatu,small insects like white ants,General,noun
bwiguru,word used to express one's frankness,General,interjection
bwihwa,relation of a person with members of his/her mother's clan,General,noun
bwipe,"common evergreen tree of moutain forests over 8000ft. Podoca1pus milanjia, var. arbore-scens",General,noun
bwire,"time of day,weather, darkness; long-legged beetle",General,noun
bwisampundu,little scarlet and black seeds of a creeper,General,noun
bwituzo,used for smoking milk vessels,General,noun
bwose,"hair from tail of cow, goat",Common Animals,noun
byaba,"tolong for, hanker after, press",General,verb
byama,"to lie down, go to bed",General,verb
byeosoni,"acts not allowed to be said or done openly, shameful things; private parts",General,noun
byeyeerre,place where one visits only to find a person or people one intends to meet gone,General,noun
byeyera,bald patch from front to top or back of head,General,noun
byomunda,children's stomach pain believed to be brought about by chann,General,noun
banyoro,"chiefs, free-men, the wealthy and important members of class",General,noun
basengya,senior priests to Omukama Wamara,Governance And Administration,noun
basiita,The word for “soldier” during Omukama Wamara’s time,Military,noun
batebe,title given to the sister of the King,Governance And Administration,noun
bbbiringanya,egg plant: a big oval purple fruit or vegetable,General,noun
bigahwa,empty handed: faillure to obtain or achieve what one wanted,General,noun
biguru-by'empisi,speedy: done or occurring quickly,General,noun
bihogo,a uniformly dark brown cow,Common Animals,noun
biika-oguze,savings and credit institution; organised groups of people that save and give credit to their members on small interest rates,General,noun
birindi,the state of someone when he or she is drunk,General,noun
birundura,hyena: a dog-like scavenger with the front leg longer than the hind ones,Common Animals,noun
Biruuru,January: the first month of the year,General,noun
bishunga,"a cow with very white horns, horns",Common Animals,noun
bituri-bingi,"a tool with many holes, which is used to grip and turn nuts or bolts",General,noun
biya,alcohol: a drink made out of sorghum or barley,General,noun
bogoya,banana fruit: a type of banana eaten when ripe,General,noun
bombi,both: used to refer to two people,General,noun
boodingi,a secondary or primary school which often has accomodation facilities for students,Education And Learning,noun
boona-basome,a government program aimed at provoding free education to all,General,noun
boote-boote,senile: a very old person,General,noun
bucunku,a type of banana with small clusters,General,noun
bucura,last born: a child born last in a family,General,noun
bucwekye,to be left with nothing: to become destitute,General,verb
bufunyankobe,African edible root tuber of sweet potato variety,General,noun
bufuuzi,a condition of having no parents,General,noun
bugango,1) something of large size. 2) a great extent,General,noun
bugangaizi,"Okuruga mukigambo Obugangaazi, ekikumanyisa okwomangana rundi obugumangani",General,noun
buganyiro,"items, usually in form of money taken to the home of the bride-to-be, just before formal introduction in marriage",General,noun
bugiigi,"not easy to break, bend or deal with",General,noun
bugondo,a cow with small spots,Common Animals,noun
bugufu,in a short manner; briefly,General,adverb
buguru-butakora-hansi,moving very fast; going helter-skelter,General,noun
bugenge,"1) to be in a state of uncertainty, danger or panic. 2) the state of being at risk",General,verb
buhuma,"to grow fat, bloated, well(body)",General,verb
buhooro,serenity/peace; all right: a disposition free from stress or emotion or the absence of mental stress or anxiety,General,noun
busi bwa kunu,"on this side of the valley, the river",General,adverb
busindi,kinu ekigambo kyakarugire mukigambo kusindikirizibwa,General,noun
butengenene,standing of a child just learning to do so,General,noun
butwarane,one of the king's royal drums in Tooro,Governance And Administration,noun
bukabuka,plant: a type of medicinal plant that is traditionally used to heal different diseases,General,noun
bukara,plant: a type of weed with small brown leaves that grows in banana plantations,General,noun
bukarasa,a cassava variety originally developed in Bukalasa Agricultural College,Education And Learning,noun
bukiizi,sideways: facing or coming from the left or right side,General,noun
bukunya,"state when all or part a person or part of the body is exposed, without clothes",General,noun
bukuru,1) length of time one has lived. 2) maturity,General,noun
burahanda,pan cake: a flat round cake made with baking flour,General,noun
burangiti,blanket: a woolen covering used especially on bed for keeping people warm while they are sleeping,General,noun
bugwa-izooba,West: the direction where the sun sets,General,noun
buriizooba,everyday: a word used to mean everyday,General,noun
burikooti,black wattle: a hard black tree from whose black shoe polish is made,General,noun
buroro,behaviour: bad way of bringing up a child,General,noun
burugwa-izooba,East: the direction from which the sun rises,General,noun
burungi-bwansi,a government policy that encourages voluntary unpaid communal labour,Politics And Current Affairs,noun
bururu,blue: the colour of the clear sky or the sea in the sunlight,General,noun
buryo,1) the right hand side. 2) on or to the right side of something,General,noun
busoberwa,1) misery or dejection: great suffering or discomfort of mind or body. 2) desparation,General,noun
butaamisi,a type of cassava that is often sour,General,noun
butandu,accident: unpleasant event that happens unexpectedly and causes damage or loss of life,General,noun
butsimba,upright: something that is straight,General,noun
butunu,face-to-face: in each other's presence,General,noun
buzima,truly: in a sincere and genuine way,General,noun
bwahara,big or huge: very large in size,General,noun
bwana,master: tittle of a person who has authority over others,General,noun
bwara,plant: a thorny wild tree whose pods produce gum,Nature & Environment,noun
bwaseesa,.period of time: the day after tomorrow,General,noun
bwesereke,doing something secretly or in hiding,General,verb
bwiraninkonda,wood pecker: a very small black bird,General,noun
bwizi,filling something to the brim,General,noun
bwona,"always/all of it, all of them",General,adverb
byakutaga,"the struggle continues, it will always be a struggle to achieve",General,noun
caayura,"clean, brush (esp. milk vessels, skin, mats",General,verb
caca,"to walk on the heels, walk with flat feet",General,verb
cambaituka,"to spill over, shake about (e.g. water in a pail.contents of bundle)",General,verb
canda,"to bein agony, be tortured, suffer",General,verb
candabana,"to be in trouble, illor tired",General,verb
canku,"to chew, masticate, eat with mouth open",General,verb
capati,kind of breadlocally known as capati,General,noun
capira,"to be excitable, want to see what is going on",General,verb
carama,"to be free, be at ease",General,verb
cccba,to wear many clothes in the waist,General,verb
ceenya,"to be painful, to ache",General,verb
ceellywa,to suffer pain in (bones),General,verb
ceka,"to grow feeble, be weak",General,verb
cekenyuka,to be broken into tiny pieces,General,verb
cekcnyura,to break into tiny pieces,General,verb
cikya,"to shake about, (in a vessel), to shake together",General,verb
coi,"word used mostly by children daring playmates for a fight, to dare one",General,interjection
concobaniza,to be very thin and weak,General,verb
conya,to walk slowly (as women wearing longgarments),General,verb
cooma,"to be clumsy, awkward, foolish",General,verb
coomera,"to rebuke, sharply, scold; scare away an animal by shouting using the sound",General,verb
copora,to steal daily in small quantity,General,verb
cucuka,"to lose luster, fade, become rough",General,verb
cuga,to have intercourse with (a woman),General,verb
cukumbura,"to shake, jerk, swing about (e.g. person in hammock)",General,verb
cukumuka,"to fall in a mass, pelt",General,verb
culecra,"to be quiet, modest, humble",General,verb
cuuka,"to tip-up, tilt, tum upside down, castdown",General,verb
cumiikiirra,to give an injection or herbal steam bath; to smoke,Health & Medicine,verb
cumiitiriza,"to ponder over, meditate,consider, reflect",General,verb
cumiriza,"to push along, thrust out",General,verb
cumura,to remove sticks from fire; pass,General,verb
cumya,to dip or take food (mainly cooked plantains) with a liule salt or pepper ground together with salt,General,verb
cuncubira,of a baby to go to sleep,General,noun
cuncubiza,"to pat, soothe to sleep, hush",General,verb
cuncumuka,"to be driven away, runaway",General,verb
cunda,"to churn, pull, draw, stretch",General,verb
cundukana,to walk with difficult or wearily,General,verb
cungira,to dam (water); wear many (bracelets),General,verb
cunguurra,"to let (water) run away, clean (nails)",General,verb
cungya,"to throw far (as spear, arrow)",General,verb
curagura,to shake (milk) pot with hrbs and hot water to clean them,General,verb
curama,"to be on a slope, lie without a pillow,lie down anyhow",General,verb
cuucuuka,"to smoulder, smoke, rise (dust, etc.),and be blown about, evaporate, tum to powder",General,verb
cuucuura,"to stir up {dust), drive very fast",General,verb
cuurra,"to return to upright position;v.i., return (as from a visit)",General,verb
cuuyaaya,"to walk smartly, walk with a swing",General,verb
cwacwana,"to divide, cut up, break into pieces",General,verb
cwacwaouka,to be broken to pieces,General,verb
cwi,used to describe the dawning of the night,General,interjection
canisi,playing cards: a set of cards with numbers and pictures printed on one side which and used for playing various games,General,noun
cee,to keep quiet: to be silent,General,verb
ceeki,cheque: a piece of printed paper that authorises a bank to pay a stated amount of money to someone from the drawer's account,General,noun
chapati,"flat round cake made out of wheat flour, water, salt, onions and oil",General,noun
cwa,"to cut, also used as a title for kings who kill",General,verb
cwezi,a group of people who ruled kitara from 1300 AD to about 1450 AD,History And Historical Accounts,noun
coo,a sound made by hunters when hunting,General,noun
cooka,1) a type of soft substance used for writing or drawing on a blackboard. 2) a white substance used for painting walls,Education And Learning,noun
curi,used to gesticulate putting one's head down or being subdued,General,interjection
cuucuucu,an expression used to describe a very bad smell,General,interjection
cuura,a worker who cleans toilets,General,noun
dangura,"to be intemperate, be drunk",General,verb
dceru,"this time around, now now",General,noun
degedura,"to sieve, sift (e.g. grain) from chaff with sideways (movement)",General,verb
dengadenga,"to be tall and thin , be lanky",General,verb
dengeda,to walk without a load,General,verb
dere,word explaining a rattling sound caused by falling objects into a hollowed object such as calabash,General,noun
diba,"to be left over, remain unsold; fall into disuse",General,verb
dibika,to cook mushrooms without salt,General,verb
dikiza,to cause to sink;accuse indirectly,General,verb
dongoitoka,to be tall and lanky,General,verb
doodooka,"to grow thin, become emaciated, become infirm",General,verb
doomoora,to give good measure or good value,General,verb
dubuka,"to break through, burst, wear into holes",General,verb
dubuoguka,"to be hollow, have a deep bole inside",General,verb
dubura,"to pierce, make boles in, perforate",General,verb
dukura,"to thump, hit hard; dig energetically",General,verb
dunduka,"to be eager, be anxious",General,verb
dungadunga,to sway about (tall thing),General,verb
duupa,"to secretly incite to rebel, trick, lie",General,verb
duurra,"to show off to,mock, deride",General,verb
dwaogya,to speak a foreign language,General,verb
dya,said by respondent to a riddlegiven to him/her when he/she fails to get an answer to it,General,noun
daa,the sound made by a sheep,Common Animals,noun
demokurasi,"democracy: a type of government, elected by the people who have equal rights in decision making,etc",Politics And Current Affairs,noun
diguri,degree:a qualification offered by a university to person who has completed a course of study,Education And Learning,noun
diisi,"title of the District Commisioner, now called Chief Administrative Officer",General,noun
dimu,"once, from time to time, once in a while",General,noun
diporoma,diploma: qualification attained in higher institutions of learning,Education And Learning,noun
disiturikiti,"district: a local government administrative unit that heads the counties, sub-counties, parishes, etc",Governance And Administration,noun
doora,SW.dollar: the basic monetary unit used in the US and other countries,Economics And Commerce,noun
duhaga,one who will grow tall as time passes,General,noun
duuduudu,drum that summons Catholics to Mass,Legal And Law Matters,noun
duuka-mukono,hawker: a person who moves from place to place selling goods,General,noun
ekicura,a cow that is too old and produces young ones,Common Animals,noun
ekicure,a very sick person: someone who is in comma,General,noun
ekicuro,sudden quick and uncontrollable movement of muscles,General,noun
ekicuukuure,fallow land: land that has been overcultivated and has lost fertility,General,noun
ekicwamugongo,"shed: dark area on the ground, wall, floor, etc. due to cut off of direct rays of light",General,noun
ekicwanyagurika,part of a solid substance broken into smaller fragments or pieces,General,noun
ekicweka,part of a solid substance broken into smaller fragments or pieces,General,noun
ekidaara,a shelter supported by poles and ropes made temporarily for occasions like parties,General,noun
ekide,a bell: a hollow vessel of cast metal that makes a ringing sound when struck,General,noun
ekidebe,large metal sheeting capable of producing a metallic sound,General,noun
ekideeya,"gunny bag, an empty sac",General,noun
ekidodoima,wild plant with small ovalsweet fruits,Nature & Environment,noun
ekidondi,"thread: a roll of thread which is used in making clothes, sweaters, table clothes etc",General,noun
ekiduuma,a large stick used by the king's guard,Governance And Administration,noun
ekifaayongo,fool: person who acts in a stupid way,General,noun
ekifamatu,deaf person: someone who is unable to hear at all or unable to hear well,General,noun
ekifeera,a coward that is weak and timid,General,noun
ekifi,pieces of chicken meat cut into small parts in preparation for cooking,Common Animals,noun
ekifiizi,whistle: a sound made by forcing air inward through half closed lips,General,noun
ekifuba,force: using violent means to achieve an objective,General,noun
ekifu,a still born child or anima,General,noun
ekifumuka,a hole: an opening in the surface of something,General,noun
ekifunduuzo,opener: a tool used to open other things,General,noun
ekifunyika,bale: a collection of clothes tied together,General,noun
ekifuruuto,a form of skin rash: part of the body that becomes larger as a result of sickness or injury,General,noun
ekifuuha,a round hut built using grass,General,noun
ekifurukwa,a deserted house or place,General,noun
ekigaaniiro,a conversation: an informal talk involving two or more people,General,noun
ekigaara,a gun. the butt of a gun,General,noun
ekigagara,a litter for carrrying a bride or a patient,General,noun
ekigano,folk story with a song,General,noun
ekicuragenyi,a wild plant which has hairs on its leaves that stings when touched,Nature & Environment,noun
ekicurizo,whitsle: a clear note made by forcing air or stream through a small opening between the lips,General,noun
ekicuucu,"shed: dark area on the ground, wall, floor, etc. due to cut off of direct rays of light",General,noun
ekicwagure,something that is chopped into small pieces or is reduced in size,General,noun
ekicwamuhendo,a dark/grey slow worm similar to a black snake,Common Animals,noun
ekicwanzima,"a small boneless, limbless, creeping creature living underground",General,noun
ekicwero,tithe: one tenth of the annual produce of the farm or income that is paid as tax to the church,General,noun
ekidandari,a place of amusement where people go for merry making especially for drinking and dancing,General,noun
ekidiba,dip tank: constructed wells for cattle dipping,Common Animals,noun
ekideero,trap prepared with heavy material on top to trap an animal,General,noun
ekidoli,"a container used as a urinal, bed-pan",General,noun
ekidoma,a foolish person: a person who behaves or speaks in away that lacks intelligence,General,noun
ekidori,a vessel for urine used in the bedroom,General,noun
ekiduukuru,a big basket with a cover usually for keeping in clothes,General,noun
ekifabigere,impotent man: a man who is unable to perform sexual act,General,noun
ekifamutima,fool: a person without much sense or one whose conduct is considered silly,General,noun
ekifenensi,"jackfruit: a fruit with rough skin, sweet juice and big white seeds",General,noun
ekifiire,a person who is weak minded and incapable of rational conduct,General,noun
ekifuba,chest: the upper front part of the body between the neck and the stomach,General,noun
ekifo ky'enyama,a piece of cooked meat,General,noun
ekifuko,bead necklace with many strings,General,noun
ekifumbatanjoka,large shiny lizard similar to a snake,Common Animals,noun
ekifumurano,foetus: a young calf found in a slaughtered cow,Common Animals,noun
ekifuro,"foam, froth in the mouth",General,noun
ekifuzi,saliva from the babies mouth,General,noun
ekigaaniizo,a joke: something done or said that makes someone laugh,General,noun
ekigaari ekigaigo,a modern wheel barrow: a large open container with a wheel and has handles that can be used for pushing sisal plant,General,noun
ekiganja,"the palm of; hand, the paw for animals",General,noun
ekigaramiro,backresh of a seat: anything that someone presses his back on to rest,General,noun
ekigingi,a foul committed to someone when playing a game especially football by placing your foot against another with the intention of causing a muscle strain,General,noun
ekigingirire,forgery: something that has been copied in order to cheat unsuspecting clients,General,noun
ekigoba,a round of winning a game,General,noun
ekigoigo,sisal plant: a tropical plant that is used in making strong ropes from its fibres,General,noun
ekigorigoori,fontanelle: any membranous gap between the bones of the cranium in an infant or foetus,General,noun
ekigugunira,maize cob where seeds have been removed,General,noun
ekiguri,red safari ants ant hill,Tourism,noun
ekigurukizo,"fly whisk: a bunch of grass, twigs or bristles for wiping away flies",General,noun
ekigege,crying loudly for a long time especially among children,General,noun
ekigezo,a test or examination: a written or spoken test that is given to an individual to establish how much one knows on a subject,Education And Learning,noun
ekihahaara,"vagabond: a person who lives a wanderer life, and does things without a second thought",General,noun
ekihama,secrete: something which is not supposed to be known to other people,General,noun
ekihambaara,idler or vagabond: one who moves around aimlessly,General,noun
ekihanda,1) a rebellious person or person who is big headed. 2) a notorious person,General,noun
ekiharaani,sewing machine: a machine used for stitching materials especially clothes,Technology,noun
ekiharara,an inset that looks like a locust and is usually found in dry banana leaves or dry grass,Common Animals,noun
ekiheese,a multi-layered bead worn by girls,General,noun
ekiheheso,toilet paper: a thin paper used for cleaning oneself after defeacating,General,noun
ekihembo,"a prize or present given to someone who has done something great or has successfully completed a race, competetion, etc",General,noun
ekihene,the inside upper part of the eyelid,General,noun
ekihengere,"a hole inside the ground, tree trunk, etc",General,noun
ekihiira,a burnt thing: remains of what has been burnt,General,noun
ekihimbo,"a song or poem composition: a combination of written oral material (stories, poems, plays, or epics) with a lot of art and entertainment",General,noun
ekihingwa,crop: a plant that is grown either for consumption or for sale,General,noun
ekihiringisi,a short piece of trunk used as a stool for sitting on,General,noun
ekihoora,a state when the stomach is flat as a result of hunger,General,noun
ekiho,a skin disease that attacks the the skin and is itching,Health & Medicine,noun
ekihogo,a herd of cattle with a strawberry type of colour,Common Animals,noun
ekihome,prison: a place where convicted criminals and other suspected criminals are kept as a punishment or pending trial,General,noun
ekihongore,calf pen: a structure in which calves are kept,Common Animals,noun
ekihonoka,bruise: a mark that appears on the skin after after getting injured,General,noun
ekihorobo,hole: a hollow space in something especially on a wall or something else,General,noun
ekihoso,a digging shovel: a pointed spear like tool used for digging,General,noun
ekihungabuye,rock: a piece of an iron rock,General,noun
ekihungeso,fly whisk used to keep away flies or other insects,General,noun
ekihurikirizo,stethoscope: a medical instrument for listening to the sounds generated inside the body,General,noun
ekigimusa,manure/fertilizer: waste matter specifically from animals put in soil to help crops grow,Chemistry,noun
ekigingi,a piece of wood or something made purposely to stop a vehicle from moving backwards or forwards when parked,General,noun
ekigo,Parish: the local subdivision of a diocese committed to one pastor,General,noun
ekigodo ekigombe,"the fatty part of pork a club, association or organisation of people with common interests",General,noun
ekigote,small solid particle that does not disolve in porridge,General,noun
ekigurukira,cartepillar: a small creature like a worm which has legs,General,noun
ekiguzi,sitting down with one's legs criss crossed for example the way moslems sit in a mosque or the way,General,noun
ekigendererwa,aim: an objective that is intended to be achieved,General,noun
ekihagaro,a big crime: breaking of the law,General,noun
ekihakiirizi,a fungal infection that forms a round mark on any part of the skin,Health & Medicine,noun
ekihamate,necklace: beads worn around the neck as ornaments,General,noun
ekihandagazi,a track made by people or animals,General,noun
ekihanuuro ekiharamata,prophesy: any story that tends to foretell what might happen in future a large hole which goes underground as a result of run off and other causes,General,noun
ekihato,"a piece of wood or something used to fix a hoe in the handle, so that it becomes firm",General,noun
ekihehabaana,a plant with soft leaves that can be used to clean children of their excreta,General,noun
ekihembe,sit obliquely especially among women,General,verb
ekihemu,shame: a feeling of guilt and embarrassment,General,noun
ekiheneso,punishment: a sanction given to someone who has done wrong to make him or her change behaviour,General,noun
ekihihizi,"owl: a night bird with large eyes, usually heard at night or at dawn",Common Animals,noun
ekihikiirizi,accident: something tragic that happens unexpectedly,General,noun
ekihandagazi ekihinda-masongo,a track made by people or animals a small type of bird usually brown in colour,General,noun
ekihirire,a big crowd that assembles to accomplish a defined objective,General,noun
ekiho,mist: a cloud of very small drops of water in the air that makes it difficult to see especially in the morning,General,noun
ekihonde,rock salt: a type of salt usually for cattle and may be used in cooking,Common Animals,noun
ekihongorezo,bolt: a long narrow piece of metal that is slid across a door or window in order to lock it,General,noun
ekihumi,bee hive: a box made of wood for bees to live in,Common Animals,noun
ekihungungwa,a vagabond: a person with no fixed abode,General,noun
ekihuriire,"living thing: something with a life e.g. a person, animal, plant, etc",General,noun
ekihuuga,a big white patch of colour on some cows,General,noun
ekikana,"tendon, (ii) a person who gets easily angered",General,noun
ekikara,"a piece of charcoal, smell of unwashed body esp in the armpits",General,noun
ekikarakaca,"the scale of a snake, frog, tortoise",Common Animals,noun
ekikano,an abuse in which a person makes a sound 'ndoo' where the tongue touches the alveolar,General,noun
ekikaranga,a newly burnt field where grass has not sprout again,General,noun
ekikatu,an injection: an act of putting a drug into a person's body using a syringe,Health & Medicine,noun
ekikazi,female: being the sex (of plant or animal) that produces fertilizable gametes (ova) from which offspring develop,General,noun
ekikaso,"traditional song sung by women in praise of kings, great chiefs, or friends",Culture And Tradition,noun
ekikiro,entrance at the side of the house or at the back,General,noun
ekikomera,an open air market that is in most cases scheduled where goods are sold from,General,noun
ekikonda,sputum: a sticky liquid that comes as a result of cough from the throat,General,noun
ekikondo,a pole: a piece of wood fixed in a certain place,General,noun
ekikombabulim,a plant with a swollen stem similar to that of an onion,General,noun
ekikooha,woman's red and white cloth with fringe,General,noun
ekikonderezo ekikondooro,a curse a pouch in front of garments,General,noun
ekikonjonjo,loosely tied bunch or bundle,General,noun
ekikoomi,camp fire: fire lit at night during the time of bereavement,General,noun
ekikoro,milk jar: a container used for keeping or drinking milk,General,noun
ekikorwa,one of the mysteries of the rosary,General,noun
ekikuku,a heap of grass burnt in the garden or a heap of stones,General,noun
ekikumiriro,fence: an area sorrounded by a fence in which animals are kept,General,noun
ekikunga-musisi,a big crowd: many people,General,noun
ekikambi ekikangi,"plug of tobacco that has been chewed, of sugar-cane, or of squeezed banana thorn of palm tree",General,noun
ekikarajaja,"coarse rough skin or bark big, stout person",General,noun
ekikande,a neglected garden filled with overgrown weeds,General,noun
ekikanu,sterno-mastoid: one of the neck muscles,General,noun
ekikarakare,a tree usually found in banana plantations and is used as to support bananas,General,noun
ekiigasigasi,a spirit believed to move at night showing light,General,noun
ekiihiro,"a hole from which a jigger, thorn, has been removed",General,noun
ekiijaijana,spirit appearing in physical form believed to have the ability to dupe people and put them in trouble,General,noun
ekiikaransi,"a short chair, a stool",General,noun
ekiikoohi,"a sigh of relief, tiredness despair, confusion",General,noun
ekijonjoro,cage where local hens lay eggs,General,noun
ekijunde,"bad smell, terribly nasty stench",General,noun
ekiinoino,the top jaw milk teeth coming out before the bottom ones,General,noun
ekiinyanga,time about sun-rise between 6-9 a.m (time for breakfast),General,noun
ekiiruka,vehicle: a road vehicle with an engine and four wheels,General,noun
**ekiito**,an answer to a riddle or a set of questions,Storytelling And Narratives,noun
ekiiturirwa,"an arch: a curved structure that supports the weight of something above it, forming an entrace",General,noun
ekijaburo,rock salt: the remaining salt after cows have licked it,General,noun
ekijamba,bean leaves: these leaves are eaten as vegetable especially when they are young,General,noun
ekijenjegere,a type of bird that makes noise while flying,Common Animals,noun
ekijuguta,civet cat: an animal in the cat family,Common Animals,noun
ekijungirizi,rocket: a space craft in a tube-like shape containing its own propellant and driven by reaction propulsion,General,noun
ekijunjuma,a type of edible mushrooms,General,noun
ekijwa-mate,a kind of small weed with large leaves and when cut it gives milk-like sticky substance,General,noun
ekikaari,a palace: the official home of the king,Governance And Administration,noun
ekikaba,a dirty mapping on a cloth,General,noun
ekikabire,a dead thing: anything that has no life,General,noun
ekikaca,an isolation hut that was traditionally built for isolation of twins before initiation,General,noun
ekikama,a queen bee or queen ant that does not work and only lives in order to reproduce,Common Animals,noun
ekikamba,a plant creeper: any plant that grows along the ground or on other plants,General,noun
**ekijaga**,sore on the corner of the mouth: herpes,Health & Medicine,noun
ekijegajege,plant with pods resembling peas usually not edible,General,noun
ekiihuro,"meal, cooked food for a particular time and group",General,noun
ekijerre,black cricket which lives in the soil,Common Animals,noun
ekijugumo,a severe kind of fever which attacks many people at the same time,General,noun
ekijunju,a thin stick used for beating children and goats,General,noun
ekiinami,a plant used for making brooms,General,noun
ekiinongoro,"deep valley, ravine, precipice, abyss",General,noun
ekiinyi,part where pubic hair grows especially above sexual organs,General,noun
ekiisamutuutu,brown cuckoo bird so called from its voice,General,noun
ekiirukano,diarrhoea: a disease that makes one develop a running stomach; the stool passed out is waterly and very frequent,General,noun
ekiita-mukago,a fine given by someone who marries a relative from a close family,General,noun
ekiitsa-ntomi,a boxer: someone who plays boxing as a game,General,noun
ekiizi,"1) shallow pond: a part of the sea, lake, river, well, where the water is not very deep. 2) an underground container for the temporary storage of liquid water and sewage",General,noun
ekijagu,"a cut on the ear as a way of marking, labeling, or branding",General,noun
ekijeera,a traditional herb for treating cough and stomachache,General,noun
ekijerere,cricket: an insect that is always hissing,Common Animals,noun
ekijuba,bellow: a tool used to blow air into fire,General,noun
ekijugo,penholder: a metallic like part of a pen,General,noun
eekijuju,tsetsefly: a fly that can transmit sleeping sickness in human beings and nagana in animals once it bites either,General,noun
ekijumbura,local herb used by witch doctors reported to make marriages unstable,General,noun
ekijungu,"a banana specie, purple in colour that is thought to be exotic",General,noun
ekijunjuure,beetle: a black insect with a hard upper part commonly found in dung,General,noun
ekikabira,a stupid person: a person who shows lack of thought or good judgement,General,noun
ekikabuko,rudeness: talking to someone in a harsh and sometimes rude manner,General,noun
ekikaiga,young bean pod when eaten as such,General,noun
ekikama ky'amaizi,this is a medium sized long legged black insect that lives in water most of its time; it resembles a cocroach almost,General,noun
ekijaaja,nice smelling plant added in tea for flavour and digestion,General,noun
ekijaraja,"a shed, an elevated place where dishes are dried",General,noun
ekijege,mushroom which is not for human consumption,General,noun
empaano,"a gift given out to a friend or relative; must be paid back by someone from that family which received it, reciprocal gif",General,noun
empampara,"cow that gives no milk, woman with very tiny breasts",Common Animals,noun
empanama,animal with only one testicle script,General,noun
empango,"the king’s large drum used in anniversary of the King's coronation, axe",Governance And Administration,noun
empangwa,"the way one is made, nature",General,noun
emparakazi,one who is always visiting a baby,General,noun
empeeka,"braces, charm worn by the mother in the place of the child",General,noun
empingo,Shackles or handcuffs: a pair of metal rings joined together with a chain used to fasten people,General,noun
empirimbwa,log: a round piece of wood,General,noun
empisi,hyena: a wild animal resembling a dog that feeds on meat of other animals,Common Animals,noun
empokya,soya bean: a type of beans rich in protein,General,noun
empotore,twisted papyrus: twisted spear blade of papyrus used in weaving mats,Art And Entertainment,noun
empumi,a blind person: a person whose sight is incapacitated and cannot see,General,noun
empundu,chimpanzee: an intelligent animal resembling a monkey but without a tail,Common Animals,noun
empungurano,inherited item: anything that is inherited from a dead person,General,noun
empunge,extremist:a person with extreme political ideas,Politics And Current Affairs,noun
empemurani,the one who brings shame or disgrace,General,noun
empihi,"flatulence, belching caused by indigestion",General,noun
empindo,a big native needle or bodkin used in making baskets,General,noun
empinju,"a trunk, stem empirima double edged sword, dagger",General,noun
empogo,bracelet or anklet of ivory or bead work,General,noun
empoma,puff adder; a large gourd used for banana wine,Common Animals,noun
empali,"pair of shorts, pair of trousers, women's underwear",General,noun
empambiro,passages made in the earth by termites sometimes ascribed to snakes,General,noun
empangi,"ditch, piece of groundin process of cultivation, old experienced hunting dog",Common Animals,noun
empanguruzi,a plant used as medicine in difficult labour,General,noun
empanja,small epiphytic plants ferns and orchids,General,noun
emparagatwa,cooked millet scraped out of the pot,General,noun
empaya,waves and rapids on a river,General,noun
empingi,garden tool: a panga or knife like sickle for cutting trees and grass used in Kigezi with a curved blade,General,noun
empiri,puffadder: an African viper snake which inflates the upper part of its body when excited,Common Animals,noun
empitirizo,1) needle: a thin piece of steel used in sewing with one pointed end another with a hole. 2) syringe: a hollow piece of steel used to inject medicine into the body of a human being or other creatures,General,noun
empogoro,food: banana meal that is prepared unpeeled,General,noun
emponoka,survivor: a person who has survived narrowly,General,noun
empoza,plea: statements made by someone in courts of law in self defence,Legal And Law Matters,noun
empunami,consonants: letters of the alphabet,General,noun
empungi,refugee: a person who has been forced to leave their home or country due to war or political or religious upheavels,Politics And Current Affairs,noun
empungurwa,an inherited widow: a woman whose husband died and is taken over as a wife by a close relative of the dead husband,General,noun
empendeke,"invalid,maimed person, one with broken bones",General,noun
empereka,"cow, goat,domestic animal entrusted to another",Common Animals,noun
emperre,a plant used as herbal medicine for cough,Health & Medicine,noun
empetezi,"sluggard, one who sleeps up to late hours of the day",General,noun
empiirwa,"a lucky person, blessed, peaceful",General,noun
empimbi,short stick used for cleaning milk pots and stirring curdle milk,General,noun
empindi,long pole of elephant trap,General,noun
empinga,"fetters, multitude, abundance, weekly market",General,noun
emponderane,living sacrifice offered to mucwezi present given to superior to appease wrath,General,noun
enkubaara,"to swing from one side to another, walking in unstable way",General,verb
enkufuru,padlock: a type of lock that is used in locking places or items in one place,General,noun
enkumeeme,bare land: a place where grass has dried up,General,noun
enkunamo,bad omen: the action of undressing by an old person with the intension of cursing,General,noun
engazikati,loved one: a wife who is most loved in a polygamous family,General,noun
enkunyure,barren land: an area that has been badly eroded or which has been badly affected by overgrazing by overgrazing,General,noun
enkurano,lactating cows brought from a moving herd to stationery place for milking,General,noun
enkulingo,roundness; solid block of wood from which planks are cut,General,noun
enkundakulya,smallest type of brown ants which spoil Irish potatoes,General,noun
enkungu,one who has lost all relatives; one who is always crying,General,noun
enkuratima,pulse: the rythmic expansion and contraction of the arteries as blood is pushed through them by beating of the heart or regular rythmical heart beats due to fear or weakness,Biology,noun
enkurubure,bare: something that has no cover at all,General,noun
enkushu,"parrot: a bird that lives in tropical and semi tropical climate characterised by short and hooked beak, brightly coloured plumate and in some species with the ability to mimic human speech or other sounds",General,noun
enkuubo,nut grass: a weed type that is common in banana plantations,General,noun
enkuuna,bare land: an area in the farm that does not have grass as a result of overgrazing or barrenness,General,noun
enkuuri,an offence or foul common in a football game where rough play is displayed by hanging an open boot to an opponent,General,noun
enkuuto,road: a hard surface route made for vehicles to move on,General,noun
enkuyanja,masses of people: very many people that have gathered in one place,General,noun
enkwamo,value or worth: the worth of something in monetary terms,General,noun
enkwata-buta,"brave person: someone that possesses or shows courage, undergo or face an action courageously",General,noun
enkwata-ngabo,fighter: someone who takes part in a physical combat or battle without fear,Military,noun
enkwatwa,captive: someone who is enslaved by strong emotions or passion or one captured and confned as a prisoner,General,noun
enkwenza-muze,person fond of disturbing others or someone who likes quarreling for no reason,General,noun
enkubebe,termites: small insects living in the ground in large social groups and famous for hard work,General,noun
enkeka,"gourd: a house utensil that is used for keeping porridge, local beer and other liquids",General,noun
enkera,hangover: headache or other after effects of drinking alcohol,General,noun
enkurwa,red clay used for colouring pots,General,noun
enkuubule,large healthy person or animal crying without shading tears,General,noun
enkubito,the act of using strength in beating or cutting,General,noun
enkugiro,the end point of something woven especially a baskect,General,noun
enkumi-n'enkumi,thousands: very many people or things gathered together,General,noun
enkundi-katebe,someone who has been left with nothing,General,noun
enkune,battocks: bums which are pointed and protruding,General,noun
enkunguzi,bad omen: somebody or something that is believed to bring bad luck,General,noun
enkuba,fabulous fowl supposed to cause thunder and lightning; thunder,General,noun
enkugutu,"tiny moth that eats skins, paper silver fish",Common Animals,noun
enkundi,port or umbilical cord attached to navel,General,noun
enkuratane,children after the first born,General,noun
enkuringizo,a round and smooth stone used by potters to smoothen clay pots when they are not yet dry,General,noun
enkurungu,"circle: a round shaped item, e.g. a stone",Mathematics,noun
enkuubirizi,wanton: a man who causes deliberate pain to another without an acceptable reason,General,noun
enkuuku-mbisi,being complicated: a person or something that is very difficult to deal with,General,noun
enkuura,spear: half of a spear without blade,General,noun
enkuute,"a cover of milk pots, a mat or basket made with one colour",General,noun
enkuuto-nyaigendwa,high way: main road used for travelling long distances and connecting distant places on the mainland,General,noun
enkwakakaawe,deceitiful person: a person who behaves in a dishonest way by telling lies and conning using a sweet tongue,General,noun
enkware,mushroom: kind of mushroom species that grows on small anthills,General,noun
eenkwata-mata,brave: a person who is a hero and very strong and can be able to defend people from being attacked by enemies,General,noun
enkwata-rugo,cows given in advance of an impending marriage as a sign of engagement,General,noun
enkwekwe,chicken: a very short hen,Common Animals,noun
enkeetero,a small bag made from animal skin,General,noun
enkenga,a swelling in the groin,General,noun
enkuru,small pieces of dry flesh scraped off a hide,General,noun
enkuume,millet cooked with insufficient water,General,noun
enkuyo,brush made of grass or of shrubs for cleaning cows or for mixing sorghum for fermenting banana juice,General,noun
enkwisi,a piece of cooked millet eaten without relish stew,General,noun
enkyakya,cracks on feet as a result of disease or poor hygiene,General,noun
enkeru,part of a smoking pipe that is filled with tobacco,General,noun
enonko,hole: holes in a rock or stone,General,noun
enserere,a type of backcloth tree with large leaves,General,noun
ensabiko,SW.a bath made by mixing various herbs boiled to form a baby's bath,General,noun
ensaho,SW.a bag: a container for carrying things,General,noun
ensakano,something (especially food) obtained from afar,General,noun
ensandago,therapeutic incisions: a cut into flesh as part of traditonal healing or immunisation,General,noun
ensanga,cows with white patches on the lower neck,Common Animals,noun
enseenya,the way of destroying something,General,noun
enseke,"tubes: long hallow pipes or cylinder of metal, glass, rubber etc for holding or transporting liquids",Mathematics,noun
ensenya-maka,someone who is responsible for breaking people's marriages,General,noun
ensobe,SW.mistake or error: an action or opinion that is wrong,General,noun
ensoboorora,explanation: a statement that makes something comprehensible by describing the relevant structure or operation or circumstances etc,Health & Medicine,noun
ensohoza,SW.expenditure: an amount of money spent,General,noun
ensonga,reason: an explanation of the cause of some phenomenon,General,noun
ensonga,a tip of a horn,General,noun
ensoreke,a woman who stays in the palace and is known for rumour mongering. She is talkative and says things that are not important or not called for,General,noun
ensumbuusano,something given to someone to replace what he lost,General,noun
ensunu,kob: a goat like brown animal commonly found in national parks with curved horns,Common Animals,noun
ensibuko,origin or source of something,General,noun
ensaamo,grooved mallet for beating out bark cloth,General,noun
ensagarraano,cows given to a bride by her father or brother,General,noun
enkwatirizo,material for kindling a fire,General,noun
enkwirwa,a type of biting ants,General,noun
enkerere,strawberries: soft red small fruits that grow on a low plant and are very sweet,General,noun
enogo,a bolus of food dimpled by a thumb to contain gravy,General,noun
ensa,taste (normally used in the negative form),General,noun
ensabano,SW.something which one posesses after asking for it from another person,General,noun
ensagarirano,the cows given to the bride by her relatives as presents on her wedding day,General,noun
ensamaitu,dark brown cows with black hair and white spots,Common Animals,noun
ensambu,an area of land especially in the country with one owner,Geography,noun
ensande,juice locally made out of a certain type of bananas,General,noun
ensaro,SW.border: The boundary line or the area immediately inside the boundary,General,noun
ensaya,SW.jaws: either of the bones that hold the teeth,General,noun
ensekera,a sty: an inflamation on the age of an eyelid,General,noun
ensinjo,cold chisel or corn cutting tools,General,noun
ensongezi,accompanist drummer: a person who plays a drum or drums,General,noun
ensuku,pretending to be satisfied and refusing food that has been offered yet you want,General,noun
enshumbi,a small pot with a long neck used to keep warm water,General,noun
ensumi,period of time in the past characterised by the same features,General,noun
ensungwe,awns: prickly flowers of some grasses,General,noun
ensuri,canes: a plant with long pliable stems,General,noun
enono,"finger nails, toe nail, claw",General,noun
ensagalizi,a girl attendant of bride,General,noun
ensahu,"bag, sack, pocket, purse, treasury",General,noun
ensakwa,food got from outside the homestad or worked for,General,noun
ensambya,crocodile; a timber tree with yellow flowers,Common Animals,noun
ensanganibanywa,small plant with sweet smelling roots,General,noun
ensansa,type of banana usually for making banana wine,General,noun
ensaramaizi,insect that darts about in water,General,noun
ensaso,band made of grass or dry banana treme thirst,Art And Entertainment,noun
ensekuro,mortar used for pounding grains or cassava into flour,General,noun
enseru,good white salt from Kibiro,General,noun
ensibo,bits of old pots ground up and mixed with clay in making pottery,Art And Entertainment,noun
ensiika,room from where the king drinks milk,Governance And Administration,noun
ensinda,"sign, groan, blue beads worn by king's messengers",Governance And Administration,noun
ensindikwa,tree stump dug up for firewood,General,noun
entaama,sheep: an animal that is kept on farms used for its wool or meat,Common Animals,noun
entaara,a tray used to winnow unwanted grains or stones from crops,General,noun
entabire,a piece of land that has been prepared for planting or sowing,General,noun
entamaare,"bracelets, bangles that women wear. They are made of copper or brass and they are of three strands",General,noun
entandaruwa,ceiling: the upper interior surface of the house or building,General,noun
entanga,"a creeping plant with round fruits (not edible) that grow wild, children like playing with them. They look like balls",Nature & Environment,noun
entangirizi,usher: person who welcomes others on occations by giving them seats or showing them which directions to take,General,noun
entaraga,troughs from which cows take water,General,noun
entaragaza,one of the types of bananas,General,noun
ensobyo,pointed stick for uprooting potatoes,General,noun
ensango,take dispute to the wife's father to settle,General,verb
ensanyanyi,space between the two middle teeth,General,noun
ensasi,type of bird found near the cattle,Common Animals,noun
enseeka,plant with thorns and small edible fruits,General,noun
enseesi,"extravagant, wasteful person, spend thrift, agitator",General,noun
enseko y'ensi,grass with compact heads of whiti flowers,General,noun
ensezi,"miserable person, wishes others no good",General,noun
ensigalizi,person or thing left behind,General,noun
ensigurano,fee paid to witchdoctor after patient's recover,General,noun
ensika,weight of human being esp. children,General,noun
ensimbo,"fit, epilepsy, gourd for ghee",Health & Medicine,noun
ensinde,virgin land used for gardening,General,noun
entaaga,a finger of millet or sorghum,General,noun
entaaniso,difference: the difference between two or more things,General,noun
entaayha,income: money recieved especially on a regular basis through work or investment,Economics And Commerce,noun
entagahuura,"a person who is not talkative, who keeps people's secrets that are told to him or her",General,noun
entambwe,strides: steps as made in walking,General,noun
entanga,seminal fluids or vaginal secretion produced during sexual intercourse,General,noun
entangaare,an inhibited open large space,General,noun
entango,1) the base or bottom part of a basket. 2) a small cover of a milk pot when it is being woven,General,noun
entaraga,a swamp that has salty mud; cows like licking tis mud,Common Animals,noun
entarahondo,a plant which has yellow flowers usually used as medicine; black insects like hiding in its flowers,General,noun
ensomerano,cow or other property of a dead man taken by his chief,Common Animals,noun
ensoonambere,insect that eats banana trees,General,noun
enswaswa,"foot fall, footsteps; large water lizard",Common Animals,noun
enswija,milk or banana wine left in a container after drinking,General,noun
entarikye,food dried or kept dry by exposure to mild heat,General,noun
entarure,bed: a wooden bed with four stands that are on the ground,General,noun
entasiima,someone who does not appreciate,General,noun
ente z'omutoozo,special cows where the milk for the king comes from,Governance And Administration,noun
enteburano,plucked young bean leaves for eating,General,noun
entende,bunch: a number of things usually of the same type fastened together,General,noun
entendere,used to refer to a small calabash with a narrow waist,General,interjection
enteta,consonant: letters of the alphabet excluding vowels,General,noun
ente-ya-abaana,a boil that mostly attacks young children on either the thigh or neck,General,noun
entigi,a disobedient or rebellious child,General,noun
entiitiizi,cowardly: a dull person who is not able to take risks,General,noun
entima,the inner layer of a banana fibre or some hard particles in a banana,General,noun
ensumbi,small long-necked pot in which water is heated,General,noun
ensundu,"wart, swollen tonsil, small pimple on the body",General,noun
ensungu,the grasses whose stalks are used by children for playing games and making shakers for musical instruments,General,noun
ensojo,type of barkcloth tree with small leaves,General,noun
ensonga,"end of rope; cause, reason, excuse",General,noun
ensonko,"white spot on eye, opacity of cornea",General,noun
ensoonooki,striking morning sunshine from about 8.00 a.m to 11.00 a.m,General,noun
ensugi,"goats, chicken, offered as sacrifice to spirits",Culture And Tradition,noun
enswagiro,noise made by people or animals when moving,General,noun
entaahanyenka,creeping plant with pink flowers used as a perfume,Nature & Environment,noun
entanana,marks of liauid on a dark surface,General,noun
entarire,a secluded room in a hut,General,noun
entazinduka,a type of banana tuber which produces very big and long bunches,General,noun
entebeekanisa,arrangement or order of things,General,noun
enteegi,a disobedient child who does not want to do anything,General,noun
enteere,sweetened porridge that is prepared by mixing millet and sorghum flour. It is prepared mostly in the evening and stays overnight and is taken the following day. It is mostly taken by Bakiga and Banyankore,General,noun
entega-bubiri,a person who lays out more than one strategy to make both ends meet,General,noun
entende,a big bunch of banana,General,noun
entengakareije,a person who dares where others fear,General,noun
entera-burwani,a stubborn cow always disturbing others and fighting them,Common Animals,noun
entiba,a wooden material used in making bricks,General,noun
entiini,1) a frigid vargina that has a hardened membrane that makes sexual penetration difficult. 2) (of a woman) unable to be sexually aroused and responsive,General,noun
entimba,anger: expression of unhappiness when one is irritated,General,interjection
ensungamirizi,"hangeron, a person who watches something for a long time",General,noun
ensungura,a small yellow bird that eats millet,General,noun
ensurangano,anything that is brought about by unusual means,General,noun
ensuuhuuki,"fugitive, person in exile, foreigner, emigrant",General,noun
enswagira,sores at corner of the mouth,General,noun
enzaana,"ganghon, swelling on wrist or neck",General,noun
enzaire,"given to king (Pal), enju enzairemother house",Governance And Administration,noun
enziga-mubiri,cosmetics used on the hair or skin,General,noun
enzimu,a sacred cow dedicated to a ghost,Common Animals,noun
enzinduka,skin disease: black patches on the face,Health & Medicine,noun
enzigu,"vengeance, rancour, hostility, envy, hatred",General,noun
enzindaaro,"cover for milk-pot or churn, lid",General,noun
enzinzimiya,containers where soldiers carry drinking water,Military,noun
enzirabusera,a type of banana with short fruits -eaten cooked,General,noun
enziriga,"speed of a running person, speed of something moving very fast",General,noun
enzirwa,person or thing that is rejected,General,noun
enzizi,someone who sulks and takes sudden mood swings. He refuses take things especially food because of anger,General,noun
ereegano,cattle blood cooked and eaten as food,Common Animals,noun
eryaya,den: a place where lions live,General,noun
ekikeke/omwongo,pumpkin: a round vegetable with orange seeds,General,noun
esaabuuni,soap: the substance used with water for washing or bathing,General,noun
esafaari,journey: travelling especially long distance,General,noun
enzaza,reed buck: an animal with long horns,General,noun
enziga,"a wheel of a bicycle, motocycle or vehicle",General,noun
enzimuurano,dowry usually in terms of cows that is paid back to the man who has divorcsepaed his wife,Culture And Tradition,noun
enzinga,high yields when the harvest is good,General,noun
enzingami,one who is weak in the legs,General,noun
enzira-busera,type of banana plant that looks powderly,General,noun
enzira-kareju,a bachelor: a man who has reached marriegeable age but has not yet married,General,noun
enziri,a woman who is physically incapable of bearing children,General,noun
enziro,"soot, black on pots and pans; dark coat on a dirty body",General,noun
enzo,a grey eagle: a type of bird with a sharp beak,Common Animals,noun
epa,a woman with no breasts,General,noun
eranda,plane used for smoothening wood,General,noun
eriizooba,today: a word used to refer to this particular day,General,adverb
esaabiiti,week: a period of seven consecutive days,General,noun
esaano,flour: a white or brown powder,General,noun
esafuriya,saucepan: a deep round metal pot,General,noun
esanga,a hat made from leaves,General,noun
esahaani esasi,plate birds which feed on blood but they are extinct,General,noun
esaaga,a type weed which can be used as sauce during food shortage periods,General,noun
esaaki,cock: an adult male domestic fowl,Common Animals,noun
esamba,"a large bird, which looks like an eagle and eats meat and other birds",Common Animals,noun
esanduuko,1) suitcase: a box in which clothes are kept. 2) coffin: a long box in which the dead are burried,General,noun
eseegu,"whistle, flute, fife: a musical instrument",Art And Entertainment,noun
esaro,"boundary, border that marks where one area of land ends and another one begins",General,noun
eseija,little milk left in vessels for retainer,General,noun
esenda,SW.red pepper: type of small vegetable that is hot on the tongue,General,noun
esesemi,nausea: a feeling of wanting to vomit,General,noun
esinya,cricket: a small brown jumping insect that makes noise by rubbing its wings together,Common Animals,noun
esisa,tassel: a tuffed head of some plants especially a flowerhead with prominent stamens at the top of a maize stalk,General,noun
esohera,housefly: a common small fly found around human habitation,General,noun
esongo,a spot in the eye,General,noun
esoni,shyness: having or showing nervousness or timidity in the company of other people,General,noun
esooro,shawl: a woven piece of material used for carrying a baby,General,noun
esuuruuru,a pick axe: a tool used for tilling stones,General,noun
esi,SW.a sound made when one is calling a dog,Common Animals,noun
esigiri,SW.charcoal stove used for cooking,General,noun
esiime,for the preasure of it,General,noun
esindo,drunkardness: the state of being drunk,General,noun
esitooha,store:a room where things are kept,General,noun
esuunuunu,a shrub with orange coloured flowers,Nature & Environment,noun
etaamu,"term.: a period of time a year is divided into, for students",General,noun
etaayi,neck tie: a long narrow piece of cloth worn around the neck,General,noun
esaiso,knee-cap: convex bone in front of the knee joint,General,noun
esapuri,sw.rosary: a string of beads used by catholics for counting prayers as they say them,General,noun
esente,money: what you earn by working or selling things and use to buy things,General,noun
esaabo,animal urine mixed with dung,General,noun
esaaha,"SW.1) hour: a duration of time in terms of 60 minutes. 2) watch: a mechanical or electrical device for measuring time, indicating hours, minutes and sometime seconds, typically by hands on a round dial or by displayed figures",General,noun
esaho,bag: a carrier made of a soft material e.g. leather,General,noun
esando,a forked walking stick with two pointed ends used mainly by the elderly,General,noun
esata,cloud burst:a sudden voilent rainstorm,General,noun
eseeka,a seed of Uganda coral tree,General,noun
esekuro,mortar: a bowl-shaped vessel in which substances can be ground and mixed with a pestle,General,noun
esenge,an animal that looks like a pig. It kills cows without teeth,Common Animals,noun
esese,dysentery: an infection of the bowels that causes severe diarrhoea with loss of blood,Health & Medicine,noun
esi!,"an expression used to introduce words of challenge, wonderment",General,interjection
esinyanyi,diastemer: natural gap between human teeth,General,noun
esoha,a membrane bag that contains the foetus in the womb and ruptures when the baby is born,General,noun
esonda,corner: part of something where two edges meet,General,noun
esongezo,any of the four pointed teeth next to the incisors,General,noun
esonzi,mudfish: any of the number of elongated fish that are able to survive long periods of drought by burrowing in the mud,Common Animals,noun
esumba,goose pimples: when one is gripped by fear or when one is cold,Common Animals,noun
esuubi,a herd of cattle not kept where the owner is living,Common Animals,noun
esuura,"Arabic numeral. 1, 2, 3, 4, etc",General,noun
esiha,SW.a big mole: a certain specie of animal that collects metallic objects and takes into its dwelling place,Common Animals,noun
esika,SW.luggage: much luggage that is bulky,General,noun
esiri,mosquito: a slender long-legged insect with aquatic lanai some of whose species transmit malaria through their bites,Health & Medicine,noun
esiraare,beans which are not fresh,General,noun
esohaani,plate: a platter where food is served and eaten,General,noun
etaara,lamp: used for giving light,General,noun
etahuro,towel: a piece of cloth used to dry one's body,General,noun
eteija,a plant with sticky liquid that is drought resistant. Camerina_Bangirusis. Var: enteija,Nature & Environment,noun
etyo,like that. Usage: Kiga. Var: eso,General,adverb
eyaago,"condolences: things that you give a person who has lost a dear one, as a sign of sympathy",General,noun
eteke,vegetable whose fruits arc mashed to form a slimy substance that makes stew; it is a small variety of okra,General,noun
etadooba,small metallic kerosene lamp with no glass encasement,General,noun
etangaaza,binoculars: an optical devices such as a pair of field glass designed for both eyes to detect or see things that are far and make them seem as they are near,General,noun
evangiri,Usage: Catholics. See: AMAKURU MARUNGI. Var: engiri,General,noun
etanuuro,"a kiln, a place where bricks or tiles are burnt",General,noun
ekikondooro,a pouch in front of garments,General,noun
ekikarakaca,"the scale of a snake,frog, tortoise",Common Animals,noun
ekikambi,"plug of tobacco that has been chewed, of sugar-cane, or of squeezed banana",General,noun
ekikindigiti,any dress that is short,General,noun
ekiko,a type of Ugandan coral tree with short thorns,General,noun
ekikeegi,large calabash bowl used as animal plate,General,noun
ekikenkya,stone of compressed volcanic ash,Nature & Environment,noun
ekikiratima,"pulse, fast pumping of the heart as a result of panic",General,noun
ekikombe,birth mark: a red black mark on a person's skin that has been there since the person was born,General,noun
ekikompora,a bomb shell: a metal case filled with explosives fired from abig gun,General,noun
ekikonde,a punch: a hand hit made with a fist,General,noun
ekikondo,medicine tied on a piece of cloth and tied around the waist usually for prevention of diseases,General,noun
ekikobeko,"bananas cut into small pieces and cooked mixed with tomatoes, onions butter or groundnut paste and meat",General,noun
ekikoko,scab on sore dry remainder of cooked millet stuck in the pot or in the basket,General,noun
ekikolyo,a crooked stick or post,General,noun
ekikoohe,a type of cloth usually worn by women as a skirt with fringes on the side. Some Bahima men use it as a scarf but a smaller one,General,noun
ekikoomi,a temporary kraal for cows when people have just migrated before they settle permanently,General,noun
ekikoote,a solid independent particle of soil,General,noun
ekikoro,a bad act that is not pleasant to people,General,noun
ekikumi,running at a very fast pace,General,noun
ekikungu,an anthill: a pile of earth formed by ants over their nests,Common Animals,noun
ekitongo,"blood clot, or meat chunks",General,noun
ekitondoro,a bird's crop: a sac in the upper part of the digesitive system of a bird,General,noun
ekitomi,fist: a hand when it is tightly closed with the fingers bent into the palm,General,noun
ekitojo,thistle: a plant with thorny leaves,General,noun
ekitiri,old watery potato or other tuber,General,noun
ekitenga ekikuuli,a mound or heap of faeces,General,noun
ekiteme,land cleared for agricultural purposes,General,noun
ekitema,a small calabash used as a cup,General,noun
ekitiribiita,1) thick porridge of millet or sorghum flour. It is normally taken when cold. 2) unfermented cold porridge which is not concentrated,General,noun
ekitimbure,a situation where two or more people who share something in common influence one another,General,noun
ekitiinwa,"glory, respect, high fame and honour or great achievement",General,noun
ekitigu,"liver: a large glandular organ in the abdomen of vertebrates that secretes bile and acts in the formation of blood and in the metabolism of carbohydrates, fats, proteins minerals and vitamins",General,noun
ekiteta,**dumb person: someone with speech impairment and cannot speak**,General,noun
ekitentegere,a tree that looks like a bar tree with large leaves,General,noun
ekitensani,station: a place or building where a specified activity or service is based,General,noun
ekitengo,fever shivering as a sign of getting malaria fever or as a result of very cold temperature,Health & Medicine,noun
ekitendeere,a large short necked gourd or calabash used for storing local brew,General,noun
ekitekyere,yam: a large root of a tropical tuber that is cooked as food and leaves can be prepared as vegetables,General,noun
ekitega,half full of any substance in a container,General,noun
ekiteeteeyi,"dress: an outer garment worn by women, consisting of a one-piece top and a skirt",General,noun
ekiteero,"lumbar vertebra: each of the series of small bones forming the back bone, having several projection for articulation and muscle attachment and a hole through which the spinal cord passes",General,noun
ekiteerateerero,a dish where ghee that has just been churned is inspected for removal of foreign matter,General,noun
ekiteera-nkome,a type of bird with greyish feathers,Common Animals,noun
ekiteera-masinde,solitary locust: a plant-eating insect with long hind legs which are used in jumping. It is usually greenish in colour,Common Animals,noun
ekiteekateeko,"thought, idea, suggestion: the process or act of thinking",General,noun
ekiteega,heel: the back part of the foot below the ankle,General,noun
ekitebyo,"novel: a fictional prose narrative of considerable length, typically having a plot that is unfolded by the actions, speech and thought of the characters",Art And Entertainment,noun
ekitasaaya,ferry: a boat or ship for carrying passengers and goods especially over a relatively short distance and as a regular service,General,noun
ekiteebo,"basket: a container made of interwoven twigs, strips of wood, rushes or the membrane of papyrus reeds",General,noun
ekiteehurizi,a house at the parish headquarters where people gather for meetings and other government functions,General,noun
ekiteera,"ape: a large primate that lacks a tail including the gorilla, chimpanze, etc",Common Animals,noun
ekiteera-njogera,a young child who is just beginning to walk,General,noun
ekiteera-nkumba,sparrow: a brownish bird that makes nests in people's houses especially roof corners,Common Animals,noun
ekiteerero,side of a garden where the weeds are thrown,General,noun
ekiteete,a basket-like wooven container used for carrying fish,General,noun
ekiteeteeya,"round house: a type of round house normally built with mud and wattle and grass thatched. Recently, iron sheets are also used for the roof",General,noun
ekiteetengwa,a type of banana plant with a short stem and bears a large bunch of banana with squeezed clusters,General,noun
ekiteiso,suggestion: an idea or plan put forward for consideration,General,noun
ekitema-bakazi,blunt: an object whose cutting edge is blunt,General,noun
ekitenga,a large woven basket especially for keeping millet before being taken to the grannery,General,noun
ekitenge,"an African piece of cloth with different designs and colours tied by women around their waists, especially in doing their household work",General,noun
ekitenteberera,an African bird with a medium tail,General,noun
ekitigi,a stubborn or big headed person,General,noun
ekitiiho,"spade: a digging tool with a long handle and a flat iron blade usd for cutting or loading earth, sand, etc",Technology,noun
ekitima,plant core: the innermost part of a seed or plant,General,noun
ekitingwa,sodomite: a person who engages in a sexual act with another person of the same sex,General,noun
ekitobotobo,a plant with poisonous yellow fruits,General,noun
ekitogi,collar: part of the garment that fits around the neck,General,noun
ekitebe,"company, society, club, classroom ,a ceremonial chair or stool",Education And Learning,noun
ekiteeko,"net container made of ropes for keeping baskets plates, bowls, gourds",General,noun
ekitembe,**a wild banana plant with seeds in fruits**,General,noun
ekiteneke,"clod of earth and grass, sod, turf",General,noun
ekitima,the soft inner part of some plants or stems,General,noun
ekitindi,a placewhere pigs lie down,General,noun
ekitokoozi,a speck in the eye,General,noun
ekitondagira,blood cake of a cow warmed with butter or meat,Common Animals,noun
ekitongaanwa,fruit: an oval shaped fruit,General,noun
ekitongore,a government department: a section of a large organisation such as government bod,Governance And Administration,noun
ekyata,rascal: a person who shows lack of thought or judgement,General,noun
ekyata,"heartburn: pain where one feels like something is burning in his chest, caused by excessive acid in the stomach juices",Chemistry,noun
ekyashuri,a bird's nest: a structure that birds build for laying in eggs,General,noun
ekyasa,a gap between teeth left after removing a tooth or in any cutting edge,General,noun
ekyasa,"a white patch on the forehead of a cow, goat or sheep different from the rest",Common Animals,noun
ekumbwe,fragments of the grass carpet when they have been layed in a place especially in the kitchen after they have become too old or worn out,General,noun
ekizorokoma,wild banana plant: a wild banana tree or its fruit,General,noun
ekizoora,full moon: moon that appears as a whole bright disc,General,noun
ekizino,dance series of movements that match the speed and rythm of music,General,verb
ekizima,darkness: a situation where there is no light especially at night,General,noun
ekizinga,island: a piece of land that is surrounded by water,Geography,noun
ekiziizi,a facial appearance on someone that suggests that you despise others,General,noun
ekizigira,scar: a mark that is left on the skin after the wound has healed,General,noun
ekizibaho,a piece of cloth warn over the clothes,General,noun
ekizibiti,exhibit: a thing that is displayed in courts of laws to prove the guilt or innocence of the suspect,General,noun
ekizaaniro,a playground: an outdoor ground where playing outdoor games takes place,General,noun
ekizaarwa,an illegitimate child: a child born out of wedlock,General,noun
ekizaagiriro,a place where cattle rest from,Common Animals,noun
ekiyoyo,cormorant: a large sea bird which has dark feathers,General,noun
ekiyungu,kitchen: a place where food is prepared from,General,noun
ekiyooro,abundance: quantity that is more than enough,General,noun
ekinyenje,"cockroach: a beatle-like insect with long antenae and legs, feeding by scavenging",Common Animals,noun
ekiyanja,a pond: a small area filled with still water that is often seasonal,General,noun
ekiyangwe,stirling bird: a small noisy bird with dark shiny feathers,General,noun
ekiyanga,valley: an area of low land between hills often filled with a swamp,General,noun
ekivune,meat on the leg between the hip and the knee of an animal or bird,General,noun
ekiviiko,an improvised cover especially for the calabash,General,noun
ekivuruge,"sauce that is made from a mixture of many things like greens, beans, peas, etc",General,noun
ekivuge,this is a mixture of water and half grown dry millet flour. This mixture is meant to make porridge taste sweet,General,noun
ekityokori,a small bird with a slightly longer tail and with hairly feathers abit raised on the head. it is usually found in bushy banana plantations where there are high chances of getting sweet bananas and other ripe fruits,Common Animals,noun
ekituuti,1) a platform: a raised structure for people to stand on. 2) a pulpit: a place where a priest stands to preach to people in church. 3) a mound: a large pile of soil or stones or sand,General,noun
ekituuriizi,a dull person who is slow in understanding,General,noun
ekituuro,a tomb or grave: a place in the ground where dead people are burried,General,noun
ekitutu,a portion of hair tied together especially natural hair,General,noun
ekitutu,a heap of millet: millet that is heaped together immediately after harvest,General,noun
ekituru,1) an idiot: someone who behaves in an extremly stupid way. 2) comedian: a half witted person who makes people laugh. 3) imbecile: an insulting word for someone who behaves in a stupid way,Art And Entertainment,noun
ekituruguma,"vegetables which grow in lowlands, they have hairs and are sleeperly when cooked. vegetables which grow in lowlands, they have hairs and are sleeperly when cooked",General,noun
ekiturirwa,porridge: a lump of unmixed porridge flour,General,noun
ekituri,a penetrating hole in an object,General,noun
ekitundama-nibakoza,"an idiot: a person of subnormal intelligence who is stupid, foolish and dull",General,noun
ekituntumuki,a wanderer: someone who moves from place to place with no specific reason,General,noun
ekitunda,"weed: a toxic plant that is considered useless, and grows freely where it is not wanted, and it bears round thorny fruits",General,noun
ekitunda,"wild passion fruit: that juicy fruit that is eaten, normally grows up in the bush and changes colour from green to yellow when ripe",General,noun
ekitumbisa,baking powder: yeast or mixture of sodium bicarbonate and cream of tartar used in baking,General,noun
ekitumbe,a swollen part on the skin that is full of colurless liquid caused by burning or friction,Physics,noun
ekitumba,a banana stem: the stem of a banana tree that is left after harvesting a banana,General,noun
ekituho,stench: a horrid and offensive smell coming out of a decaying substance,General,noun
ekitukuru,a type of basket with holes in the sides that is commonly used in harvesting of grains,General,noun
ekitugu,liver: large and complicated reddishbrown glandular organ located in the upper right portion of the abdominal cavity,General,noun
ekituga,"a bribe: sum of money or something one offers to persuade somebody to act in one's favour, typically illegally or dishonestly",General,noun
ekisararo,bumper: a period when there is an unusually large amount of harvest,General,noun
ekitu,guest room: a room attached to the main house for visitors,General,noun
ekisa mujumbi,sunshine that follows morning rain,General,noun
ekisinsino,heel: the back part of the foot below the ankle,General,noun
ekisimbarara,door frame: a strong border of wood that make a door,General,noun
ekisinsi,a tree stump: what remains of the stem when the tree is cut,General,noun
ekisibo,a tethering rope used to tie goats or cows,General,noun
ekitoroogo,an animal especially a domestic one that has been born prematurely. 2) a term used to refer to a person who is considered to be older than his age,General,noun
ekitotoima,a certain plant plant specie,General,noun
ekitoro,something especailly cattle that has been confiscated in accordance with legal judgement,Common Animals,noun
ekitori,one of the pieces that make a bar of washing soap,General,noun
ekitore,in a lumpsome: things given at the same time,General,adverb
ekitoosha,mushroom: a non flowering plant with a cup-shapped top and white in colour,Nature & Environment,noun
ekitookye,a buch of banana: curved fruit with a thick yellow skin that grows in tropical countries,General,noun
ekitoogoogo,a soft local drink made from millet flour and water,General,noun
ekitookwa,sprout:a new part that grows on a parent plant,General,noun
ekitoogo,papyrus swamp: a forest of papyrus reeds that form a swamp,General,noun
ekitongerero,chorus: part of the song that is repeated at the end of each verse,General,noun
ekitonge,a lump of food: A piece of smooth solid food of any size or shape ready for eating,General,noun
ekyobate,sheath: a cover used for carrying a knife or sword,General,noun
ekyoganyanja,a plant with pupplish flowers,Nature & Environment,noun
ekyezigooro,round about: a place where two or more roads meet forming a circle that all vehicles must follow in a defined direction,Mathematics,noun
ekyeyerezo,broom: a brush made of sticks and used for sweeping,General,noun
ekyevugo,"SW: a recitation or epic: a poem performed to an audience usually in priase of someone or something. Usage. Ankole, Kiga",General,noun
ekyeyemekye,illegitimate king: a king who has enthroned himself,Governance And Administration,noun
ekyetindo,suspence: a feeling of anxiety someone feels when something remains unclear to him or her,General,noun
ekyeterero,something named after someone or something else,General,noun
ekyesuuburiro,sheath: the skin of a snake that peels off at one time,Common Animals,noun
ekyetengo,a wish: a feeling one has when one wants something,General,noun
ekyesuso,image: the likeness of something when compared to the original,General,noun
ekyesongoro,SW.a song: a short piece of music with words or lyrics that one sings,General,noun
ekyeserero,sw.a place where water is drawn in a well or pond before it is poured in a trough for watering cows,General,noun
ekyeso,"sw.a game: an indoor game played between two people on a board game using dry seeds, especially tea seeds",General,noun
ekyemerezi,a pain in the side,General,noun
ekyegira,"freak, clown, someone with a funny character; stupid or foolish person",General,noun
ekyefeera,an animal that has died a natural death,General,noun
ekyayaaya,"a type of banana plant, with a few clusters of very long and largefruits on the bunch",General,noun
ekyatika,"something that breaks, a breakable object",General,noun
ekyangange,lily with red and white stripped flowers,General,noun
ekyanda,"dry season, drought,summer, esp. between December and February",Nature & Environment,noun
ekyana,"child, offspring, the young of an animal or plant, fruit, offspring of something (iii) a beautiful girl",General,noun
ekyali,place where birth takes place,General,noun
ekyakooha,"prolapse of rectum, ie rectum protruding from the anus",General,noun
ekyagyo,butter cooked and eaten as a relish,General,noun
ekoomi,fire prepared for cattle in the kraal,Common Animals,noun
ekookoro,"syphilitic septicaemia with abscesses, cancer",Health & Medicine,noun
ekijumankuba,"it is a lofah plant whose fruit is used for washing the body, a sponge",General,noun
ekizooro,white cream covering the iris of the eye,General,noun
ekizira,a tall plant with white flowers,Nature & Environment,noun
ekyemerero,pneumonia: a serious illness that affects the lungs and makes it hard for one to breathe,Health & Medicine,noun
ekyemerano,**inbreeding in animals: a product of breeding between closely related animals**,General,noun
ekyemerero,the physical structure of a person,General,noun
ekyekango,a feeling of fear: the bad feeling that one gets when in danger or something bad has happened or something frightens you,General,noun
ekyejwiso,haemorrhage: unusual severe bleeding from the uterus through the vagina,Health & Medicine,noun
ekyehimbagirizo,a walking stick: a stick that one carries for support when walking,General,noun
ekyehuubo,a seat hanging from chains or ropes that swings backwards and forwards,General,noun
ekyegeso,a lesson: something that is intended to be learnt and is explained to the listeners,General,noun
ekyegenge,a frightening person: a person whose behaviour and conduct makes everybody fear him or her,General,noun
ekyefubiko,jumper: a piece of cloth worn on the upper part of the body to keep it warm,General,noun
ekyayaaya,a banana variety which is eaten while roasted,General,noun
ekyebumbe,a self appointed king: a king who comes to power without people's support,Governance And Administration,noun
ekyegamiro,a back of a sofa seat: the back part of the sofa where one leans upon sitting,General,noun
embaara,"a fat biting fly, blood sucking big fly",General,noun
embaagwa,money paid by a chief on his appointment,General,noun
emanga,"gap in a fence, bareness when ornaments are taken of",General,noun
emanyiikirizo,"mark for recognition, sign set, seal idicate if a thing has absence",General,noun
emaasa,"some kind of grasshopper, not popular for human consumption",Common Animals,noun
ekyosi,missing a day or the tip of a cow's tail,Common Animals,noun
ekyotero,"a clay mortar with a hole in the centre, in which traditional perfume is burnt",General,noun
ekyesiitazo,"cause of stumbling, offence; unveiling what should not be seen or heard, a scandal",General,noun
ekyesembyo,"type of plant with very large leaves , for use in latrine for rattle",General,noun
ekyererezi,"brightness, a clear place, light",General,noun
ekyeramaino,a tree with long thorns,General,noun
ekyenserikora,bird so-called from its note,General,noun
ekyenju,ripe banana which is eaten fresh when it is ripe and yellow,General,noun
ekyenjezi,barkcloth bag for bride's perfume and ornaments,General,verb
ekyengera,a period of plenty especially after harvest,General,noun
ekyepe,badge: a particular badge that shows the rank someone in the armed forces has reached,General,noun
ekyengegere,milk got out of a cow immedietly after it has licked salt,Common Animals,noun
embandano,something acquired by chance for example food especially in the neighbour's home that one finds and eats yet they had not planned for him,General,noun
embambuure,"brave person: a sharp, fierce and brave person",General,noun
embandama,retrogression: having low level of development characterised by low standard of living,General,noun
embaijano,something that is made out of wood,General,noun
embago,"a piece of wood with one pointed end and the other flat, that is used in splitting wood",General,noun
embagane,a share: part or portion of a larger amount which is divided among several or many people or to which several or many people contribute,General,noun
embaganiso,a boundary: a line that seperates two areas,General,noun
embagaaniso,difference: the quality of being unlike or dissimilar,General,noun
embaare,facial cuts on the body,General,noun
ekyugu,"water duck: a common bird that lives on or near water, has short legs and webbed pet",Common Animals,noun
emaanyure,chicken: chicken that naturally has no hair around the neck,Common Animals,noun
ekyozi,pumpkin: a trailing vine widely cultivated for its fruit,General,noun
ekyoterero,a container where they keep ingadients for perfumery,General,noun
ekyorezo,extermination of people or animals in big numbers,General,noun
ekyota,heifer: a young cow at about eighteen months,Common Animals,noun
ekyoreezo,threatened extinction: something thatis likely to get out of existance,General,noun
ekyonko,"knowledge: the information, ideas or understanding gained through experience, observation or study",General,noun
ekyongo,land that stays uncultivated for some time after harvesting. The aim is to give time to re-gain its fertility,General,noun
ekyomoozi,a herbal medicine that is applied first to stop blood flow in case one gets any injury on the body,General,noun
ekyongo,a creeping plant in form of a pumpkin plant that bears small vegetables with spots that are green and white in colour,Nature & Environment,noun
ekyomuhendo,"precious or valuable item: something of high value, cost, worth, etc",General,noun
ekyomooro,first aid herb: a herb that is put on fresh wounds after getting an injury. It has sup,General,noun
ekyoma,"metal: any category of chemical elements such as copper. iron, gold, etc with certain characteristics, properties such as luster, malleability, ductility and conductivity of electricty and heat",General,noun
eky'okureeberaho,"example: One particular thing that is representative of a group as a whole, sample, specimen, etc",General,noun
eky'okubanza,one or something that comes first before others,General,numeral
ekyoha,decrepit hyena: an aged hyna that lives in Africa and Asia. It eats meat of animals that are already dead and can make a sound like a human laugh,Common Animals,noun
ekyogi,blade: the flat sharp part of a knife,General,noun
ekyogwa-ruganda,an outcast: a person who is disowned by clan-members,General,noun
erahira,"to make a vow, scratch for oneself{hen)",Common Animals,verb
eremera,to rebel against. rule one's own property,General,verb
ehengekereza,to balance on the head,General,verb
erimalima,"to be restless, inquisitive,quarrelsome, interfering, curious",General,verb
eramaza,to make oneself lame; fall into bad ways,General,verb
erasa,to go off by itself (gun),General,verb
ereera,"to fly high up, soar",General,verb
erekesa,"to deny oneself, abstain from",General,verb
eremceza,to boast of one's superiority,General,verb
erenga,"to try on (clothes), pretend to make oneself equal to someone else",General,verb
esera,"to escape with force (e.g. water of hot spring), boil",Nature & Environment,verb
eriira,"to eat by oneself, (greed)",General,verb
erinda,"to take care of oneself, be cautious, beware of, guard oneself against",General,verb
erlza,to weep or cry without cause,General,verb
erumika,"to cup oneself, bleed at thenose",General,verb
eruoga,"to scent oneself, improve one's appearanceor condition",General,verb
erwaza,to pretend to be ill,General,verb
esaaka,to put ground medicine into one's body through incisions so that it can act as anti-witchcraft in one's body,Culture And Tradition,verb
esaasa,"to bun oneself, exen pressure on oneself",General,verb
esagika,"to support oneself, lean on",General,verb
esaliirra,"to remove a piece of one's skin from a fresh wound; es. ebigambo, invent lies",General,verb
esamiirra,"to stand open-mouthed, be amazed at",General,verb
esecta,to rub the naked bottom on the ground in order to clean oneself after defecating (children of long ago in some homes),History And Historical Accounts,verb
esekesa,"to force a laugh, giggle",General,verb
esengereza,"to beseech , beg, entreat",General,verb
eserekuurra,"to reveal oneself, come out of hiding",General,verb
esiisa,to spoil or defile oneself,General,verb
esindika,to walk heavily (as fat person),General,verb
esingisa,to brush or scrub oneself with something,General,verb
esimbagiriza,to walk with a stick (for support),General,verb
"esiku ra,","to jerk oneself free, hoist oneself up",General,verb
eslima,"to be pleased ,satisfied, contented",General,verb
esiiganiza,"to shirk, leave to another",General,verb
esigura,to be proud or self satisfied,General,verb
eserekeerraogana,to play game of hideand seek,General,verb
esemeza,"to please oneself, clean oneself, be se ish",General,verb
esecsera,"to pour over oneself, wet oneself",General,verb
esangiirra,to cover oneself with (e.g.leaf or umbrella),General,verb
esaganyiza,"to be restless, ramble about in dry grass or anything that makes a rustling noise",General,verb
esaaliri,to make a fuss about nothing; pick a quarrel,General,verb
erunda,to pile up together at one place,General,verb
erruukan,"to be light in colour, become pale",General,verb
eroza,to stare into space when spoken to,General,verb
erofohaza,to be dirty in one's person,General,verb
eriisa,"to feed oneself, provide one'sown food",General,verb
erengura,to put finger downone's throat to induce vomiting,General,verb
erengeerra,"to bully, oppress, lookdown on",General,verb
erema ercesa,to be rebellious; independent; to come or bring unbidden,General,verb
eraramira,to drink face upwards so as to drain to the last drop,General,verb
ercesa,to come or bring unbidden,General,verb
esisaniza,"to have the picture in mind, try to resemble, imitate, imagine, visualize",General,verb
esoleka,"to hide, disappear into lopg grass",General,verb
esomba,"to crowd, to gather, stream",General,verb
esonga,to attempt to do something too hard,General,verb
esu sura,"to wipe, oneself, rub off",General,verb
etalika,to dry oneself at a fire or under the sun,General,verb
etamya,"to make oneself odious, make food distasteful",General,verb
etantara,"to refrain, to avoid, get rid of",General,verb
etebuka,"to answer when called, echo",General,verb
etegeka,"to get ready, be prepared",General,verb
eteeza,trouble oneself to come or go,General,noun
etengencka,they understood his words when be rose up from the dead,General,noun
etema,"to say something independently, when not spoken to; intrude; cut one self",General,verb
eteneka,to throw oneself about inpassion,General,verb
etengeneka,"to call for, send for, call to come",General,verb
etinda,to fall on one another (flat things);paid up;crowd together,General,verb
etiitiiza etiniirra,"to deck oneself up; to have fear for oneself, be scared of oneself",General,verb
eterereka,"to grow easier (in suffering), temporarily, quieten down",General,verb
etegereza,"to fully understand,perceive,grasp; be clever",General,verb
eteerana,"to be united, agree; meet for a purpose",General,verb
eteekerezaaho,"to think only at oneself,be selfish",General,verb
eteera,"to beat oneself, amend one's ways, refrain",General,verb
etebeekeerra,"to be easy going, good-natured, give in to",General,verb
etara,to move here and there; get ready for battle,Military,verb
etamika,to put food into mouth forcefully,General,verb
etaisura,"to free oneself, break away",General,verb
etabura,"to boil, bubble, effervesce; be quarrelsome",General,verb
etabangura,"to be churned or stirredup, become muddy",General,verb
etaaga,"to need, require, want, desire",General,verb
esuuliika,to go off in a rage,General,verb
esusuura,"to shed skin (snake), peel off",Common Animals,verb
esunga,"to be haughty, mischievous, naughty, cheeky, put on airs",General,verb
esonsoleka,to hide oneself in a placewhich is difficult to find out,General,verb
esonseka,to put up the nose,General,verb
esomeka,"to slip into clothes, (said of a person), or bole, (said of a snake)",Common Animals,verb
esoma,to peck (self); flicker; lose interest in life,General,verb
esohoka,"to pass gas, pass wind",General,verb
esiza,to be quiet. stop crying,General,verb
esiril,to immunize. take a remedy,General,verb
etooda,"to assert one's identity, take ones time;apologise",General,verb
etonganiirra etoooyereza,to plead for oneself. to smarten oneself up,General,verb
etoorra,"to like, want, choose from many, be chummy with, have for a special friend",General,verb
etumbura,"to pride oneself, flatter oneself on, stand on tip toe; pluck up courage",General,verb
etuna,"to show off, be conceited",General,verb
etungulika,"to show off, try to do something beyond one's ability",General,verb
etuuliika,"to boast, over estimate ones ability to do something",General,verb
etweka,to carry or put on the head,General,verb
etuura,to take a load off one's bead,General,verb
eya,to sweep up (cow dung) with the hands,Common Animals,verb
eyaganura,"to be free, find room",General,verb
eyangisa,"to refuse something when you want it, deny oneself, pretend not to like",General,verb
eyanjara,"to stand astride; spread, (e.g. waves news)",General,verb
eyebesa,"to pretend to forget, feign ignorance",General,verb
eyera,to bring out a new-born child for presentation to friends (about 4 days after birth);clean up; see also under,General,verb
eyihuruza,to get out of place; move,General,verb
eyinika,"to bend the head, stoop, be round shouldered",General,verb
eyoleka,to show oneself; show off,General,verb
eyugi,small gourd with a curved handle used by people of long ago for getting drinking water from a pot,General,noun
ezaaliriza,"to keep on putting off, delayprocrastinate, postpone",General,verb
ezigisa,to spin go round and round,General,verb
ezingiirra,to wind round and round ;stick to,General,verb
eziringiirra,"to be persistant, stick on",General,verb
ebaafu,plastic basin: a circular open container used for bathing and washing clothes,General,noun
ebahaasa,envelope: a flat paper bag used for sealing letters or documents,General,noun
ebaraafu,"a fridge, freezer or cooler",General,noun
ebaraza,"Monday: the second day of the week, after Sunday",General,noun
ebakuri,dish or bowl: a circular open container used to serve sauce or food,General,noun
ebaayi,ffy: flowers from cotton grass commonly used to make traditional mattresses or pillows,General,noun
eziringura,"to wriggle, roll, contort oneself",General,verb
ezirjga,"to gird oneself, run very fast",General,verb
ezingiza,"to wind oneself round andround, wind round the neck",General,verb
ezinga,to curl oneself up; keep to oneself,General,verb
ezigooleza,"to spin around and round; v.tr., surround , walk round",General,verb
ezambisa,"to make work for oneself;take do unnecessary thing beforefinishing work, waste of time and energy",General,verb
eza,"to makewhite, whiten; make holy, sanctify;make fruitful; ripen",General,verb
eyugiz.a,"to loosen one's tie or bandage, free oneself",General,verb
eyoyesa,to be faddy about food,General,verb
eyoora,to go or rush together (many),General,verb
eyongera,"to increase in, do or get again, receive more",General,verb
eyijukya,"to regret; repent, cause oneself to remember",General,verb
eyiiha,to take out something paining in ones body for oneself,General,verb
eyigaliriza,"to pretend not to hear, refrain from speaking",General,verb
eyeza,"to sanctify oneself, justify oneself",General,verb
eyemereza,"to stand in the way, stand by oneself",General,verb
eyetebukya,to answer when not called,General,verb
eyanjuurra,"to stretch out one's legs, spread the wings; entrust, have confidence in",General,verb
eyanikiriza,to bask in warmth of the sun or fire,General,verb
eyanduura,"to be very slow, be a long time about",General,verb
eyabuurra,"to keep, save, put by for oneself, hoard",General,verb
eyaarra,to spread for oneself (bed etc.),General,verb
etwendekeerra,to balance on the head,General,verb
etwara,"to go of one's own accord, be independent have leisure",General,verb
etunda,"to take risks, run into danger, fight against odds; market oneself",General,verb
etumiisiriza,"to go without being sent, ask something on behalf of another person on your own, interfere with",General,verb
etulingika,"to tie tightly, make oneself small, shrink up",General,verb
etooratooza,which are not yours (without owner'spermission),General,noun
etoonyezn,to spill something on oneself; mark one's own name; tick,General,verb
etondoora,"to peel oneself, to explainoneself,justify oneself",General,verb
ebikorwa,"deeds, acts: good or bad things one does",General,noun
ebikogoto,scrapings from the millet bread mingling pot,General,noun
ebikasi,residues from tea that are removed with a sieve,General,noun
ebikangaga,dry grass in a swamp,General,noun
ebikaca,"cow pox: an acute, highly infectious disease caused by a virus and characterised by hig fever and blisters",Health & Medicine,noun
ebijunja,fringes or tussels: fur that is mainly found around the neck of animals,General,noun
ebijuju,tsetseflies: flies that bite human beings and animals and spread sleeping sickness in humans and nagana in animals,General,noun
ebijengo,millet bread with excessive water,General,noun
ebijanja,mushrooms: edible fungus with a short stalk topped by an umbrella shaped cap and grows on tree trunks,General,noun
ebihwehwe,whispers: saying something in a whisper so that other people cannot hear,General,noun
ebihwahwa,"1. eczema, 2. gourds that are not strong and is easily broken",General,noun
ebihooya,syphilis: a sexually transmitted disease that causes blisters on private parts and can lead to impotence in men if not treated,Health & Medicine,noun
ebihonzi,"dry eye discharge, white in colour",General,noun
ebihinzi,"mucus: slimy, sticky substance produced by mucus membranes in the nose",General,noun
ebiharagato,particles that are scrapped from a pot which has been used for cooking,General,noun
ebihagi,"1) presumptuous, arrogant and disrespectful behaviour, often transgressing the limits of what is permitted.2) stubborness or intransigence",General,noun
ebihaatiro,peelings: peelings taken from a fruit,General,noun
ebihande,poorly ground flour which is coarse,General,noun
ebigonero,secretion from the mouth due to snoring very heavily or sickness,General,noun
ebigojo,fat-wrinkles: layers of excessive fat that develop on one's body,General,noun
ebigambira,a certain type of majugo made of either copper or brass,General,noun
ebifundikizo,banana leaves used for covering food while cooking,General,noun
ebicurwe,young shoots of plants used to wash milk pots,General,noun
ebicukwe,food that has too little salt or no salt in it,General,noun
ebiboogi,regurgitated milk that comes back to the mouth especislly in babies,General,noun
ebibanga,many houses in a row with a fence below them,General,noun
ebibago,materials (reeds and ropes) used to erect the framework of the roof and the walls,General,noun
ebendera,a flag: a piece of cloth attached by one edge to a rope or pole and used as a symbol of a country's sovereignity or organisation's identity,Geography,noun
ebaruha,letter: a written or printed message sent from one person to another usually in an envelope,General,noun
ebbaruha,letter written to communicate a message,General,noun
ebeeyi,price: exchange value of a commodity or service,General,noun
ebi ebibaiziro,these wood shavings: thin slices or layers from wood after shaving,General,noun
ebibembe,"leprosy:a contageous disease that affects the skin, causing discorolation and lumps on the body",Health & Medicine,noun
ebicoboyo,sauce prepared from mashed young beans,General,noun
ebicu,clouds: white or grey mass of very small drops of water in the sky,General,noun
ebicuraguzo,young shoots of plants used to wash milk pots,General,noun
ebicwe,broth got from cooked meat,General,noun
ebigaaga,a special variety of papyrus,General,noun
ebihara,traditional witchcraft which causes a lot of stomach pain,Culture And Tradition,noun
ebihangirwe,creatures: all things that were created,General,noun
ebihembo,"presents, rewards: something given as a reward",General,noun
ebiho,whispers: speaking quietly into somebody's ears so that others do not hear,General,noun
ebihoro,food which has stayed over night,General,noun
ebihungu,convulsions: a disease that affects mainly the brain causing uncontrolled body movements,Health & Medicine,noun
ebihurugutu,"ear wax: a brown, sticky substance found in a human ear",General,noun
ebijumeero,gour: strength or energy in doing something,General,noun
ebijwenge,"fringes of thick hair on an animal especially dog, lion or horse",Common Animals,noun
ebikaafiire,obsenities: words that are offensive or indecent,General,noun
ebikamuuro,"residues after extracting juice from oranges, passion fruits mangoes etc",General,noun
ebikanja,dregs: residues after beer or porridge is prepared,General,noun
ebikiratima,"fast pumping of the heart as a result of fear, anxiety running, or excitment",General,noun
ebikonko,talks of maize or sorghum plants that remain in the garden after harvesting,General,noun
ebikorogoto,dry papyrus reeds: dry stems of an acquatic sedge used to make carpets and roofings,General,noun
ebikukumbwa,pieces of grass that remain in the garden after has been prepared for sowing,General,noun
ebitaako,articles decorated with bead weavings,General,noun
ebisusunga,"husks: the dry outer covering of certain nuts, fruits and seeds especially grains",General,noun
ebisurugu,gourd pith: things that are removed from a calabash as it is being prepared for use,General,noun
ebisuba,lies: things that one tells while knowing them to be untrue,General,noun
ebisogororo,empty pods of beans after harvesting,General,noun
ebisesengo,nasal sinuses: air cells in bones of the nose and face,General,noun
ebisasiro,gabbage collected in a rubbish pit,General,noun
ebiroro,a whitish substance secreted by the eyes,General,noun
ebiro,1) days of the week. 2) date,General,noun
ebironeebiro ebiriiko,"for ever and ever stoppers or plugs: objects that fit into something e.g. a bottle, and are used to close it",General,noun
ebiriibwaruganda,(usually abbreviated as ebiriibwa) cassava,General,noun
ebirema-igamba,tongue twisters: a phrase or sentence with many sounds that are difficult to say correctly when speaking quickly,General,noun
ebinzaari,curry powder: a fine mixture of strongly flavoured spices that is yellow used in cooking to give food an aroma,General,noun
ebinyoro,syphilis or yaws: a venereal disease which spreads slowly from sexual organs to all parts of the body,Health & Medicine,noun
ebinyomyo,"support, poles: usually used figuratively",General,noun
ebinyansaano,lumps of millet flour which is not properly mixed when making a millet dish,General,noun
ebinyaari,semen:a colourless fluid ejaculated from a female reproductive organ,Biology,noun
ebinwangari,an abuse used to refer to people with large and wide lips,General,noun
ebinombe,mines where minerals or sand are excavated,General,noun
ebinana,"**a general body weakness, caused by tiredness**",General,noun
ebikundukundu,water impurities at the bottom of water in a container,General,noun
ebikuhwahwa,hair in the arm pit,General,noun
ebikumbi,chuff or husks that remain when grain is removed,General,noun
ebikwasi,wild plant whose seeds stick on clothes and skins of animals when they come into contact with it,Nature & Environment,noun
ebiminyo,blobs of fat in meat gravy,General,noun
ebinika,"kettle, tea pot: a container that is used for boiling or serving liquids, such as water or tea",General,noun
ebinuzi,the white soft part at the bottom-end of a papyrus reed,General,noun
ebinwanwa,mouth disease: goat and sheep disease which attacks the mouth,Common Animals,noun
ebinywansade,"black, insects with the shape of red ants often found in places where banana wine has been prepared",General,noun
ebinyandinga,1) old people with dipigmented skin. 2) healthy and good looking old women,General,noun
ebinyenyero,bracelets: ornamantal bracelets worn around the waist,General,noun
ebinyoga,"soft grases, tender and green; cows like eating them",Common Animals,noun
ebirambi,patterns of different colours such as of the zebra,Common Animals,noun
ebirembeero,lyrics that are emotionaly exuberant,General,noun
ebirimbagirizo,something that causes one to be perplexed or anxious,General,noun
ebirimu,contents: things that are contained in a receptacle or book,General,noun
ebirooro,a thick layer of impurities on top of water,General,noun
ebirunge,food: any food in which cow ghee is put,Common Animals,noun
ebisaasi,honey comb: a waxy structure of cells made by bees for holding honey and eggs,General,noun
ebisente,circular patches caused by a fungal disease that normally attacks the head,General,noun
ebisandurira,slimmy mucus like liquid excreted by an animal after it has given birth,General,noun
ebisi,used to express contempt and disgust,General,interjection
ebisuriita,stringed or thread ends on a cloth or any other material,General,noun
ebisuuku,1) catridges for bullets. 2) the sharp inner part of a cow's horn,Common Animals,noun
ebiswagara,chaff: these are things which remain after harvesting and removing beans from pods,General,noun
ebisige,eyebrows: hair above the human,General,noun
ebisooroora,aroma from a flavoured meal,General,noun
ebisaraazi,stagnant water: (of water) not flowing,General,noun
ebitaba,gulleys built to retain and absorb water in a garden,General,noun
ebitanaki,vomitus: the matter from the stomach,General,noun
ekihyohyo,"a young cock , cockerel",Common Animals,noun
ekihuuleere,a hollow instrument producing a flute-like sound; flute-like sound by use of hands,General,noun
ekihuta,"a cut on the body, injury sore",General,noun
ekihuru,"a hole, an opening, a cut",General,noun
etihoso,iron implement in oval shape for digging holes where poles relixed,General,noun
ekihongwa,an offering to God or to Spirits; sacrifice,General,noun
ekihongolya,a gap where a tooth has been removed,General,noun
ekihi,two handfuls (open palms put together),General,numeral
ekiharuzo,"pot scraper, usually made up of a dry palm flower",General,noun
ekihande,"millet flour which is roughl ground, not finely ground millet flour",General,noun
ekigwagwa,"a foolish, person, an imbecile",General,noun
ekiguude,sauce prepared from young beans mash,General,noun
ekigongoizima,hard mid rib of the banana stem,General,noun
ekiiru,beer brought to the girl's parents by the boy on the day she introduces him to her parents,General,noun
ekiinyina,placenta or after birth: what comes out of a woman's womb after she has given birth,General,noun
ekiinaino,abnormal dental formular: a tooth that normally grows on the gum and is not aligned with others,General,noun
ekiijukizo,"monument: a building, statue, etc built to remind people of famous person or event",General,noun
ekiijaija,a recent comer: someone that is not originally of that place,General,noun
ekiifa,a type of edible wild fruit with rough skin,General,noun
ekihweraho,a type of house that can be built in one day or in the shortest time possible,General,noun
ekihuunyira,Owl: a nocturnal bird of prey with hawk-like beak and claws and large head with front-facing eyes,Common Animals,noun
ekihwagongo,a marriage of someone to his niece's child,General,noun
ekihuute,boil: a swelling under the skin often hard with pus in it and painful which bursts when ripe,General,noun
ekiihira,a part of the body where a jigger has been removed,General,noun
ekihuuzo,"threshing stick: a dry stick cut for threshing grains out of dry wheat, peas, beans, etc",General,noun
ekihwamaino,a maize cob with scattered seeds,General,noun
ekihwezabwira,a category of birds that gain sight at night,General,noun
ekiijano,bustard: a child born before a woman got married and goes with him or her,General,noun
ekiijuhyo,something that makes one remember what happened,General,noun
ekiinikiro,a deep hole in the ground with water where cereals e.g. sorghum is soaked to germinate so as to be used in making sweet drinks,General,noun
ekiira,excitement: an activity that makes someone feel very happy or excited,General,noun
ekigoye,fibre or creeper for tying something,General,noun
ekiguuna,a big pimple-like sore on the head; scalp fungal infection,Health & Medicine,noun
ekihagi,"a brave person, a strong person",General,noun
ekihamira,a cover for milk container especially when churning,General,noun
ekihandiiko,"a piece of writing, inscription",General,noun
ekiharre,"herd alone, graze cattle without taking turns",Common Animals,noun
ekihinda,"black mark on a body, especially the face",General,noun
ekihinga,a quarter or a half of an animal whose meat is to be shared equally,General,noun
ekihoho,"weathered gourd; a thin, light gourd",General,noun
ekihongozo,a stick used to bar the door or in place of a door,General,noun
ekihungu,"an eagle, loose-living person, good-fornothing",Common Animals,noun
ekihuruutu,"to be at the point of death, in coma",General,verb
ekihuuguru,a shaved patch in the hair,General,noun
ekihwahwa,"1. a skin disease leaving a large patch on the body, 2. a gourd that is not strong and is easily broken",Health & Medicine,noun
ekiibo,"a small basket where normall cooked food, especially millet is served",General,noun
ekiigarro,acute gonorrhoea which makes the passing of urine difficult,General,noun
ekijaga,sore on the corner of the mouth: herpes,Health & Medicine,noun
ekiito,an answer to a riddle or a set of questions,Storytelling And Narratives,noun
ekiitsa-ntomi,a boxer:someone who plays boxing as a game,General,noun
ekinyandaaro,bustard: a child born before a girl is married,General,noun
ekinyamasa,a type of inedible mushroom that grows on cowdung,General,noun
ekinyabubiri,hermaphrodite: a person or an animal with both male and female sexual organs or features,General,noun
ekinyaasi,"grass: a common wild plant with narrow green leaves and stem that are often eaten by cattle, horses, sheep, etc",Common Animals,noun
ekinyaanyindo,a manner through which one speaks through the nose instead of the mouth as one tries to articulate a sound,General,noun
ekinombe,"place where bricks are made, clay pit",General,noun
ekimonko,wild creeper with seeds bigger than beans used for traditional medicine,General,noun
ekimazi,a type of fever that causes shivering,General,noun
ekinuzi,orgasm: the moment during sexual intercourse when feelings reach a climax,General,noun
ekinombe,a place where soil or clay for making bricks is extracted from,General,noun
ekiniini,"caterpillar: a small, long and many legged creature, which usually feeds on leaves, plants, and later develops into an insect with wings like a butterfly",Common Animals,noun
ekine,a large organ in the body that produces bile and cleans blood; liver of some animals is cooked and eaten,General,noun
ekimuri,flower: the coloured part of a plant from which the seed or fruit develops,General,noun
ekimironko,Adam's apple: the space between vocal cords which produces sound of the voice by the movement in which the space is opened and closed to all in and out and restict that air,General,noun
ekimbirimbiri,a child that is born with significant deformity. This child is neither human nor animal,General,noun
ekikubyo,"pet name, nickname, title of honour",General,noun
ekikorro,cough spit mucus spat from the mouth,General,noun
ekikoora ekikoomi,"**leaf of tree or plant** **burning rubbish heap, bonfire**",General,noun
ekikuruma,spleen: a small organ near the stomach that controls the quality of the blood cells,General,noun
ekikurumuriro,surface defaced by something heavy drugged on it,General,noun
ekikoodo,"bundle of grain, mushrooms, grasshoppers, white ants",General,noun
ekikoro,"root of a tree, source; treestump",General,noun
ekikudu,"excrescence on tree, roughness of wood",General,noun
ekikukira,large heap of rubbish andweeds,General,noun
ekikunguli,"small mound of earth, hummock",General,noun
ekikunku,"stump of a limb, forgery, duplicate",General,noun
ekikuura,"a hair style: (in olden days) a way of cutting hair in patches, which was done by girls",General,noun
ekimama,the act of doing something with excessive pride,General,noun
ekimbuuro,plant: anything that grows from soil and has life,General,noun
ekimooto,a speech with nosal intonation where words cannot be heard clearly,General,noun
ekimyamya,a type of porridge made from millet flour after it has been left to ferment for one day,General,noun
ekinenera,something that remains after removing grains from a maize fruit,General,noun
ekinkumu,thumb print: a mark made by attaching a person's thumb on a paper or a piece of work as a signature,General,noun
ekinya,"lizard: a small creature in the reptile family that has a black and grey coloured skin, four legs and a long tail",Common Animals,noun
ekimasa,"a grave, watery skin formation in the palm as a result of rough handling",General,noun
ekimina,pronounced curve in the back at the waist,General,noun
ekiimironko,"Adam's apple front, part of the human throat which moves when one talks or swallows",General,noun
ekingida,"dwarf, deformed person, an idiot",General,noun
ekinoko,"empty eye socket, protruding eyes",General,noun
ekinwanwa,"cow's mouth, the front part of a vehicle",Common Animals,noun
ekinyaariro,urinal: a place designed for urinating in,General,noun
ekinyabwoba,cowardly person: a person who become nervous and afraid in taking a risk,General,noun
ekinyagasani,a tropical weed common in banana plantantions,General,noun
ekinyamuriro,a common weed found in banana plantations,General,noun
ekinyamasoga,i yellow and black spiny caterpillar,Common Animals,noun
ekinyamwikiririza,stooge: a person who simply accepts whatever he is told to do,General,noun
ekinyangondo,snail: gastropod mollusk usually having an external enclosing spiral shell where the whole body can be withdrawn,General,noun
ekibani,a branch of a certain type of tree,Nature & Environment,noun
ekibara,a large patch of colour on a clean object,General,noun
ekibazi,a circle of sticks or reeds which form part of the roof framework,Mathematics,noun
ekibbamu,"an old potato patch, fallow land",General,noun
ekibego,food given to a minor as an additional portion by an adult,General,noun
ekibibi,birthmark: mark on the body that does not look like the skin,General,noun
ekibiga,"a condition of feeling hot, hot spring",Nature & Environment,noun
ekibiina,1) classroom: a room where classes are conducted by an instructor,Education And Learning,noun
ekibingo,elephant grass: a tall robust tropical grass which is used as fodder and for building,General,noun
ekiboho,"packet: bundle of food stuffs like meat, cassava or sweet potatoes",General,noun
ekibiriizi,a tree with very bitter leaves which are used in cleaning the banana wine containers,General,noun
ekibondaigo,stomach upset resulting from eating too much food,General,noun
ekiboroogo,scream: a long loud cry,General,noun
ekibuga,urban area: a collection of buildings business and shopping areas,General,noun
ekibuga,an open enclosure or kraal for cows,General,noun
ekibugu,a large biting fly commonly found in swamps,General,noun
ekibumburi,a rounded object: a circular object,General,noun
ekibunga,a small floating island that keeps moving from one place to another,Geography,noun
ekibundwa,a garden where crops have been reaped but not yet planted again,General,noun
ekiburaburingwa,"freak: an abnormal or unsual idea, act or occurance",General,noun
ekibuza-buryo,idiot: a person who is so weak minded that he is incapable of rational conduct,General,noun
ekicezi,"mole rat: a small fur covered rodent with strong teeth which gnaws at hard objects like sugarcanes, cassava, etc",Common Animals,noun
ekiconco,sw.gift: a present to a person,General,noun
ekicuju,rag: a piece of old and torn cloth,General,noun
ekicuma,tissue maggot: a larva tha lives in dirty sleeping places or beds,Biology,noun
ekicumbwituka,half full: a quantity of liquid that does not fill the container,General,noun
ekicumuro,unburnt piece of firewood left in the fire,General,noun
ekicuncu,lion: a large powerful wild animal in the cat family that hunts in groups and live in parts of Africa and South Asia,Common Animals,noun
ekicungiro,ditch: a wall or embarkment made to prevent flooding,Nature & Environment,noun
ekicungwa,a fruit that resembles an orange but is not edible,General,noun
ekibanza,first day of the year,General,noun
ekibaraaho,garment: a piece of cloth which women wrap around the body especially among the Banyankore and Bakiga,General,noun
ekibaya,papyrus implement usedwhen roasting millet to get it ready for grinding,General,noun
ekibbali,"a piece of broken material (pan, basin) used a dog's dish",Common Animals,noun
ekibbani,"shelf,framework table, framework in a house on which bananas are kept to ripen",General,noun
ekibbuuku,"a garden left uncultivated, fallow land",General,noun
ekibenga,"a bundle of foodstuffs tied in grass, banana fibres or banana leaves",General,noun
ekibi,"something that is bad, evil, sin, guilt",General,noun
ekibibiro,sowing basket: a small basket used when sowing grains especially millet or sorghum,General,noun
ekibiho,weather: a condition when there is no sunshine or rain. but it is cold,General,noun
ekibimba,disabled person: a person who is unable to use part of his or her body properly,General,noun
ekibisi,1) something that is not ripe,General,noun
ekibombo,brown creeper: a climbing plant whose roots are used as medicine for deworming animals,Health & Medicine,noun
ekiboha,a creeper from the roots of which medicine for worms is obtained,Health & Medicine,noun
ekibuba,stubble: the cut stalks of cereal plants left sticking out of the ground after the grain is harvested,General,noun
ekibuga,an open place surrrounding a house,General,noun
ekibugu,bark cloth: a piece of cloth-like material made by artisians from bark of a tree stem,General,noun
ekibumbe,a child that has not yet reached the speaking age,General,noun
ekibungo,hill: land that is more raised compared to the sorrounding area,General,noun
ekibungururwa,a hairly cartepillar: a larva of butterfly or moth which has a segmented wormlike body,Common Animals,noun
ekibura,a dihonest person or someone without principles,General,noun
ekibuuzo,question: order of words which requests for information or an answer,General,noun
ekibya,"boat: a wooden open vessel where bananas are squeezed, to extract juice and local beer brewed",General,noun
ekicoboyo,beans: young beans which are usually cooked before fully developed,General,noun
ekicooricoori,a maize plant that is left behind after harvesting,General,noun
ekicuba,"chamber pot: a vessel for urine, used at night in the bedroom",General,noun
ekicukura,dung-muggot: a larva that stays and breeds in cow-dung,Common Animals,noun
ekicumbe,meal of banana of the beer variety cooked,General,noun
ekicumucumu,a plant with orange flowers in shape of a ball,Nature & Environment,noun
ekicumurwa,firewood: half burnt fire wood got from the fire place when still burning,General,noun
ekinyansunju,concubine: an unmarried woman who stays with a married man as if the two were married,General,noun
ekinyimanyima,shadow: a dark area on a surface caused by an object standing between direct light and that surface,General,noun
ekinyogori,maggot: a young form of an insect found in decaying foods or anything rotting,General,noun
ekinyogote,porcupine: a relatively large rodents with sharp erectile bristles mingled with the fur,Common Animals,noun
ekinywebwa-bakazi,sweet local brew that has not fully fermented,General,noun
ekipampagari,book cover: a hard sheet that covers the book on either side,General,noun
ekinyamugulima,"very large e.g. potatoes, pumpkins",General,noun
ekinyorozi,a larva found in water,Biology,noun
ekipande,a sign attached to a post which has information about something or directions to a place,General,noun
ekipapura,a rough paper used to do rough work,General,noun
ekipimpiri,a person who is shorter than a normal human being,General,noun
ekipumpuriya,a long underwear worn by women of the old generation,General,noun
ekiraamo,a will: a legal document declaring a person's wishes regarding the disposal of their property when they die,Legal And Law Matters,noun
ekiraariko,"an announcement to make people aware of what is going to happen, especially in the community",General,noun
ekiraatwa,shoe: an outer covering for a person's foot usually made of leather or plastic,General,noun
ekirabo,prize or present: something valuable that is given to someone as a present for having excelled in something or on a special occasion,General,noun
ekirago,carpet: a thick fabric for covering floors,General,noun
ekiramuso,a greeting: something you say to someone,General,noun
ekipiripya,"black earth used for polishing pottery, graphite",Art And Entertainment,noun
ekipool,"lump, cake of ground simsim",General,noun
ekirabuko,"present given to a king,chief or bride",Governance And Administration,noun
ekiragiro,"commandment, command, papyrus, fibre or grass",General,noun
ekirara,tree from which raffia is got,General,noun
ekirangi,a coloured pencil or crayon,General,noun
ekirare,vagabond: a person who wonders from place to place with no permanent place of abode,General,noun
ekireebw'omwe,a star-like object which moves in the sky at high speed usually at night,General,noun
ekireju,chin: the front part of the face below the mouth,General,noun
ekinyankwanzi,starling: a song bird with a straight beak,General,noun
ekinyariiso,a penis whose foreskin cannot cover it completely,General,noun
ekinyenyeezi,an opening in a roof or wall,General,noun
ekinyiriri,(among black Africans) naturally straight hair,General,noun
ekinyogori,larva form of an insect,Biology,noun
ekinywasande,weaver-bird: a finch-like African and Asian colonial birds noted for their elaborately woven nests,Common Animals,noun
ekipaku,a feeling of pleasure or satisfaction that one gets from doing something well or from owning or being responsible for something excellent that is widely admired,General,noun
ekipampari,wreckage: remnant of a wrecked mettalic object,General,noun
ekinyonga,edible root of a rumily,General,noun
ekipande,hospital card: a piece of paper which the hospital gives to the patient with the information on it used to describe the person's sickness,Health & Medicine,noun
ekipimiso,"measuring or weighing standard: a measuring device for length, height or weight",General,noun
ekipingamiizi,idiot: a person of subnormal intelligence,General,noun
ekipumpuru,"nagana, trypanasomiasis: a cattle disease transmitted by tsetseflies",Health & Medicine,noun
ekiraare,weeds: a combination of weeds in a garden,General,noun
ekiraasi,class: a group of students taught together,General,noun
ekiraba,a hairstyle: a way of cutting hair in olden days. This was only done by newly married,General,noun
ekirabo,club: a place where alcoholi drinks are sold,General,noun
ekirahuri,sw.glass: a hard normally transparent substance that can break easily,General,noun
ekiranga,a patch or spot on the body of an animal,General,noun
ekipompo,"green jumping insect with a horn, the mouth of an insect",General,noun
ekiraaro,"cattle kraal, sheath for a knife",Common Animals,noun
ekiragi,a shrub with pink flowers and rough leaves which are used for cleaning milk containers,Nature & Environment,noun
ekirambi,"stripe, row of hair (ii) colour shedding e.g as of a zebra, strip of a different colour",Common Animals,noun
ekiraso,arrow for bleeding a cow,Military,noun
ekirango,"an announcement, notice or advertisement",General,noun
ekirari,trail: a mark or track left behind by the passage of someone or something,General,noun
ekiremu,patch: a piece of material placed over a hole or a torn place,General,noun
embaijo,small curved tool used _ for shaping large pieces of wood,General,noun
embali,"broken piece of hard thing, chip",General,noun
embandwa,"a medium, diviner, one supposed to be possessed by Omucwezi",General,noun
embandure,very concetrated distillation alcoholic drink,General,noun
embangurane,twins: twins who are of different sex; that is a boy and a girl,General,noun
embara,dotted scars: dots for fire on legs especially people who like sitting near fire,General,noun
embasa,Arthritis: a disease characterised by inflammation of the body's joints causing pain swelling and difficulty in body movement,General,noun
embiriito,a term used for poisoned meat,General,noun
embiro,a piece of land where bush has been cut in preparation for planting or sowing,General,noun
emboigano,captive: someone who has been taken prisoner or animals contained in one place,General,noun
emboneko,royal cup: a cup that is used by the royal family,Governance And Administration,noun
embiso,"pit for storing food, where fresh bananas are put to ripen",General,noun
embihyo,dirt in a milk-pot or chum,General,noun
emboleera,rotten stump of the banana tree,General,noun
embura-bujune,"needy person: a person who lacks the neccessities of life, he or she is very poor",General,noun
embura-butuuro,homeless person : person who has nowhere to stay,General,noun
emburi,transhumance: people who move animals in a particular direction suddenly and quickly,General,noun
embari,cotyledon: the hard outer case of the seed which holds the embryo and supplies it with food,General,noun
embatabata,a type of short grass that is used in weaving baskets,Art And Entertainment,noun
embiriko,a short piece of stick,General,noun
embogooroki,the survivor: the one who narrowly overcomes a a bad occurence or an accident,General,noun
emboigora,"jackal: a wild animal of the dog family with reddish-brown fur, a pointed face and thick heavy tail",Common Animals,noun
embonekyerezo,the first grasshopper one gets when collecting them,Common Animals,noun
embata,level ground at the base of the mountain,General,noun
embobo,"tuft of cow's tail, fly-whisk",Common Animals,noun
embuga z'amatu,"the space between the ears and the hair, especially if the gap is wide",General,noun
embumbiro,hearths: the bottom of the fire place,General,noun
embungabungi,a person who cannot settle in one place and moves about all the the time,General,noun
emburabure,homeless persons: a societal category of people who lack fixed housing because they cannt afford a fixed and regular residence,General,noun
embura-kareju,teenager: a person who is between thirteen and ninteen years of age,General,noun
emburimburi,round mass: this is a mass (used for food) that appears spherical in nature,General,noun
embakyo,gourd used for banana wine,General,noun
embara,a way or style of counting,General,noun
embari,a kind of game where one keeps counting the number of counts the ball hits the knee without falling on the ground,General,noun
embiro,running fast: the exercise of running fast especially in athletics competition,Sports,noun
embohe,prisoner: people who have been taken as prisoners,General,noun
embonera,heifer: a cow that has produced at least once before,Common Animals,noun
embibo,seeds or seedlings for planting,General,noun
embira,a circlet of beads or seeds worn around the waist by women,General,noun
emboga,a type of green vegetable,General,noun
emboijo,taking dispute to the wife's father to settle,General,noun
embonabibi,"agreat sufferer, one who has lost all relatives",General,noun
emboro  embugiiriro,penis end point: the final part of the finishing activity one ought to perform or the target of a day's work,General,noun
embumburi,the spheroid shape of a millet meal,General,noun
embunu,Sediments: solid material that settles at the bottom of a liquid,General,noun
emburaburirwa,a confused person: someone in a state of not being able to think clearly or not understanding something,General,noun
embura-mukoro,someone who is doing nothing yet there are a number of things to be done,General,noun
emburugushu,cartilage: tough elastic tissue; mostly converted to bone in adults,General,noun
embushukane,unrelated: to speak words which are not related,General,noun
embwaijana,"a lone worker: being left alone to do more work than one can manage, when one lacks enough labour force",General,noun
embyarano,"trees, plants, herbs, shrubs, etc. which are planted by man",General,noun
emicwe,morals or behaviour: the usual way in which you behave towards other people,General,noun
emifunyarara,folds: marks or lines made by folding a cloth many times in a disorganised way,General,noun
embuga  emburabugyo,"salt lick (for herds) hot salt spring poor, homeless person without relatives",General,noun
embuuku,burnt out bonfire with some warmth left inside,General,noun
emibobo,plant used for making ropes,General,noun
emicwere emigambire,judgment or way of spitting,General,noun
emigasa,a type of plant; it looks like coffee but it has thorns,General,noun
emijuuju,extravagant: the practice of spending or using things excessively,General,noun
emikooyooyo,plants used for smoking milk pots to give a good flavour to the milk,General,noun
emikwato,pledges: a solemn promise or contribution towards someone's wedding ceremony,Culture And Tradition,noun
emirambikirizo,lower part of a bed: a place on the bed where legs face or are put when sleeping,General,noun
emisaabo,a species of makoma plant,Biology,noun
emiture,half roasted or half cooked food,General,noun
embururu,a type of cooking banana specie with a relatively short tree and short banana fingers,General,noun
embutukano,a false pregnancy that has been made normal,Health & Medicine,noun
embuba,"stubble of millet,stems of millet after harvesting",General,noun
embumbulike,small plump cow or other animal,Common Animals,noun
embungibungi,"who is always visiting, idler",General,pronoun
emeeri,ship: a large water vessel for transporting people and goods in the sea,General,noun
emicwijuro,loot or booty: spoils as a result of war or battle,Military,noun
emburro,asmall type of banana which is eaten cooked,General,noun
embuutabuuta,a very old person who stays at beaten with hands during festivals,General,noun
embwera,"thorny shrub, or necklace of white beads",Nature & Environment,noun
embyarwa,"plant with edible seeds like peas, its stalks produce thread used for sewing skins",General,noun
emereza,potatoes left in the ground while uprooting for cooking,General,noun
emigaju,perfume obtained-from the papyrus roots,General,noun
emigogo,set: a combination of two things used together,General,noun
emikamba,sweet potato vines: the stem and the leaves of sweet potatoes,General,noun
emikuyuuye,fried grasshoppers: grasshoppers that have been fried and are ready for eating,General,noun
eminya,round segments that make up a basket,General,noun
emirandira,"tubers: plants that grow on other plants that have been uprooted,for example potatoes",General,noun
emitwa,wedding contributions: money and other items contributed towards an one's party,General,noun
emburuugi,bugle: a brass instrument without valves,General,noun
embuubi,cows which have a greyish colour and believed to have originated from Tooro,General,noun
embwiswa,edible roots of tropical climbing plant that grow in the bush,Nature & Environment,noun
emi,mucus like substance at birth,General,noun
emicwijuro,estate or property of the dead,General,noun
emigage,food that has gone bad,General,noun
embunjami,one who keeps at home all the time,General,noun
emburabuzi,a goat as opposed to sheep,Common Animals,noun
embutama,a small plant found among banana plantations; its leaves are used to cover a cupping horn,General,noun
embyo,a newly dug grave emerezi,General,noun
emigaligali,lying down anywhere or anyhow,General,noun
emigangare,hard stick: a stick that is too hard to bend especially after drying,General,noun
emigoye,muscles on both sides of the spinal cord,General,noun
emikambi,banana juice residues: residues after squeezing yellow bananas for juice that are mixed with yellow banana remains and spear grass or any other type of grass used when squeezing,Nature & Environment,noun
eemikwanzi,skin disease: a skin disease of children characterised by skin rash and sores on the head,Health & Medicine,noun
emirite,pressed banana fruits that became mashed and fail to yield juice,General,noun
emitimbikirano,piling: a number of things lying one on top of the other,General,noun
emihaata  emiyaago,condolence: anything offered in condolence,General,noun
emihaata,Omuhaata is that broad part above the anus,General,noun
emijabura,"big sized nets, esp. used for hunting",General,noun
empaari,a penis that is naturally without the foreskin,General,noun
empagatwa,millet: a type of grain food grown in tropics and produces small seeds,General,noun
empa-mushoro,a tax payer: a person who has reached the age of tax payment to government,General,noun
empanda-ya-munoni,cows that were owned by exilees or emigrants who crossed via Ankore,Common Animals,noun
empanduura,catapillar: a small creature like a warm wIth legs that develop into butterflies or moth,Common Animals,noun
empango,axe: a tool used for chopping wood and cutting down trees typically of metal with a sharp edge and wooden handle,General,noun
empanyure,a hen without feathers on the neck,Common Animals,noun
empasa,twins: a pair of offsprings born at the same birth,General,noun
empembwe,locust: small type of locusts that is destructive,Common Animals,noun
empaara,"flying beetle, type of an edible locust",Common Animals,noun
empengere,a meal of cooked unground maize usually mixed with beans,General,noun
emperekano,"a domestic animal such as a goat, a cow or a sheep entrusted tosomeone else's care",Common Animals,noun
empiigano,wild meat: meat brought by hunters from the wilderness,General,noun
empiija,elation: celebration over something new,General,noun
empikira-kwema,heifer: an animal that is of conceiving age,Common Animals,noun
empinduka,change: an act or process through which something becomes different from what it was,General,verb
emiragara,first rain after dry season in January,Nature & Environment,noun
emiranga,"marks of tears on the face, strips, lines branded on flanks of cows",General,noun
empumbe,"delicate, rickety, under-sized child someone who is dull",General,noun
empungu,"kite, a large bird of prey",Biology,noun
empunika,weed: a small weed that rabbits enjoy to eat. It has small yellow flowers and is common in banana plantations,General,noun
empurizigana,"communication: to make opinions, feelings, illnesses, etc known or understood by others through",General,noun
empuruzi,messanger or someone who is sent to inform others about the death that has occured,General,noun
empuuhu,1) hides and skins: hide thinned by scrapping,General,noun
empuumo,low pitched sound of a fast moving object,General,noun
empwisi,"senile: to be too old. Being too old e.g. above 100 years, where one has lost all the senses and memory",General,noun
emurikamihay,manifesto: a public declaration of principles and intensions during an election,Politics And Current Affairs,noun
emyejwera,red eyes: a chronic and highly contageous disease of eyes characterised by redness and painful eyes,General,noun
emyotso,roasted bananas or potatoes: cooked using heat especially on open flame,General,noun
enanaasi,pineapple: a large sweet tropical fruit with a mass of thin and stiff leaves on top,General,noun
encuju,tick: a small insect that bites animals and sucks blood,Common Animals,noun
encundwa,cow: a cow whose milk yields plenty of butter,Common Animals,noun
encurazaara,old woman: a woman who has finished producing and has reached menopause,General,noun
encuubwa,an outcast person: a person who has been disowned by relatives due to bad emyotso behaviour,General,noun
encwamba,death bed: when a person is too ill and almost dying,General,noun
enda y'orurera,the uterus or womb: part of a female's body where a baby develops,General,noun
empuuga,"patches on cattle, spear blade which is polished on one side only",Common Animals,noun
empuuhira,spotted caterpillar which likes feeding on leaves,Common Animals,noun
empyangya,"scandal monger, busy body, deceitful person",General,noun
ebitaraakira,left overs: food remaining at the end of the meal,General,noun
ebitege,the curved legs of a person,General,noun
ebitojo,thicket or shrub of thistles,Nature & Environment,noun
ebitonatone,spots such as those of a hyena or on clothes,Common Animals,noun
ebitoosha,mushroom: a fungus with a fairly round flat head and a stem,General,noun
ebitu,guest room: a bed room reserved for visitors,General,noun
ebitungwa,domestic animals: tamed animals on the farm or as pets,General,noun
ebiyaga,epilepsy or fits: a human disease of the nervous system that causes short-lived but recurrent convulsions,Health & Medicine,noun
ebomba,a device for sucking liquid and forcing it out again,General,noun
eboroogo,yell: a loud sharp cry of excitement or pain,General,noun
ebyafaayo,"history: that which has happened to a person, nation or family in the past",Geography,noun
ebyamagara,concerning the state of health,General,noun
ebyanganga,copperwire formed around a ring of zebra or giraffe's hair,Common Animals,noun
ebyarugamu,outcomes: the effects or result of the action or event,General,noun
ebyemikono,an activity involving a special skill of making things with hands,General,noun
ebyeyariro,bed clothes and mattresses on which people sleep,General,noun
ebyokunywa,drinks: beverages that are both alcoholic and non-alcoholic,General,noun
ebuguma,female goat which has at least given one birth,Common Animals,noun
ebyeyera,bold patches at side of the head,General,noun
edaari,ceiling: top inner surface of a room,General,noun
edebe,large tin such as ono of kerosene,General,noun
edirisa,window: an opening in the wall of a building that allows light and air to come in,General,noun
efa,bowel or intestinal contents; excrement. excretes of animals: dung from slaughtered animals,General,noun
efaamu,"farm: a reasonable big area together with its buldings, set apart for the growing of crops and/or rearing of animals",General,noun
efaana,tapeworm: a long flat worm with a soft body and no legs that lives in the tube that carries food out of the stomach of humans,General,noun
efato,"a combination of being disorderly, dirty, lazy especially on the side of a woman in a family",General,noun
efoobe,"someone who is new to a school or any other place and does not mind about himself or others, or simply takes things easy",General,noun
eforogo,"forked hoe: a type of hoe that is fork shaped, and is used to dig in stony or hard rocky areas",General,noun
ebitara,granaries: buildings where grain is stored,General,noun
ebititi,millet chuff left with some millet that needs further threshing,General,noun
ebitokoozi,dirty particles in food or drinks especially when left uncovered,General,noun
ebitongaanwa,1) a plant with edible fruits that are red inside,General,noun
ebitote,flour or mud mixed with excessive quantity of water,General,noun
ebituna,dregs of sweet banana juice,General,noun
ebiyaago,tributes: things that you say or do to show that you respect or admire somebody who has died,General,noun
ebiyombera,"musical instruments that are worn on the legs, they produce good melody and sound as one dances",General,noun
ebuhwanya,a coarse trailling vine widely cultivated for its fruit and bears a large pulpy round fruit with a thick orange-yellow ring with numerous seeds,General,noun
ebyago,demons: evil spirits or devils especially one thought to possess a person and torment him or her,General,noun
ebyatagurika,pieces of a broken bottle or calabash,General,noun
ebyeteeka,tufts: grass tufts that stand out,General,noun
ebyobuhingi,agriculture: the practice of cultivating the land and keeping animals,General,noun
ebyohorongororo,(of a cow) vaginal discharge before a cow delivers,Common Animals,verb
ebisengere,crushed stones used for building,General,noun
ebisookooro,leaves of young beans prepared and eaten alongside food,General,noun
ebiteera,"large orimates that lack tail and include chimpazees, gorillas and baaboons",General,noun
ebyesweko ebyokulya,beddings food: any substance that people or animals eat,General,noun
ebyosi,days of mourning: the period or days of expressing great sadness because someone has died,General,noun
ecakacaka,an area covered with water or the boggy area characterised by high water content mixed with mud especially in wet swamp lands,General,noun
edakiika,minutes: any of the 60 equal parts of an hour,General,noun
ediini,"religion: a belief in God or gods associated with activities of worship and prayer, e.g. Catholicism, Anglicanism",General,noun
efaakati,a widow: a woman who lost her husband and decides not to re-marry,General,noun
efaakalimba,rubbish; useless and unwanted things,General,noun
efaani,fan: an object that uses electric power to circulate cool air,General,noun
efeeza,silver: a valuable grey metal that is used for making things like jewellery and coins,General,noun
efoomu,"a form, bench: a long usually hard seat for two or more people often found in public places",General,noun
efotogoro,something that is disorganised by many but uncoordinated organisers,General,noun
efuka,hoe: a garden tool used for tilling the soil or removing weeds from the garden,General,noun
efukuzi,"mole: a rat like animal that stays underground and destroys peoples garden's of cassava, potatoes, etc",Common Animals,noun
efuuti,"compound: courtyard, a well tended garden",General,noun
egaari y'omwika,train: a chain of wagons used for transporting people or bulky commodities egaashe,General,noun
egaashe,sw.a type of grass that grows in grasslands,Nature & Environment,noun
eganduura,robe: a long garment worn for official or ceremonial occasions,General,noun
egasani,royal tomb: a large vault for burrying kings,General,noun
egirikani,a plastic container with a handle on top,General,noun
egobore,zither: a musical instrument with many strings stretched over a flat wooden box and played with the fingers,Art And Entertainment,noun
egoobe,a kind of whistling where hands are used to create a high-pitched sound,General,noun
eguniya,"sack: a bag made out of strong rough materials usually sisal commonly used for carrying and storing millet, beans, flour, etc",General,noun
egunu,"that person, animal or plant that is much smaller than the usual size",General,noun
egyuri,spirit: diluted local potent gin called,General,noun
ehee,"a word used to express emotions such as surprise, anger, etc",General,noun
ehindaneegwa,eggs: rotten eggs which are left over unhatched,General,noun
ehirizi,"African traditional medicine, usually sewn in a small piece of cloth, and used for protective purposes",General,noun
ehuruuru,campaign for some programme or ideology,General,noun
ejuuri,a small entrance to the hut but not in front,General,noun
ekabada,"cupboard: a piece of furniture with shelves used for keeping cups, glasses, plates and cutlery",General,noun
ekanzu,"tunic: a cassock-like attire, cream or white usually worn by Baganda as a traditional dress",General,noun
ekaraayi,cast iron bowl used for washing,General,noun
ekibaaju,first person to do a wonderful thing,General,noun
ekibanda,a wad of tobbacco or meat,General,noun
ekibandira,a train or truck: a passage created after someone or something goes through a bushy area,General,noun
ekibando,a big stick used when clearing the bush especially opening up land for cultivation,General,noun
ekiba,"a bundle of fire wood, grass",General,noun
ekibanga,side of house or fence,General,noun
efumbi,"disease (common among lod people) which attacks some parts of the body like teeth, bones",General,noun
efuuzi,orphan: a child whose parents are dead,General,noun
egaari,bicycle: a two wheeled cycle,General,noun
egabo,meal: a meal or type of food that has been prepared for a special occasion,General,noun
egiraasi,"a transparent object used to make windows, bottles and other objects",General,noun
egirita,a razor blade: a thin metal used especially for treaming nails and for shaving hair,General,noun
egomborora,sub-county: a political or regional division which is below the county and above the parish,Mathematics,noun
egonja,large sweet banana eaten boiled or roasted,General,noun
egyaga,a big container that is used fo keeping and serving porridge or other liquid warm drinks,General,noun
egyora,cloth: a roll of cloth,General,noun
ehaagu,salty water given to cows,General,noun
ehirira,occuring with a lot of force or vigour,General,noun
ehoteeri,hotel: a building where you pay to have a room to sleep in and where you can eat meals,Tourism,noun
ehuuma,cutlery: folk; kitchen utensil used for eating food,General,noun
ehuuzi,"thread. a long thin strand of cotton, nylon or other fibres used in sewing or weaving",Art And Entertainment,noun
ejaara,gambling game such as playing cards,General,noun
ejerere,cricket: a small insect that makes a lot of noise during the early hours of the night,Common Animals,noun
ejwa,"disease: a foot and mouth disease of cattle, sheep and goats which causes sores in their mouth and hooves",Common Animals,noun
ekaraamu,pencil: writing or drawing material,General,noun
ekiremu,baboon: a large terrestrial monkey having doglike muzzles,Common Animals,noun
ekirenga-bazaana,sunset: the time when the sun sets,General,noun
ekireruzo,a sieve: a strainer for separating lumps from powdered material or grading particles,General,noun
ekiribiko,a pothole: pit formed by the erosion of rock,General,noun
ekiriiba,"a big home, a family constituting of many members",General,noun
ekiriira-ndugu,a person who is greedy and eats when he is hiding from others,General,noun
ekiriri,the first few day after a woman has given birth,General,noun
ekirezi,white spot in the eve,General,noun
ekiro,1) the time from sunset to sunrise. 2) a day of the month or year,General,noun
ekirofa,a dirty or unclean thing,General,noun
ekiro-kikuru,"a public holiday: a day of festivals or rest from work in rememberance of an important event, for example Christmas",General,noun
ekironda,a wound: any cut the skin or an organ caused by violence or surgical incision,General,noun
ekirooro,"a rude or offensive word, phrase used to express anger or violence",General,noun
ekiruhuuko,a long and deep sigh that shows one is tired and wants to sleep,General,noun
ekirundo,"a heap: a pile of things such as sand, books or rabbish",General,noun
ekirunga,a crown: a circular head ornament made of gold and jewels worn by kings and queens on official occassions,General,noun
ekiro,"day of the week , night time",General,noun
ekirokoroko,"dewlap, the hanging fold of loose skin under the throat of a cow",Common Animals,noun
ekirorro,"mysterious spirit usually visible in form of a human being, capable of appearing and disappearing at will",General,noun
ekirumbu,"thigh, the hind leg of an animal",General,noun
ekiruuku,glutton: a person who eats too much,General,noun
ekirwaire,an unspecified painful disease in the abdomen,General,noun
ekiryambeba,a type of rateating snake,Common Animals,noun
ekisangarana,millipede: a myriapod invertabrate with an elongated body composed of many segments most of which bear two pairs of legs,Common Animals,noun
ekisasi,entrace: part of the roof projecting from the wall on top of the door,General,noun
ekisegesi,porcupine: a large rodent with defensive spines or quills on the body and tail,Common Animals,noun
ekisaabo,a big gourd that is used in churning milk,General,noun
ekisaayi,playground: an area designed for sports activities,General,noun
ekisaju,fat: the substance under the skin of humans and animals that stores energy and keeps them warm,General,noun
ekisamato,handful:an amount of somethingthat can be held in one hand,General,noun
ekisaabu,alabash used as a churn,General,noun
ekirenga,something that is too much or excessive,General,noun
ekirenzo,idiom: an expression with a hidden meaning,General,interjection
ekiribatiro,footprint: a mark left on the surface where a person or animal has stepped,General,noun
ekiriga,"inheritance: the act of owning money, property as a result of the death of the previous owner",General,noun
ekiriiranda,a glutton: a person who always eats excessively and is selfish,General,noun
ekirimba,"trap: a plan for harming, capturimg or detecting something or someone",General,noun
ekirindi,"handle: a wooden or plastic part of the knife, panga, etc that is held when using it",General,noun
ekirema,"a cripple,lame person or a deformed person",General,noun
ekirimizo,short iron tool for digging holes,General,noun
ekirindiro,temporary hut for shelter when guarding crops,General,noun
ekiro,"a day specified by a number set for a certain function, celebration, etc",General,noun
ekirogoya,perch: a type of bird,Common Animals,noun
ekiroko,a white patch on the neck of a cow,Common Animals,noun
ekirondogozi,a stupid or foolish person,General,noun
ekirorero,"public intertainment e.g. theatre show, radio or television programme",General,noun
ekiruguya,an overgrowth: a swollen scar that develops on the ear when it is pierced,General,noun
ekirumira-habiri,a type of non-poisonous snake whose tail resembles its head,Common Animals,noun
ekirunduro,a house where hens are confined to prevent them from destroying crops,General,noun
ekirungi,"something that is good, morally right or acceptable",General,noun
ekirwa,island: a land mass sorrounded by a water body,Geography,noun
ekirwaniso,weapon: any tool used in fighting or hunting,General,noun
weapon: any tool used in fighting or hunting,a black ant: a small black insect living in a complex social colony,General,noun
ekisanguzo,1) duster: something used to wipe dust or chalk from the black board. 2) an eraser used in removing pencil or pen writings,General,noun
ekiseereezo,an emitted fat that does not make sound,General,noun
ekiseisa,the thin inner layer of the dry banana fibre or papyrus reed,General,noun
ekisaka,bush:an area of land covered with natural trees and grasses,General,noun
ekisaahe,open space intended for an activity e.g play ground,General,noun
ekisarale,"a root food that has overegrown potatoes, cassava",General,noun
ekisekule,food cooked without any salt,General,noun
ekisandikiro,a pot used for smoking milk utensils,General,noun
ekisansa,stomach: the organ in the body where food goes after it has been swallowed,General,noun
ekisarara,swamp: an area in the valley which is wet and soft filled with water,General,noun
ekisare,a calabash with a side opening used for drawing liquids,General,noun
ekiseenyi,sand bank: a deposit of sand forming a shallow area in the sea or river,General,noun
ekiseke,"straw, tube: a long hollow cylinder of metal, plastic, glass, etc. used for drinking",Mathematics,noun
ekisorobwa,grub: a short fat worm found in thatch or cowdung,General,noun
ekisoronzo,1) poem: a piece of writing in which the words are chosen for their sound and the images they suggest but not just for their obvious meanings. 2) chorus: part of a song that is sung after each verse,General,noun
ekisoha,"a kingfisher: a bright coloured bird with long pointed beak, which lives near rivers and lakes and eats fish",Common Animals,noun
ekishokozo,comb: a flat piece of plastic or metal or wood with a row of thin teeth along one side used for making one's hair neat,General,noun
ekisomero,remnants of milk or porridge left on the lips,General,noun
ekisumuuruzo,"key: a specially made or shaped piece from a metal for locking or unlocking things like paddlocks, locks, cars",General,noun
ekisusani,"picture, photograph, painting, image or visual presentation of something on paper, screen or in the mind",Art And Entertainment,noun
ekisuusa,"pumpkin leaves: pumpkin leaves which are picked, prepared and eaten as green vegetables",General,noun
ekiswagara,pod: what remains after removing seeds e.g. beans peas e.t.c,General,noun
ekisigaanyima,1) a shadow of a moving object. 2) the act of moving while facing the front,General,noun
ekisigi,eyebrow or necklace worn by the king's used when sowing or planting,Governance And Administration,noun
ekisiibayo,chasing your enemies when you are fighting and you push them afar,General,noun
ekisiizi,a big pothole that is usually found in the road when it is raining heavily and it accomodates a lot of water,General,noun
ekisimooni,coin money: a piece of metal that is used as money,Economics And Commerce,noun
ekisingiso,a brush used to wash utensils,General,noun
ekisaija,"male animal, for a man",General,noun
ekisekeseke,large umbelliferous plant from which local straws are mad,General,noun
ekisekura,"way of combing hair, pulling it to,the back",General,noun
ekisankara,a dry and light object,General,noun
ekisembo,gift: something that is given as a present,General,noun
ekiseesero,urinal: a place designed for short call,General,noun
ekisenge,SW. 1) bed room: a room built inside a house and used for sleeping,General,noun
ekiserebenganyi,"a lizard: a type of reptile which is usually small and has a long body, four short legs, a long tail and a hard skin",Common Animals,noun
ekisobyo,a mistake: an action or judgement that is misguided or wrong,General,noun
ekisokonkoro,"shell: a hard outer covering of a nut, egg, seed, matchbox, etc when devoid of contents",General,noun
ekisoreko,a knot on a rope used for tying cows,General,noun
ekisoro-ky'ente,"dewlap: one of the parts of the cow on the lower part of the neck, which is always swinging,or dangling",Common Animals,noun
ekisutama hamwe,a person who does not move from one place to another,General,noun
ekisuuga,a rogue: one who is tough and is known by people as chaotic,General,noun
ekiswa,"anthill: raised soil or heap, mass of earth in which ants live",Common Animals,noun
ekisigaanyima,to move backwards while facing the front,General,verb
ekisigaate,maize or sorghum stem especially when chewed as one chews sugarcane,General,noun
ekisigisiro,"pot: type of a pot, which is big, where porredge is made and kept",General,noun
ekisiikuru,a black and white striped furry catarpillar,General,noun
ekisiku,banana plant stump: the lower part of a banana plant after it has ben cut,General,noun
ekisina,the stump of a banana plant,General,noun
ekisira,a penis of a cow,Common Animals,noun
ekisiraani,bad luck: something regarded by society to bring bad luck,General,noun
ekisirika-nkwirwa,a weed commonly found in a bean garden,General,noun
ekisiriko,1) a hump in the road caused by erosion or floods . 2) a pothole,General,noun
ekisooni,gravel soil: red and silky soil that is extracted deep from underground,General,noun
ekitaaguka,a torn piece of cloth,General,noun
ekitabo,bed: a piece of furniture for reclining and sleeping usually consisting of a frame and a mattress,General,noun
ekitamaazi,"insane: lacking sensibility, ill feelings, unconscious and foolish",General,noun
ekitanda,1) bed: a piece of furniture for reclining and sleeping usually consisting of a frame and a matress. 2) admission of patients in a hospital,Health & Medicine,noun
ekisimba,"company, friendship, partnership (often used in bad sense)",General,noun
ekisookooro,"a young bean leaf, sometimes cooked as a green vegetable",General,noun
ekisorre,piece of land where the grass is cleared but where the earth is not opened,General,noun
ekisumba,isolation camp for smallpox patients,Health & Medicine,noun
ekisunga,"husk from dry cereals, empty hollow thing, thoughtless, silly person",General,noun
ekisunsa,a plant which produces calabashes and pumpkins (gourd vine),General,noun
ekisurano,anything that is brought about by unusual means,General,noun
ekisuuli,"elephant trap made of hanging spears, logs and ropes",General,noun
ekitabu,"book, family lineage, bedstead, raised platform in a hut for goats",General,noun
ekitaigi ekitamiiza,"unripe fruit a strong drink, intoxicant",General,noun
ekitaraate,"a playful child: a child who plays a lot, is naughty and hyperactive",General,noun
ekisirikiriro,a small part at the end of the garden where they plant or sow the remaining seeds after the whole garden has been finished,Common Animals,noun
ekisiro,fern: non-flowering green plant that normally grows in wet areas and propagates itself by means of spores,General,noun
ekisoroora,aroma produced by cooking food,General,noun
ekitaahiro,1) skirt: a woman's garment fastened around the waiste and around the legs. 2) coat: outer garment with long sleeves. 3) trouser: two-legged outer garment reaching the ankles,General,noun
ekitabo,book: a set of printed or written pages fastened together along one edge and enclosed between covers,General,noun
ekitagata,hot spring: a natural spring of water that is hot,Nature & Environment,noun
ekitakuri,sweet potato: a starchy and edible tuber plant,General,noun
ekitambo,sacrifice: something offered to be killed in order to appease a god,General,noun
ekitara,granery: a building for storing grains,General,noun
ekisiikirizo,a shade blocking the sunshine,General,noun
ekisikiri,holes left by jiggers or cartridge-belt,General,noun
ekisinde,"fresh track, trail, company on the march",General,noun
ekisorrookoko,burnt smell of food cooking,General,noun
ekisungu,a mat made of papyrus used as a tray or plate,General,noun
ekisunsu,tuft of hair on top of the head,General,noun
ekitaamisi,dislike e.g for very fatty meat,General,verb
ekitambi,"a multicoloured Indian cloth with beautiful embroidery, mostly worn by women",General,noun
ekitarabamba,a pool of water that collects after rain,General,noun
enganzi,a star that is very bright,Astronomy And The Universe,noun
engamba,scales: the outer hard body of a fish,General,noun
engiri,gospel: one of the first four books in the New Testament bible that talks about Jesus,General,noun
engobya,a deceitful person who behaves in a cunning way by telling lies,General,noun
engoma,drum: a musical instrument made with a hollow round frame and a skin stretched tightly across,Art And Entertainment,noun
engoma,the soft part in the middle of the head in the head of a young baby,General,noun
engozi,baby's swaddling cloth: a cloth for carrying a baby,General,noun
eengumba,a woman that cannot produce,General,noun
engurukira,swollen painful inguinal lymph node: a small swollen painful hard mass of tissue that appear on the joint in the human body caused by having a wound,General,noun
enguugu,an old stock of harvest,General,noun
enguuza,disobedient child: a child who cannot listen to advice,General,noun
engwerwa-kagwe,tragic victim: a person that has faced a terrible event or sadness,General,noun
engwiso,nape: back part of a person's neck,General,noun
engenda,the manner in which a person walks,General,noun
engenderwaho,Constitution: a system of laws and principles according to which a state or other organisations are governed,Legal And Law Matters,noun
engeso,harvesting knife: a knife used for harvesting millet,General,noun
endyabawaali,type of banana eaten cooked,General,noun
eengyora,"screw: a cylinder with a helical ridge or thread running around the outside that can be turned to seal an opening, apply pressure, adjust position, etc, especially one fitting into a corresponding internal groove or thread",Mathematics,noun
enjebajebe,"rattle: round fruits that can be used to make a rapid succession of short, sharp sounds in particular, baby's toys, singing and dancing",General,noun
enjerere,cricket: a butterfly like insect which makes noise in the evening,Common Animals,noun
enjoga,beer pot: a sizeable pot used for storing local brew among the Banyankore,General,noun
enengo,"peak, summit, crown, acme, apex, zenith",General,noun
enfubaso,"bead necklace absence of prepuce,making a man look as if he is circumcised",General,noun
enfuli,"absence of prepuce,making a man look as if he is circumcised",General,noun
enfura,"one of the upper classes, generous hospitable person",General,noun
engaaga,type of papyrus used for making baskets,General,noun
engabu,"shield, traditional recital in praise of great people esp. for men",General,noun
engagi,type of barkcloth tree with small leaves,General,noun
engahi,"paddle, oar, racquet pay a given tax irrtfie given period",General,noun
engando,a short tree with long thorns,General,noun
engango,forked stick on which things are hung,General,noun
enganzi,"favourite, beloved one; prime minister of Ankole",Politics And Current Affairs,noun
engaramira,a chair which has where to lean on,General,noun
engaro,hand: the part of the body at the end of the arm that includes the fingers,General,noun
engiri,warthog: a large animal with very thick skin and one or two horns on its nose that is common in tropical Africa and Asia,Common Animals,noun
engoha,tick: a small parasitic insect that feeds especially on animals by sucking blood,General,noun
engoma,throne: a special symbolic seat also used symbolise authority among leaders,Governance And Administration,noun
engoona,algae: a green substance that is slipperly and usually found on stagnant water,General,noun
engurirwa,an edible part of sorghum variety that is black in colour,General,noun
engwisa-kagwe,somone who causes a terrible event or tragedy,General,noun
enguuri,spirit: an alcoholic beverage that is distilled rather than fermented,General,noun
engemeko,1) a small clay pot for boiling water. 2) a conical pot with four sided openings for perfumery functions,General,noun
engenda-kiro,an idiomatic way of referring to red safari ants,Tourism,noun
engenyi,a wild creeping plant that stings,Nature & Environment,noun
engezi,the boggy part of the swamp,General,noun
enjegere,chains: a connecting flexible series of metal used for fastening or securing objects and pulling or supporting loads,General,noun
enjoga,hyrax: a small herbivorous mammal with a compact body and very short tail found in many arid and semi arid parts,Biology,noun
enjogonyo,maggot: a soft-bodied lava found in decayed matter,Nature & Environment,noun
engaaju,large brown cow with long horns,Common Animals,noun
enganda,"handful of grass,beans clans, tribes",General,noun
engaraate,skin mat; lazy person; carefree person,General,noun
engeye,black and white colobus monkey,Common Animals,noun
engolya,salt found in the earth and extracted by boiling,General,noun
engonagoni,"climbing plant used for making baskets, shields",Nature & Environment,noun
engosa,small pieces of stick floating in a bowl of water,General,noun
engoyegoye,plant found in swamps used for making mats and ropes,General,noun
enguguma,"sympathetic fear of causing pain when lancing an abscess or boil, wound",General,noun
engweta,the way ofmaking a will,General,noun
engwizi,"one who falls into bad ways, wasted, lousy",General,noun
enjaaliimi,"one who talks slowly and affectedly, boring person",General,noun
enjagi,edible fruit of egg plant,General,noun
enjende,"slender, delicate person or lousy",General,noun
enjogera,bells worn around ankles by small children,General,noun
enju,house: a building for human habitation especially one that is lived in by a familly or a small group of people,General,noun
enjugano,"bride wealth: a payment in form of money, cows, etc that is made by or on behalf of a prospective husband to the prospective bride's family as a sign of appreciation",Culture And Tradition,noun
engata,"coil of grass, leaves or fibres used as a pad for the head on which a load is carried",General,noun
engesera,pipe bowl with long point,General,noun
engogome,old bent banana tree or sugarcane,General,noun
engoti,a tree from which barkcloth mallets are made,General,noun
engozi,cloth arranged for carrying child on the back,General,noun
engulike,beans which have been kept for two or three years; beans that cannot be easily cooked,General,noun
engunguza,"one who goes alone at night, wanderer",General,noun
engurukizi,large blackand red lizard (reputed to be poisonous,Common Animals,noun
engusuuru,"plant with yellow poisonous fruits similar to egg plant, used as medicine",General,noun
enguuho,"long narrow piece of cloth, loin-cloth used on babies",General,noun
enjagara,type of bananas with long fruits,General,noun
enjeijeza,attendant of king or chief,Governance And Administration,noun
enjori,tassels: the tufed-heads of some plants especially a flower head with prominet stamens at the top on a maize stalk,General,noun
enju,"grey hair: human hair whose colour is between white and black, it usually comes in old age",General,noun
enjuha,sorghum that has been soaked in water,General,noun
enjuma,grain: small cultivated seeds used as food,General,noun
enjungu,to run at a terrific speed,General,verb
enjoroorwa,beans sown in November and picked in January,General,noun
enjumba,"reddish cow with dark patches, type of banana tree with red stem and leaves",Common Animals,noun
enjwara,code of dressing: one's unique style of dressing,General,noun
enkaiga,seed pods: the stage of bean development between flowering and maturity,General,noun
enkaka,"yellow fever: a disease that attacks human beings, which causes the eyes and urine to turn yellow",Health & Medicine,noun
enkamba,bullet: a small metallic object that is fired from a gun,General,noun
enkangara,a big basket in a home usually used for keeping valuables,General,noun
enkarakare,castor oil trees or seeds: trees that are grown in banana plantations and serve as supporters of bananas when there is a storm or over weight bananas from falling. They have broad leaves and the stalk has a hole inside,General,noun
enkasi,"oar: a short pole with a broad blade at one or both ends, used without a rowlock to move a small boat or canoe through the water",General,noun
enkamyo,sour milk; a plant used to turn milk sour,General,noun
enkanduro,rake; a comb for hair made like a rake,General,noun
enkara,a type of banana for wine,General,noun
enkarra enkebe,"lines, rows entrails of fowl used in divination",General,noun
enkeeto,"skin used as mat; a very heavy load, burden",General,noun
enkenzi,"a type of grass that looks like finger millet , which grows with millet in the garden, and often used to make baskets",Nature & Environment,noun
enjungu,fresian: cows of European type,General,noun
enjojo,a chair which has where to lean on,General,noun
enjokambi enjooje,bad temper small earthenware bottle,General,noun
enjubu,hippopotamus; hole dug to catch termites,Common Animals,noun
enjumika,a cow with horns extending forward and downwards,Common Animals,noun
enjwano,fresh ghee: freshly chunned ghee,General,noun
enkaba,the unburnt patches: when a piece of land or field that remain when a bush is burnt,General,noun
enkaitano,"compensation: payment made to provide or serve as a substitute or equivalent or as reparation for a loss, injury or suffering",General,noun
enkaka,aloe vera: a tropical plant with thick leaves and sharp points that contain water and is used as medicine,General,noun
enkamba,one of the species of Irish potatoes,Biology,noun
enkangamwase,crack: fault lines that occur in hard soils and plastered houses,General,noun
enkanka,palate: the top part of the inside of the mouth towards the glottis,General,noun
enjuranyuma,remains of juice in banana wine press to which more water is added,General,noun
enkaraga,small pieces of bones used in divination,General,noun
enkarange,"roasted grains of millet, beans",General,noun
enkima,monkey: a member of a group of primates most similar to humans in appearance especially a type with a long tail that climbs trees,Common Animals,noun
enkanda,"large skin worn as garment; small wicker trap, string snare for rats",General,noun
enkenku,sour banana wine made with very little sorghum,General,noun
ente-ya-abaana,consonant: letters of the alphabet excluding vowels,General,noun
entajeemerwa,one of the royal drums of Bunyoro,General,noun
entomatoma,strips of backcloth used for ropes,General,noun
entanganana,creeping plant with strongly scented white flowers and fruit like a striped pumpkin,Nature & Environment,noun
entaragirwa,"intruder, one who sells salt",General,noun
entebeza,"way of preaching, giving information",General,noun
entego,enema (used to push water into the stomach through the anus for stomach upsets),General,noun
entembo,hair on the chest and abdomen,General,noun
entemere,small basket used as a plate,General,noun
entendegere,"cow with short, curly, loose horns",Common Animals,noun
entimatima,"centre, core of the banana tree stem",General,noun
entobo,a plant of colocynth whose fruit turns yellow when mature,General,noun
entondaigwa,1) a cultivatable shrub with a slender stem and yielding edible beans. 2) beans of this shrub,Nature & Environment,noun
entongani,"the rain that does not seem to cease, rains throughout the day",General,noun
entoore,chosen ones: the favoured people out of a big group,General,noun
entootoozo,flour added to increase to increase the firmness of millet being mingled,General,noun
entote,a semi-solid that has more water than is desirable,General,noun
ensibo,1) snag: to stumble on something when you are walking and you almost fall. 2) a wound that developes as aresult of stumbling on something,General,noun
ensigo,kidneys: one of the two organs in the body that cleans the blood and removes waste,General,noun
ensinduka,"a leaning tower: a house that is badly built, inclined on one side",General,noun
entonde,a very nice thing; grey hair (of king,Governance And Administration,noun
entongo,small piece of meat given to hunters,General,noun
entaiki,"type of edible termite, small with very white wings; also the mound where termites are found",Common Animals,noun
entanyunyirwa,spear with short handle and very long blade,General,noun
entarama,shallow soil; tree with flat branches,General,noun
entayomba,"cured hide worn as a skirt, as a special and beautiful attire in the past",General,noun
entemburo,site of the new house or plot,General,noun
entongane,1) conflicts: arguements or disagreements. 2) one who has the habbit of quarreling,General,noun
entoobeerwa,type of mushrooms which are small in size with pointed heads and long stems,General,noun
entooro,a tune without a specific purpose,General,noun
ensibo,crashed stones that are mixed with clay to make pottery products,Art And Entertainment,noun
ensigo,seeds:small hard parts produced by a plant that can grow into a new plant of the same type,General,noun
ensimbo,a half cut calabash used for keeping ghee,General,noun
ensorera,to slap using the back of the hand,General,verb
entogoro,"a kind of traditional dance, danced vigorously with rattles worn round the ankles (esp. in Bunyoro)",Culture And Tradition,noun
entoko,fairly large and grey edible mushroom,General,noun
entonge,"small piece (broken off to be swallowed, lump",General,noun
entonzi,"small, straight sticks of a plant used for making beds, door, store",General,noun
entukura,a banana type whose plant has a red colour and is usually cooked (not used for brewing beer),General,noun
entumbure,the state of being stark naked,General,noun
entundu,a type of banana for making juice or beer,General,noun
entunguuka,development: to grow and become advanced and elaborate,General,noun
entunika,whit low: an illness which normally attacks fingers and toes and is very painful,General,noun
entugute,"firm blood pudding cooked with milk, ghee",General,noun
enturature,a bird with mottled brown spots all over the body with long legs,General,noun
enturi enturugunyu,big eyes a swelling or mass normally of blood or muscels under the skin,General,noun
entuuriiswa,a wild plant with tubers underground like those of cassava,Nature & Environment,noun
envuna,"one's personal cows, not communal",General,numeral
entura,bitter wild fruit like egg fruit,General,noun
enyabakazi,type of banana which is eaten cooked,General,noun
enyabungere,a type of edible banana with short fruits,General,noun
enyakasunsa,"creeper with swollen, knobbly fruits",General,noun
enyakatuzi,growth like a mushroom which yields a perfume,General,noun
enyankole,cows with long horns especially those from Ankole,Common Animals,noun
entookatooke,very sweet (pure) banana juice without water,General,noun
entoonyera,a small insect which produces and stays in saliva like (spit insect) water dripping from trees,Common Animals,noun
entukuru,fishing basket: a container made from interwoven strips of cane or wire used for catching fish,General,noun
entumwa,messanger or embassodar: someone who delivers a message,General,noun
entundubaare,tarpaulin: a large sheet of canvas that is water proof,General,noun
entunguuta,upper part of the sugarcane,General,noun
entugiro,large earthen ware vat (esp. used for banana wine when fermenting),General,noun
entuju,animal ticks when full of blood,General,noun
entuntunu,goose berries: small wild juicy fruits with small seeds,Common Animals,noun
enturege,zebra: an African wild animal with long legs and neck and with dark patches on its back,Common Animals,noun
enturire,porridge or local beer mixed with honey,General,noun
entwiga,giraffee: a long-necked animal that eats leaves in tall trees,General,noun
enyaaruju,chameleon: a lizard-like creature that changes colour depending on the colour of its sorroundings,Common Animals,noun
enturabende,rat with longitudinal yellowish stripes,Common Animals,noun
enturagara,grass usedfor making ceilings and walls,General,noun
enumbu,edible tubers of a plant (like sweet potatoes-wild of old),General,noun
enyabahuma,type of banana for making wine,General,noun
enyabarasana,a plant with black clinging seeds - blackjack,General,noun
enyabwara,a type of banana eaten cooked smell of the fingers,General,noun
enyakabaka,hawk; snatching of bird of prey,Common Animals,noun
enyakaseke,a plant resembling straw plant,General,noun
enyakatoora,plant used for rubbing cows,General,noun
enyamaizi,"type of banana in thefamily of embiira, i.e.good for making banana wine(see amaarwa or tonto)",General,noun
enyanjazo,rake: a forklike tool for removing grass in the compound,General,noun
enyegamo,veil: a garment that covers the head and face,General,noun
Ebalika,"to stand firmly in one's position, take position",General,verb
Ebanda,"to be very joyful, jump for joy",General,verb
Ebburru,a hill top on which the King sounded drums,Governance And Administration,noun
Ebinda,to wear a loin cloth,General,verb
Ebutika,to sit down carelessly or sit in a dirty place,General,verb
Eculeeza,"to quieten down, bumble, cool down",General,verb
Edangya,to make a fool of one self,General,verb
Ecwamu,"to detach oneself from the grip of another person, separate oneself from a group",General,verb
**Eduuda **,to behave badly or in a forward manner,General,verb
Efilsa,to pretend to be dead,General,verb
Efungiza,"to turn up one's sleeves, hitch up one's clothes",General,verb
Ebaba,to be nearly ripe (small millet),General,verb
Ebagiza,"to help oneself, put one self forward",General,verb
Ebamba,"to straighten oneself, draw oneself up",General,verb
ebamba lika,to take a seat or position uninvited,General,verb
Ebara,"to count oneself, reckon oneself",General,verb
Ebbanaaza,"to think too highly of oneself, boast",General,verb
Ebbanika,to get dry and stif,General,verb
Ebembera,"to lead, go first, guide",General,verb
Eberengura,to be intensely hot (weather),General,verb
Ebobeerra,"to pack up, make prov1s1on for a journey",General,verb
Bohera,to cast a spell to a person,General,verb
Ebuga,"exult, proclaim one's bravery before a superior",General,noun
Ebumba,to close (flower); sit with knees close together,General,verb
Eburabuza,"to slip off, creep away",General,verb
Eburanganiza,"to wonder about, get lost",General,verb
Eburugura,"to move about, under a covering, tum over",General,verb
Ebuutikira,to cover oneself right up,General,verb
Ebuza,to sulk; disappear from one's sight,General,verb
Ecikinyiza,to be dressed well and behave nicely,General,verb
Ecooka,to collect together in large numbers,General,verb
Eculika,"to be sloping, be steep, bend; lay with feet at head of the bed; stand on one's head",General,verb
Ecuma,"to be careful of one's personal appearance or hygiene, be clean, be smart, be tidy",General,verb
Ecungya,"to jump high or far, soar, go far away",General,verb
Ecura,"to be startled, start, strain oneself",General,verb
Ecwa,to crack one's bones when stretching,General,verb
Edendekeerra,to balance something on the head,General,verb
Edungamya,"to exalt oneself, be uppish",General,verb
eduu ku ura,"to turn fierce, fry into rage",General,verb
Efakaza,"to be dirty, neglect oneself, become slack",General,verb
Efiisa,"to deny oneself, abstain from",General,verb
Efookoora,"to be estranged towards, tum fierce, alter, fly into rage",General,verb
Efubika,"to cover, wrap oneself up",General,verb
Efuma,"to go into another country, rush into danger, dare, risk",Geography,verb
Efunya,"to draw up the legs or arms, double oneself up, contract",General,verb
Egadika,"to behave scornfully, show contempt",General,verb
Egadya,"to weary oneself, take trouble",General,verb
Egalika,to lie on the back; fall open,General,verb
Egangalika,to throw oneself full length,General,verb
Egaranjura,"to tum over and over in bed, turn a somersault",General,verb
Egegeeza,to move slowly and carefully; pretend to be good; ill or poor; insinuate oneself,General,verb
Egendereza,"to go carefully, be circumspect",General,verb
Egerekera,to fall on the top,General,verb
Egomba,"to desire, covet, lust after",General,verb
Egombooza,to choose for one self,General,verb
Egooora,to wash down (food with drink),General,verb
Egoromora,"to throw oneself into danger, exile oneself",General,verb
Egura,to come upon un expectedly,General,verb
Ebaabaatira,to depend on one's own efforts (said of an active poor person),General,verb
Ebanguura,to clear the throat noisily,General,verb
Eharaigura,to shed leaves of branches,General,verb
Ehayo,"to offer oneself, deliver oneself up",General,verb
Ehehenura,to try to do good work like others do,General,verb
Ehiga,"to step out of the way, dodge, shrink back",General,verb
Ehindura,"to disguise oneself; tum from one side to another, go round and round",General,verb
Ehinyira,"to do diligently, work hard at",General,verb
Ehonda,to hit oneself by mistake,General,verb
Ehohoora,to shed skin (as snakes),General,verb
Egangaaza,"to put on airs, be affected; keep to oneself, behave disobediently",General,verb
Egeka,to lay on the ground,General,verb
Egemura,to deliver oneself up to justice; take risks,General,verb
Egereka,to wear outer cloth(women) extending from the shoulders down to the legs,General,verb
Ego,extend regards to the people at home,General,noun
Egotagota,to coil oneself round (e.g. snake),Common Animals,verb
Egumya,to refrain; bear up; restrain oneself,General,verb
Eguruma,"to walk elegantly, put on jars",General,verb
Egwizagwiza,"to deteriorate, fall into bad ways",General,verb
Ehaga,to puff oneself out; lift with great force,General,verb
Ehanuuza,"to seek advice from, consult",General,verb
Eheerraaniza,to come in close contact with,General,verb
Eheha,to clean oneself after defecating,General,verb
Ehenda,"to break a limb; behave well, give up bad practice",General,verb
Ehengesa,"to pretend to be alright, satisfied or not to desire do something",General,verb
Ehimba,"to bold oneself well, walk uprightly",General,verb
Ehinza,to suddenly change one's mind,General,verb
Ehotoleza,"to twist; appear weak, hungry, sad or tired",General,verb
Ehugika,"to be tipped up, be awry",General,verb
Ehugyabugya,to be deliberately in attentive,General,verb
Ehuura,to throw oneself on the ground,General,verb
Ebwenjeka,they walked very fast to go and see the newly born child,General,noun
Ehwenjeka,"to withdraw from company, keep to oneself",General,verb
Ejaahiika,to dress up in beautiful clothes,General,verb
Ejubura,to wash in a hurry,General,verb
Ejumb,to rush in doors or into a hole or forest,General,verb
Ejuumura,tum oneself right way up,General,noun
Ejwaogajwanganiza,to mix with others as one of them,General,verb
Ekaarraamuza,"to gargle, clear the throat",General,verb
Ekabisa,to pretend to be dead,General,verb
Ekamba,"to be deligent, work hard",General,verb
Ekamuura,to squeeze oneself; to give out what you have and remain with nothing,General,verb
Ekangaara,"to hung back, be afraid of coming near",General,verb
Ekanyagiza,to be active or energetic,General,verb
Ekenga,"to know oneself, be cautious, beware",General,verb
Ekengesereza,"to pretend to know, imagine foolishly, guilty consciousness",General,verb
Ekiima,to pass stool with force due to constipation,General,verb
Ekoba,"to plot, conspire, join together for a purpose",General,verb
Ekoma,to choose oneself; be quarrelsome,General,verb
Ekomoorra,"to break free, slip away; give away all, spend all",General,verb
Ekoroza,"to pretend to cough, announce oneself",General,verb
Ehugura,"to avoid, get out of the way",General,verb
Ehungutura,"to talk or act widely, be deceptive (in apprearance)",General,verb
Ebungya,to wash one's feet in the dew; flick away,General,verb
Ebuurra,"to think highly of oneself, be arrogant",General,verb
Ehwisa,to feign ignorance or innocence,General,verb
Einganiza,to pull down and arrange ones clothes; compare oneself with,General,verb
Einun,to leave off working on one's own responsibility at rich food,General,verb
Ejugumur,"to shake itself (animal when wet, etc.); behave like or tum into a wild animal, be quarrelsome",General,verb
**ejulinga**,"to roll in mad, play in dirt",General,verb
ej unjubika,to wrap oneself up in a piece of cloth as result of cold,General,verb
Ejuumika,"to lie on one's stomach and face, fall forward place upside down",General,verb
Ekanaisura,"to rebuff, shake off, tum angrily away from",General,verb
Ekanika,"to run steadily, work vigorously, exert all one's strength",General,verb
Ekebura,"to tum the back on, turn away",General,verb
Ekeneekuruza,"to drain (cup, etc.}, drink the last drop",General,verb
Ekenyera,"to creep up, approach timidly, avoid being seen, draw back",General,verb
Ekindikira,"to gird round the waist, prepare for action by tucking up garments",General,verb
Ekinga,"**to shut itself{door), window) **",General,noun
Ekitakita,to Hit hither and thither,General,verb
Ekomakom,"to pilfer, eat a little of whatever item of food that comes in one's way",General,verb
Ekomba,to lick or smack the lips,General,verb
Ekoza,"to work without supervision, do one's own wish",General,verb
Ekuba,"**to sway, retire to one side**",General,noun
Ekuda,"Go to bed, lie down (used contemptuously as of a dog)",Common Animals,verb
Ekulinga,to sit down in the dirt or mud,General,verb
ekuJJuukiriza,"to reach after, stretch forward for",General,verb
Ekuuba,to rub oneself with or against,General,verb
Ekuuta,"to smear oneself, rub oneself with a sponge",General,verb
Ekwata,to take hold of oneself; be selfish,General,verb
Ema,"to take one's stand, stand up; rebel",General,verb
Emangalika,"to behave in an un natural manner when excited, show off",General,verb
Emara,"to have enough money for one's needs, to",General,verb
Emeenya,to pull out one's hair,General,verb
Emeerra,"to stand upright, stand still",General,verb
Emeza,To spring up from selfsown seed,General,verb
Eoaga,"to throw oneself about, sway (in dancing)",General,verb
Enekya,"to pretend to be weak, relax",General,verb
Engcra,to put salt in water and bring cattle to drink; be ripe,Common Animals,verb
Eogereza,"to be nearly ripe, be red hot",General,verb
Enomba,to paint one's face with chalk,General,verb
Enyinya,"to take up handful of termites, etc. An eat them raw",General,verb
Enywagiza,"to put oneself forward, be proud, naughty",General,verb
Eraganiza,to promise to give or pay,General,verb
Ekubiraniza,to change mind now and then,General,verb
Ekuoika,"to be proud, be stuck up, give oneself airs",General,verb
Ekunikira,"to mock, look down upon",General,verb
Ekuurra,"to drag oneself along, crawl",General,verb
Ekuza,"to exalt oneself, be proud, uppish",General,verb
Ekweya,to trail on the ground,General,verb
Ekwotora,"to steal along, slip away",General,verb
Emaarra,to finish by or for oneself,General,verb
Emanyilrra,"to know oneself, of one's behaviour",General,verb
Emanyliza,"to exercise oneself, practise, become accustomed to, gain experience",General,verb
Emaramara,stroll about. pass the time away,General,noun
Emcsa,"to stir up, invite, take to stud",General,verb
Emiima,**to gather one's force for a jump**,General,noun
Emiimigiza,"to hold oneself in, restrainoneself, refrain",General,verb
Emya,"to serve (bulls; cows), cause to conceive",General,verb
Emyalyamyalik,to be covered with confusion,General,verb
Enagira,to throw oneself cloth over the shoulders,General,verb
Enga,"to grow ripe, mellow; get red; turn reddish from over growth (negro hair)",General,verb
Engengeta,"to shine, glitter, be dazzling",General,verb
Enguka,"to be yellow, become red hot",General,verb
Enyanyaiba,to shrink in disgust from looking at or touching,General,verb
Enyeesa,"to puff oneself up, pride of oneself",General,verb
Eraami,word of entreat said by a person when praying for mercy to an executor he knows very well,General,interjection
Epipiza,"to fan oneself, (sign of getting too hot)",General,verb
Era,"to be white, be clear, be plentiful, be ripe(millet)",General,verb
Eragiisa,to do something one will not,General,verb
Empumbe,"delicate, rickety, under-sized child someone who is dull",General,noun
Empunika,weed: a small weed that rabbits enjoy to eat. It has small yellow flowers and is common in banana plantations,General,noun
Empuruutuke,a visitor who brings bad luck,General,noun
Empuruzi,messenger or someone who is sent to inform others about the death that has occurred,General,noun
Empuukure,alcohol: alcohol that has over stayed and become sour,General,noun
Empuumo,low pitched sound of a fastmoving object,General,noun
Emungwe,weevil: a snout beetle often found feeding on stored grain and seeds,General,noun
Emurikamihay,manifesto: a public declaration of principles and intensions during an election,Politics And Current Affairs,noun
Emyotso,roasted bananas or potatoes: cooked using heat especially on open flame,General,noun
Encugura,diarrhoea: very watery stool defecated by humans and animals as a result of a stomach infection,Health & Medicine,noun
Encuju,tick: a small insect that bites animals and sucks blood,Common Animals,noun
Encumbwe,bee wax: the yellow to greyish brown wax,Common Animals,noun
Encundwa,cow: a cow whose milk yields plenty of butter,Common Animals,noun
Encuriko,medicine: local herbs given for threatened mis courage,General,noun
Encuubwa,an outcast person: a person who has been disowned by relatives due to bad behaviour,General,noun
Encwamutwe,Calf: a young of domestic cattle,Common Animals,noun
Endaaba,ornament: a form of ornament beads (chain),General,noun
Empuuhe,house where there is not much food,General,noun
Empuuhira,spotted caterpillar which likes feeding on leaves,Common Animals,noun
Empuunahuuni,"dense, slow or deliberate person",General,noun
Empwera,red sorghum used for fermenting banana wine,General,noun
Empyangya,"scandal monger, busy body, deceitful person",General,noun
Emyarro,type of grass used for spreading in houses of the ancestral spirits of the Bacwezi,History And Historical Accounts,noun
Emyeteso,behaviour like that of a spoilt child,General,noun
Empotokwa,potatoes dug up and left on the ground,General,noun
Empungu,"kite, a large bird of prey",Biology,noun
Empurizigana,"communication: to make opinions, feelings, illnesses, etc known or understood by others through radios, letters, phones, etc",General,noun
empuuhu,inner lining of the mouth when peeled,General,noun
empuuhu,1) hides and skins: hide thinned by scrapping. 2) person who has lost wealth,General,noun
empwa-bwoba,a brave person: a person who is willing to do things which are difficult or risky,General,noun
Empwisi,"senile: to be too old. Being too old e.g. above 100 years, where one has lost all the senses and memory",General,noun
Emwe,one: the smallest whole number represented numerically as 1,General,numeral
Emyejwera,red eyes: a chronic and highly contagious disease of eyes characterised by redness and painful eyes,Health & Medicine,noun
Enaama,secret: information shared by a few people when they don't want others to know,General,noun
Enanaasi,pineapple: a large sweet tropical fruit with a mass of thin and stiff leaves on top,General,noun
encumate,balls of cow ghee or butter,Common Animals,noun
Encunku,sour beer: cold beer which has spent a long time after brewing,General,noun
Encurazaara,old woman: a woman who has finished producing and has reached menopause,General,noun
Encuukye,weaned child: a child that is no longer breastfeeding,General,noun
Encwamba,**death bed: when a person is too ill and almost dying**,General,noun
Encwera,cobra: a venomous Asiatic and African elapid snakes that can expand the skin of the neck into a hood,Common Animals,noun
Empuuga,"patches on cattle, spear blade which is polished on one side only",Common Animals,noun
Empuuka,"disease accompanied by swelling of the abdomen, dropsy",General,noun
Empuuta,handkerchief or bandage worn around the head,General,noun
Empwiju,bark used for smoking in a pipe,General,noun
Empyora,"scaly syphilitic skin, disease causing light patches on the skin, scars",General,noun
Emyoro,osier used for making baskets,General,noun
Enanga,yellow beetle with black spots which children put on a stick as a toy,General,noun
Encunda,churning; rough bits of hair on a hide,General,noun
Encundiro,large gourd or basket with a cover for storing cow ghee,Common Animals,noun
encwa mutwe,calf before horns have grown,Common Animals,noun
Encweki,one whose children have died,General,numeral
Ecwera,"African cobra, viper, black adder",Common Animals,noun
Endaaho,castrated animal: an animal whose testicles have been removed,General,noun
Endaare,unweeded plantation: a plantation especially of bananas that has overgrown weeds,General,noun
Endaariro,a light evening meal; served at night,General,noun
endanga-muntu,identity card: a document that shows the personal identification of somebody,General,noun
Endamuhyo,greeting: a message of good wishes for somebody,General,interjection
Endarira,bush: growth that has not been burnt by fire,General,noun
Endasi,"pulse as a sign of life, vigour",General,noun
Endaaza,banana wine which has stayed overnight after being removed from the fermentation pit,General,noun
Endangira,calabash with long neck for banana wine,General,noun
endeebya,traitor or betrayer: A person who is not loyal to his or her people or country,Geography,noun
Endege,an aeroplane: a flying vehicle with wings and one or more engines,Transport,noun
endengo,maize tussles: the coloured part of maize plant that carries pollen,General,noun
endengwa-mwaka,stored crops: crops that have been kept in store for a longtime,General,noun
Endibaariba,flowers of a thorny coral tree,General,noun
Endibatiro,footprint: a mark left on a surface by a person's foot or shoes or by an animal's feet,General,noun
Endihano,a fine: an object obtained as a fine in replacement of what was damaged or stolen,General,noun
endiira-kukinduka,gluttony: a person who eats too much,General,noun
endindi,bellows: an apparatus for blowing air into or through something,General,noun
Endingiri,one stringed violin: a musical instrument with one string,Art And Entertainment,numeral
Enaku,"need, trouble, grief, sorrow, misery, poverty type of small caterpillar",Common Animals,verb
Encaru,"a blue bead, necklace of blue beads given by king to a chief on his promotion",Governance And Administration,noun
Encoobe,a gourd of banana wine presented to the in-laws during traditional ceremonies,General,noun
Encwa,way of judging a case,General,noun
Encwekamatu,goat (animal) that has had its ears cut off,Common Animals,noun
Enda,"louse, stomach, womb, interior of anything, a pregnancy",Health & Medicine,noun
Encwarrano,bul calf fattened for eating,Common Animals,noun
Endaaki,"trench: a long deep hole dug in the ground in which soldiers can be protected from enemies, fire or attacks",Military,noun
Endaani,a tunnel: a hollow space dug in the ground and stretches underground,General,noun
Endaaro,(usually used with enda y'endaaro) pregnancy conceived before marriage,Health & Medicine,noun
Endagiiriro,sign post or map of a place: a sign at the side of the road giving information about the direction and distance of places,General,noun
Endango,flag: a piece of cloth with special colours representing a particular country,Geography,noun
enda-nto,part of the abdomen below navel that contains urinary bladder and the womb in women,General,noun
Endeebeka,the appearance of somebody or something: the way someone or something looks,General,noun
Endeeberera,maintain ace: activity involved in maintaining something in good working,General,noun
Endabukano,present given to the king or chief,Governance And Administration,noun
Endagu,magic objects used in divination,General,noun
Endahi,"francolin, edible wild bird similar to chicken,, Perdix",Common Animals,noun
Endebalebo,"insecurity, unsteadiness, about to fall off / into trouble",General,noun
Endeeba,"shallow hole in which to tread bananas for juice which is then fermented as wine, wine press, vat",General,noun
Endeeberwamu,mirror: flat glass that you look into in order to see yourself,General,noun
Endeme,"rogue: a person who behaves badly, dishonest and immoral",General,noun
endengo,a container for measuring quantity of foodstuffs,General,noun
endenza-mutima,an idiomatic way of talking about the end of something or somebody's life,General,noun
Endengerezi,miser: a person who is so mean with his goods,General,noun
Endiboota,bale: large quantity of something pressed tightly together and tied up,General,noun
endiga,knife: a sharpened knife that is specifically used in slicing meat,General,noun
Endiiso,sauce: a thick hot or cold liquid that you eat on or with food,General,noun
endindi,1) the rods that are moved up and down by hand to operate the bellows in the blacksmiths forge. 2) the rods that are rotated to and from in a hole in a stationary stick on the ground in making fire by friction,Physics,noun
Endinzi,a nation of a protectorate,Geography,noun
Endiza,milk pots: wooden pots used in milking and storing milk,General,noun
Endoha,(of a person) to fall down flat on the ground,General,verb
Endoki,fisheries: the business or industry of fishing,General,noun
Endongoorano,a return gift something that is given as a present after a visit,General,noun
Endoora,short cows with short horns. They originated from Kigezi,Common Animals,noun
Endugiiriro,beginning: the place or time at which something starts,General,noun
Endundo,pile: a number of things piled together,General,noun
Endya,nutrition: a process of providing and receiving food necessary for health and growth,General,noun
Endyangatanisa,an untrust worthy person who takes something which does not belong to him,General,noun
Endeku,"gourd with long neck, calabash container with restricted space towards its middle",General,noun
Endembeezi,water put in a gourd hung at entrance of house,General,noun
Endere,type of maize suitable for pop-corns,General,noun
Endogo,a type of bark cloth,General,noun
Endora,name given to nice cows and to certain of the king's cows,Governance And Administration,noun
Endubata,"gait, walk, pace, sun-dried meat",General,noun
Endugaho,"eyewitness, first hand information, true report",General,noun
Enduko,"dry stalks of millet, papyrus, palm leaves for making baskets",General,noun
Endumbiizi,"generic term for wild beast which devours sheep, goat boar",Common Animals,noun
Enduuru,a cry made while rapidly tapping the mouth,General,noun
Endyanku,axe: a tool used in splitting wood into pieces,General,noun
Eneema,grace: God's mercy and favour towards mankind,General,noun
Enfaano,meat from an animal that died of natural causes,General,noun
Enfunzi,a small reddish brown or black birds that usually go or fly in groups of three and above; they like making their nests in plantations especially coffee or banana plantations,General,noun
Enfurebe,a handbag made from untanned hide or skin carried by men,General,noun
Engabirano,talent: a natural ability to do something well,General,noun
Engabo,"shield: a tool that is used for protection against spears, stones in attack during war",General,noun
engambi,"a word or group of words that express an action, an event or state of affairs",General,noun
Engamira,camel: an animal with a long neck and one or two humps used in desert countries for transportation,General,noun
Endonde,cows that like segregating themselves from others when they are grazing,Common Animals,noun
endongo-buraaya,a very large sauce pan made of a hard metal used for mingling millet or posho,General,noun
Endosho,scoop: a spoon that is made out of soft wood,General,noun
Endozo,a small portion of food or drink taken by mouth to taste its quality,General,noun
Endungu,"large pot: a round container made of glass, plastic, metal, clay etc. for storing things",General,noun
faafaana,"end in ruins, come to nothing, be destroyed, wear out",General,noun
faafaaniza,"to throw about, give away,waste",General,verb
faahongana,"to mind each other,care for each other",General,verb
faakara,"to be dirty, be uopresentable",General,verb
faakuuza,"to make a rustling noise (e.g. animal in grass), scuffle; plunge into pathless jungle ; eat fast and noisily",General,verb
feekya feekya,to draw at a pipe,General,verb
feerra,"to die for on, on behalf of",General,verb
feerwa,died for us on the cross,General,noun
filsa,to be bereaved of (esp. children),General,verb
foobera,"of a soft thing, to be easily compressed, fall in and upward when pressed",General,noun
fooka,"become, be made, change, draw (a bow)",General,noun
foora,"to make, become, change; draw (a bow)",General,verb
foorogora,to change butter sauce from pot to bowl and bowl to pot till water in which butter is being cooked has changed to white; change meaning,General,verb
footooka,"to grow soft and 6abby, be deflated",General,verb
foototora,"to defecate, void feaces anonymously",General,verb
fuba,"to cause misfortune, bring bad luck",General,verb
fubata,to be tightly covered up,General,verb
fubeera,"to have second thought when you are ready to do something, e.g. spearing",General,verb
fubeerra,"to slow down, be dismayed , draw back, slacken speed",General,verb
fubika,to wrap up (a person),General,verb
fufuza,to go alone through dense forest,General,verb
fuka,to grow cold; blow nose,General,verb
fukama,used of breasts of young girls about 16 years of age,General,noun
fukiiriza,"to cool with water, refresh",General,verb
fukumuka,to come out in large amount as water from gourd or rain from sky,General,verb
fukumura,to shake out (contents of gourd ),General,verb
fuleeteza,to tie tightly (as rope around the neck),General,verb
fumba,to push away through (where there is no path); pass through dewy grass on the way when walking,General,verb
fumbagiriza,"to elbow one's way through, to push out of the way",General,verb
fumbiriza,"to push through, push against; dig hard",General,verb
fundaaoa,"to be crowded together, be stifled,be suffocated",General,verb
fundikira,"to cover, stopper, put on lid",General,verb
funduka,"to come up (esp. mushrooms), grow(hump)",General,verb
fundukura,"to uncover, take the lid off",General,verb
funduza,to show signs of coming out,General,verb
funuura,"to masturbate, push back foreskin of penis",General,verb
fuoya,to fold (trouser or sleeves); drive (flocks/herds),General,verb
funyiirra,"to turn up (trousers, etc.)",General,verb
funyika,"to crumple up, gather (in sewing)",General,verb
fuoza,"to make narrow, crush, confine, restrict crowd",General,verb
furungura,"to dilute too much;disparage, run down, change meaning",General,verb
furuuta,"to be blistered, swell (as from bite or sting)",General,verb
futana,"to chew (soft substance), masticate",General,verb
fuuha,to creeper withvery strong smell (used by magicians to ward off evil),General,verb
fuuba,"to avoid, be jealous of (wife or husband)",General,verb
fuubya,"to prevent (evil), ward off, forbid",General,verb
fuuka,"to bubble, boil fast, froth, foam lather",General,verb
fuukeera,"to breathe with difficulty through the nose, snore, have nose stopped up",General,verb
fu urra,"to cause to migrate, help one migrate; remove person or thing from one place to another",General,verb
fuuta,"to fill mouth with food; rub(leaves, etc.) in the hands till froth comes",General,verb
fuutafuutiika,"to bundle in any how, to stuff; p1: form",General,verb
faaza,priest of the Roman Catholic Church or Orthodox Church,General,noun
furungu,a type of cloth material that has stripes not of any other colour but stripes with the plain colour of the material itself,General,noun
fuuti,a unit used for measuring length,General,noun
gaarra,"to return, put back, recompense, restore toits place",General,verb
gaaya,"to walk slowly and feebly, saunter, loseone's strength",General,verb
gaba,to come into breasts (milk),General,verb
gabaituka,to walk hurriedly and sorrowfully,General,verb
gabana,"to distribute among selves, share out, get shares",General,verb
gabisa,to have plenty of milk in the udder or breasts,General,verb
gabuka,to come to the house of a bride groom and get married,General,verb
gada,"to pine away, languish, suffer",General,verb
gadya,"to trouble, worry, bother, afflict",General,verb
gagara,to decorate house for a wedding;surround,General,verb
gaigai,"intensive with verbs of walking, talking (=fast)",General,noun
gaita,"join together, add, spell (words); pay damages for libel",General,noun
gaituurra,"to spell letters or syllables, pronounce",General,verb
galihya,"to make wide, widen, broaden",General,verb
gambiirra,"to exhort, warn, say something on behalf of someone",General,verb
gambira,"to tell or say to; gambira haig11ro, cryaloud",General,verb
ganagana,"to grow large, to spread, branch freely,grow busby, spread out, bring forth(fruit, leave), increase in riches",General,verb
gandaara,"to rest after meals, take a siesta;prepare for a charge (bulls)",General,verb
ganga,"to spread, grow (e.g. branches); be under hardship",General,verb
gangaara,"to go astray, leave home (as dis obedient child); be mad",General,verb
gangabuka,to talk fast and loudly,General,verb
gangaijuka,to walk along weeping towards place where a relative has died· run along lowing (cattle),Common Animals,verb
gangalika,to throw out. throw about,General,verb
gangamuka,"to speak without thinking, talk nonsense and noisily, make a fuss, be annoyed",General,verb
ganya,"to be sorrowful, be troubled for a fault lament",General,verb
ganyira,"to pity, forgive, have mercy on, exempt from",General,verb
garaata,"to walk or talk idly, drawl",General,verb
garagara,to mourn for the dead; be ill for a long time,General,verb
garagaza,to cause to mourn; nurse a sick person for a long time,Health & Medicine,verb
garaiha,"to sit lazily, be idle",General,verb
garama,"to Iie on the back, lie flat, be at ease",General,verb
garamya,"to tilt backwards , make one lie on the back",General,verb
garukira,"to keep on doing (of illness), relapse;come to an end, stop at; g. aho, end there",General,verb
garukiza,to accompany someone and stop at,General,verb
garuuk,"to return the same day; grow slack, be backward",General,verb
garuukiirrana,"to keep on returning,do repeatedly, mend fences",General,verb
garuurra,to bring back to (or for); recompense,General,verb
gasira,"to be worth to, be good for",General,verb
gegeerra,to carry in the arms,General,verb
gegena,"to cry (child), be fretful",General,verb
gegya,"to come unwanted, bring something unexpected",General,verb
gejageja,"to persuade by unfair means, fool",General,verb
gemura,"to send or take food or any thing eatable to someone's home, present or offer by taking to",General,verb
gendeerra,"to do intentionally, go with purpose of; slowly slip or slide out of position",General,verb
gendekeerra,to go for good; keep on doing,General,verb
gera,to flow become weak; rot (plantains),General,verb
gereka,to place on top of; return more,General,verb
gerekera,to bring forth first leaves (beans),General,verb
gerckerana,to pile one on top of another; be piled up,General,verb
geya,"to backbite, slander, gossip about",General,verb
giga,"to cut round, eaten off and all around",General,verb
gimba,"to row, punt, propel (boat)",General,verb
goba,"to gain profit, sell and make profit",General,verb
gobamu,"to make profit out of, gain = goba",General,verb
gobeka,"to mate with (female dog, cat, etc.)",Common Animals,verb
gogereza,supplement on what has already been talked about,General,noun
gogolekaoa,to clatter (as gourdsknocking together),General,verb
gogoma,"to lean over, bend (as a tree), fall with a crash",General,verb
goma,"to meet together, form a group, stand still",General,verb
gomboorra,"court house, petty court; sub couq,ty",General,noun
gomeza,"to make to stand at, moor (boat)",General,verb
gomoka,"to grow fat, be luxuriant",General,verb
gondesangana,to make one to love another,General,verb
gondeza,"to love or choose for another, make choice for, make preference for another,wish for",General,verb
gongonoka,"to become feeble, be emaciated; become rotten",General,verb
gooba,"to interlace (e.g. reeds), bind round ,encircle",General,verb
gooka,"to be maimed, have a blemish, be out of favour",General,verb
gooleekwa,to be good for nothing,General,verb
goonya,"to lodge, sleep one night on a journey",Tourism,verb
goorrooka,"to be stretched out, get straight",General,verb
goro,"spiecies of edible termite, the ant-hill in which they stay",Common Animals,noun
goromoka,"to go right away for good, fall in danger",General,verb
goromora,"to take or send far away, exile, get rid of, put into great danger",General,verb
gota,"to fall upon, attack, surround, besiege",General,verb
goya,"to paddle a canoe; mix, stir together",General,verb
gu girirwa,experiencing or having pain between the rectum and anus while excreting,General,noun
gugumuka,"to be scared off, go off with a rush, stampede",General,verb
gugumura,"to cause panic, be scared off, go off with a rush or stampede",General,verb
guma,"be hard, firm, steady, patient, keep on, be alive, be fit",General,verb
gungumara,"to be sorrowful, be lonely, wait in vain",General,verb
gunguuza,"to go off by oneself, be independent,rebellious",General,verb
gunura,"to stare at, gaze fixedly at",General,verb
gura,"to buy, sell; be worth, be sold for",General,verb
guruba,"to run or dance heavily by pounding with the feet, stamp, gallop",General,verb
guruka,"to jump , pass over",General,verb
gurukibwa,"to miss, fail to get, beomitted",General,verb
guruklza,to drive away flies from (cow) when being milked,Common Animals,verb
guurruuma,"to mutter, mumble;grow very slowly, be stunted (child);have bubbles m stomach",General,verb
guza,"to make to buy, sell to",General,verb
gwagahara,"to become foolish (bad sense), become immoral",General,verb
gwagwana,"to quieten down, cool down, relax",General,verb
gwera,"to fall upon , jump upon a person and get hold of bim/her, lie in, wait for",General,verb
gwerekeerra,"to fall down dead; welcome hearti ly, rejoice over",General,verb
gwerra,to start to cross a swamp or river,General,verb
gwerwa,"to be cast down, be sad,morose",General,verb
gweta,"to choose the heir, bequeath",General,verb
gwibwa,"finally succumb to advice, be satisfied after getting proof or realising",General,noun
gwisa,"to cause to fall, drop; finish digging the intended part, bear fruit (only plantain)",General,verb
gaarucura,"type of banana with fairly long and large fruits good for cooking go pron it, itself",General,noun
ibaaga,scrap of meat given to flayer,General,noun
ibaagiro,"slaughter house, abatoir; operating theatre(medical)",General,noun
ibamba,"spotted cow, sheep, hen, etc. land between swamps",Common Animals,noun
ibandiro,place where diviners (embandwa) are possessed,General,noun
ibbaate,"iron sheet, tin, corrugated iron",General,noun
ibbano,"person or thing that causes a sensation (being out of the ordinary); waterspout; speak with great force or eloquence, do a very important thing",General,noun
ibeere,breast;head of maize; one plantain,General,noun
ibega,back shoulder; (gen. in the plural),General,noun
ibenga,load done up in fibre or grass,General,noun
ibika,"to dip, soak in water; put into danger, get into trouble",General,verb
ibiogo,reed (orubingo is more commonly used),General,noun
ibira,"to dive, sink into water",General,verb
ibiza,"to cause to dive, immerse",General,verb
iboga,young millet (oburo) about an inch or so high,General,noun
ibooe,"door handle, knob; a fruit resemblin engusuuru used for cleaning milk pots and as a cough medicine for children",Health & Medicine,noun
ibubura,to rinse in clean water,General,verb
ibubuu,people do not rinse clothes in dirty water,General,noun
ibuburwa,it is some one else that bas rinsed these clothes,General,noun
ibuga,sandy desert or place with sparse grass,General,noun
ibuka,"come out of water, emerge",General,verb
ibuka,"to get well; come out (hair, teeth)",General,verb
ibura,"to take out of water, etc",General,verb
iburro,place where friends or relations have died,General,noun
iburruuka,"to come to the surface; be cross, sulky",General,verb
ibuzabugyo,title of the Kings of Bunyoro-Kitara andTooro,History And Historical Accounts,noun
icuba,wooden vessel for drawing water for cattle,Common Animals,noun
ifubo,"secret (esp. of diviners), mystery",General,noun
igaarra,"to stop up,put earth round top of hole, protect from enemies",General,verb
igablro,"; herbs, etc. used by diviners",General,noun
igalja,; long royal drum beaten with the hands,Governance And Administration,noun
igaliriza,"to silence a person when he/she has a point to raise; stop, prevent, withhold",General,verb
igallrwa,to have involuntary retention of urine in the bladder; asthmatic condition,General,verb
igama,to shelter from the rain,General,verb
igama,to support (from behind) a patient to sit,General,verb
igamira,"to rest on, lean back against",General,verb
igana,"; flock, herd (of about a hundred cows)",General,noun
igara,; to be stopped or shut up,General,noun
igatiriza,";to press down, crowd upon",General,noun
igema,"; hem of trousers, cuff",General,noun
igobe,"heat (of dogs, etc),mating season",General,noun
igoobe,"stripe of different colour, round neck of cattle",Common Animals,noun
igotero,"circle where animal is rounded up, snare",Mathematics,noun
igufalimu,"leguminous plant with orange flowers in terminal raceme, hairy stem, and hairy, flat pods (Tephrosia panic ulala)",Nature & Environment,noun
iguka,"to be opened, unstopped; op (eyes, ears) oneself",General,verb
iguta,"to satisfied (with food), have enough",General,verb
iha,"to take away, out or off; generally used with suffix, thus",General,verb
ibaarruumi,odour of animals (esp. snakes),General,noun
ihaha,parasitic plant which grows on trees,General,noun
ihambiro,"hole in the earth, burrow",General,noun
ihangamura,",adv., especially, worst of all",General,noun
ihangiro,small room in a house used for diviner (enrbandwa),General,noun
iharaiga,"dry, withered and dry plantain leaves",General,noun
ibere,; a fish with a large bead,Common Animals,noun
ihiirra,"to start from; okwihiirra oho, since, from that time onwards",General,verb
ihinda,white spot on animal's head,General,noun
ihongo,"small open space, gap in a fence or house",General,noun
ihoolezo,"place where dues are collected, custom house",General,noun
ihoorro,night bird that whistles; silence in a deserted place,General,noun
ihundiro,place wnere bead work is done,General,noun
ihura,"to serve (food), dish up",General,verb
ihurruuka,"to be removed, taken away",General,verb
iburuza,"to tether, move from one place to another; transplant, transfer",General,verb
ihuurra,"toremove, take elsewhere,transfer, take to new place",General,noun
ihuurru,smallest of the royal drums (decorated round the edge with cowrie shells). ·,General,noun
il1webwenge,"nice-looking person or thing, smart fellow, ripe fruit, etc",General,noun
ibyanga,millet flour mixed with water (when not thoroughly cooked),General,noun
ija,;to come: be about to,General,noun
ijooje,"song sung on the eve of a wedd ing party at the home of the bridegroom to be, by women returning from collecting grass",General,noun
ijukura,"to take after, be named after or be Like an ancestor, revive a name",General,verb
ijungiro,place where plantains etc..are trodden,General,noun
ijura,"to be full, abound in, be complete",General,verb
ijurujumba,"odour of animals Oions, dogs, etc.)",General,noun
ijuurra,"to discard, allow to fall into disuse",General,verb
ijuurraaoa,"to be filled to the brim, overflow, be crowded",General,verb
ijuurruuka,"to dwindle,be diminished , reduce, deplete",General,verb
ijwekero,robbing room in Council house,General,noun
ikamba,sap of plantain; used metaphorically to mean plantains from which beer is made,General,noun
ikanya,slimy fluid produced by pregnant heifer when milked,Common Animals,noun
ikara,"piece of charcoal, coal cinder",General,noun
ikarana,to stay together for a long time,General,verb
ikingura,a title given to the Kings of Bunyoro-K itara and Tooro,General,noun
ikiriza,"to believe, accept, allow, consent, agree, admit, acknowledge; acquiesce",General,verb
ikiza,"to help by sharing burden; i. ha, have confidence in",General,verb
ikomagira,hut where barkcloth is beaten out(manufactured),General,noun
ikomyo,notched stick for beating barkcloth,General,noun
ikoorro,"workshop, industry, factory, manufacturing place",General,noun
ikoro,root of plantain tree; skin affection of chi ldren (like scabies),Health & Medicine,noun
ikuma,"; side, edge; season for storing simsim",General,noun
ikungu,sense of one's own importance,General,noun
ikura,knotted piece of skin inside drum; wonderful unseen thing,General,noun
ima,"to grudge, refuse to give",General,verb
imira,epithet used to describe a person or thing that is horrifying or unpleasant,General,noun
imuka,"to rise up, get up; get out of bed",General,verb
imukiirra,"to make an uproar, riot; keep on getting up and down",General,verb
imukiriza,"to stir up, incite; pass",General,verb
imukya,"to raise up, lift up; im. orugendo, start on a journey, request a person to rise",General,verb
ina,a verb without an infinitive prefix but which needs pronom . prefixes or concord. to express its meaning. It is sometimes referred to as a particle,General,noun
inamya,the only reason that would make a king bend is an irritating small stone in his shoe (answer to a riddle),Governance And Administration,noun
inamiirra,"bow the bead in shame or disappointment, devastation",General,noun
ionmira,to pay last respect to a dead person ; bow the head when going to pass a respectfu l person or a thing,General,verb
inangira,"to bend the head (as a bride), keep head down",General,verb
iogaha,"word in connection with numerals, how many? It takes numeral concords",General,noun
ingana,"to be equal; height, age or size",General,verb
ingaoaingana,to be of equal size be abreast,General,verb
ingikwi,to marry widow of a relation,General,verb
inika,"to bend down; tip up, trap, snare",General,verb
inioika,"to put leaves, etc. on top of open vessel of water to prevent spilling when carrying",General,verb
inunuka,to straighten one's neck and look straight,General,verb
inunura,to cut the first teeth,General,verb
inura,"to make a feast, entertain; let off work,dismiss (workmen)",General,verb
ipooli,"a private place; lump (of simsim, fltfur, etc.)",General,noun
ira,"long ago, some time ago, in the future",General,noun
iragane,wide iron ornament formerly worn on the leg by old women,General,noun
iragwe,place where diviners (embandwa) meet,General,noun
irebe,"deep hole in swamp, etc",General,noun
iregete,"small packet (of salt, tobacco, etc.)",General,noun
Iremangoma,formerly title given to the King of Bunyoro-Kitara and Tooro now title of the King of Rwenzururu in Kasese,Governance And Administration,noun
ireme,"cruelty, bullying, over-bearing behaviour; a plant used for cleaning churns and rubbing on the body",General,noun
iriiro,"part of a house reserved for eating, dinning room",General,noun
iriirra,to come close; getting dark,General,verb
irirwa,"to fast, spend the day",General,verb
iriza,"; to make to approach, receive (guests)",General,noun
irra,"to approach , draw near",General,verb
iruka,"to run, run away from",General,verb
irukiirra,to comfort in sorrow; reinforce,General,verb
iru kya,"to cause to run,run away with for safety of, chase",General,verb
irumbi,"six month wet season(March, April, May, June, july, Aug)",Nature & Environment,numeral
isaabaliija,"chief herdsman, overseer of King's cattle",Governance And Administration,noun
isaazi,open space outside a cow-kraal where cattle is collected in the morning before they are taken to pasture,Common Animals,noun
isambya,"six month dry season(Sept, Oct, Nov, Dec, jan, Feb)",Nature & Environment,numeral
isaoga,"elephant's tusk, ivory, collar (worn by Priests)",General,noun
iseemu,children of one father but different mothers,General,noun
isenkati,"father's sister, paternal aunt (said of a third person)",General,noun
isento,father 's brother (paternal uncle),General,noun
isenya,season for beginning lo dig a new plot for millet. etc,General,noun
isenza,first rain after dry season in January,Nature & Environment,noun
isingo,"a place were rubbish/dung/harvest etc is stored/kept, check obwasingo(dung), ebisingo(rubbish),singoora",General,noun
isingoma,name given to the elder of twins (when a boy),General,noun
isingoorra,the month of January (when small mi llet is stored),General,noun
isoomi,climbing plant with edible tubers and fruits resembling chestnuts,Nature & Environment,noun
isoorrookaniro,"ace of assembly, synagogue, temple",General,noun
isuma,"greedy, longing for food all the time",General,noun
iteeraniro,"joint , place of assembly etc",General,noun
iteerro,"place where barkcloth, etc. is beaten(manufactured)",General,noun
itegero,"lurking-place, cover used in hunting",General,noun
itendekero,"place of initiation, school, college",Education And Learning,noun
itlirra,"to water; fatten up a girl before her marriage, beautify",General,verb
itimba,"striped brown cow, dog or snake",Common Animals,noun
itirana,"to pass (going opposite ways), meet on the way",General,verb
itoigo,heavy rains/Wet season of March-May,Nature & Environment,noun
itu,plural possessive root for the first person to which geoetive particles are added,General,pronoun
itumba,"wet season (autumn), hence slight famine, dearth",Nature & Environment,noun
itunguro,"shelf, framework above the hearth where plantains are put to ripen",General,noun
iturruuka,"to be poured off, be decanted ; drip (e.g. rain off thatch), become weak after illness",General,verb
ituoko,"tag of hair or beads which fastens off necklace,bracelets, etc",General,noun
ituurra,to begin to fruit (beans),General,verb
itwale,"sphere ruled by chief, sphere of government",Mathematics,noun
iziimi,dewlap of eland and cattle,Common Animals,noun
izimbi,sex excitement of elephants and large animals in the mating season,General,noun
jaagira,"to waddle, straddle, walk with legs wide open due to pain",General,verb
jaagiza,to cause one walk w_ith legs wide open,General,verb
jaagura,to beat; dig on the surface,General,verb
jaagya,"; to strut about conceitedly; spread, do to excess",General,noun
jaakaara,"to spread (e.g. epidemic, rumour)",Health & Medicine,verb
jaallima,"to talk nonsense; mutter, drawl",General,verb
jaamaara,"to be dull, stupid, clumsy",General,verb
jaara,"; a gambling game;teeraj., gamble",General,noun
jaara,to make a jarring noise,General,verb
jaata,"to be sodden (millet flour); be clumsy, be worthless",General,verb
jabajabuka,to be pulled to pieces,General,verb
jabajabura,"to pull to pieces, to pull out threads",General,verb
jabanganiza,"to talk rapidly or indistinctly, mispronounce",General,verb
jabura,"; to seize or bite (nose, ear, etc.), crop (ear), break a piece off; look to see if food cooked is ready",General,noun
jagaarr,"to be excited, be in an uproar, strut about",General,verb
jagaata,"; to be hairy, be shaggy",General,noun
jagarau,"to excite,j.enkumu, spread out fingers",General,verb
jahiisiriza,to praise a worthless thing,General,verb
jaika,"to gad about, roam about",General,verb
jajuka,"; to be slightly burnt; be dry (when feverish), or of millet (oburo) due to excessive rain",General,noun
jajura,"to burn slightly causing to wither,superfieialJy burnt, cook too fast, bum up",General,verb
jaliga,to squelch (swamp); be restless,General,verb
janga,"to play about, cut capers",General,verb
jaoguurra,"to explain fully, put right what bad gone wrong",General,verb
jaojaara,"to behave like a madman, roam about, spread",General,verb
janjaba,"to care for, nurse, treat, attend to",Health & Medicine,verb
janjagaarra,"to be untidy, loose (esp. bundle)",General,verb
janjalika,to fasten or cover Loosely,General,verb
jaragana,to be spread about (many things),General,verb
jaruka,to be lively (when intoxicated),General,verb
jebcera,to wand er about (homeless person),General,verb
jegajega,"to get loose ,Jk about",General,verb
jegema,to grow old and wrinkled; have swollen cheeks,General,verb
jeijeza,"to attend, accompany. (See enjeijeza)",General,verb
jenga,"to sing, dance (hill tribes); have no strength; be sodden, left overs of millet being cooked at night",General,verb
jerruukana,"to wander about aimlessly, visit constantly",General,verb
jogolekwa,"to be talkative, be a chatterbox",General,verb
jogoma,"to rumble (flatulence), also see dogoma",General,verb
jogombajogomba,to walk like an old person,General,verb
jogomora,"to take out many or much (esp. from a, bundle)",General,verb
jogorwa,to be talkative; see jeg urwa,General,verb
joimoka,to go out in the rain needlessly,General,verb
joimoza,to start journey very early in morning,General,verb
jonjogorwa,"to tell what has happened, reveal secrets, gossip",General,verb
jonjoma,"to talk in a husky voice, mutter",General,verb
jonjoora,to behave as a bully,General,verb
jonjooza,"to abuse, treat with contempt, harass",General,verb
joojooba,to walk slowly and feebly,General,verb
jookoora,"to be long-winded, speak to a person referring to the good things you have done for him/her, esp. when requesting him/her for a favour; spin out",General,verb
jookooza,"to spend one's time unprofitably, go out in the rain or at night",General,verb
jookooza,"to annoy with continual questions, bully, worry",General,verb
jooliima,to speak lazily (see jaali ima.),General,verb
joora,; piece of cloth (30 -40 yards),General,noun
joroogeerro,liquid mud from cattle dung (in pen or house),Common Animals,noun
jubata,"to rinse the mouth, keep something in mouth for a while",General,verb
jubuka,to be free of soap and dirt after being rinsed in clean water (cloth),General,verb
jubunguza,to rinse with clean water,General,verb
jubura,"; to pass through or rinse in clean water, and then take it out in order to dry",General,noun
jubwa,grass used in the ceremony of making blood brotherhood,General,noun
juga,"to low, bellow, bleat; be hollow (tusk of elephant)",General,verb
jugura,"to clip, trim, finish off (mats, etc.)",General,verb
juguta,to bake plantains in their skins; blow up a furnace; talk without stopping,General,verb
jujumuka,to be hairy; have goose-flesh,Common Animals,verb
julinga,to throw into mud or water,General,verb
juma,"to scold. revile, abuse, blaspheme; see coomera",General,verb
jumagira,to walk with head bent,General,verb
jumba,"to grow fresh leaves, flourish",General,verb
jumbika,"to bunk up a fire, bake in the ashes",General,verb
jumbira,"to finish paying dowry, be engaged to (a man), court",Culture And Tradition,verb
jumbinva,to be engaged to (a woman),General,verb
jumbllka,"to dash out; rush out (of a hole, etc.)",General,verb
jumbukira,"to fly out at, scold",General,verb
jumbura,"to start prey from its lair; move, withdraw from ashes; take out quickly or forcibly",Biology,verb
jumbuurra,to give a child medicine(from mouth to mouth),General,verb
jumbuutuka,"to come suddenly from a sleep, o violently or in a great hurry",General,verb
jumbuza,"to make an early start, visit a neighbour very early in the morning",General,verb
jumira,to low (cows calling calves),General,verb
jumuurra,to withdraw a curse by saying the opposite of what was said when cursing,General,verb
juna,"to rescue, save, help, succour",General,verb
junaana,"; to claim, hold responsible blame; accuse",General,noun
junaaniza,"to call to account for,concerning",General,verb
junda,"to rot, go bad, spoil, decay",General,verb
juoga,"to squeeze juice out of (plantains, etc.)",General,verb
jungiirra,to rub in the bands,General,verb
jungisa,"to supervise the ripe plantain being squeezed for beer; j. esojo, use spear grass for squeezing ripe plantains for beer",General,verb
jungutuka,to be moist and soft(soil),General,verb
junguurra,"to discard, allow to fall into disuse",General,verb
junjubara,"; to spread, grow big (trees), look very big and fearsome, (tuuma)",General,noun
junjumuka,to be hairy; grow fast (see juj umuka),General,verb
Jura,"to regret, yearn for, be home-sick",General,verb
jurubana,"to be smeared all over, dirten yourself with soft mud from cattle dung when clearing it",Common Animals,verb
jurub,"to talk without thinking, jum p from one subject to another, talk indistinctly",General,verb
juruga,; to stir (relish) while cooking,General,noun
juruguuta,"; to thrust, prod repeatedly (as when killing an animal)",General,noun
juruutuka,"to flow out continuously, become soft (ripe bananas)",General,verb
juubya,"time of famine) to cook and then roast (unripe millet), j. amatama, pout, look cross",General,noun
juujura,";to take off (widow 's ornaments, etc.), strip (e.g.,corpse)",General,noun
juuka,to run away from the herd or other cattle; to attack,Common Animals,verb
juumib,to tum upside down; bake in the embers,General,verb
juumildra,to cover with a basket,General,verb
juamilcinna,"to invert on the top of,cover with inverted vessel",General,verb
juumukura,to tum right way up,General,verb
juumura,to tum right way up; come to the help of; j. engoma come to the throne,Governance And Administration,verb
juura,"to take off clothes, undress, wear indecent clothing that shows private parts",General,verb
juurra,"to appeal. refer to, cite, quote, give evidence",General,verb
juuruuka,"to be undressed, fall off (cloth)",General,verb
juuza,to undress (another) forcihl}. trip,General,verb
juza,"to politely, gently persuade father-in-law to lower the price (e.g. bride price , dowry, fine), bargain for deduction",Culture And Tradition,verb
jwa,"to flow, bleed , menstruate; shine (of the sun)",General,verb
jwabiirra,to be untidy esp. around the mouth after a meal or drink,General,verb
jwabira,to be smeared all over,General,verb
jwabisa,"to make one tired, weary",General,verb
jwahuka,"to hurry, hasten, be eager, willing, hospitable",General,verb
jwahukilrra,"; to do quickly or willingly, welcome gladly, be receptive",General,noun
jwaburuka,"to be refreshed, take a rest",General,verb
jwambura,"to do quickly; be quick,be vigilant, active",General,verb
jwangya,speak a language that is not understood,General,verb
jwara,"to put on (clothes), dress oneself",General,verb
jwarraana,"to hide something in one's garments; v.rec., to share clothing",General,verb
jwejwe,curly hair that does not grow thick,General,noun
jwo,";bleeding from the nose, foot-and-mouth disease",General,noun
juusi,an influential teacher or popular expert,Education And Learning,noun
Kaabagarama,house where King usually lives,Governance And Administration,noun
kaabujeemi,(used as attribute to)omukeeka; (pl. same),General,noun
kaaburara,very tight coloured millet (oburo),General,noun
kaabuuza,to make rustling noise (e.g. elephant or other large animal passing through tall bush),General,verb
kaabwihe,"flesh of flank, meat from ribs of carcas",General,noun
kaagya,"give something to a person, something he/she has been too much in need of",General,verb
kaanyuma,the back of the house,General,noun
kaara,blight on plantains or small millet,General,noun
kaarraama,to have strong flavour; hot (sun); rasp,General,verb
kaarraamuza,"to gargle, clear the nose or throat",General,verb
kaasa,calf with white blaze on fore bead,Common Animals,noun
kaaswa,"joining word, how much more,rather how much",General,noun
kajumba,"pretty or beautiful. esp. light skinned,reddish coloured goat",Common Animals,noun
kanyaata,"(i)void, (ii)unfortunate (iii)food without source",General,noun
kaizornba,ring worm mark on the body,General,noun
kaizire,"name given to a baby girl as a result of early delivery, e.g before nine month",General,noun
kaakiire,one of the names given to god,General,noun
kaba,"to faint, be exhausted, be ill, die, pass away",General,verb
Kabamba,title given to the King of Bunyoro and Tooro,Governance And Administration,noun
kabandwabukiire,a thick mist that comes in the daytime,General,noun
kabaragara,"pancake, sweetened small African flat cake",General,noun
kabaraza,"to prick up ears, listen attentively",General,verb
kabasana,"to talk rapidly (as a result of fright), be forgetful",General,verb
kabba,"lining of back of ekanzu, yoke",General,noun
kabbarama,"flat,bard thing (e.g. plate, bed without beddfog),eroded surface of land",General,noun
kabbiniro,a large spotted hyena or leopard(=engagya),Common Animals,noun
kabeeriire,"join. word, since, = kabandiize",General,noun
kabendebende,"side of roof of rectangular house, side of hill",General,noun
kabogo,small black she-goat which bas not yet produced a young one,Common Animals,noun
kaboha,"climbing pea with tiny white flowers, used as rope(Glycine albidifl.ora)",General,noun
kabibi,"hymen, very thin thing (e.g. sheet of paper)",General,noun
kabiibi,special name given to a wife by her husband three days after wedding,General,noun
kabiija,special name given to a wife by her husband three days after weddfog,General,noun
kabiija,one of the titles given to a wife whose man has many wives,General,noun
kabira,the plant in juice has gone whitish as a result of over treading the ripe plantains;see mpende,General,noun
kabengo,"comes from engo, a type of fence or enclosure for domestic animals. Pl: engo",General,noun
kabunu,child birth where the child's lower limbs come out before the head,General,noun
kabunu,strong smelling plant whose leaves are used as a cure for scabies,Health & Medicine,noun
kaburaraka,very light coloured millet ( oburo),General,noun
kabuurra,to put medicine up a dog's nose so as to make it fierce {when hunting) or develop more sense of smell,Common Animals,verb
kabwaga,variety of millet chiefly used for making beer,General,noun
kabyasi,name given to the owl,Common Animals,noun
kacaacaali,very bitter variety of manioc; a small locust,Common Animals,noun
kacence,"short skirt made of leaves, usu., plantain leaves used as in dancing; an old piece of cloth",General,noun
kacunzi,tiny grey and crimson bird,General,noun
kacwanta,salute a superior by smearing a little saliva on forehead and under the chin (of children belonging to royal family),Governance And Administration,noun
kadadara,to grow hard and stiff (as leather after being wetted),General,verb
kadoima,green hairy caterpillar that eats potato leaves,Common Animals,noun
Kafamuhlika,name of a man who has lost all his relatives,General,noun
Kafe,a curse used to drive away large animals,General,noun
kagaali,crack on sole of foot,General,noun
kagimbi,fine hair of flower of reed,General,noun
kagingo,"deadly situation, death, fatal illness",General,noun
kagoba,"score in games, goal (at football)",General,noun
kagoobe,fold of skin at neck,General,noun
kagoorra,light coloured kind of millet ( oburo),General,noun
kaguliri,"to cross examine, question,seek out",General,verb
kaguru,"black quarter, black leg (disease of cattle)",Common Animals,noun
kagurukacu,person who dashes here and there in a very short time or swiftly,General,noun
kagwo,place where person or animal dies,General,noun
kaheebe,tickling sensation in the throat that causes couging,General,noun
kaheerre,tall plant whose leaves are used as an antidote to snake bite,Common Animals,noun
kahehere,"(used as an attribute to other nouns after a relevant genitive particle, a very thin paper or cloth etc.)",General,noun
kahinda,dung-beetle; kid with white patch on forehead,Common Animals,noun
kahoiga,"dust of leaves, grass etc",General,noun
Kahoibo,"(used only in singular), the desire to speak the truth and false",General,noun
kahoita,"of wreckless behaviour, of fearlessness that may be dangerous",General,noun
kahoora,"disease of goats and sheep, scab",Common Animals,noun
kahunde,"charm worked in beads,well decorated, beautiful, nice",General,noun
kahuno,short coincidental silence where many people keep quiet at a go (esp out of surprise or shock),General,noun
Kabunyahunya,witch-doctor who sniffs about to find hidden charms; a plant whose tubers are mixed with dog's food to make them keen on the scent when bunting,Health & Medicine,noun
kahuuku,"syphilitic disease of cattle, mange",Common Animals,noun
kaibo,(pl. used as attribute to other nouns after relavant genitive particle),General,noun
kaigata,to grow tough or firm;flat or big thing,General,verb
kaKaijwir,very large drum beaten when the King went out to fight,Governance And Administration,noun
Kaikara,name of a divine spirit embandwa; one of the King's crowns,Governance And Administration,noun
kaikura,to grow old (of woman),General,verb
kairlza,drop of water; one piece of grass off a house,General,noun
kaisoiso,"jealous, grudging spirit, eyeing grudgingly",General,noun
kaitoroogo,"children's game, hopping on one leg",General,noun
kaizengezenge,"foreg; teera ak., tum round and round (children 's game)",General,noun
kaizi,"dilute drink, e.g banana juice",General,noun
kajabara,small thomless solanum with green or white edible berries,General,noun
Kajaliga,"name of a person, title given to wife by her husband",General,noun
kajaraja,"frame work table where plates, etc. are washed up",General,noun
kajongo,small bunch of immature plantains,General,noun
kajunguli,"barbel (fish), yellow skinned fish",General,noun
kajwamata,"very tall plant with stem of very sparse pale mauve daisies minute in size, the leaves of which give a lather",General,noun
kakaaga,"six thousand; a group of stars, the Pleiades",General,numeral
kakalika,"to fit in forcibly, struggle into (a garment)",General,verb
kakamya,jungle geranium/Ixora coccinea - small plant with scarlet flower which yields a medicine for diarrohea,Health & Medicine,noun
kakaogaasi,"dew-claw (dogs), rudimentary digit (cattle)",Common Animals,noun
kake,"a little while , a bit (ii) almost",General,noun
kakoba,"small piece of cloth, or skin, patch",General,noun
kakomo,small house where King stands to be acclaimed by his people on the day of his coronation,Governance And Administration,noun
kakoohooho,creeper worth fruits l ike beans eaten in time of famine,General,noun
kakookoro,emaciated person suffering from cancer causing facial defonnation; masked figure with large teeth dressed up in plantain leaves -scarecrow,Health & Medicine,noun
kakoroigo,thorny plant from roots of which perfume is obtained,General,noun
kakuba,if (in case of an impossible condition),General,noun
kakuka,"to creak (as house before falling, a tree in a gale)",Nature & Environment,verb
kakunguru,"small cow, goat, etc., with no horns",Common Animals,noun
kalebeya,lobe of ear; tuft on goat's neck,Common Animals,noun
kalerabaana,caterpillar with long harmless hairs,Common Animals,noun
kalere,small piece of gourd used by potters for smoothing clay,General,noun
kajifuuha,"scented soap; compound grass, which is boiled with tea or coffee to produce an aroma",General,noun
kaligi,"stem, cartilage, end of breast bone",General,noun
Kaliisa,"imaginary monster with one eye, ann, leg etc.; ruler of tbe wildness",General,noun
kakuliremu,"name given to a baby girl as a result of post dated pregnacy, e.g after nine month",General,noun
kalikinya,"have nice manners, be gracious",General,noun
kalioda,beads worn round neck as token of embandwa,General,noun
kalyabunuunu,"small bird with long beak, honey-sucker",Common Animals,noun
kalyaisoke,small kind of lizard with rough body,Common Animals,noun
kama,"to tum sour, curdle (milk); clot, be sticky (sap)",General,verb
"kamaanya,",name given to a self willed person,General,noun
kamba,to be sticky; be astringent (taste); be heavy (eyes),General,verb
kambagatana,to be covered with dirt,General,verb
kambahara,to grow hard and stiff (as hides) after being wet,General,verb
kambuuka,"to lose thatch, grow thin",General,verb
kambuura,"to pull down (house, fence)",General,verb
kamigizo,"narrow passage, strait; evening, about 6:30 p.m",General,noun
kamaanya,name given to a dangerous unwanted person,General,noun
kamuka,"to be squeeied out, be wrung out, lose moisture",General,verb
kamundage,an animal of the cat tribe,Common Animals,noun
kamya,"to stiffen; stop e.g. bleeding, diarrohea; put a little of sour milk or liquid obtained from enkamyo plant into fresh milk in order to make it turn sour",General,verb
kana,to tie tightly or bind firmly,General,verb
kanaana,eight thousand; group of stars. the Pleiades,General,numeral
kanagwa,middle of night or day,General,noun
kandara,"to bewitch, cast a spell",General,verb
kandi,"joining word; and, moreover, also, again",General,noun
kandura,"to rake, scrape together, score, scratch",General,verb
kanga,"to go as far as, stop",General,verb
kanga,"to startle, threaten; frighten away",General,verb
kangaarra,"to be exposed, stand out, be prominent",General,verb
kangaarra,"to be uncovered, unfinished (e.g. house); to be ready to run, sit very erect, be tall and strong; get very dry (as bides), grow stiff (corpe)",General,verb
kandi kunu,"although, on the other hand",General,noun
kangabaije,"drum for summoning people for an emergency, traditional alarm drum",General,noun
kangabara,to be stiff (e.g. hide),General,verb
kangama,"to sit down ready to jump up and go, sit uneasy",General,verb
kangarana,"to scatter (from fright), to be startled",General,verb
kangaza,"to be restless, excited, fond of wandering about",General,verb
Kangisiriza,"to use a false means to startle or threaten;k. omuntu n 'ekimundu ky 'ekiti, threaten a person with a toy gun made of wood",General,verb
kaniirra,to tie very finnly or tightly,General,verb
kanjaiga,to crush (by treading on),General,verb
kankabura,"to gnaw at, greedily, tear",General,verb
kankamuka,"be wrung out, loose moisture",General,verb
kankaoa,"to quake, quail, shake, shiver, tremble",General,verb
kanklire,title given to a Creator,General,noun
kanono,top of roof; little nail,General,verb
kansiiriira,cluster of plantains nearest the flower- sheath,General,noun
kanuka,"to die suddenly, bleed at the nose",General,verb
kanya,"to grow greater or more, increase",General,verb
kanyaarrabudidi,small kind of grasshopper with long antennae,Common Animals,noun
kanyabiko,black edible mushroom found on trees,General,noun
kanyabugoma,name of embandwa who uses bad language,General,noun
kanyamantundu,plant like stinging nettle with spikes of tiny pink flowers,General,noun
kanyamasole,small red bird found among plantains,General,noun
kanyamuokonge,tiny grey and crimson bird,General,noun
kaoyamurara,little animal with white stripe down its back,General,noun
kanyankoorro,climbing yellow pea with very long thin pods (used for rope),General,noun
kanyisa,"to make to increase, multiply",General,verb
kanyonyi,"caretaker of rest camp, chief collector of market dues",General,noun
kanyuunyambuzi,a yellow oxajis (Oxalis corniculata),General,noun
kanywero,"narrow neck of land, isthmus",General,noun
kanzu,"long robe worn by men on important functions, traditionally won by Muslim men",General,noun
kapa,"to become dirty, coarse (skin)",General,verb
kaparapa,(used as attributed to other nouns),General,noun
kara,"to be brittle (e.g., dry skin)",General,verb
kara,"to roast near the fire, dry (meat)",General,verb
karakasa,to be in too great a hurry,General,verb
karamata,"plant from which a red dye is obtained, goose-grass, cleavers",Common Animals,noun
karanakara,"from time immemorial,long ago, at the beginning",General,noun
karandami,(used as an attribute to),General,noun
karandaranda,common weed with tiny yellow composite flowers (Galinsoga parvifiora),General,noun
karandarugo,pale mauve convolvulus (lpomeas tenuirostris),General,noun
karanduza,"to gargle, clear the throat",General,verb
karangataoa,"to dash about busily, search fruitlessly",General,verb
karanguka,"to be over-roasted (beans, etc.), dry up",General,verb
kararaga,gently (used of rain or edible grasshoppers falling),General,noun
karazi,wooden spoon or ladle for vegetables,General,noun
karoko,calf with white stripe on neck,Common Animals,noun
karuruma,a flock of small birds,General,noun
karwa,"yellow daisy with long stalk, the leaves of which are used to put on sores (Melanthera Brownei)",General,noun
kasa,to sing a song in praise of people (sung by women),General,verb
kasa,light brown calf or goat,Common Animals,noun
kasaarre,"trouble, difficulty, also of a nice thing",General,noun
kasagiro,"curiosity, inquisitiveness. desire to know all that is going on",General,noun
kasambura,"dry season, esp from June to August",Nature & Environment,noun
kasamosamo,"just before dawn, about 5:00am",General,noun
kasangwe,greeting response of visitor in reply to Kaije,General,interjection
kasanju,"seven thousand; (pl. busanju, o-); small sticks for caning lcids and calves",General,numeral
kasangaki,name given to someone born immediately after the death of a significant figure. esp. a parent or grandparent,General,noun
kaseebo,"swarm, crowd of insects, things or people packed tightly together",General,noun
kaseenyanku,"firewood collector, building caterpillar whfoh makes cocoon out of tiny bundle of small sticks and lives inside it",Common Animals,noun
kasigasigano,"tradition, myth, hereditary custom,inherited diseases etc",General,noun
kasiisira,"small hut, shelter in camp, gazebo/ unipot",General,noun
kasimbaazi,sometimes it needs to be followed by another noun and preceded by,General,adverb
kasinsibirizi,tiny black insect that usually flies around banana wine,General,noun
kasitama,"customs office, temporary stations at which travelers goods are checked and cleared",General,noun
kasoga,kind of salt (dark in colour),General,noun
kasoimya,tiny creeping daisy (Spilanthes acmella),General,noun
kasomole,"one by one (of going out, disappearing)",General,numeral
kasonsolya,at the peak of a tree,General,adverb
kaseenyanku,caterpillar with a cocoon that looks like sticks stuck together,Common Animals,noun
kasigwa,"name given to a boy, whose father died when they were still in thier mothers womb",General,noun
kasungu,"a straw of grass, matchstick",General,noun
kasuume,"accident, unexpected difficulty, trouble, danger, disaster",General,noun
katabanguko,"violence,' upraise, upheaval, disturbance, crisis, uproar",General,noun
katama,plug of tobacco (for chewing),General,noun
kataito,"a little, a bit (ii) adj small, tiny",General,noun
katatna,plug of tobacco (for chewing as of women),General,noun
kateta,very small purple labiate flower with very sweet scent,General,noun
kati,"suffix, that turns name of a dog or person into the name denoting a female dog or person",Common Animals,noun
katiikiro,"prime minister in Bunyoro, Tooro and Buganda",Politics And Current Affairs,noun
katigi,"spoilt, bigheaded, child like defiance",General,noun
kato,name given to the younger of twins (when a boy),General,noun
katondogorozi,"the one who gives full explanation, a dictionary",General,noun
katoonyezi,"dot, drop, marks, full stop",General,noun
katoroogo,name of a prematurel y born offspring,General,noun
katuka,"to snap, break, give way;walk precipitately",General,verb
katundubwigusi,little fat insect like cricket,Common Animals,noun
katunguru,a place on Lake George and Kazinga Channel,General,noun
katura,"rapture, snap, swindle, cheat, devour, extort, bit, plunder, ravage, rend",General,noun
katurago,"one of the'stages of growth of millet ( oburo), when the grains begin to swell",General,noun
katuugo,African fan palm (Borassus ftabel/ifer),General,noun
katwetwe,"summit of a hill, peak",General,noun
katyabiri,species of mushroom (conical in shape),Biology,noun
kawaduuru,a bird that rises suddenly from the ground with a loud whirring,General,noun
kayuka,to be tough (through loss of moisture),General,verb
kazooba,title given to the Creator; name of one of the gods who were regarded as God,General,noun
katuramu,"name given to a baby boy as a result of post dated pregnacy, e.g after nine month",General,noun
katusabe,"let us pray, one who prays",General,noun
katusemiize,we are pleased with the little girl,General,noun
kazazi,one who helps women or cows give birth,General,noun
keba,"to look back, consider, inspect",General,verb
kebuka,"to tum the head quickly, look back over the shoulder",General,verb
kebura,"to tum head (of another), sharply strike on cheek of another with a finger",General,verb
keeba,"to grow small, contract, abate, become attenuated",General,verb
keebeerra,"to become thin, waste away",General,verb
keejwiso,"flow, issue of blood, beam6rrage , menorrbagia",General,noun
keerraana,to shine all night (moon),General,verb
keerreema,"approach quietly, go to meet, lie in wait for",General,noun
keka,", have stinging, sore, or bitter sensation in throat",General,noun
kekya,to come uninvited or unexpectedly ; pass through bush with a heavy load,Nature & Environment,verb
kenakena,to hobble wearily along with a load,General,verb
kendendyo,"provoking another to fight, bully",General,noun
kenduka,"to be tied tightly round the waist, be slim",General,verb
kendukendu,leanness due to insufficient feeding,General,noun
kendura,to tie tightly round the middle or waist,General,verb
keneka,to strain salt solution from ashes,General,verb
kenena,"to separate(of solid from liquid), pour off slowly, empty out",General,verb
kenenuka,to be separated off or emptied out,General,verb
kenenuza,to empty out last dregs,General,verb
kenga,"to observe, note, understand , guess, imagine",General,verb
kengeteerra,to do against one's will,General,verb
kenka,"stale beer, to tum sour (beer, sweet banana juice)",General,noun
kenya,to throw down with force (e.g. load off head},General,verb
kenyuka,to be broken; die suddenly (used by Royal family),Governance And Administration,verb
kenyura,to kill; throw down and break,General,verb
kil,", what !same as kiki? what is it?",General,noun
kiba,"bundle, (of reeds, grass, fire wood)",General,noun
kibaale,the king's gate-keeper (in palace),Governance And Administration,noun
kibaale,enlarged spleen; a large stone,General,noun
kibaati,"pay for what one bas not received, or for wrong one has not committed",General,verb
kibabu,"beat of fire, flash, smell of burning",General,noun
kibaijana,"person whose relatives have died, one without sister or brother",General,noun
kibaije,"shaving, chip of wood , carving",General,noun
kibaizi,"grasshopper with red on the neck and wings, the rest of the colours being green or brown",Common Animals,noun
kibanga,side of house or fence at the back of house,General,noun
kibaya,stem of papyrus; raft stirrer; pestle,General,noun
kibazi,circle of sticks or reeds to which frame work of house is fastened,Mathematics,noun
kibbaali,rock salt; piece of broken bowl used as dog's plate,Common Animals,noun
kibbamu,"old potatoe patch, fallow land",General,noun
kibbani,"shelf, frame work table, frame work in house on which plantains are stored to ripen",General,noun
kibbate,self willed person. rebellious person,General,noun
kibbira,"hall , house where King gives audiences and tries private cases",Governance And Administration,noun
kibbuuku,"garden left uncultivated, fallow land",General,noun
kibego,"sop, food given to servants or children (esp. sister's)",General,noun
kibengo,"solid fat, caked fat; ek. eky 'ekisura, rock salt",General,noun
kaotuugu,"a palm with bottle-shaped bole, gregarious in savannah. African fan palm . Borassus jlabel/fer va: aethiopicum",General,noun
kibiriizi,tree with very bitter leaves which are chewed to .clean the mouthahd used for rubbi Ag irrside beer pots ( ven_zonia amygdalina),General,noun
kiboga,young stage of millet crop,General,noun
kijumbura,large tree with stinging leaves,General,noun
kiragi,tall shrub with pink flowers and large hairy leaves which are used for cleaning milk vessels and by children for sewing into hats. Pseudarthria hookeri,Nature & Environment,noun
kiboha,a convolvulus (with ribbed stem),General,noun
kibombo,creeper from the root ofwhich a medicine for worms is obtained (cyphastemma edemocaute),Health & Medicine,noun
kibonde,a quiet gentle person or animal e.g.sheep; a creeper whose leaves yield medicine for fever,Health & Medicine,noun
kiboijana,"a friendless person, a person who was born alone (without brothers or sisters)",General,noun
kibugo,small piece of bark cloth,General,noun
kibugo,used as an attribute after a relevant genitive particle,General,noun
kibumbe,anything which is moulded (esp. from clay),General,noun
kibundwa,plot where beans have been reaped and millet not yet sown,General,noun
kibungu,hole where tooth has been (see ekihongolya),General,noun
kibuubi,"cow like kisa; adj., grayish colour",Common Animals,noun
kibwiju,a hard swelling on the foot,General,noun
kibyamo,"place to lie down in, resting place",General,noun
kibwetaahya,"an intruder, someone who invites oneself to a party",General,noun
kicaca,small papyrus mat for covering milk pots,General,noun
kicanyura,grass or pith for cleaning milk pots,General,noun
kicooli,"one of the planets, morning star",General,noun
kicucu,",time lag spent at any extreme, not shot not longtime i.e. between periods of time long ago and present",General,noun
kicuku,"small basket for food, wicker rat or pig trap",Common Animals,noun
kicumbe,"politeness, good manners, hospitality etc",General,noun
kicumita,"stabbing pain in the side, pleurisy",General,verb
kicunga,clay vessel with hole inside used when smoking milk vessels,General,noun
kicuucuru,child of three or four years old; young cock,Common Animals,noun
kicwambete,"plumb little child; half; tamu ek., fill half full",General,noun
kicwamugongo,"blind worm , slow- worrn",General,noun
kicwamuhendo,money paid to parents of the bride before bride price is demanded,Culture And Tradition,noun
kicwiso,piece of cooked millet divided for serving out,General,noun
kidaara,cooking-pot (used esp. for vegetables),General,noun
kidandi,evil spirit supposed to cause misfortunes,General,noun
kideero,framework table (on which millet is dried),General,noun
kidegedu,wear a wide waist band,Art And Entertainment,verb
kidoodoro,old broken pot or calabash,General,noun
kidoogo,large harp with many strings,General,noun
kiduka,large gourd with neck (for beer),General,noun
kiduuma,"large stick used by omuduuma, King's guards",Governance And Administration,noun
kifaaro,"a kind of witchcraft capable of damaging property of a person's enemy, spell",Culture And Tradition,noun
kifaaro,"evil magic, to unleash evil spirits",General,noun
kifaaru,a kind of mysterious witchcraft when it is invisible,Culture And Tradition,noun
kifuka,"large hoe or bad hoe; /ya ek., eat food without salt",General,noun
kifuko,bead necklace with many strings,General,noun
kifuku,"stab, spear at close range",General,verb
kifukyenda,"very greedy person, not generous",General,noun
kifumu,"fragile thin thing, thing with no bottom, hole",General,noun
kifumurano,dead offspring in dead pregnant animal,General,noun
kifuro,froth in the mouth; pad lock,General,noun
kigaasi,pith of papyrus (in a mass),General,noun
kigabu,a goat with white and black or brown patches,Common Animals,noun
kigambabuko,leader of bridegroom and his team in marriage negotiati ons,General,noun
kigambo,"word, saying, affair, cause, matter, business",General,noun
kiganda,"small bundle, armful (e.g. of grass or sticks)",General,noun
kiganja,"palm of the hand, paw",General,noun
kigaragamba,"scale (of snake), tortoise-shell, crocodile",Common Animals,noun
kigeja,"one who walks with toes turned out, clumsy or halfwitted person, freak, scarecrow",General,noun
kigerwa,",a person of medium height",General,noun
kigesero,basket or place where millet is put while it is being harvested,General,noun
kigezi,rushing down of water in flood,General,noun
kigogo,a strip of dried plantain fibre,General,noun
kigonero,secretion (from mouth) when asleep,General,noun
kigoro,hollow reed found in swamps,General,noun
kigorombere,"plantain, etc., not fully grown",General,noun
kigoye,fibre from stalks used as string,General,noun
kigu,", trap for lions, etc",General,noun
kigugiro,place where cattle are given salt,Common Animals,noun
kiguuna,"sore on the head, ringwonn",General,noun
kigwere,"see ekiriba, trap for lions, etc",General,verb
kihaamanga,"natural hole in ground; steep side of bill, cave",General,noun
kihaarre,cooked millet which sticks to the sides of the pot,General,noun
kihaba,"reckless person, impulsive (see ekigwagwa)",General,noun
kihabaye,hair shaved in lines across the head,General,noun
kihagamatama,plant with swollen green fruits (Asclepias sp.),General,noun
kihaiba,"(used as an attribute to another noun); omusana gw'ekihaiha, hot sun",General,noun
kihanda,"road; company, troop, band of soldiers or workmen, regiment",Military,noun
kihangara,"palate, inside of cheek -pharynx",General,noun
kiharaizima,"do some thing irrationally, reckless person, impulsive (see omultungu)",General,verb
kiharuzo,"pot scraper, esp. flower of palm tree used for that purpose",General,noun
kihaso,shooting pain in the sides (see pneumonia),Health & Medicine,noun
kihaza,iron instrument for smoothing hides; one who is looked up by the clan,General,noun
kihemaheme,"lightening seen at night, a nuisance person",General,noun
kiheogeezi,"tiny hole in a wall, aperture",General,noun
kiherya,ripe millet (oburo) when inthe field,General,noun
kihiihi,kind of hollow cane from which drinking-tubes are made,General,noun
kihiira,piece of burnt ground where grass is beginning to grow again,General,noun
kihika,"expectation , suspense, longing, curiosity, agitation",General,noun
kibika,child born after death of its father,General,noun
kihinda,white blaze on goat's forehead,Common Animals,noun
kihinga,piece of meat given to a hunter who is second to spear and kill a hunted animal; tooth that comes out on the side of another before it is uprooted,General,noun
kihinju,"piece cut off tree, meat etc",General,noun
kihinzi,"severe cold inthe head, flu",General,noun
kiho,"mist; fog, dimness of sight",General,noun
kihongolya,hole where tooth has been removed,General,noun
kihongozo,stick used to bar door,General,noun
kihoorwa,outer layer of stripped bark,General,noun
kihoro,cold cooked food kept overnight (see buhoro.),General,noun
kihoso,"tool for <iigging boles, shaft; gonorrhoea (disease)",General,noun
kihotole,"undiluted sweet banana juice, beer (of Kings)",General,noun
kihotoro,"twisting internal pain , colic",General,noun
kihuduhudu,headless body e.g human carcass,General,noun
kihunde,neckless of bead work on 'ii foundation of stick or cloth,General,noun
kihungu,"any large bird of prey; loose-living person, wastrel, good-for-nothing",Biology,noun
kihuruuto,"swoon, coma; sigaza ek., be at the point of death; baza ek., talk without thinking",General,noun
kihuubuuba,convolvulus with hairy leaves and yellow flowers,General,noun
kihuuga,female goat with black and white stripes,Common Animals,noun
kihuukubuuku,plump shapeless thing (e.g. guinea-pig),Common Animals,noun
kihuuleere,anything through which air is blown producing a flute-like sound,General,noun
kihuumo,kind of song sung by women,General,noun
kijengo,"n., recitation in praise of brave deeds",General,noun
kijoojera,millet that gets ready for harvesting late,General,noun
kijubwa,"kind of green grass, (ii) a green grasshopper (iii) green colour",Common Animals,noun
kijuju,"tsetse fly, large fly, blind fly",General,noun
kijumankuba,loofah plant that produces fruits out of which natural sponge is obtained,General,noun
kijumba,people with light skinned pinkish colour,General,noun
kijumira,small plant with tiny mauve flowers in racemes of beads with large Pappas (Blumea lacem),General,noun
kijungu,(used to describe style/ manner of doing something),General,noun
kijunju,"switch, stick used for beating children",General,noun
kijurujuute,long shaggy fur of animals,General,noun
kijwijwi,fair or prematurely grey hair,General,noun
kika,breach in fence; difference in ornamentation or colour; group,General,noun
kikaasi,very tenacious kind of grass,Nature & Environment,noun
kikaayuule,papyrus beaten out and used as rope for tying,General,noun
kikabara,"place where tall, thick grass grows",General,noun
kikabba,flat wad of tobacco ; blood clot,General,noun
kikarabu,a plant with rough leaves and yellow flowers used for cleaning milk containers,General,noun
kikamba,"dry or burnt stalk of reed, etc",General,noun
kikambi,plug of tobacco that has been chewed etc,General,noun
kikambo,"merchandise , packet for sale",General,noun
kikangaarra,anything worn out or in ruins,General,noun
kikangi,thorn of palm tree (= ekisooha),General,noun
kikara,"piece of charcoal; odour or unpleasant body smell;smell of unwashed body, etc",General,noun
kidkarabo,"plant with yellow flowers, very hairy leaves, and little burrs in clusters (Triumfetta tomeotosa); bundle of hairy leaves for cleaning milk-pot; handful of grass (used in heathen marriage rites)",Nature & Environment,noun
kikarajaja,"coarse, rough skin or bark; big, stout person",General,noun
kikaso,"song sang by women in praise of Kings, chiefs, or friends",General,noun
kikeegi,large gourd bowl (used as animal's plate),General,noun
kikenkya,stone of compressed volcanic ash,Nature & Environment,noun
kiki,"inter. Particle cl.7, what is it? With a causative verb expresses why?",General,particle
kikina,to gnaw millet (oburo) which is in the ear,General,verb
kikiro,entrance at side or back of house,General,noun
kikobeko,"plantains cut up and cooked with butter, salt, etc",General,noun
kikoko,scab on sore or in ears,General,noun
klkoligo,piece of wood forming yoke or stocks,General,noun
kikolyo,crooked stick or post; (= omutaami),General,noun
kikomba,emetic medicine for causing vomiting obtained from a tuberous root which is also used as soap,Health & Medicine,noun
kikondere,necklace of beadwork on foundation of stick or cloth (=ekihunde),General,noun
kikondooro,pouch in front of garments,General,noun
kikonjonjo,loosely tied bunch or bundle,General,noun
kikonkomerezi,woodpecker ( see ekikonkonamuti. ),General,noun
kikono,largearm ring; icg of hide; handle,General,noun
kikooga,fruit of omukooga which is used as a bell for dogs or calves,General,noun
kikooha,woman's red and white cloth with fringe,General,noun
kikoohi,underneath wrapper (cloth) wom by women before traditional cloak,General,noun
kikorokomba,stem of bunch of plantains,General,noun
kikubyo,nick name (describing some outstanding quality),General,noun
kikudu,excrescence on tree; roughness of wood,General,noun
kikukira,large heap of weeds and rubbish,General,noun
kikunguli,"small mound of earth, hummock",General,noun
kikongulima,a projecting physical feature in a landscape,General,noun
kikuura,inner substance of horns and nails,General,noun
kikwaso,"thing to grasp with; pin, safety-pin",General,noun
kikwatwa,"household vessel, weapon, tool etc",General,noun
kikwembe,undersized cloak worn by women,General,noun
kimakimwa,"to whine, show signs of crying",General,verb
kimasa,"profligacy ; bard skin, corn; breathlessness , palpitation ; young bulJ; a grave",General,noun
kimata,"burnt skin that peels off; hya eb., be alarmed, be on tenter books",General,noun
kimba,to give a present to (witch-doctor); pay wages to (blacksmiths and dressers of hides),Health & Medicine,verb
kimba,"to look at sideways or assitance, leer at",General,verb
kimbiltuka,to go off in a buff,General,verb
kimbuuru,spark or burning material from grass fire,General,noun
kimeeri,used as an attribute to another noun after a relevant gen. particle,General,noun
kimererezi,unplanted crop growing in already used garden,General,noun
kimina,pronounced curve in the back at the waist,General,noun
kiminyu,"half (a bundle of beans, etc.)",General,noun
kimiro,speak in a deep voice,General,verb
kimonko,a creeper with berries which are used for the game of onisoro and for a spinning game,General,noun
kimote,red and green rectangular mat,General,noun
kinana,"precipice, steep slope; durable thing",General,noun
kinanange,plant from the roots of which a perfume is obtained,General,noun
kindikira,to tuck in (garment) at waist,General,verb
kinkulinkuli,trunk without head or limbs,General,noun
kinombe,"quarry; place where bricks are made, clay pit",General,noun
kinya,foetus (miscarriage at about 3 months),General,noun
kinyadeeri,"aperture, breach , gap, hole, rent",General,noun
kinyamasoga,yellow and black spiny caterpillar (of Emperor moth),Governance And Administration,noun
kinyamata,plant like hawk-weed with mill.'.)'juice,Common Animals,noun
kinyarubabi,(used as an attribute to other nouns after relevant gen. particle),General,noun
kinyege,"fruit of omunyege which is worn round the ankle, rattle; basketwork fish-trap (oncoba routledgei)",General,noun
kinyisi,cyst or any hollow organ inan animal containing a liquid secretion,General,noun
kinyonga,"edible root of arum lily (omute11e), plant with flat leaves which is put in wells etc. to keep the water cool",General,noun
kinyonyi,any bird other than a little one,General,noun
kinyonzi,"barber (=mumwi, o-, mugembi, o-)",General,noun
kinyunkiro,place where ripe plantains etc. are trodden to get plantain juice,General,noun
kinywanambogo,bright morning star seen before the dawn,General,noun
kinywansande,black ant which eats sugar and sweet things (sugarant),General,noun
kipaapi,"thin sheet of metal or wood, etc",General,noun
kipanga,"panga, straight knife for cutting grass or small trees, etc",General,noun
kipimisa,"a weighing scale, tape measure, weighing stones",General,noun
kipiripya,"black earth used for polishing pottery, graphite",Art And Entertainment,noun
kipompo,green jumping insect with horn,General,noun
kipooli,"lump, cake of ground simsim, etc",General,noun
kipumpu,"short, stumpy, or blunt thing",General,noun
kira,"to get well, recover, escape, v.tr., surpass, exceed",General,verb
kiraaba,stopper made of papyrus pith; rabbit 's tail,Common Animals,noun
kiraanura,"to adjust, tidy, arrange, senle a point, put in order, repair or amend",General,verb
kiraaro,", sheath for knife, etc",General,noun
kirabuko,"present given to a King, chief or bride",Governance And Administration,noun
kirale,"trail of men or animals; life track, legacy",General,noun
kiramukyo,"small present, remembrance , souvenir",General,noun
kirana,"to surpass one another; be uneven in length, unevenness",General,verb
kirangabuko,one who leads the entourage of a bridegroom at the customary marriage ceremony,Culture And Tradition,noun
kiranjuura,"remnant, piece of old cloth tom off; remains of carcass",General,noun
kirengalenge,a plant (anise) used as flute by children,General,noun
kirenge,"hoof, foot of cow after hoof has been removed",Common Animals,noun
kirere,"gourd for milk, piece of broken gourd",General,noun
kirezi,white spot in the eye,General,noun
kiriba,"trap (for catching lions, etc.)",General,noun
kirimizo,short iron tool for digging,General,noun
kirindirizo,useless thing (e.g. sightless eyes of locust); scare crow,Common Animals,noun
kirindiro,temporary hut for shelter when guarding crops,General,noun
kirinju,"a person with grey hair, an elderly person",General,noun
kiroko,large white patch on face of cattle,Common Animals,noun
kiromba,"protruding navel; omusana gw'ek., late afternoon sun",General,noun
kironko,"present, gift (from a distance) for a loved one",General,noun
kiroorro,"place for divination or spirit worship, haunted place, any person or thing that is feared",General,noun
kirugu,hole in river bank; place in a home for goats and sheep,Geography,noun
kirukiro,vessel for water (used when weaving or plaiting),Art And Entertainment,noun
kirumiko,"vessel for cupping, cupping-born; shaven patch (where cupping-horn bas been)",General,noun
kiryende,used as attribute to another noun after a relevant gen particle,General,noun
kisa,light reddish cow or goat,Common Animals,noun
kisaababa,"irritable spot on the body, ring worm",General,noun
kisaabu,gourd used as a chum,General,noun
kisaaru,"swamp, river of swampy character",General,noun
kisaatu,"skin, hide,two or more sewn togther",General,noun
kisahi,wooden pot for milk or beer,General,noun
kisakiro,place where food is obtained,General,noun
kisale,"large piece (of meat, etc)",General,noun
kisamba,short skirt made of leaves,General,noun
kisambi,bead necklace of many strings; mat (= ekirago),General,noun
kisana,"apron filter, strainer. of dry leaves; discarded wrapping of bundle (ibenga)",General,noun
kisansanya,talk to make people laugh,General,verb
kisekeseke,large umbelliferous plant from which straws are made,General,noun
kisekule,relish cooked without salt or butter (=ebidubuudubu),General,noun
kisensero,"opening, entrance, exit, tunnel through thicket",General,noun
kisigate,stalk of millet after ear is cut (embuba),General,noun
kisigi,eyebrow; bead in the form of a glass ring,General,noun
kisigiro,basket used for sowing; seed basket,General,noun
kisiibo,"a fast, time of fasting",General,noun
kisiikirizo,"that whicb obscures sight,shade, obstruction",General,noun
kisiiriiza,"charred wood, charred unsmoked tobacco left in pipe, dottle",General,noun
kisika,barkcloth roll for storing bead ornaments; yellow plantain leaf; large edible mushroom,General,verb
kisike,a burnt stick in fire (=ekicumuro),General,noun
kisimba,"peer company, friendship, partnership (often used in bad sense)",General,noun
kisiode,"a fresh track, trail ; company on the march",General,noun
kisingiri,",used as attribute to another noun after a relevant genitive particle",General,noun
kisingo,beaded head-dress worn by a spirit possessed person,General,noun
kisinsa,millet which is nearly ready for harvesting,General,noun
kisirabu,bed- pan (made from a gourd),General,noun
kisiriklro,stone and certain herbs put on threshing floor or in barn when harvesting millet (oburo),General,noun
kisobyo,"large pointed stick for digging holes, sticks which young boys hold as spears",General,noun
kisoma,"uneven, projecting piece of ground or cloth",General,noun
kisonga,top of tree or plant; sharp pain (as of pleurisy),General,noun
kisonsogoro,"empty eggshell, box, seed pod, etc",General,noun
kisoomi,post of King's outer doorway,Governance And Administration,noun
kisoonabazaaua,(see ekirengabazaana); time about 5p.m,General,noun
kisoonante,a kind of grass (eaten by cattle),Common Animals,noun
kisooro,place where button mushrooms have germinated,General,noun
kisoorokoko,burnt smell of food cooking,General,noun
kisugi,patch of unburnt grass left after a fire,General,noun
kisomba,isolation camp for smallpox patients,Health & Medicine,noun
kisungu,mat made of papyrus used as a plate or dish,General,noun
kisunsu,tuft of hair on top of head of a cock/hen,Common Animals,noun
kisurano,child born after taking herbs to induce pregnancy,Health & Medicine,noun
kisusu,"peel, shavings, rind-husk; foreskin, prepuce",General,noun
kisusunga,"empty, hollow thing; thoughtless, silly person",General,verb
kisuuli,"elephant trap made of hanging spear, log and rope",General,noun
kisuurwa,little pieces of flesh left on a hide,General,noun
kiswa,anthill; clay mortar in which a perfume (omugaju) is burnt,Common Animals,noun
kiswaifo,"adv., the other down side of anthill where there is a slope",Common Animals,adverb
kiswaruko,foot (only for the king (Pal),Governance And Administration,noun
kisweruguru,"adv., the other up side of an anthill opposite its down side",Common Animals,adverb
kitaama,relish made of cooked butter,General,noun
kitaamiisi,variety of cassava red in colour,General,noun
kitaamisi,"disgust (usu. food), when one eats less than halfway through and gets disgusted",General,noun
kitaani,"linen, drill, strong cotton material",General,noun
kitabaane,walk fast with springy step; go each one's own way,General,verb
kitabe,sweet-smelling mixture used by women as a perfume,General,noun
kitabu,"book; family; bed-stead, raised platform in hut for goats, etc",General,noun
kitabumbwire,fall of a person wishing to be initiated into the Bacwezi cult,History And Historical Accounts,verb
kitahuruzo,community hall at parish level,General,noun
kitaka,clod of earth; brown colour,General,noun
kitakuli,sweet potatoe root used as food,General,noun
kitale,"white cow, goat, or hen",Common Animals,noun
kitambi,black and red cloth worn by women,General,noun
kitandalike,"reed she!f for plates, etc",General,noun
kitanga,a black and white spotted female goat,Common Animals,noun
kiteba,clay pot in which water is heated,General,noun
kitebe,"crowd ; a large chair, throne; one of the rooms where pupils are taught in school; pupils attainment in learning",Governance And Administration,noun
kiteega,tendon of heel or knee,General,noun
kiteeko,"net for milk-pot, or basket",General,noun
kiteerankuba,medicina l pla nt used to cure yellow fever,General,noun
kitema,"calabash cup, gourd with enlarged head",General,noun
kiteneke,"clod of earth and grass, sod, turf",General,noun
kitenge,tall sugar-cane; designed kind of African cloth,General,noun
kitere,"busby tail of sheep jackal, etc",Common Animals,noun
kiteza,"species of verbena, small plant with sky-blue flower, wandering jew ( commelina benghalensis)",Biology,noun
kiti,"stick, piece of wood, plant,handle of knife",General,noun
kitiinisa,"glory, honour, respect, reverence, pomp",General,noun
kitiodi,place where pigs lie down,General,noun
kitindlro,logs or plantain stems raised from the ground on which millet is put to dry,General,noun
kitiri,old watery potato or other tuber,General,noun
kltiza,to be excited about something that is going to happen,General,verb
kitokoozi,foreign body in eye or liquid,General,noun
kitokotoko,tall plant with mauve flowers and fiuit with pappus of hairs,Nature & Environment,noun
kitonge,Jump of cooked millet; oburo,General,verb
kitooke,"bunch of banana, plantain tree",General,noun
kitorogondo,spot (as on leopard's skin),Common Animals,noun
kitoroko,"small hard piece in cooked beans, etc.; (= ekitoonye )",General,noun
kitugutu,"half- grown thing (e.g. reed, maize)",General,noun
kituku,"white person, very red thing",General,noun
kitika,"type of banana usually for cooking, with a short stem and a big bunch",General,noun
kitulege,"a child's play thing made of stick, string and stone for traditional music",Culture And Tradition,noun
kituli,"very strong stick, club; knot of cloth on shoulder; illness with fever and sore lips",General,noun
kitumba,tall grass that springs up after a bush fire,General,noun
kitundwa,"large bundle of beans, millet, etc",General,noun
kitungcezi,pool left in drying swamp,General,noun
kitutu,embroidered fringe; flower bud; young esojo grass,General,noun
kitutumbule,weal caused by a blow,General,noun
kituuraho,"illusion, inanimate object seen at night fancied to be moving, dummy, scarecrow",General,noun
kituuti,"mound where potatoes are planted, platform of earth; per ext.,pulpit",General,noun
kitwe,useful gift; especially to someone preparing a feast,General,noun
kitwekano,"child born out of wedlock, illegitimate child, bastard",General,noun
kiwagara,crab; also a term of the greatest contempt,General,noun
kiyengo,ordinary member of a household fed by a householder,General,noun
kiyondo,plait; rope of eight strands; bead necklace or bracelet of plaited work,General,noun
kiyonga,fresh growth after grass fire,General,noun
kiza,"to heal; make to surpass, get advantage over",General,verb
kizaazi,(used as attribute to another noun after a relevant gen. particle,General,noun
kizigambogo,"creeper used for tying up firewood, etc",General,noun
kiziikiro,hole in which banana juice is put for fermentation,General,noun
kizira,tall plant with minute mauve and white flowers in flat racemes (Dalbergia lacteal),General,noun
kizizi,"swarm, crowd (e.g. of bees, locusts), abundance; frothy vomit, expectoration, phlegm",General,noun
kinobere-abeemi,title given to the King ie 'he hates disobedient people'knife for trimming bananas,Governance And Administration,noun
koba,"to combine, act together,join forces",General,verb
kobeka,"to fold, cross (arms, legs)",General,verb
koboka,"to be chipped, broken off",General,verb
kobwa,large hardwood tree from which planks and poles are cut,General,noun
kogota,to be old and tough (marrows),General,verb
koikoi,"adv., intensive with koobra (to cough); also said before setting a riddle to someone to which the reply is Bikwebe or Rukwebe meaning (if only you could forget)",Storytelling And Narratives,adverb
koikya,play the game of riddles,Storytelling And Narratives,verb
kokera,to be smothered in dirt,General,verb
kokoma,to be old (butter kept a long time),General,verb
kokora,to drive (animal) into net,General,verb
koleereza,"to set light to, light; work for food or money",General,verb
koleza,to feed (child) with sop,General,verb
koma,to come to an end (as path),General,verb
komeerra,to come last; pick any how,General,verb
komeka,to have curved horns which nearly meet in front (canle),General,verb
komoorra,"to choose from among several, sort out, select the best",General,verb
kona,to be underdone (food); deteriorate; miss fire (gun),General,verb
kona,"to cut off a piece; castrate, prune",General,verb
konda,to get emaciated (esp. of dogs),General,verb
kondo,"headgear worn by Kings and chiefs, crown",General,noun
kondooka,to be very tired; hang out (tongue),General,verb
koogera,block a path with thorns,General,noun
kongobara,to be stiff and bent,General,verb
kongooka,to be broken off (small piece),General,verb
koogoora,"to break off (small piece); blunt edge (of knife, etc.)",General,verb
koogora,"to leave off working, take a long time over one's work; be overdue (pregnancy)",Health & Medicine,verb
koogoza,"be very thin, be prominent",General,verb
kookobora,to pick maize off cob,General,verb
konkomeerra,"to tap, knock in (e.g. nail)",General,verb
konya,"to put together, join together to buy",General,verb
kooba,to push way through. push aside,General,verb
kookera,to carry many things at once; add similar thing to another so as to lengthen or widen the original,General,verb
kookooba,"to soften, cure (hide); snatch, take without permission, take stealithly",General,verb
kookooba,to take out weeds after digging,General,verb
koonoka,"to fall off itself (esp. tree branch), crash",General,verb
koonora,to pull down and break off,General,verb
koonyera,"to help, aid, assist, succour",General,verb
koonyerangana,to help each other/ one another,General,verb
koorra,"to work for, make for, do for, work in",General,verb
koorraana,"to work together, work for one another, cooperate",General,verb
koorraana,"cooperate, work hand m hand, togethemess",General,noun
koota,"to become important, be promoted",General,verb
kootora,"to eat with enjoyment, break off large pieces and eat; beat",General,verb
kooyakooya,"adv., ama1z1 agatagasire kooyakooya, lukewarm water",General,adverb
koroga,"to mix up, blend, stir",General,verb
korogota,"to hollow out, scrape (pots and hard things)",General,verb
korokoro,"adv., intensive, used of very hard things",General,adverb
koronga,to beat up (blood pudding) when cooking,General,verb
korooga,to milk the King's cows,Governance And Administration,verb
koza,"to make to do or work, employ, use",General,verb
kuba,"to retire after seeing his people (King); retire after failing to accomplish, a mission (enemy)",Governance And Administration,verb
kubu,"adv., suddenly (with tum or turn back)",General,adverb
kubuka,"tum, make one aside, turn the head, swerve",General,noun
kubaaga,to slaughter (especially for meat),General,verb
kubaga-ebbaruha,to make a rough copy of a letter,General,verb
kubagaanuka,come apart (ii) break into pieces,General,verb
kubaganiza,"take off, remove some, reduce (ii) differentiate, divide",General,verb
kubaija/kuboija,"carpentry, make (something) out of wood",General,noun
kubaka,to catch something in the air coming in one's direction,General,verb
kubakira,food beginning to be burnt while being cooked as water decreases/gets dried up,General,noun
kubakura,to pick up something very fast and run away with it,General,verb
kubakya,to beat (as for the drum),General,verb
kubanda,use warm water and a piece of cloth to clean a wound or a swollen part of the body as one presses a bit,General,verb
kubbaruka,"to speak with a strong voice, to cough with a deep voice",General,verb
kubega,to share food / serve from the same source,General,verb
kubegera,"giving someone some food portion, e.g. a piece of meat, while at table",General,noun
kubika,to bring news of the death of someone,General,verb
kubimba,soaked beans becoming soft (ii) to show no smile on the face,General,noun
kubohera,use medicine/ magic to prevent someone from getting what he wants,General,verb
kuboigora,"(i) bark, snarl as a dog does (ii) speak roughly",Common Animals,verb
kubombooka,"come off unstuck, scrape off",General,verb
kubonera,to get the menstruation period delivery,Health & Medicine,verb
kuboobera,"food being cooked well and for a onK time in order to obtair food flavor, taste and texture",General,noun
kubooga,"to flood ( rivers, lakes, seas) (ii) back undigested milk; babies)",General,verb
kuboora,"to despise someone who claims ., belong to your family mistreat, sideline",General,verb
kuborogota,to make a continuous heavy sound/noise,General,verb
kuborooga,to scream in agony due to excessive paln,General,verb
kuboya,have a good/pleasant smell (as of perfumes),General,noun
kubuda/kubundiika,"to press down with force, to calm",General,verb
kubudabuda,heavy beating without fighting back,General,noun
kubuga,become restless (especially of sickness),General,noun
kubugira,to cover with heavy materials,General,verb
kubuguma,"to burn brightlyfof a flame), to be hot",General,verb
kubukara,ritual whereby a son or daughter is placed on a parent's laps to wish him/her prosperity,General,noun
kubumba,"form, mould materials from clay (ii) clench fist (hands)",General,noun
kubumbaatira,"gather under the wings, embrace or clench",General,noun
kubumbabumba,take care of or give advice,General,verb
kubumbirra,repair or take care of an old person/ thing,General,verb
kubunda,lie down-crouch (used especially of dogs),General,verb
kubundabunda,stoop (walk bending very low),General,noun
kubungabunga,"drift, go for a walk see",General,noun
kubungira,"visit, pay a visit to",General,noun
kubura,"to get lost, disappear (lose way)",General,verb
kubuutuka,"to tum round and go back, tum out of the path",General,verb
kubya,"pet, gratify, makea fussof,bring up carefully",General,noun
kugiza,"to praise, honour, exalt, adore",General,verb
kukumba,"to scrape together, sweep up (with hands), gather up loose things (e.g. cents) in hands",General,verb
kukura,to get mouldy (e.g. beer); be rancid,General,verb
kukura,"to stoop and pass under, crawl under",General,verb
kubutama,a domestice animal sep. cattle failing to walk due to sickness,Common Animals,noun
kubwagura,to produce puppies (of a dog),Common Animals,verb
kubyama,"to lie down, to go to bed",General,verb
kubyamirra,way lay/ hide in waiting for,General,noun
kucaca,walking with pain (esp. feet with jiggers),General,noun
kucakara,to have a good time,General,verb
kucakura,dress unevenly (short and long sides of clothes especially of females with very short clothes),General,noun
kucakuza,frequent movements of friends (especially of boy/girl-friend relationship),General,noun
kuceba,to mash or cut into very small pieces (especially of meat),General,verb
kucebaceba,to dig deep and carefully in order to remove hard grass,General,verb
kuceeba,to wear two skirts to appear big (used for females),General,verb
kucendukana,suffering with work when one is very thin and weak,General,noun
kucokotnboza,become very aged and weak,General,noun
kuconya/kuconcona,to crush into smaller pieces,General,verb
kucooka,to show as for display,General,verb
kucucuka,fade (used of cloth) (ii) repent or stop a (bad) practice,General,noun
kucuga,"to fornicate, to copulate (obsc)",General,verb
kucukumura,pour out with force through a smaller opening (used of liquids from a container),General,verb
kuculeera,"to be quiet, be silent, stop talking",General,verb
kuculiikana,"tying or putting things together but facing different directions (especially for firewood, bananas etc. in a bundle)",General,noun
kuculika,"i) to turn upside-down (ii) to talk in proverbs, to avoid someone",Storytelling And Narratives,noun
kucuma,(i) push someone with force (ii) throw something far with force,General,verb
kucumayo,add firewood and regulate the fire in the process of cooking by adjusting the firewood,General,noun
kucumiikirra,"to fumigate insects, objects, people",General,verb
kucumiitirra,chasing someone and aiming at him with a spear many times with the intention of killing or injuring him,General,noun
kucumika,(i) set fire to (ii) unnecessary movements (especially with mental problems),General,noun
kucumita,to pierce with a sharp object or to spear,General,verb
kucumurayo,"to remove firewood from the fire place, hearth in order to put the fire out",General,verb
kucuncumura,"to frighten off or to drive away many people, animals or birds from a place",General,verb
kucunda,to churn milk into butter (cow ghee),Common Animals,verb
kucungura,"redeem or save someone from slavery, problems or danger",General,noun
kucura,to cry (used interchange ably with kurra,General,verb
kucuraamirra,to lie flat on the bed without a pillow,General,verb
kucurama,lie with the head at the foot of the bed,General,verb
kucurra,"to come back, to return",General,verb
kucuucuuka,"dust, dry flowers, feathers or flour being carried off by wind",General,noun
kucuukura,to wean the child from breast feeding,General,verb
kucuza,to comment about a deceased person unnecessarily,General,verb
kucwa,"to break something, stop a habit",General,verb
kucwekana,"to take the last breath, to die",General,verb
kucwererra,to produce children every year (poor spacing of children),General,verb
kudamuka,escape of white ants which are not tapped,General,noun
kudikiza,to speak in to be proverbs,Storytelling And Narratives,verb
kufa,"to die, milk going bad/sour",General,verb
kufaafaalikana,"to be wasted, to overwork without any gain",General,verb
kufaakuuza,"to eat food indiscriminately, with greed pointed, to show off",General,verb
kufeerwa,"to be bereaved, to be impotent",General,verb
kufaaho,"to show concern, to care",General,verb
kufiisa,"to lose a child/ children/young ones (even those of animals-calves, puppies)",General,verb
kufooka,"to change the state of life, size, behaviour, occupation",General,verb
kufootookerra,"to deteriorate, degenerate, experience bad lack in life, a reduction in wealth or ill-health",General,verb
kufuba,(i) to pour unwanted milk (language of pastrolalists) vi (ii) to try hard,General,verb
kufuberra,to reduce vigour or speed suddenly due to fear or great surprise,General,verb
kufubira,(i) to punish (ii) cut off the baby's umbilical cord soon after birth,General,verb
kufuka,(i) to be cold (ii) to be dull/not lively,General,verb
kufukamira,to kneel down (as used in Luganda),General,verb
kufukulikwa,to shade tears while sobbing,General,verb
kufukumuka,"to release a a narrow opening, with pressure",General,verb
kufumba,to walk through water (wade),General,verb
kufumbata,to share a bed while embracing,General,verb
kufumuka,to have a puncture/be pierced,General,verb
kufumura,to enter unexpectedly/from an unexpected direction,General,verb
kufumurana,to kill a pregnant mother or animal,General,verb
kufundikira,"to cover something (ii) end something (speech, journey)",General,verb
kufundura,"open up, esp. for eyes, anus etc",General,noun
kufunfumya,"to mishandle, threaten (especially when searching, interrogating, arresting suspects)",General,verb
kufuruka,to emigrate/go to a new settlement,Geography,verb
kufuruuta,(i) to snore (ii) to develop a scaby skin,General,verb
kufutana,to chew (especially of food and dry coffee berries),General,verb
kufuuha,"excessive love for a spouse or lover, making one to become jealous",General,noun
kufuuka,"boiling of water, sauce, milk or porridge and beginning to foam",General,noun
kufuuta,over filling the mouth with food and then eating it very fast,General,noun
kufuza,to breath in heavily when the nostrils are full of mucus,General,verb
kugaasa,cut into smaller pieces order to dry it by sunshine,General,verb
kugaaya,(i) to chew a bone meat vi (ii) to walk elegantly,General,verb
kugaba,"(i) divide, share, distribute (ii) to give away a daughter in marriage",General,noun
kugabira,"(i) divide by (Arithmetic) (ii) to spoon feed (especially a child), to give medicine to a child, patient, animal",Mathematics,noun
kugabisa,(i) to make a cow release milk (ii)to give items for bride wealth,Culture And Tradition,verb
kugabuka,to wed or get married-wife being taken to the man's place,General,verb
kugabura,to take in a wife for marriage-to be married/ wed (man),General,verb
kugabwa,to be given away in marriage (woman),General,verb
kugaita,(i) to add (ii) to wed a couple in mosque or church,General,verb
kugalika,"to make someone/something fall flat, spread out and helpless",General,verb
kugamba,"to talk, to produce a sound or to say something",General,verb
kugambirana,"share secret message, to inform one another",General,noun
kugambirraanamu,"add some unveiled information, talk indirectly",General,noun
kugana,to tell stories (folk tales) which contain songs,General,verb
kuganaagana,for a plant to cover a large space,General,noun
kuganduka,to gain from one's efforts,General,verb
kugangaara,become hard hearted and move from place to place aimlessly,General,noun
kugangabuka,to run away in confusion helplessly and desperately,General,verb
kuganguka,"cause door or window to become loose or fall off from the frame, to detach",General,noun
kugangura,"to hit, beat without mercy",General,verb
kuganikya,to tell stories which cannot be achieved,General,verb
kuganura,to eat the first yield from the garden,General,verb
kuganya,"to have worries, feel sorry for, lament/moan/groan",General,verb
kugaraamirra,sit or sleep with the chest up,General,verb
kugarama,to lie on one's back facing upward (ii) to speak rudely/with pride to an adult,General,verb
kugaranjuka,"to fall from a sitting/resting position (chair, bed)",General,verb
kugarra,to bring back/ return something,General,verb
kugaruka,to come back/ return to a place,General,verb
kugaya,"to look down upon, despise",General,verb
kugema,(i) to bend something (ii) to force oneself/ to be forced to do something,General,verb
kugemereza,"to force one's way, to compel",General,verb
kugemura,to take food or drinks to another home for gifts,General,verb
kugendagenda,"to go about, to loiter",General,verb
kugereka,to add different foods to the main food and cook them in the same pot/ pan,General,verb
kugererra,to flow at a very slow speed/ pace,General,verb
kugogoma,"a tree bending, a house leaning in a given direction, ready to fall",General,noun
kugoma,a herd of cattle collecting in one place and resting during the day,Common Animals,noun
kugomoka,"to be fat, look healthy",General,verb
kugonerra,snoring with a painful sigh,General,noun
kugongorra,to remove excess fibres from the banana plant,General,verb
kugonza,to love or to like,General,verb
kugorra,(i) to iron clothes (ii) to correct mistakes,General,verb
kugosoora,a ritual of expelling out & bad omen,General,noun
kugoya,"to make porridge, soup or sauce",General,verb
kuguha,to collect from else where,General,verb
kugugumara,an individual occupying a place where he is not wanted and whose presence is unpleasant,General,noun
kugulirra,to bribe or to accept bribes,General,verb
kugurna,"to be hard (dry), firm, courageous",General,verb
kugumiisiriza,"to be patient, to persevere",General,verb
kugumya,"(i)to harden (ii) to console, to encourage (iii) to confirm",General,verb
kuguruka,(i) to jump (ii) death of twins,General,verb
kugurukira,i) to skip out something (ii) to jump on a moving vehicle,General,noun
kugurukiza,to be unsettled / unstable,General,verb
kuguuna enda,noise from an upset stomach,General,noun
kugwa,(i) to fall (ii) to fail exams,General,verb
kugwaho,to come across or to find,General,verb
kugwayo,to die in a place,General,verb
kugwera,(i) to grab (ii) to fall on,General,verb
kugwerana,"to have greed, to lust for, fall over one another",General,verb
kugwerererwa,"to become a victim; to be in difficulties (ii) to be silent due to confusion, worry or embarrassment",General,verb
kugwisa,"to finish a piece of work you are supposed to cover in day, esp in cultivation",General,verb
kugwisaniza,to come across someone or something one has been longing for,General,verb
kuhaaga,"to be full . (especially of milk, for pastoralists)",General,verb
kuhaamangira,to try to carry out impossibilities or to act foolishly,General,verb
kuhaana,to give someone excessive praise,General,verb
kuhabura,"to direct, to warn/ to guide or counsel",General,verb
kuhaga,"to become abnormally fat, to swell, be inflated",General,verb
kuhagatira,"to carry under the arm (as used of a child, gun, bag)",General,verb
kuhaguka,(i) to bark like a dog (ii) to break off,Common Animals,verb
kuhagura,"force away, I>till off bananas from the bunch (detach)",General,noun
kuhaiga,"to dig out from the soil (especially for root crops-potatoes, cassava)",General,verb
kuhaisa,"to praise, to speak well about/of someone/ something",General,verb
kuhaka,for a cow/goat to be with milk,Common Animals,noun
kuhama,"to take root, to be firm, to be deep",General,verb
kuhamantuka,to give unco-ordinated answers (especially from sleep),General,verb
kuhamba,(i) to rape someone (ii) to overthrow (as for government),General,verb
kuhambaara,to run or walk without knowing where to go,General,verb
kuhambatika,to force on someone what he has not done or what he is not,General,verb
kuhambura,"encourage one to be arrogant, stubborn, to marry someone's wife",General,verb
kuhambya,to chase or to run after,General,verb
kuhana,"to give advice, direct, warn, guide, counsel",General,verb
kuhanantuka,to have a big fall (especially from a high tree/chair),General,verb
kuhandura,to grind flour which is not fine,General,verb
kuhanga,(i) to create (ii) to scratch the teeth gums to activate the growth of teeth,General,verb
kuhanguka,come out of a handle/to be detached,General,verb
kuhanguuka,come (used of the first rain),General,verb
kuharaatwa,to play about (esp. of children),General,verb
kuharamba,"to clamber, like a newly born baby searching for the milk from its mother",General,verb
kuhatika,"to force things into a container such as clothes, papers and leaves",General,verb
kuhaya,"threaten, defy, provoke (threaten to kill a person",General,noun
kuhayo,"to give up, to give out",General,verb
kuheeka,(i) to carry at / on the back,General,verb
kuheekana,to grow from the same hole and be on top of the other/overlap,General,verb
kuheererra,to pay money for someone (as used of school fees),Education And Learning,verb
kuheereza,to serve (ii) to give out something by stretching a hand,General,verb
kuheesa,to forge (of a black - smith),General,verb
kuheha,"to remove/clear (especially of dog, cat or human faeces)",Common Animals,verb
kuheheera,to be soft or moist,General,verb
kuhema,"to cause shame, show the teeth rudely or signal with the hands to show one's scorn for anothe",General,verb
kuhemba,(i) to make fire (ii) offer gifts to the boss/king,Governance And Administration,verb
kuhemuka,to be ashamed/ to be found doing what is not expected,General,verb
kuhena,to have an erection (obsc),General,verb
kuhendera,to finish the bottom of a basket,General,verb
kuhenura,"to ruck up a cloth or to dress up in a very short cloth,almost showing the buttocks",General,verb
kuhenuza,to dress up in very short clothes,General,verb
kuhera,"to scold, to remind one of unpleasant, embarrassing things",General,verb
kuhereera,to sit or stay next to,General,verb
kuhereka,to entrust/ to keep one's domestic animals/birds at another person's home,General,verb
kuheta,to bend something (as for a mat/basket) or to go around a bend,General,verb
kuheza,to bury a person (polite language),General,verb
kuhiihira,"to make noise like that of an owl, breathing badly due to pain, respiratory problems, or over-feeding",Common Animals,verb
kuhiira,"to support, to do good for",General,verb
kuhika,"to be correct, right, to arrive, to pass exams",General,verb
kuhikaana,to be in agreement/to together,General,verb
kuhikirra,to be full/complete/happen as expected/to be fulfilled/to meet someone face to face,General,verb
kuhikya,"to take something somewhere, to take gifts to the King, to be correct",Governance And Administration,verb
kuhinda,"noise of thunder, to stop one form doing something",General,noun
kuhinduliza,to wear a cloth inside out,General,verb
kuhingura,to pass by without stopping(go past),General,verb
kuhinguraho,"to go beyond a certain point, to surpass, be prolonged, unrivalled",General,verb
kuhingura,to chop into two pieces,General,verb
kuhinya,"to fold in order, to make short(sleeves, trousers)",General,verb
kuhinyahinya,"to crumple, (also to beat up a person or animal)",General,verb
kuhinyirra,lift up clothes being worn. e.g when going through water,General,noun
kuhiriita,"to snore with breathing problems, like someone with asthma",Health & Medicine,verb
kuhirimbura,to chop up in big pieces,General,verb
kuhoisa,"to go dry, to stop yielding",General,verb
kuhomooka,"come off, peel off, as of a plant",General,verb
kuhona,"come slowly, to get out of a problem",General,verb
kuhonda,"to pound, to hit with a shoe, a hammer or any other hard thing",General,verb
kuhondaho,make a hard but discreet reminder/to hit on something/to hit a little,General,verb
kuhonontoka,sticky liquid dropping out at once (as for a mucus from a nose),General,noun
kuhonontora,"to drink indiscriminately, steeping in wet dirty surfaces",General,verb
kuhooka,"to escape unhurt, use of abusive language, to be stubborn",General,verb
kuhoora,to avenge oneself/take revenge/to get market dues,General,verb
kuhooza,to be made to pay dues,General,verb
kuhora,to get cool/to become cold/to lend,General,verb
kuhota,"twist, to prepare local strings for a house frame",General,noun
kuhuga,"to be muddle, especially headed due to old age or mental problem",General,verb
kuhuguka,to fall over (esp for cooking stones and grinding stones),General,verb
kuhuguta,"to blow over, as for fire, wind, coldness",General,verb
kuhugutana,to forget due to many thougts/activities/sickness and old age,General,verb
kuhukurwa,"to be eaten by weevils, of beans, maize",General,verb
kuhuma,"not able to see properly due to darkness(blind) also a cow, goat knocking someone",Common Animals,noun
kuhumagira,not able to see / reason / decide,General,noun
kuhumba,"go mouldy (as used for bread, cassava)",General,verb
kuhumbiika/kujumbiika,to bake into hot ash,General,verb
kuhunda,to decorate with beads/bead work,General,verb
kuhunguka,"turn aside on the way, call in at",General,verb
kuhungura,to throw away or to reject,General,verb
kuhunguutuka,"to become mentally disturbed, to be mad",General,verb
kuhungya,"slashing off make something turn around rapidly, e.g.a hand turning a wheel, to swirl, to swing",General,noun
kuhunika,to keep grains in a granary (especially of millet),General,verb
kuhura,body disorders causing dislikes (especially of pregnancy/sickness),Health & Medicine,noun
kuhurra,(i) to hear (ii) to obey,General,verb
kuhururwa,to sob due to intensive pain,General,verb
kuhuruutuka,"to move away with fright, the heart beating very fast; blood coming out very fast",Biology,verb
kuhuruutura,"send off hurriedly, flog, pull off",General,verb
kuhuuha,to blow out (a candle),General,verb
kuhuuhuura,"to blow up in the air (as for smoke, feathers)",General,verb
kuhuumuza,(i) to console (ii) to cause to rest or retire,General,verb
kuhuuna,to grunt (either lor approval or in prolcsl),General,verb
kuhuuta,to sip without a straw,General,verb
kuhwa,(i) to lose physical or moral strength vi (ii) vi to be finished,General,verb
kuhwamu,(i) to be used up (ii) to become thin/weak,General,verb
kuhwerra,"to decrease (as of water getting dry while boiling, becoming small in size)",General,verb
kuhweza,(i) to see clearly (ii) vi to become more knowledgeable/ developed,General,verb
kujaahiika,have unnecessary belongings/ wealth/luxurious life,General,noun
kujabirra,to be a busy body or to be excited,General,verb
kujabura,to take food out of a pot before it is ready of serving,General,verb
kujagarra,(i) to be silly (ii) to spread out,General,verb
kujanjaba,to nurse or to look after,Health & Medicine,verb
kujenjeka,"to tie loosely, something not firm",General,verb
kujolega,to make dirty or wet,General,verb
kujonjoma,to speak through one's nose,General,verb
kujuba,(i) to get wet (ii) to weed,General,verb
kujubunguza,to wash in a hurry (Rt) wash in last clean water,General,verb
kujubura,to wash in the last clean water (to rinse),General,verb
kujuga,"the talking of cows, goats, sheep (ii) vi to pay dowry",Culture And Tradition,noun
kujugutnira,(i) to become excited (ii) to shiver due to coldness,General,verb
kujuguta,to roast unpeeled bananas directly in the fire flames,General,verb
kujumburra,use of traditional herbal medicine,General,verb
kujumbuutuka,to suddenly get up and dash away,General,verb
kujumira,talking of animals (especially cow calling its calf),Common Animals,noun
kujunga,to extract juice usually from banana or other fruits,General,verb
kujunjubura,to bite while pulling (as of a dog),Common Animals,verb
kujura,(i) to long for (ii) vi the setting of the sun,General,verb
kujwa,(i) shine (ii) flow (iii) bleed,General,noun
kujwaha,(i) to be tired (ii) advanced pregnancy,Health & Medicine,verb
kujwalirra,to be on a hurry to leave,General,verb
kujwambura,"to be active, to hurry",General,verb
kujwikiz,to grab and squeeze painfully,General,verb
kukaba,"to pass away, to be exhausted, to breathe the last, to die",General,verb
kukaikura,"to grow old, of an old woman",General,verb
kukama,(i) to milk (ii) vi to curdle/go bad,General,verb
kukamuka,"not to have any humidity, dry, not danys",General,noun
kukamba,to have an unpleasant sour and sticky taste (as of a raw banana for wine),General,verb
kukangaza,"to be restless, over smart, to walk quickly and aimlessly",General,verb
kukankabura,to flower (used for bananas),General,verb
kukarangatana,to carry a lot of things or to do a lot of work,General,verb
kukatura,"to: rapture, snap, swindle, cheat, devour, extort, bit, plunder, ravage, rend",General,noun
kukeeha,(i) to grow small (ii) to become less /decrease,General,verb
kukeekeeya,(i) to sieve (ii) to persuade cunningly,General,verb
kukeka,to have an unpleasant acidic and sour taste (as of sour banana wine),General,verb
kukenka,sour banana wine lacking sorghum for fermentation ( a kind of vinegar),General,noun
kukenya,to throw down a heavy thing with a bang,General,verb
kukenyera,painful noise of a sick person,General,noun
kukenyuka,(i) to die suddenly (ii) to break into two pieces,General,verb
kukiika,to have an indigestion after over - eating,General,verb
kukiiklra,to take in the arms (esp. of a baby),General,verb
kukina,"to trot, (to run very fast (as for calves)",General,verb
kukinga,"excel ,to be better than someone/ something/ others",General,noun
kukira,"to become better, to heal, to recover",General,verb
kukiraanura,"to adjust, to clear, to clarify",General,verb
kukoba,to combine or to join effort,General,verb
kukogota,to be old and hard (for pumpkins,General,verb
kukoikya,"to ask riddles also discussing, debating",Storytelling And Narratives,verb
kukoma,to come across some lost item and pick it up,General,verb
kukondoma,to squat while bending (ii) to be very weak or helpless,General,verb
kukonkobora,"to remove/pull off (used for groundnuts, bananas, maize)",General,verb
kukooka,"to crow, of a cock",Common Animals,verb
kukookera,carry many things at once under the armpits,General,verb
kukookoota,"be shriveled or paralyzed, to grow very old",General,verb
kukoota,(i) to eat uncooked food (ii) to become a bully,General,verb
kukoroga,to stir (used of sugar in tea) or coffee,General,verb
kukubuka,to turn from the main road,General,verb
kukubuutuka,to turn back to where one is coming from or to take another way,General,verb
kukugira,to finish off or to trim,General,verb
kukulirra,"to gradually grow old or mature when such a state is not yet desirable, (of a plant or animal)",General,verb
kukuma,to collect things together in a heap,General,verb
kukukumara,"someone squatting, sitting or being in a place where he is",General,noun
kukukumba,"to gather things together, esp those which appear of little value, to take away everything",General,verb
kukunama,"to expose oneself indecently, esp. tending to show one's private parts from behind",General,verb
kukunkumuka,"(i) to be shaken off (ii) drop off , of fruits",General,verb
kukunkumura,to shake off (as of soil from weeds),General,verb
kukunya,to squeeze dirt or liquid out of something,General,verb
kukunzikana,"having indiscriminate sex, having many sex partners",General,noun
kukurata,(i) to go after or to follow (ii) go to attend a meeting,General,verb
kukuruubana,to drag a heavy thing,General,verb
kukuuka,to fall out of the handle,General,verb
kukuuma,of hardened millet meal which is prepared with insufficient water,General,noun
kukuuyuuya,clear a garden for sowing,General,noun
kukuutira,(i) to convince (ii) to weed,General,verb
kukwana,to have sex outside marriage,General,verb
kukwata,(i) to hold (ii) to arrest,General,verb
kukyanganuka,(i) to be clear (ii) to be happy and settled,General,verb
kukyora,(i) to return (ii) to get stomach pain,General,verb
kuleega,"tighten, to look for free food or drink form a neighbour",General,noun
kuleetana,to get dark/rain clouds in the sky,General,verb
kulegeka,to arrange a grinding stone,General,verb
kuleha,"to pay for damages, fine",General,verb
kulema,(i) to fail to complete (ii) to rule,General,verb
kulemeera,(i) to be heavy also (ii) to be pregnant (for a woman),General,verb
kulenga,"(i) measure, weigh, test (ii) vi setting of the sun",General,verb
kulera,"to rear (a child), to nurse a baby",Health & Medicine,verb
kulerengura,"to cause one to vomit by pushing a finger into the mouth, down to the throat",General,verb
kuliirra,"grow very tall, be overgrown",General,verb
kulinga,"to throw in dirt, roll in mud, spoil; make round, mould",General,verb
kulingiirra,"to make round, roll round",General,verb
kuma,"to wrap up a corpse; collect, gather, pile together",General,verb
kuligasa,to lick (as used of animals with their young ones),General,verb
kuligira,"to fall in love with, admire",General,verb
kuligita,run with heavy steps/patter (of feet),General,verb
kulinda,"look after, watch, keep, wait",General,verb
kulya,i) to eat (ii) to irritate,General,noun
kulyebalyeba,"to flatter, to persuade with flattery",General,verb
kumba,"to roll, fall over; walk with airs, show off, swagger",General,verb
kumba,to join together for a purpose,General,verb
kumbagara,"to roll over, fall over, be rolled along, run (e.g. hoop)",General,verb
kumiirra,"to prevent people entering, stop cows crowding, refuse admittance",General,verb
kuna,be courteous; to restrain from doing something in the normal way because one is with or among people whom he/ she respects,General,verb
kuna,"to entertain feast, be hospitable, polite",General,verb
kunira,"to overlook a fault, spare",General,verb
kunama,"to expose oneself indecently, bend with head to ground",General,verb
kunaoara,"to project, be prominent, be exposed",General,verb
kumagamaga,to look left and right unsettled,General,verb
kumanyiira,to get used to/ accustomed to,General,verb
kumara,(i) to finish (ii) vi to be enough,General,verb
kumera,to germinate and come out of the soil (used for plants),General,verb
kumigiza,"to hold back (especially of urine, tears)",General,verb
kumiringisa,to gulp/to swallow very fast,Common Animals,verb
kumooma,"to cover a large space /spread in large numbers (as of red/brown ants, mushrooms)",General,verb
kiitnulika,to direct light used of torch or lamp,General,verb
kumwagarra,to fall down slowly in a sitting position as if in a deep sleep,General,verb
kumyora,to kill by squeezing the throat,General,verb
kumyotora,to break off something by twisting (as for millet-meal),General,verb
kunaanuuka,to be free from tight ropes/hand grips,General,verb
kunaga,"(i) to throw away (ii) to lose, to drop",General,verb
kunaiga,walking quickly in panick or confusion,General,noun
kunana,"to be stiff, hard, to be numb",General,verb
kunanuka,to be convinced beyond doubt,General,verb
kunduuka,"to drag oneself up,rise with difficulty",General,verb
kunga,"to call aloud to (in distress), cry a loud",General,verb
kungubara,to lie uncovered ; to bulge,General,verb
kungulika,"to be partially covered, be exposed",General,verb
kungulika,"plant with little earth, leave exposed, leave something put in unsafe place",General,noun
kkungura,to bring bad luck to,General,verb
kunguuta,to blow hard (strong wind),Nature & Environment,verb
kunira,"to feast, entertain, be polite to",General,verb
kunisa,"to feast, entertain, garnish, adorn",General,verb
kunjuuka,"to lose hair or fur, moult; be rough (skin)",General,verb
kunkumuka,"to be shaken out, be unfurled, fall when shaken or blown",General,verb
kunkumura,"to shake off, shake out, shake down",General,verb
kunena,to gnaw (ii) to feel pain,General,verb
kunia,"to stool, defecate. In polite language",General,verb
kuniagira,"to stagger, walk unsteadliy, to more carelessly",General,verb
kuniha,"to get more than enough, get tired of",General,verb
kuninga,"to give too much love, to pamper",General,verb
kunoga,"to pick up from a stem, (as used for fruits, vegetables) general for picking/collecting",General,verb
kunogorra,to remove beans/ groundnuts from the plants,General,verb
kunu,"join. word, and (introducing negative clause or opposing statement), whereas, yet, though, usu., with the word kandi",General,noun
kunumbwa,"to have internal pain, feel hurt",General,verb
kununkiirra,"to reach after, stretch forward for",General,verb
kununukire,"to come up (esp. mushrooms) bud, begin to sprout",General,verb
kunuunkiize,to stand on one's toe and stretch ann to get something,General,verb
kunya,to remove millet from husk (in hands or with feet on winnowing tray); rub cloth against itself to free it from dirt when washing,General,verb
kunyubura,"to free from skin or husks, clean thoroughly",General,verb
kunyuka,to be freed from skin or husks; be shameless; come out (hair),General,verb
kunyura,"to free from skin or husks, to clean thoroughly",General,verb
kura,"to grow, grow up, become mature, get old",General,verb
kuraatira,"to follow, come after, accompany",General,verb
kunuga,"to be disgusted, to ignore, look down upon",General,verb
kunulirra,to be sweet (as for sugar),General,verb
kunwagaara,"to look puzzled, to appear to'be taken up by something",General,verb
kunyaata,to eat food without stew or sauce,General,verb
kunyaga,"(refusing to pay back debts, (ii) to swindle/ embezzle",General,noun
kunyegerra,"to report something bad, to go to court",General,verb
kunyuunya,to suck (as used for sweets),General,verb
kunyuunyuguza,suck out the juice (eg from sugarcane),General,noun
kunyuunyuuta,share somebody's wealth without one's own contribution exploit,General,noun
kupagasa,to be hired to work,General,verb
kupakuka,"walk quickly, with energy and withouth elegance",General,verb
kuraama,"advise from one's death bed, choose a heir, one's last words (ii) strong request",General,noun
kuraara,"(i) spend a night, live at (ii) sleep without super",General,noun
kurabukya,to be sharp and quick in doing something,General,verb
kuraga,(i) to say goodbye (ii promise,General,verb
kuragaana,(i) to agree (ii) promise,General,verb
kuragaza,"blot out, erase, clean off",General,noun
kuragira,"to order, dismiss, let got, give instructions",General,verb
kuragura,"prophesy, predict (of a diviner)",General,noun
kuraha,scratch (as used of chicken,Common Animals,noun
kuraihya,"make something longer, taller (ii) vi to sleep, of a king (Pal)",Governance And Administration,verb
kuralika,to cut things in large numbers and spread them out to dry (as of trees),General,verb
kuramara,something being laid down straight,General,noun
kurambikiriza,to stretch out while seated,General,verb
kuramura,"to stop someone from fighting, separate fighters",General,verb
kurarangya,"(i) to scatter ( as of seeds, chicks) (ii) to spread, propagate",General,verb
kurarra,"to sit on eggs, incubate eggs",General,verb
kurasa,to cause to follow; bear a second child,General,verb
kurata,"to assemble for debate, attend a council, pay respect to a superior;follow,be next to a born child (order of births)",General,verb
kurokoka,to be saved (as used by Christians),General,verb
kuromba,to ask for free things (especially of beggars),General,verb
kurongoora,give out money in return for food items brought as a gift,General,verb
kuroota,(i) to dream (ii) to keep bananas for sometime (half-ripe),General,verb
kurubata,(i) to tread on (ii) vi to walk,General,verb
kurubya,"to run away with, to remove quickly",General,verb
kuruga,"(i) to come from, to start from, to leave",General,verb
kurundura,"to scratch, to make a groove",General,verb
kuruka,"(i) to weave, knit (ii) to name",General,verb
kuruma-obugigo,"to keep grudge, bitterness, to get determined",General,verb
kurumika,to cup bleed - suck out blood through a horn,General,verb
kurumira,to be gritty (contain some hard particles unpleasant to the tooth eg stones in rice),General,verb
kurumura,to give an antidote for a bite (eg from a snake-bite,Common Animals,verb
kurunda,"(i)to heap up (ii) vi to be in a pill, in a heap",Health & Medicine,verb
kurunga,"to season food/ stew, improve upon",General,verb
kurungutana,"to be busy with work; make false promises, deceive, tell tales",General,verb
kuruuta,"to scrub, scrape, rub very hard",General,verb
kuruutiirra,to rub (millet) to free it from outer husk,General,verb
kururuma,to rumble (used of water-fall),General,verb
kurwara,(i) to become ill (ii) to be in menstruation periods,General,verb
kusaaba,to be stuck (as in the mud),General,verb
kusaaga,"to be plenty, left over",General,verb
kusaara,(i) to pray (used by Moslems) (ii) vi noise of water before starting to boil,General,verb
kusaasa,"(i) to be in pain, be unwell (ii) to be worried, be sorry, sad",General,verb
kusaba,"to pray as for Christians ,ask for, plead",General,verb
kusabika,"to boil herbal for sun-drying (grasshoppers, white ants, egg plants)",General,verb
kusagura,to use a pillow to raise one's head as one lies down/goes to bed,General,verb
kusaka,to collect food items from another place,General,verb
kusambagana,"kick, stamp, writhe in agony",General,noun
kusandaara,"to overflow,to sing and dance expressing happiness",General,verb
kusangirra,"cover head to prevent from as of umbrella, head cloth, hat",General,noun
kuta,to begin to crawl (baby),General,verb
kutakuta,to lie inao uncomfortable place; to bend low before a superior,General,verb
kuuba,"to rub hard, to rub in",General,verb
kuuka,come out of handle; come from water (cattle),Common Animals,verb
kuuma,"to be hard, solid (oburo cooked with insufficient water)",General,verb
kuumuuka,"to be mealy (sweet potatoes), be crumbly; walk away insolently, be rude",General,verb
kuunumbwa,"to have internal pain , feel hurt",General,verb
kuunuuna,"to be stunted, weak in growth, dwarfed",General,verb
kuunyura,to pull out hair or feathers,General,verb
kuura,to smell nice (women's scented garments); to come to an end (King's feast),Governance And Administration,verb
kuura,"to draw along the ground, drag, pull, tug",General,verb
kuurra,"to draw along the ground, drag, pull, tug",General,verb
kuurruza,"to drag along; roll letter (r);k. amaguru, shuffle along",General,verb
kuuta,"to rub hard (floor) with brush, or any other material; to tum over surface earth, to remove weeds",General,verb
kuuyuuya,to rub wings of termites; to smooth over earth and remove all unwanted litter,General,verb
kuya,"to rub, brush, mulch cow so as to remove dirt from it",Common Animals,verb
kusansuma,to remove small quantities of banana juice for one's own consumption and leave the rest for sale when fermented to become wine,General,verb
kusara,"to cut, early signs of sunlight",General,verb
kusarra,"to be bitter ,to remove unwanted banana leaves from a sit banana tree",General,verb
kusasa,to spread/scatter seeds to a particular space as of nursery beds,General,verb
kuseeka,to become small or thin,General,verb
kuseerererwa,"bananas, potatoes cooked with beans and being fully immersed in the beans stew",General,noun
kuseesa,"to pour ,to pull down a house, to urinate",General,verb
kuseetura,to take cattle out in the morning to graze,Common Animals,verb
kusegesa,"to winnow used of beans, millet",General,verb
kusekura,"to pound ,to beat heavily",General,verb
kusemba,"to wrap with a bandage,to support someone's ideas",General,verb
kusemeza,"surgical operation , put right, please, interest, improve, beautify, mend, clean",Health & Medicine,noun
kusenga,to live with and follow somebody's ways,General,verb
kusenjura,walk very slowly when ill or very tired,General,verb
kusiga,"to plant , to leave behind to hide",General,verb
kusigura,"to elop with a married woman also ft one to be arrogant, stubborn",General,verb
kusiiba,"spend the day, stay, keep on",General,noun
kusiiga,"to paint, to smear oil on the body",General,verb
kusiihana,to fornicate or commit adultery,General,verb
kusiija,a male animal on heat,General,noun
kusiimuura,"to rub , to massage to clean",General,verb
kusiisa,"do wrong, spoil, sin , to pass out gas through the anus",General,verb
kusiiturra,ritual to remove bad spirits,General,noun
kusimba,"to erect, to plant , arrival of the king",Governance And Administration,verb
kusindikana,pushingmanner esp in a crowd,General,noun
kusinga,scrub (as used of pans),General,noun
kusingurwa,to be conquered or defeated,General,verb
kusirimuka,to descend /to go or get down,General,verb
kusisiimuka,"to be awake, wake up",General,verb
kusohora,special for maize and millet flowering (cultivator's language),General,noun
kusomba,to fetch one by one,General,verb
kusomboora,"pilfer steal things jokingly, usually in small quantities",General,noun
kusomora,to pull out e.g. from a bundle,General,verb
kusonsomera,to swallow a long thing very fast as of the cock with a snake,Common Animals,verb
kusooba,walk very slowly and stealthily,General,verb
kusoora,bite off as from a potato,General,noun
kusoroma,"pick from different parts as of shrubs, vegetables, maize",General,noun
kusoronga,be side by side/ in a line usually in big numbers,General,verb
kusoroora,"select, sort out, set apart, discriminate",General,noun
kusubiiriza,"repeat word per word, imitate",General,noun
kusumika,to tie knods or join two strings,General,verb
kususuura,"to remove the shred as of a ripe banana, to peel",General,verb
kusuura,"to pay a visit to, check on someone",General,verb
kusuuta,"to natter,to handle someone, esp a child",General,verb
kusweka,"to cover, to shut book",General,verb
kutaha,get water/drink/ liquid with a smaller container from source,General,verb
kutaaga,"prowl, seek pity, scream in agony",General,noun
kutaaha enju,to enter the house for the first time when it is new,General,verb
kutaaha,"to enter ,to go home",General,verb
kutabaaruka,coming back from war or from a dangerous venture,General,verb
kutabanguka,"to be mixed up, confused; to have commotion",General,verb
kutabura,"to- mix, to stir , to confuse, to disorganize , to annoy",General,noun
kutagaija,"to walk with joy and excitement, often with something good to show",General,verb
kutagangara,walking around helplessly or in a disorganised way,General,noun
kutagiza,walking aimlessly and without strength ancj trying to fulfill a task that is beyond one's strength,General,noun
kutaiga,"carrying out a difficult task with persistence, moving up and down",General,noun
kutaisa,to fail to catch something or to miss,General,verb
kutalika,to dry things by heat from fire as of meat,General,verb
kutamba,"to offer sacrifice, rescue , to heal",General,verb
kutanga,"to prevent, to stop somebody/thing from doing something",General,verb
kutebura,to flatter ironically or invite someone who is clearly unwelcome,General,verb
kuteega,to tie a belt or girdle on someone or something,General,verb
kuteera empihi,"indigestion caused by overeating, releasing bad air through the mouth",General,noun
kutegura,"to take away after use, to organize for packing",General,verb
kutembura,"to start a new place, to be a pioneer",General,verb
kutemerra,to weed a banana plantation,General,verb
kutemura,"to tear, to tear apart,to kill / murder a person mercilessilly",General,verb
kuterebuka,"slide down, to be slippery",General,noun
kuteta,to behave in a childish way,General,verb
kutiga,"to be pulled unwillingly, resist esp. goats",General,verb
kutiginyuka,"walking as one shakes lower parts of the body, esp of a well built or fat woman",General,noun
kutiika,exaggerated friendship with someone or something newly found,General,noun
kutondoora,to remove seeds from the husks esp. for fresh beans,General,verb
kutota,failure to mingle good millet (very soft),General,noun
kutuga,to strangle as of killing,General,verb
kutunama,"show used of bonesto have less flesh on the body, to be bony",General,noun
kutungama,"to be tall or raised person, hill",General,verb
kutungamira,to be on top of as used of fighting,General,verb
kutungurra,"flowering of millet, to unthread",General,noun
kutunguuta,"to be soft, not firm as of a local bridge to sway",General,verb
kutunta,"escape, come out as used of white ants",General,noun
kutuntumuka,"to overgrow as for grass, hair, to come out massively as of white ants",General,verb
kuturra,"to transmit used of an illness, to infect",General,verb
kututumbuka,to get some skin disorder swelling/ rushes,General,verb
kutuuhuuka,to eat and become very satisfied,General,verb
kutuuka,"to make a fibre ball, tie, weave",General,verb
kutuuma,"heap up , be very hot",General,noun
kutuumuuka,"to come out in large numbers, massively",General,verb
kutuura,put down a luggage from the head,General,verb
kutuuya,"to sweat ,to face challenges",General,verb
kutuuza,to die special for a king,Governance And Administration,verb
kutyongoza,point a finger at someone with anger,General,noun
kuviikiza,to grab with force as of a cat with a rat,Common Animals,verb
kuyuga,"to become loose, shaky unstable",General,verb
kuza,"to mature, bring up, rear, be guardian to; per ext., to promote, advance; v.i., to be with young",General,verb
kuzimu,"underworld, place of the dead",General,noun
kuzaagira,for cattle to rest during the day,Common Animals,noun
kuzaaha,"to leave one's country and go to stay in a foreign land far from one's home without coming back to visit one's relatives, go into exile",Geography,verb
kuzaara,"to have a child, to produce, deliver",General,verb
kuziga,blacken as of a kitchen pan,General,noun
kuziguka,"to become black ,to be annoyed",General,verb
kuziika,to bury cover with soil,General,verb
kuzitna,"to go out/off as of fire, engine",General,verb
kuzimura,return bride wealth after divorce especially money,Culture And Tradition,verb
kuzinda,"to kill by strangling in secret,to murder",General,verb
kuzindaara,"be hoarse as of the voice, to be husky",General,verb
kuzinduka,to arrive very early in the morning,General,verb
kuzira,"forbid, be taboo, be forbidden",Culture And Tradition,noun
kuzitira,enclose as of a fence,General,noun
kuzonga,"to sway as of a drunkard, to lose balance",General,verb
kwasa,"to cause to seize or take bold of; band over to, commit to; help",Art And Entertainment,verb
kwata,"to grasp, catch, seize; apprehend , arrest; commh to memory; stick to; k. mpora, be slow but sure, do carefully",General,verb
kwatakwavata,"to feel about, grope; handle",General,verb
kwatana,"to take hold of one another; be close, contiguous",General,verb
kwataniza,"to cause to meet, put in contact, work together",General,verb
kwatikana,"to be accessible , be easily obtainable",General,verb
kwatiriza,"to light (e.g. torch, fire)",General,verb
kwatwa,"be lonely; k. ensoni, be ashamed ; k. ihali, be jealous ; k. kugya aheeru, have the need to answer natures call",General,verb
kwekwekwe,"adv., intensive with seka, ku-, oku-,to laugh;word uttered by any person upon looking at twin babies",General,adverb
kwabuka,"dismiss, break up, go away",General,noun
kwabuuka,undesired movement of many people/ things at the same time,General,noun
kwajura,learning to walk(used of a baby),General,noun
kwaka,"to take from, usually unwillingly",General,verb
kwakya,"to put on fire, to light, to ignite",General,verb
kwambuka,"to cross, e.g a river , a swamp, a bridge",General,verb
kwambika-omwana,ritual done to welcome a child in the family and clan after he/she has got the first milk teeth,General,noun
kwamburra,"a traditional act of preventing bad luck by taking things at crossroads as of egg-shells, money",General,noun
kwamira,shout at (as used by cattle keeper,Common Animals,verb
kwamirra,"to call someone from a distance loudly, to talk while shouting",General,verb
kwamuka,"pass over used of the rain, clear",General,noun
kwamura,to stop rain from raining,General,verb
kwanga,"hate, deny, refuse, be obstinate",General,verb
kwanguha,"to be light in weightmovement, be easy, walk quickly",General,verb
kwanguura,to boil foodstuffs or other substances in a newly moulded pot with the intention of hardening the pot to make sure that it is no longer porous,General,verb
kwanika,to spread out to dry,General,verb
kwanjara,"to spread out, clear a garden for sowing",General,verb
kwanjuka,"to be lustful, behave in an erotic manner",General,verb
kwanjura,"introduce somebody or something, a ceremony during which a future bride introduces her fiancee to her family",General,noun
kwanjuza,walking when you are sick or very tired/ old/lazy,General,noun
kwanuka,"to lose weight, become thin or lean",General,verb
kwara,"to make (abed), spread (a mat)",General,verb
kwebembera,"lead, Ruide, command, be infront",General,noun
kwebumba,"to close used of flowers, to sit with closed legs",General,verb
kwecunda,doing things at a slow pace,General,verb
kwefiisa,deny oneself of good things,General,noun
kwefookoora,"go back to one's promise, to change in behaviour or attitude",General,verb
kwefubika,"wrap oneself up protect against coldness, wear extra warm clothes",General,noun
kwegeka,put/lay something down carefully without throwing/dropping it,General,verb
kwegonesa,"to feign sleep, to pretend to be asleep by snoring",General,verb
kwegura,to impress somebody for favours,General,verb
kwehayo,"offer oneself for, devote oneself for",General,noun
kwehemba/kwepanka,"to be proud, to put on airs",General,verb
kwehenenga,"over work, be restless, go to and fro, to be determined",General,noun
kwehiga,"to move aside, avoid, dodge",General,verb
kwehigika,"to lean on, share a small space or seat",General,verb
kwehikya,"to show off, cling on, draw near, come uninvited",General,verb
kwehurra,"to show off, think of oneself only, be selfish, be conceited",General,verb
kwehuuba,"to swing on rope, go to and fro, walk swinging or proudly",General,verb
kwehuuta,"to walk fast, go fast, with energy",General,verb
kwekobera,unite against one person fight,General,noun
kwekoma,to be fond of stealing,General,verb
kwekooka,push of air from the stomach leading to vomit,General,verb
kwekoroza,"announce one's presence by coughing, cough intentionally",General,noun
kwekuliiriza,"to be big headed, boastful, wanting to be in positions higher than where one belongs",General,verb
kwekuma,"to be well organized, well behaved",General,verb
kwekuuma,"to chew the cud, to ruminate",General,verb
kwekuusa,to rub against as of a goat against a tree,Common Animals,verb
kwemererwa,"to have pain in one's ribs, chest",General,verb
kwemya,"to mount used of rattle, goats",General,verb
kwenagiriza,to be negligent.not to care about oneself,General,verb
kwenegyanegya,to pretend to be weak,General,verb
kwenguka,to be burnt red hot,General,verb
kwerahirra,"to warn, to swear to get at somebody",General,verb
kweranga,a ceremony during which a future bridegroom is introduced to the girl's family,General,noun
kwerunga,to induce to be liked,General,verb
kwesengereza,"to plead, to beg, to pray",General,verb
kwesera,to take cattle for watering also water to boil,Common Animals,verb
kwesiima,"to be thankful, to be lucky",General,verb
kwesimbagiriza,to walk with a stick as support,General,verb
kwesunga,"to play about ,to be stubborn",General,verb
kwetamika,put food in one's mouth mechanically,General,verb
kweteerateera,"to search everywhere in the house/ pockets for whatever money, food or drink that is available",General,verb
kweya,"to clean up an animal shade, to sweep",General,verb
kweyanduura,be very slow in doing something,General,verb
kweyemerezaaho,"being creative, working very hard",General,noun
kweyijukya,"to regret, be remorseful, wonder why",General,verb
kweyoleka,"to show off, come uninvited",General,verb
kwezigotoora,to creep around a tree,General,verb
kwezinga,"to twist, curl up, roll up",General,verb
kwezingiza,"wind something round oneself, roll around",General,noun
kwezirigitirra,rub where it itches or where there is a swell,General,noun
kweziiringirra,to get determined to do something,General,verb
kwibika,to dip or to soak,General,verb
kwibura,"to take out something solid from gravy and eat meat, mushrooms, egg plant",General,verb
kwigaliriza,to shut up/ prevent one from talking or being understood,General,verb
kwigama,to get shelter from rain,General,verb
kwiha,"to remove, to take from, to uproot",General,verb
kwihurra,to remove/to take away to another place used of tethered animals,General,verb
kwijukura/kwijukuza,to take up after an adult,General,verb
kwijura,"to be filled, to be complete",General,verb
kwikiriza,"to accept, agree, allow, believe",General,verb
kwikoora,to warm up left-over millet for consumption,General,verb
kwimuka,"to get up, rise, wake up, develop",General,verb
kwinamirra,"to bow down, to be sad, to be down-cast, to be shy",General,verb
kwinangira,"to shake the head, turn the neck",General,verb
kwingirra,"to marry a widow, marrying a widow of one's own late brother or father",General,verb
kwinuka,"finish for the day/knock off, return home after a day's work",General,verb
kwinunura,a child getting the first milk teeth,General,noun
kwiragura,to be dark or black,General,verb
kwiturra,"pour off, separate milk from ghee in the ghee making process",General,verb
kwomoka,"to go quietly, stealthily, steal away",General,verb
kwoha,"to push, to persuade, to cast a spell",General,verb
kwiguta,"to be satisfied with food persuade, to cast a spell forcing someone to do bad things",General,verb
kwohya,to tempt someone to do something forbidden,General,verb
kwomerana,"to dry up with, as for a wet goat skin drying up before removing some scraps of meat and fat from it",Common Animals,verb
kwona,"all of it,animals eating up crops",General,noun
kwongera,"to continue, to add, to repeat",General,verb
kwongosa,to make embroideries for decorations for garments; to weave sweaters/table clothes,General,verb
kwonka,"adv., naked, without, in one manner",General,adverb
kwotora,to take by stealthily; to break off and eat a large piece (of oburo),General,verb
kya,"to be over, to pass (rain or darkness), clear up (rain); to dawn",General,verb
kya,"tense paticle or affix (or -ki-), in indefinite, present imperfect and present perfect tenses. It imparts some new meanings to them",General,noun
kyabboora,a plant like wild spinach,General,noun
kyagyo,cooked and eaten with a relish,General,noun
kyaba,"to cut off ends, trim; stop, prevent, tum, refuse to greet; refuse to perform (King)",Governance And Administration,verb
kyahi,skin or cloth for baby's bed,General,noun
kworoba,"to be soft ,to be obedient",General,verb
kwoya,"to hanker after, long greatly for eating a particular dish",General,verb
kyali,"place where birth takes place (esp. used of womt:n, cats and dogs), labour ward",General,noun
kyalinga,"worthless person, good -for- nothing",General,noun
kyama,"to bend, to curve, to be crooked",General,verb
kyamiirra,"to go and meet (esp. cows), fetch back in the evening",General,verb
kyamukire,"to be turned into right path, be turned back",General,verb
kyamura,"to tum into right path, tum back",General,verb
kyana,"child off spring, fruit; eky. J..y . 'ensekuro, pestle",General,noun
kyanga,tall spear with long handle,General,noun
kyangange,lily with red and white striped ftowers,General,noun
kyanganuka,blossom; to rejoice; at dawn,General,noun
kyanganukUrra,be dawned along the way,General,verb
kyanganura,"to make joyful, make to rejoice",General,verb
kyasa,cow with a white blaze on the forehead,Common Animals,noun
kyayaaya,variety of plantain (gonja) with a few clusters of very large fruit,General,noun
kyanamira,king's drum beaten at 9 p.m,Governance And Administration,noun
kyano,depression in front of neck,General,noun
kyanzi,"narrow mouthed wooden vessel for milk, milk pail",General,noun
kyaruka,"to return, come back (unwelcomed)",General,verb
kyebaaga,an epidemic of sores which spread about 1891,Health & Medicine,noun
kyebeba,to eat away (as termites),General,verb
kyebu,"corner of cloth, skin, etc",General,noun
kyefeera,animal that has died a natural death,General,noun
kyegasaigasa,"legendry being that appears at night, mysterious person; fairy",General,noun
kyeyera,one of bald patches at sides of head,General,noun
kyeyombckiire,"independent woman who rents/builds her own house, harlot",General,noun
kyegeza,type of potato which is very soft when cooked,General,noun
kyejwiso,"flow, issue of blood, hemorrhage, menorrhagia",Health & Medicine,noun
kyemeerro,a person of reasonable size/height,General,noun
kyemerezi,"pain in the side, pneoumonia",General,noun
kyeojeezi,barkcloth bag for bride's perfume and ornaments; vagrant,General,verb
kyogero,cooked herbs for newly born baby,General,noun
kyohyo,"temptation, poison given by witchdoctor",General,noun
kyokujwara,"garment, a piece of clothing",General,noun
kyokuzaanisa,"something to play with. toy, doll,ball etc",General,noun
kyokwega,"the subject matter, a case study",General,noun
kyokwerinza,"anything that can protect one from being harmed , a weapon or an annour, etc",General,noun
kyokwesweka,things to cover one e.g. beddings,General,noun
kyomeezi,"living thing, have life, be in good position or in good health",General,noun
kyora,"to go home at night, come back,come to drink(cattle)",Common Animals,verb
Kyosanio,name given to destitute person,General,noun
kyotero,"clay mortar with hole in centre, in which perfume is burnt",General,noun
kyosanio,name given to a destitute person,General,noun
liisolikooto,title of the creator-Big Eye,General,noun
"limu, limu na limu","once, once in a while",General,noun
lyona,"all of it to address a dignified woman, also used as an endearment for mother, my mother",General,noun
maamaata,"to grope about, feel one's way",General,verb
maamaino,thank you (used by the Royal household and Abahuma),Governance And Administration,noun
maani,"strength, force, violence, authority, might",General,noun
maanyura,"to pull out, pluck (e.g. feathers of fowl )",General,verb
maarra,"to finish, use too much of",General,verb
maarwa,"wine made from plantain juice, mixed with sorghum flour, often referred to as beer; any intoxicating drink including spirits",General,noun
maata,to wander about in a dazed condition,General,verb
maawento,"my mother's sister, maternal aunt",General,pronoun
maaya,to search forsomething everywherewithout any good result,General,verb
mabandwa,practicing divination when possessed by omucwezi,General,noun
mabona,species of onigusuun1; eyes (used only of King),Governance And Administration,noun
mabwa,words of praises for cattle,Common Animals,noun
mabya,craving for salt water (used of cattle),Common Animals,verb
macura,"youngest child, lasl of family",General,noun
madeku,; unpeeled beans cooked and pounded,General,noun
madoli,"eyes, used as insult; am. ge, what ugly big eyes he/ she has",General,noun
madudu,large poisonous plant with white trumpet shaped flowers and swollen fruits containing a milky ju ice used for trial by ordeal and said to cause madness,General,noun
madekwa,mashed beans stew without removing the beans' outer skin,General,noun
magamaga,"to look about, look from side to side, be inattentive",General,verb
magaramn,fall or lie on one's back,General,verb
magati,middle child in the orderof birth in a family(bom by same father and same mother),General,noun
magaza,"to look about, be restless, fidget",General,verb
magunga,; milk of cow which is about to go dry,Common Animals,noun
maguru,"legs; am. ag 'ebitege, bandy legs",General,noun
mahembe,"horns; syphilitic swellings on knees, elbows or buttocks;decorations on handcrafts",General,noun
mahindabijumiro,plant with white flowers and large hairy leaves (Pentas verticillata),Nature & Environment,noun
mabuukya,variety of millet (buro) light in colour,General,noun
mahiiha,name given to the hyena,Common Animals,noun
mahyo,congratulation to hunters and herdsmen,General,noun
mahyo,; large flocks or herds,General,noun
maiba,"doves, pigeons; ita am. doze",General,noun
maijaleero,creeper with edible fruits Like beans,General,noun
mainaro,;poverty (after being well oft),General,noun
mairu,"intense desire for (meat), craving, appetite; eczema of the ear",General,noun
maitwe,men marrying in the same family,General,noun
makamba,"sap of trees, latex, stickiness",General,noun
makatara,"set task, piece of work",General,noun
makebe,"east coast fever, a disease of calves; fat cheeks",General,noun
makeerre,"rasp berries, mulberries (ntbus pinnatus var. afrotropicus)",General,noun
makenga,"pretence;rora am., kirago, pretend to be asleep, look slyly",General,noun
makire,illness of women caused by sexual excess; occurring at time of being delivered,General,noun
makune,"feasting, hospitality, generosity, politeness, courtesy",General,noun
makura,disease of goats an sheep,Common Animals,noun
makuru,"sense, interpretation, news or information",General,noun
makutu,"; side path , short cut",General,noun
malaika,"angel, often used as a metaphor for a lover",General,noun
maleere,"a bird which eats chicken, kite",Common Animals,noun
malengo,illness of one who is bewitched,General,noun
mali,"adv., yes, indeed, truly, really, certainly",General,adverb
maliiriza,"to finish off, complete, bring to an end",General,verb
maliirra,"to finish completely, decide, determine,purpose, be sure",General,verb
malindwa,cattle flocks (of chief) herded by others,Common Animals,noun
malize,be about to do or happen (invariable),General,verb
mambunviga,"swelling of the cheeks, mumps",Health & Medicine,noun
mambuuraine,"to go over, to help each other i.n crossing the river hence the saying",General,verb
mamya,millet soaked in water to make it germinate,General,noun
maneera,larvae of carrion and other flies,Biology,noun
manga,gap in a fence; bareness (when ornaments are taken oft),General,noun
mangigma,; sensation of teeth being on edge,General,noun
mankinda,honey with grubs in it,General,noun
manyindo,he has a big nose,General,noun
manya,expression of uncertainty about what is being done or is taking place,General,interjection
manya,"to get to know, find out, learn bow to do, understand",General,verb
manyama,reply made by a bunter when his wife welcomes him home from hunting,General,noun
manyiikirizo,"sign, seal, label (set for indentification)",General,noun
manyiira,"to be used to, grow accustomed to",General,verb
manyliza,"to make familiar with, keep someone company (e.g. as female relatives do for a bride)",General,verb
manyisa,"to make known, instruct, inform, explain, describe",General,verb
maraka,"voices(used in pl.); throat, laymx",General,noun
maraoga,"lilies, rays (of sun), beans",General,noun
mararaogabu,", die in exile, die without care from anybody",General,noun
marogoya,"swelling in the groin, bubo",General,noun
maruoga,scarlet seeds of omuko tree,General,noun
masarule,person with cuts on the cheeks,General,noun
masiira,silk stitching on front of ekanzu,General,noun
masiirra,; place where edible grasshoppers have already been caught,General,noun
masiitale,illness of twins or relatives supposed to be caused by omitting to perform all the usual ceremonies,Culture And Tradition,noun
masiko,"hope, situation of uncertainty, suspense, expectance, perplexity",General,noun
masiko,name given to the last child in the list of names that are given to children who come next to twins,General,noun
masirimuka,"erroneously used to mean south. The error came about as a result of hanging the map on wall when teaching the four cardinal points, whereby the North was indicated by the top part of the map and the South by the bottom part",General,noun
masohi,; beer made from maize,General,noun
masongezo,syphilitic swellings of the joints,General,noun
masonsolya,. at the lop of a tree,General,adverb
masoro,"small, glistering, lumps of salt",General,noun
masuka,"; (of a trap), to spring off",General,noun
mararangabo,dying a destitute in another place away from home,General,noun
masaka,"Okusaka, to go and work for food or looking for food from far, bush: an area of land covered with natural trees and grasses. Pl: ebisaka",General,noun
masurubbu,"whiskers; am. g 'enjangu, (of ,.:at, etc.)",General,noun
masuuka,outer cloth for women which is worn with a dress (traditional wear);bed sheets,General,noun
mategura,a kind of dance (the dancers wear leaves and rattles),General,noun
matembero,"ladder, stairs, scaffoldings; stages through which a person passes before he/she reaches the hightest office",General,noun
matenganene,"red edible berries, wild cardamons",General,noun
matuka,"to jump up quickly; talk with unnecessary noise or force, talk incessantly",General,verb
matura,"to raise up quickly, to lift, to heave",General,verb
matuuti,;mounds of earth where potatoes are planted,General,noun
matamacwera,uncontrollable in times of anger,General,noun
mawiino,long hairs from giraffe's tail (used for mng bracelets. etc.),Common Animals,noun
mazi,"dung, shit, faeces, stool (=mafaakubi, a-)",General,noun
mazomba,"ringworms, spotty skin disease, rash",Health & Medicine,noun
mbaagwa,money paid by a chief on his appointment ; money paid by a tenant to a chief after being given,General,noun
mbaara,"blood sucking fly, species of edible termite (black)",Common Animals,noun
mbabazi,";grace, mercy, kindness, sympathy, etc",General,noun
mbaigo,cuts on the forehead (for decoration),General,noun
mbaijo,"small curved tool, adze; emb.abaija, an adze chops wood",General,noun
mbaire,"bossom friend, lover (=mugom)bwa, o-)",General,noun
mbaju,"side, rib; nearly ripe beans",General,noun
mbaki,boy or girl nearing age of puberty,General,noun
mbakyo,; gourd used as a beer container,General,noun
mbali,; broken piece (of hard thing) chip,General,noun
mbande,spear with blade concave in the centre,General,verb
mbandwa,"medium , diviner, one supposed to be possessed by a mucwezi",General,noun
mbarabara,"cow tick, tiny grass tick, mite",Common Animals,noun
mbata,level ground at base of mountain,General,noun
mbeho,"; cold, wind, draught, air",General,noun
mbilhyo,dirt in a milk-pot or chum,General,noun
mbindo,large earthenware bottle for beer,General,noun
mbira,; circlet of beads or seeds worn round the waist,General,noun
mbiso,"pit for storing food,or where plantains are put to induce their ripenning",General,noun
mbobo,; tuft of cow's tail; fiywhisk,Common Animals,noun
mboijo,take dispute to wife's father to settle,General,verb
mbooabibi,"a great sufferer, one wbo has lost all relations",General,noun
mbooga,"a place that is an overflow form the parent, check booga",General,noun
mbonekyo,King's drinking cup and smoking pipe,Governance And Administration,noun
mbuga,"salt lick, bot salt spring",General,noun
mbudeera,rotten stump of plantain tree,General,noun
mbumbaatizi,"; sitting hen, broody hen",Common Animals,noun
mbumbullke,; small plump cow or other animal,Common Animals,noun
mbungibungi,"one who is always visiting, idler",General,noun
mbungu,"small boring -beetle, = emung u",General,noun
mburabule,; one who has lost all relations,General,noun
mburara,long wavy grass with red flowers that grow on hills and in stoney ground (used for smoking milk vessels),General,noun
mbutama,small plant found among plantains the leaf of which is used for covering a cupping horn,General,noun
mbuuku,burnt out bonfire with some warmth left inside,General,noun
mbuura,"poor,solitary person; spy left to watch enemy's movements; beans, etc., left in the field after reaping",General,noun
mbuurru,very small variety of plantains,General,noun
mbuutabuuta,very old person ; stay-at-home,General,noun
mbuutu,small but long drum beaten with the hands (at feasts),General,noun
mbuzi,goat; very large edible mushroom,Common Animals,noun
mbwa,crooked stick used for collecting fLrewood etc; a small fly which bites severely,General,noun
mbwera,cured skin worn round the shoulders; necklace of white beads; a thorny shrub,Nature & Environment,noun
mbyarwa,"plant with edible fruits like peas, the stalks of which yield a thread used for sewing skins",General,noun
medikoro,government owned hospital ; see also irwarro,Health & Medicine,noun
meenya,"to pull up, uproot (grass, dry beans, or ground nuts)",General,verb
meeoyamu,"to puJl out, to pluck up (weeds)from crops or banana plantains",General,verb
meenyuka,to come out by oneself(e.g. hair),General,verb
meenyura,to pull up (e.g. weeds),General,verb
meera,"in mid Jake, deep water",General,adverb
megemege,"delicacy, treat one with kid gloves(carefully)",Common Animals,noun
mema,"to be encouraged, to be finn",General,verb
memengwa,; to be about to cry,General,noun
mera,; to grow up; to germinate (crop),General,noun
mercerra,to sprout (e.g. stored millet),General,verb
meremeeta,"; to gleam, shine (polished wood, snake'sskin)",Common Animals,noun
meresera,"to be glossy, be lustrous, glitter, speak thickly",General,verb
mereza,; potatoes left in the ground,General,noun
mereza,"to cause to grow at, in or for",General,verb
mhm,a nasal sound made with the mouth closed to denote indifference about what is happening,General,noun
mibohere,style of tying (esp. with rope),General,noun
miga,"to squeeze, crush, choke, press",General,verb
migatiga,lie down anywhere or anyhow,General,verb
migambire,"; way of speaking, pronunciation",General,noun
migogo,"pairs; em. ebiri ey 'e11kaito, two pairs of shoes",General,noun
migongo,"adv., in a remote place, at far away end of country",Geography,adverb
mihini,hoe handles; protruding skin bones,General,noun
miika,to go out early to pasture before being milked(cows),General,verb
miikwamiikwa,to show signs of sobbing,General,verb
miima,to lift off the ground (in wrestling),General,verb
miimigiza,"try to escape notice, show indifference,withhold",General,noun
miirukire,way or mode of running,General,noun
miisa,"to sprinkle, flick, sow (oburo)",Common Animals,verb
mijaago,evil practice of a person transfonning into an animal such as a cat or a leopard appearing before a person be/she wants to bewitch,Common Animals,noun
mira,"to swallow ; m.obunkuli or obungulya, bolt (food)",Common Animals,verb
miragara,first rain after dry season in January,Nature & Environment,noun
miranga,"marks of tears on the face; way of cry, stripes;lines branded on flanks of cows",General,noun
mirembe,"greeting, Is all well? Answer, Mirembe, yes, All is well",General,interjection
mirubatire,"gait, pace; mode,style of walking",General,noun
misana,"int., good day! Good bye! (for a short time during the day)",General,interjection
mitaga,"annoying, inconveniencing over boring ways",General,noun
mitagotago,; inner side of thigh,General,noun
miturwa,"half cooked food (potatoes, bananas, etc.)",General,noun
miza,"to make to swallow, sink",Common Animals,verb
moma,"; to rust, be stained",General,noun
monkora,to refuse deliberately to pay for something taken on credit or someone who worked for you,General,verb
mooma,"; to spread about, wander, to overflow",General,noun
moose,hair of cow's or elephant's tail,Common Animals,noun
mpaako,"pet name for Banyoro & Batooro given to a person by his/her parents at birth; e.g. Amooti, Abbooki, etc",General,noun
mpaarra,very large kind of locust,Common Animals,noun
mpahu,"species of edible termites, which build a very tall ant-hill",Biology,noun
mpaimi,"a bee flying about alone; aggressive, sharp-tongued person",Common Animals,noun
mpakani,"argumentative person ; competitor, rival",General,noun
mpaliko,"pointed stick or spear, stuck in the ground as a trap",General,noun
mpambiro,passages made in the earth by termites (sometimes ascribed to snakes),General,noun
mpampara,"cow that gives no milk, a woman without enough milk to suckle her baby, a woman without breasts",Common Animals,noun
mparo,plantain gardens of a chief; public labour done in rotation,General,noun
mitooma,a place that has Ficus natalensis(emitooma),General,noun
mogo-mogo,"stand head down, upside down",General,verb
mpanama,orchitis; animal with only one testicle,General,noun
mpangi,"ditch, piece of ground in process of cultivation; old experienced hunting dog; cock",Common Animals,noun
mpanguruzi,plant used as medicine in difficult labour,General,noun
mpangwa,"the way one is made, nature",General,noun
mpanja,small epiphytic plants (fems and orchids),General,noun
mparacuki,"; swift runner (esp. animals, e.g. deer)",General,noun
mparagatwa,cooked millet ( oburo) scaped out of the pot,General,noun
mparakazi,one who is always visiting,General,noun
mpataniza,"space between fingers, toes etc",General,noun
mpaya,waves and rapids on a river; a male sheep or goat,Common Animals,noun
mpeehe,"fluffy seed of reeds, etc",General,noun
mpeeka,braces; charm wom by mother for child,General,noun
mpeerre,a plant used as medicine for baby 's stomach-ache,Health & Medicine,noun
mpeerre,hairy stingy spikes on Elephant grass,General,noun
mpemurani,one who brings shame or disgrace,General,noun
mpendeke,"invalid, maimed person, one with broken bones",General,noun
mpcreka,"cow, etc. entrusted to another",Common Animals,noun
mpiigi,hunting dog (used as qualifier),Common Animals,noun
mpike,"termite hill, the earth of which is used for cooking stones",Common Animals,noun
mpiko,"completed period, fixed time, point of time, destination",General,noun
mpindo,native needle or bodkin used in making baskets,General,noun
mpondo,"a bird,whistle through closed bands",General,noun
mpinga,"fetters; multitude, abundance; weekly market",General,noun
mpinju,"stump of tree, trunk, stem, logs",General,noun
mpiri,"one who plans harm, scandalmonger, busybody",General,noun
mpogo,bracelet or anklet of ivory or bead-work,General,noun
mpoha,; hollow socket of spear blade,General,noun
mpoijoorro,straight tree; nice-looking thing or person,General,noun
mpoma,puff-adder ; large gourd used for beer,Common Animals,noun
mpora,"adv., slowly, gently, quietly, carefully",General,adverb
mpotokwa,potatoes dug up and left in the beat of sun for a day,General,noun
mpotole,"undiluted sweet banana juice; spear blade, etc. with spiral ornamentati on",General,noun
mpungu,"a large bird of prey, kite",Biology,noun
mpurumba,; large pipe with rounded bowl,General,noun
mpuura,"a light-grey cow, off-white in colour",Common Animals,noun
mpuuga,patches on cattle; spear blade which is polished on one side only,Common Animals,noun
mpuube,house where there is no much food,General,noun
mpuuka,"east wind ; disease accompained by sweUing of the abdomen , dropsy",General,noun
mpuule,"unground millet (obiiro); loose grains, beads, or cents",General,noun
mpuuta,handkerchief or bandage worn round the head,General,noun
mpwabwa,calabash cup with wide mouth,General,noun
mpwera,; red millet used for making beer,General,noun
mpwiju,bark used for smoking in a pipe,General,verb
mpyora,scaly syphilitic skin disease causing light patches on skin,Health & Medicine,noun
mubambaazi,one who behaves l ike a madman,General,noun
mubambanjobe,small prickly tree on the edges of forest,General,noun
mubambizi,"oppressor, one who tries to pick a quarrel; buyer of freshly killed meat",General,noun
mubaro,"; drum beat, rhythm with underlying expression of sentiment or emotion",General,interjection
mubbayuzi,", one who removes foreign body from the eye of another person; one who smacks;one who is skilled in treating neck pains by turning the sick neck rrom one side to another",General,noun
mubimba,"slender shrub, or small tree, with yellow pea flowers and long pods",Nature & Environment,noun
mubimbiri,large tree with tiny leaves,General,noun
mubiri,"body (while alive); thickness, substance; blessing, luck",General,noun
mubirlizi,a shrub with white blossoms (vemonia amygdalina),Nature & Environment,noun
mubumbo,mass of cooked and mashed plantains,General,noun
mubura,tall forest tree. (Parinari excelsa),Nature & Environment,noun
mubuza,a plant much disliked by biting ants (empazi),General,noun
mucucuke,; a species of yellow cassia,Biology,noun
muculikankanda,unmarried girl in the family,General,noun
mucunda,plant with tiny white teasel like flowers up the stem (Leucas of Volkensii),General,noun
mucungiro,"drinking-place for cattle, shallow water, stream",Common Animals,noun
mucuukuzi,one who discards; one who guards the property of a dead King,Governance And Administration,noun
mucukuuzi,one who discards; one who guards the property of a dead king,Governance And Administration,noun
mucweke,parent whose children have died,General,noun
mucweki,one with ears cut off,General,numeral
mucwi,"tracker (in bunting) ; runaway, fugitive",General,noun
mude,a tree from which strong posts are made,General,noun
mudibo,mushrooms cooked without salt (formerly eaten by bridal pair),General,noun
muduuma,King's executioner (old days); overseer of King's water and drinks,Governance And Administration,noun
mufeerwa,"one who has lost all relations or a relative, widow; impotent(of male)",General,noun
mufooka,a small shrub the leaves of which yield a purplish black dye,Nature & Environment,noun
mufu,"dead person, greedy, mean, stingy, selfish person",General,noun
mufuko,a quiver for arrows; bead necklace; broad belt used as a purse,General,noun
mufumbi,"swelling in axilla, groin, or neck (esp. swollen glands in groin)",General,noun
mufumu,"doctor, medicine man, (today) dealer in medicine/herbs",Health & Medicine,noun
mufunjo,"tree with very hard black wood , African ebony",General,noun
mufuruki,one who moves house; fugitive,General,noun
muga,to become useless or feeble,General,verb
mogaaga,roll of cloth on which bead ornaments are kept; stick on which milk vessels are inverted; grass used for thatching,General,noun
mugabante,"King's front entrance, main gate",Governance And Administration,noun
mugabuzi,milk of a cow which is given to dying person,Common Animals,noun
mugaga,decoration of doorway for a wedding,General,noun
mugaju,perfume obtained chiefly from stalks of papyrus near the roots,General,noun
mugamba,"horizontal stick for hanging things on, yoke for carrying milk pots",General,noun
mugambigambi,"chatterbox, talebearer; master of ceremony",General,noun
mugaoda,foundation stick of building; handful,General,noun
muganga,"experienced kind ofdoctor who performs certain ceremonies for hunters, etc",General,noun
mugango,an old word for gun; a shrub with large thick leaves (= ekigango),Nature & Environment,noun
mugano,swanning of tennites;windless evening that allows termites to fly about freely,General,noun
muganuro,first fruits to be harvested,General,noun
mugaragara,"King 's or Chief's servant or attendant, courtier",Governance And Administration,noun
mugarami,person of leisure; guardfan of the King's palace; the second of clan's Mucwezi of the clan (old days),Governance And Administration,noun
mugaruzi,one who brings back peace,General,noun
mugeege,tree from which a perfume like omugaju is obtained,General,noun
mugemuzi,one who brings foods for another,General,noun
mugeode,trench dug for removing refuse of kraal,General,noun
mugeozo,"something believed as omen usually Lucky thing which must be encountered when starting on a jou rney, etc",General,noun
mugeya,; chief herdsman of King's cows,Governance And Administration,noun
mugeye,mane; a large flattopped forest tree,Nature & Environment,noun
mugina,"mane, hair, bristles on ani mal 's back; a plant the leaves of which are used as a medicine for colds",Health & Medicine,noun
muglrigimba,"a whole thing, anything swallowed whole",General,noun
mugizansoni,visitor particularity that with whom you are not familiar with; in-laws (relative of one's wife /husband),General,noun
mugenzi,son of the same mother,General,noun
mugizi,"one in authority, counselor, minister",General,numeral
mugizi,";name of maidservant of Nyinamwiru, mother of Ndahura, the first Omucwezi King of Kitara She is regarded as a junior embandwa (god) who is also possessed by those initiated into the spirit cult",Governance And Administration,noun
mugo,"acacia found in lowlying, often swampy, valleys",Nature & Environment,noun
mugobaiswa,; creeper with large blue or mauve pea flowers,General,noun
mugobe,a plant the leaves and seeds of which are eaten as relish,General,noun
mugobya,"hypocrite, betrayer, traitor, deceiver, cheat",General,noun
mugogo,; stem of plantain tree; pair,General,noun
mugogoro,long heavy load of cowrie shells; frail person or thing; hard task,General,noun
mugole,"; bride, bridegroom, mistress of servants",General,noun
mugoma,rim; grass coil of which baskets are made,General,noun
mugomba,"clumsy, awkward person , bungle, one who is out of practice",General,noun
mugona,gullet;long bag made from cow's gullet,Common Animals,noun
mugongo,"back (lumbar region), keel, ridge; land between two swamps, shore oflake",General,noun
mugorogoro,palm-like tree with smooth grey stem and leaves in tufts at their tops,General,noun
mugosi,"one who surrounds, highway man",General,noun
mugoye,"a kind of gut; om. gw 'omugongo, tendon of back",General,noun
mugoyo,"mash of potatoes, aod beans, pottage",General,noun
mugu,mad person or crazy person,General,noun
mugudu,long drum beaten with the hands,General,noun
mugugu,"luggage, heavy load; = mutumba,o-; bundle (e.g. rolled up mattress)",General,noun
mugugu,small rush from which mats are made,General,noun
muguba,"rope, string; om. ogw 'enyabusatu, threefold cord",General,noun
mugullki,one who casts a spell,General,noun
muguma,half of spear with femily,General,noun
mugungumazi,"one who waits in vain , or is lonely, sorrowful, etc",General,noun
muguruko,"distance jumped, jumping posts and bars",General,noun
mugusa,; sorghum (the sort used for fermenting beer),General,noun
muguta,"uncured skin, hide; corpse of a King",Governance And Administration,noun
mugwerezi,"one who starts to cross a swamp, or gets into a boat",General,noun
mugwezi,"one who lies in ambush., om. w'amaka, eavesdropper",General,noun
mugwo,a large tree with tbrony branches,General,noun
muhabisa,"seducer, one who leads others astray, misleading person",General,noun
muhago,illness with swelling of the face and eyes etc,General,noun
muhakwa,a tree with mauve blossoms,General,noun
mubale,fine hot morning followed by rain,General,noun
muhani,"reprover, adviser, one who rebukes",General,noun
muhanuurankuba,"a shrub, the leaves of which are used as medicine for internal pain",Health & Medicine,noun
muhemu,"shameless person, one who acts shamelessly",General,noun
muhiigo,"prey, spoil, bag, (in hunting); hunt",Biology,noun
mubiiha,"lid, plaited cover for milk pot, dish-cover",General,noun
muhikiriza,"finisher, one who fulfills what he/she has promised to do",General,noun
muhimbi,one who lifts or carries; large tree with very hard wood,General,noun
muhindabijumira,plant with heads of starry white Hower,General,noun
muhingi,"exchanger, hunter who is second or third in spearing",General,noun
mubingo,cross bar of doorway to kraal,General,noun
muhini,;handle of hoe or axe,General,noun
muhinyo,; illness like sleeping sickness,General,noun
muhobo,tree with light corkwood from which stops are made,General,noun
muhoko,rambling uodershmb with spikes of flowers bearing some similarity to mignonette; a large forest tree,Nature & Environment,noun
mubonde,salt which is classified as grade no.3 =rwanyesire,General,noun
mubondo,first milk given by cow after bearing calf; a tree,Common Animals,noun
muhoole,"antagonist, disobedient, insolent, quarrelsome person",General,noun
muhooza,"tax.- gatherer, customs officer, tax collector",General,noun
muhoro,; knife with hooked point,General,noun
muhoti,; a plant with large leaves which are used as medicine,General,noun
muhotozi,; one who stirs millet when cooking,General,noun
muhule,"plant with milky juice and large, loofah-like fruits",General,noun
mubuma,one of the pastoral race,General,noun
mubumakati,"woman of the shepherd race; a well behaved lady, graceful; elegant woman",General,noun
muhungu,"spendthrift, wastrel, good for nothing",General,noun
muhunguutuki,"one who is temporarily insane, crazy person",General,noun
muhura,"cow's dung in water, creeper found in forests, used for tying fences",Common Animals,noun
muburuzi,outer wall of chief s enclosure;long bed necklace,General,noun
muhuumi,"one who hums, one who sings without uttering a word",General,noun
mubuura,"midnight robber, night cattle thief, raider, assassin",Common Animals,noun
muhuzi,one who is faddy about food,General,noun
muhwahwa,"1. a place infested with eczema(ebihwahwa), 2. A place that has weak gourds(ebihwahwa)",General,noun
mujaaja,shrub with terminal spikes of white flowers and large hairy leaves,Nature & Environment,noun
mujabura,large net for catching buffalo,Common Animals,noun
mujaguzi,Chief Royal drummer (of King's longdrums),Governance And Administration,noun
mujego,"very long bundle of salt, etc",General,noun
muju,; millet ( oburo) in full flower,General,noun
muhunde,"decorated beautifully, more beauty, more nice",General,noun
mujuba,kind of plantain (enyamuunyu) with long fmit,General,noun
mujuganta,"tall tree with long leaves; drums, dishes, etc. are made from its wood",General,noun
mujugusi,"blower of bellows om. wamakuru, great talker",General,noun
mujuju,"roughness (of hair or fur); okwerya om. to nurse one's grief, mope",Health & Medicine,noun
mujuma,plant with purple flowers like Michaelmas daisy and hairy leaves,Nature & Environment,noun
mujumagizi,one who walks with stooping gait,General,noun
mujumbajumba,"red plant with very strong smell, much disliked by ants",General,noun
mujungi,"; one who treads (plantains, etc.)",General,noun
mujuumuzi,one who comes to the help of another,General,noun
mujwazi,title and office given to King's maternal aunt,Governance And Administration,noun
mujweki,keeper of the Royal wardrobe,General,noun
mujwera,a high ranking member of the Royal family,Governance And Administration,noun
mujwiga,"mane, tassel, silky tuft of maize",General,noun
muka,plant with leaves like maiden hair from wbicb a red dye is obtained,General,noun
muka isento,father to my brothers wife,General,noun
muka nyinarumi,mother to my brothers wife,General,noun
mukaito,; strip of matting spread for King to walk on ceremonial occasions,Governance And Administration,noun
mukako,; head dress worn by embandwa. (see Kaikara); frontal bone,General,noun
mukamakati,Queen (used only when there is great need for distinction),Governance And Administration,noun
mukambi,", residue, bi product esp. after extraction",General,noun
mukambuuzi,"one who pulls down a house; one who stabs, soldier",Military,noun
mukandara,"girdle, belt with pocket, front hem of ekanzu used as pocket",General,noun
mukangaarra,a tree with sharp thorns,General,noun
mukanja,small tree with edible berries,General,noun
mukaokaburo,; undeveloped bunch of plantains,General,noun
mukatuzi,"plunderer, one who does not pay debts",General,noun
mukede,a tree from which strong barkclotb is made,General,noun
mukeegi,bowl made from a gourd,General,noun
mukeeka,mat made from palm leaves that are dry,General,noun
mukeeri,"a plant found in swamps, supposed to cause death; a tall grass used for thatching and for making mats",General,noun
mukeneko,"water used in soap making, lye",General,noun
mukimba,"fee given to a witch doctor (divining doctor), pay for smith or for dressers of bides",Health & Medicine,noun
mukinga,a large forest tree from which hoe handles are made,Nature & Environment,noun
mukiraijo,"synovits, water inside the knee",General,noun
muko,very common tree with spiky red blossoms known as Uganda Coral,General,noun
mukoijo,"greed , gluttony, avarice, lust, sensuality",General,noun
mukomakahanga,a tree from which walking-sticks and shafts of spear are made,General,noun
mukomogyo,tree trunk on which barkcloth is beaten out,General,noun
mukomorozi,one who selects the best,General,noun
mukona,;keeper of King's chairs and skins,Governance And Administration,noun
mukooga,"a palm trees with edible fruit, the leaves of which are used for thatching",General,noun
mukookoro,one who suffers from cancer,Health & Medicine,noun
mukora,common savannah tree with 4-winged purple fniits; tall cane formerly used to cure,General,noun
muku,"bellow (bull), shout to someone at a distance, holloa",Common Animals,noun
mukubi,"sauce, general tenn for green food served as vegetables or any relish",General,noun
mukuku,(used as attributive to another noun after a relative gen. particle); pig-iron,Common Animals,noun
mukumiirro,"boarder of reeds, door post (inside house)",General,noun
mukundwa,"loved one, lover (immoral sense)",General,noun
mukungu,the lowest rank of chief having peasants directly under him,General,noun
mukurasi,"follower; one who goes to see King, one who is elected to attend council meetings or go to parliament",Politics And Current Affairs,noun
mukurumuro,";track (e.g of a snake, bicycle)",Common Animals,noun
mukuufu,"small chain, chain ornament, watch-chain",General,noun
mukuuku,bunch of plantains not fully grown,General,noun
mukuza,a plant with composite flowers and leaves like brambles,Nature & Environment,noun
mukuzanyana,large forest tree whicb 'Yields an aperient medicine for cattle,Health & Medicine,noun
mukuza mumi,a plant with composite flowers and leaves like brambles,Nature & Environment,noun
mukwenda,"messenger, representative, ambassador, apostle, deputation",Politics And Current Affairs,noun
mukyara,"foreign term of respect for a woman, polite way of addressing a lady, title for a lady",General,noun
mukyora,a tree the leaves of wbich are used in divination and as aperient medicine,General,noun
mulabba,"rafter, ridge pole of house",General,noun
muleegi,"beggar (esp. of food), parasite, hanger-on",General,noun
muleera,gun barrel; red embroidery down front of ekanzu,General,noun
mulembe,a tree from which spirit huts (ebibbaali) are made,General,noun
mulengi,stingy person; witch-doctor who poisons people,Health & Medicine,noun
mulenguruzi,one who cures those who are bewitched,General,noun
mulere,piece of a broken article,General,noun
mulibbooli,; lining to embroidery on the front of ekanzu,General,noun
muliiti,"; rope for catching animals, lasso",General,noun
mulika,to look at something by torch,General,verb
mulikya,"to lighten (of lighting), flash",General,verb
mulimo,"; job, work, duty, business",General,noun
mulimwoyo,"none-believer, one who has never been initiated into spirit possession cult",Culture And Tradition,noun
mulinda,a plant with long white stary flowers and thin leaves which yield strong aperient meilicine (Pentas longitlora),General,noun
mulindwa,"name of a Mucwezi, Ndahura 's step-brother, who acted as regent in the Kingdom of Kitara when King Ndahura was at Kyaihangiro in captivity",Governance And Administration,noun
muJlngi,"one who is on the look out (e.g, for edible grasshoppers)",General,noun
mumyoka,"second in command, second chief in chieftainship",General,noun
munagiro,"cloth to throw round the body, cloak",General,noun
munaku,"poor person, one in trouble or distress, one badly off, man who has no wife to cook for him",General,noun
munguuka,"to be friable, ready to fall to bits",General,verb
mungwa,"-, to be bored into by insects, be worm eaten",General,noun
muniga,bead necklace of one string,General,noun
muniini,finely ground millet ( oburo) Hour,General,noun
munogerezi,one who picks produce of neighbour's garden,General,noun
munooo,"bud (of plantain), embryo, kernel",General,noun
muouza,one who makes food tasty,General,noun
muoyaanya,"(third person sg.), bis sister, her brotber(of opposite sex), (second person sg.)",General,noun
muoyaara,"Uganda Flame tree, Tulip tree",General,noun
munyaana,"crack, broken or jagged surface",General,noun
munyagi,"one who snatches, captor, robber,plunderer",General,noun
munyakihanda,"chief next, below county chief",Governance And Administration,noun
munyali,";sooty cobwebs, etc. on ceiling",General,noun
muoyaoseko,one who is always laughing,General,noun
munyarubuga,"; citizen , townsman, town dweller",General,noun
munyeenya,"bad magician, witch-doctor, diviner, ventriloquist",Health & Medicine,noun
munyege,tree from which ebiliyege are obtained,General,noun
muoyinya,acacia tree with long thorns and white flowers,Nature & Environment,noun
munyoro,"great Chief, lord , master, sir; title prefixed to name of man and abbreviated Omuny. Baguma , Mr. Baguma",General,noun
munyu,"soft stone with which knives, spears, etc., are polished",General,noun
munywa,potato tuber that has not fully grown,General,noun
munywamaizi,tree found in swamps used for building,General,noun
munywani,";blood brother, born companion, close fiiend",General,noun
munywisa,nurse to the King's children,Health & Medicine,noun
mura,"large, tall person(when used as qualifier there is no I.V.)",General,noun
mura,"lice, common in pubic hair",General,noun
muraama,"large savannah tree with four winged yellow fruits, the twigs which are used for smoking out milk vessels",General,noun
muraara,; milk of the previous evening,General,noun
muraaza,tracker who gives warning to bunters,General,noun
muragara,millet ( oburo) after it is spread out to dry,General,noun
muragi,; plant from which a yellow dye is obtained,General,verb
muramagi,one who goes out to fight; campaigner,General,noun
muramu,brother in-law or sister in-law,General,noun
muramura,tree the wood of which is used for building spirit buts,General,noun
muranga,"handmaid, female servant of King or chief; concubine",Governance And Administration,noun
muranga,water that bas been used for washing milk pots,General,noun
murangi,"announcer, programme events manager, foreteller, prophet",General,noun
murangi,fine day in wet season,Nature & Environment,noun
murara,white stripe down the back of cattle,Common Animals,noun
muro,";sleeplessness passing the night, awake",General,noun
murohero,a pole (usu. four of them) fixed in ground to support an African hut/house roof when building,General,noun
muroleerezi,"; bishop, overseer, inspector; one who watches expectantly",General,noun
murondwa,edible creeper with sweet root,General,noun
murongo,"large tree with bipinnate leaves, fiat pods and pink blossoms",General,noun
muronkezi,"one who unthinkingly lets out a secret, blabber",General,noun
murozi,"one who sees or watches, on looker",General,noun
murubate,calfs skin; plant with flowers in tiny white pompoms,General,noun
muruhuuzi,one who refreshes or comforts,General,noun
muruki,"weaver, spinner, knitter, one who plaits",General,noun
muruku,"plant with strong smell purple flowers, and long thin pods, which is used as a fish and flea poison",General,noun
murumiki,one who bleeds or cups another,General,noun
murumuzi,one who gives antidote for poison,General,noun
murundi,"shin; stem of mushroom, etc",General,noun
murundu,one who has small pox,General,noun
munyaanya,sister to a male and brother to female,General,noun
mururruma,black type of twinged termites,General,noun
murwa,"task, use, custom; pile (of beans, millet etc.)",General,noun
musa,";shore, beach, bank; blade of knife or hoe",General,noun
musaami,maker of backcloth mallets (ensaamo),General,noun
musabi,";one who makes a request, suppliant",General,noun
musago,"sticks of bedstead, head of bed,pillow",General,noun
musabuzi,"rescuer; one who seizes cattle, etc. in payment of a debt",Common Animals,noun
musaki,one who goes in search for food or information,General,noun
musami,; one who bleeds patients,General,noun
musanga,"ivory, the front of King's house (long ago made of ivory; hence its name)",Governance And Administration,noun
musango,"fault, guilt, case; om. gumusingire, he is guilty; the verdict went against him",Legal And Law Matters,noun
musarara,mother 's milk (of poor quality),General,noun
musasa,a tree from which charcoal is made,General,noun
musaso,; ashes of grass which has been used for smoking milk-pots,General,noun
museesi,"one who empties, spills, sheds, pulls down; one who attacks, trespasser",General,noun
museeta,tree from which a perfume (eseeta) is obtained,General,noun
musembezi,one who serves food;one who introduces another,General,noun
musembi,one who covers or bandages ;one who walks at rear of caravan to protect it,General,noun
musenga,a long bundle (of potatoes or porter 's food),General,noun
musenka,"stalk, stubble {ofoburo); root of esojo grass",General,noun
musezi,"wizard, sorcerer who works spells at night, night dancer",General,noun
musibwa,creeping plant with edible roots,Nature & Environment,noun
musiigi,person responsible to paint and smear bride and bridegroom with paint and butter,General,noun
mustirra,a kind of barkclotb tree with large leaves,General,noun
musiisiimi,one who scrapes and prepares skins,General,noun
musiita,member of clan guardian of the Royal drums,General,noun
musiituruzi,one who gives medicine to twins and their relatives,Culture And Tradition,noun
musikizi,a plant the twigs of which are used for smoking milk vessels,General,noun
musimbiro,"punting -pole, long stick for fording river",General,noun
musimbo,"pledge, thing given as security; when tak.ing something on credit",General,noun
musindirizi,one who persuades a cow to be milked; one who brings bad luck by moaning and groaning,Common Animals,noun
musiri,"cultivated plot (not a plantation); garden, field of com or beans",General,noun
musobozi,one who has power or authority,General,noun
musogi,small arrow (used by bill tribes); one whole cooked tuber of orimumbu,General,noun
musole,tree from which a perfume is obtained,General,noun
musondokozi,insect like the biting ant,General,noun
musoomoro,tree with rough leaves which are used as sand-paper,General,noun
musoonasooni,"one who entices or persuades, tempter",General,noun
musorongo,"queue, file, line, string (of people etc.)",General,noun
musorooro,"shrub with tiny pink flowers, which is used as toothbrush, broom , and for its. black dye (Indigo/era arrecta)",Nature & Environment,noun
musozi,one who plays the game of orusoro,General,noun
musubiro,second child in a family,General,noun
musumi,"rope for tethering dog, dog's collar",Common Animals,noun
musuna,"; keeper of King's valuables, court chamberlain",Governance And Administration,noun
musuoga,tinner husk of millet (oburo) chaff,General,noun
musungamirizi,"one who waits expectantly, beggar",General,noun
musunsa,small potatoes (not fully grown),General,noun
musuuzi,; one who visits the sick and lonely; one who goes to look at a set trap,General,noun
musuzi,one who gives medicine to induce pregnancy,Health & Medicine,noun
muswabirizi,"mocke , one who taunts or provokes",General,noun
muswaki,"wood used to clean teeth, toothbrush",General,noun
mutaali,"; very large, strong spear",General,noun
mutaatika,person who must always be petted. See mutatokoora,General,noun
mutabaazi,one who works or fights for the King or Chief,Governance And Administration,noun
mutabi,"mixer, compounder (of medicines or perfumes)",General,noun
mutabiro,boat-shaped hole where new beer is left to ferment,General,noun
mutaka,owner of f private land,General,noun
mutambi,one who kills sacrifices; heal,General,noun
mutanga,barkclotb tree with small leaves,General,noun
mutanyaara,disease found in fowls causing watery and blood stained excretjon of droppings,General,noun
mutara,; illness of cows (blood comes from udder when milked),General,noun
mutaraara,;one day old fermented beer,General,numeral
mutasumbuuswa,used in sg. when moaning the death of a beloved to mean that he/she is irreplaceable,General,noun
mutatembwa,large satinwood tree with hard wood and sharp thorns,General,noun
muteeko,": heap, pile; share, part",General,noun
muteere,flock of small birds (ensungura) that eat millet,General,noun
muteezi,"neuralgaia, swelling of eyes; swelling of genital organs (children)",General,noun
mutembuzi,"one who builds in a new place, one wbo settles in a new place first",General,noun
mutende,"handmaid , concubine, King's ilairymaid",Governance And Administration,noun
mutendo,rim of basket (ekiibo) worked in colours,General,noun
mutene,kind of arum lily with ed ible roots and leaves,General,noun
muteruzi,;one who offers milk or coffee berries to guests,General,noun
mutesi,"petted person, lady of leisure, quiet, gentle, nice-looking person",General,noun
mutete,small forest tree with hard wood used for getting fire or hoe handles,Nature & Environment,noun
mutindo,collection or heap of things,General,noun
mutoki,"great talker, one who speaks loudly",General,noun
mutondoozi,"peeler (of plantains, etc.) sheller (of peas, etc.)",General,noun
mutongerezi,"one who leads the singing, soloist; poet",Art And Entertainment,noun
mutongole,"bachelor; subchief, official (= owomuruka)",General,noun
mutooro,a native of Tooro (man),General,noun
mutugunda,medlar or Vangueria infausta tree,General,noun
mutuma,heart. mind (often used metaphhorically for soul),General,noun
mutungi,"man of acquired wealth, rich man",General,noun
muturuturu,"copper sulphate, bluestone, = muruuturuutu",General,noun
mutweki,one who helps another person to put a heavy load on head; one who causes illegal or unwanted pregnancy to a woman,Health & Medicine,noun
mususu,"; mouse with Huffy tail, shrew-mouse, rat",Common Animals,noun
musuuga,king of Tooro's eldest brother who is head of the Babiito (princes),Governance And Administration,noun
mutoma tree,"Ficus natalensis is a tree in the family Moraceae. It is commonly known as the Natal fig, or 'Mutoma/Mutuba' to locals. These trees are distributed from north-eastern South Africa to Uganda and Kenya",General,noun
mutuule,"a type of banana eaten cooked, usually having a very big bunch",General,noun
mwanguhya,"name given to a baby boy as a result of early delivery, e.g before nine month",General,noun
mwebingwa,friend in need; title given especially to the king,Governance And Administration,noun
mwiwha,"Sister's son, Sister's daughter, Father's sister's son,Father's sister's daughter",General,noun
mwoyo muhikiriire,Holy Spirit (Roman Catholic Version),General,noun
muunyugura,"to munch, eat with mouth shut",General,verb
muyondo,border round neck of ekanzu; plaited rope,General,noun
muyonga,"smuts, black(ash) from grass fire",General,noun
muyoora,"tree with scarlet blossoms, the berries are sent as a message (= I have chosen you)",General,noun
muyungi,"orthopedist, bonesetter, one concerned with correction of broken limb",General,noun
muzaarraanwa,"member of same clan, relation",General,noun
muzaire,"parent; husband , wife (used by either in speaking of the other)",General,noun
muze,"old custom ; syphilis, gonorrhea",Health & Medicine,noun
muziiki,one who buries another; one who digs a grave for a dead person; one who attends a funeral,General,noun
muzimu,"spirit of the dead, evil spirit",General,noun
muzira,";cheering, shouting, applause or applaud",General,noun
muziro,"totem, tabooed animal or thing, (each clan has its own muziro)",Culture And Tradition,noun
muzo,small forest tree from which walking-sticks and barkcloth mallets are made,Nature & Environment,noun
muzoozi,"one who finds (after seeking); inventor, explorer, discoverer",General,noun
mwaga,"wild animal like a wolf; ferocity, cruelty",Common Animals,noun
mwagiro,blue speedwell ( Veronica abyasinic a),General,noun
mwaka,"year, season of sowing, six months; crop",General,noun
mwambukya,"guardian of King's water, milk and beer",Governance And Administration,noun
mwamburuzi,one who discovers and removes buried objects of witchcraft and puts them in cross roads or burns them,Culture And Tradition,noun
mwambuzi,"one who stops evil from coming, or one who drives away i mminent rainfal l",General,noun
mwamiirro,plant used by women for scenting the body,General,noun
mwanabuhara,daughter in the clan or family (esp.married),General,noun
mwandu,"plunder, booty seized in war, generally consisting of women; property left by dead person",General,noun
mwangaihali,variety of plantain used for beer,General,noun
mwanguhiriza,"quick, impetuous, rash, abrupt person",General,noun
mwani,"coffee shrub or berry, unground coffee",Nature & Environment,noun
mwanya,"space, room, opportunity, leisure; arm of frayed animal cut from carcass",General,noun
mwarro,a plant with purple flowers and white leaves from which a dye is obtained (Geniospontm paludosum),Nature & Environment,noun
mwasi,one who cuts or splits,General,noun
mwata,"weeds growing among crops, long grass, heap of weeds",General,noun
mwate,"; dog-in the-manger, selfish child",Common Animals,noun
mwecumi,"clean, tidy, smart person, dandy",General,verb
mweganyi,"one who spares himself, lazy person molly coddle",General,noun
mweganywa,guardian of King 's spears,Governance And Administration,noun
mwegcego,"edge of swamp, bank of river, edge of lake",General,noun
mwekanasi,"idler, indolent, lazy person fastidious person, faddist",General,noun
mwekengi,"devout, temperate person, person of understanding",General,noun
mwekozikozi,one who is always busy,General,noun
mwema,"guarantor, hostage, sponsor, oe who stands security, one who bails out another",General,noun
mwenge,kinu ekigambo nikimanyisa okumwegesana(ekirukwera) rundi Omwengero - ekisura rundi amata agarukwera,General,noun
mwengero,left over of salt or salt water after cows have had their fill; milk from cows that have licked salt or drunk salt water,Common Animals,noun
mwenugi,one who has lost interest in life,General,noun
mwenzangabu,"a captured slave, slave given by King to omutabaazi",Governance And Administration,noun
mweragi,one who makes a vow,General,noun
mweramaino,any long straight-spined acacia tree,Nature & Environment,noun
mwerimirimi,"inquisitive person, quarrelsome person, restless person",General,noun
mwesiitale,"; = omusiitale, ruJed line",General,noun
mwesungi,"one who annoys others intentionally, cheeky, insolent person",General,noun
mwesuuso,swing; catapult; trap made of bent stick and string; hanging swann of bees,General,noun
mwetango,plant with white flowers which yields medicine for eyes and cough (=obugombe),Health & Medicine,noun
mwetoorooro,"long wire bracel et, move round and round",General,noun
mweyi,hand sweeper of cow dung,Common Animals,noun
mweza,a plant with head of yellow flowers,General,noun
mwigazi,"one who shuts the doors and windows of the King 's house; om.w'amatu, deaf person",Governance And Administration,noun
mwigusi,one who is satisfied (with food),General,noun
mwihura,"climbing creeper with tendrils, white flowers with black centres, heart-shaped leaves,swollen, spiny, orange-colored fruits,and a strong smell ( Momordicafoetida)",General,noun
mwihwa,nephew or niece (child of all members in maternal line),General,noun
mwika,"smoke, air, gas, breath, vapour",General,noun
mwikazi,"resident settler; om. wa hamu, stay-at home",General,noun
mwiko,wooden stirrer used when cooking millet; plaster made of sand and cow-dung,Common Animals,noun
mwinamiirro,", decoration round edge of skins",General,noun
mwingirizi,one who marries a widow (generally his late brother's wife),General,noun
mwiriringwa,"creeper with blue flowers, the roots of which are chewed",General,noun
mwiru,"servant, peasant; om. n1baale, bondservant , slave",General,noun
mwirukirizi,"one who runs to help, rescuer, comforter, mouner",General,noun
"mwisi w'amaka,",notorious character -known for causing trouble,General,noun
mwisi,cream on boiled milk = orunyana,General,noun
mwitiro,smell of smoke in milk,General,noun
mwituruzo,"strainer, funnel (for beer, etc.)",General,noun
mwoganyanja,"plant with small pink flowers, found in swamps",General,noun
mwogyo,water that has been used for washing milk vessel; miJk with no froth,General,noun
mwokerezi,one wbo sets light to scrub,General,numeral
mwondo,"used with adv. prefix hamu., in a quiet place, yonder",General,particle
mwongo,"edible gourd, marrow, fruit see pumpkin",General,noun
mwonkcrczi,one who helps calf or kid to suckle,Common Animals,noun
mwoyo,"spirit, soul; deep water in a stream; prolapse of the rectum",General,noun
mwoyogutalya,metaphorically slim or slender girl,General,noun
mwoyooyo,one who has nothing but his looks to recommend him,General,noun
myarro,"grass, etc. used for spreading in houses of abacwezi",General,noun
myercngeerro,insubordination. lack of respect for superiors,General,noun
myesungo,"cheek, rudeness, perversity, affectation etc",General,noun
myeteegero,way of playing about. skipping (animals),General,noun
myetcso,; behaviour like that of a spoilt chil,General,noun
myetuno,"; showing off, affectation, vanity",General,noun
myoka,"; to be strained, sprained",General,noun
myoka,"; to be next to , second in command to (of sub- chiet)",General,noun
myora,"to tum, twist, screw, wind",General,verb
myoro,raw material used for making baskets,General,noun
naanika,"to put on (shoes, ring)",General,verb
naanuuka,"to be elastic, extendable, open out",General,verb
naonuura,"to pull off (shoes, ring), pull out or apart, disengage, stretch out, straighten, pull down, etc",General,verb
naga,"to throw away, mislay, lose, drop, toss",General,verb
nagaija,"to treat carelessly, throw about, neglect, make light of",General,verb
naganaga,"to scatter, litter {paper, things unwanted) in public place, throw things anywhere",General,verb
nagira,"to hurl, throw something at a person, throw (cloth) over the shoulder",General,verb
nagisa,"of naga; to bring back, rescue, recover",General,noun
nagura,to beat out and renovate (old knives),General,verb
naiga,"to trot about, walk aimlessly",General,verb
namba,"hole in the earth, mine; loads, luggage",General,noun
nakati,dark green or purple plant who leaves are cooked for food,General,noun
nayo,"and it, and they, and them",General,noun
nambere,"where, whether, whence (also mbere)",General,noun
nana,space between two middle top and lower teeth,General,noun
nana,"to be durable, last long, be strong and muscular",General,verb
nanata,"; to lead a bl ind person; out date, remove a foreign body from the eye of another person's with one's tongue",General,noun
nanata,";to be red;n. hamaiso, blush",General,noun
nandi,meaning another person in the conversation,General,noun
nandi,"joining word, and then; nandi uwe ati, and he/she said thus",General,noun
nandiki,"joining word, or and then, whether",General,noun
nanga,"yellow beetle with black spots which children put on a stick as a toy; kind of song (sung by women); organ, harmonium, piano, etc",General,noun
nanka,"; used when you have not yet remembered the name of a person or thing you are talking about; so and so, such and such a thing. It is regarded as impolite, esp. if preceeded by the infinitive prefix ku",General,interjection
nanuka,"; to be sure, convinced; be satisfied, thoroughly understand, assent",General,noun
nanura,"to assure, explain the truth, convince, to satisfy, open up, give what is needed",General,verb
nasuka,"to spring (trap), = bbasuka",General,verb
ncampalya,"withered breasts, sagging of breasts",General,noun
ncaru,a blue bead ; necklace of blue beads given by King to a chief on his promotion,Governance And Administration,noun
nceke,"weakly person , invalid, weakling",General,noun
ncoobe,beer drunk on wedding eve by the relatives of the bride and of the bridegroom; beer given to the people who accompany the bride to the bridegroom's house,General,noun
ncunda,churning; rough bits of hair on a hide,General,noun
ncundiro,; large gourd for butter or oil,General,noun
ncwamutwe,calf before horns have grown,Common Animals,noun
ncwangya,"sly, deceitful person, cheat, swindler",General,noun
ncwekamatu,"goat,etc. that has had its ears cut off",Common Animals,noun
ncweke,one whose children have died,General,numeral
ncwera,"African cobra, viper, black adder",Common Animals,noun
ncwerraano,"bull , calf fattened for eating",Common Animals,noun
nda,"louse, stomach womb, interior of any thing",General,noun
ndaawa,; tree whose sap gives a red dye; it yields a medicine for dysentery and is used in trial by ordeal,Health & Medicine,noun
ndaaza,beer one or two days old after being removed from hole(bunker),General,noun
ndabukano,present given to King or Chief (esp. on appointment or promotion; or to bride by one of husband 's relation,Governance And Administration,noun
ndagalika,"odd one, over-plus; fallen trung, crumbs, trickle down",General,noun
ndagu,"oracle; native doctor 's, orders, prescription, treatment",Health & Medicine,noun
ndabura,name of the first Omucwezi King of Kitara,Governance And Administration,noun
ndaka,boy or girl of about 10 - 13 years,General,noun
ndambaazi,; one who attacks another (with words),General,noun
ndangira,"calabash with long neck (for beer, etc.)",General,noun
ndebalebo,"insecurity, unsteadiness ;kingaen., shut insecurely",General,noun
ndeeba,";shallow hole in which to tread bananas for beer, wine press vat",General,noun
ndeku,gourd with long neck) = e11da11gira,General,noun
ndemba,cow with white stripes on face and sides,Common Animals,noun
ndembeezi,gourd used for water and hung at entrance of house,General,noun
ndengi,"one who measures or rations food, stingy person",General,noun
nderema,creeper with edible leaves (base/la alba),General,noun
ndi,"partitive pronom. root, other, different",General,noun
ndiiro,basket for millet bread(esp. oburo),General,noun
ndiisa,manner of feeding; small bird found near cattle,Common Animals,noun
ndima,"manner of digging, cultivation, familiar friend",General,noun
ndingidi,musical instrument with one string,Art And Entertainment,noun
ndoboro,"share,assessment, percentage contribution; King 's share of plunder (old days)",Governance And Administration,noun
ndiizi,type of non-indigenous banana for making wine,General,noun
ndoko,cow with white spots on the face or white stripe on the neck,Common Animals,noun
ndoora,name given to nice cows or certain cows of the Kings,General,noun
ndubata,"manner of walking, gait, pace; transport",General,noun
ndubate,flattened and sun dried meat,General,noun
nduboota,"bale, burden, very heavy load",General,noun
ndugu,"corner (in a house), side of house",General,noun
nduko,"dry stalks of millet, etc., used for making baskets",General,noun
ndumbiizi,"generic term for wild beast wltich devours sheep, goats, etc",Common Animals,noun
ndungiro,"vessel in which salt is kept, salt seller",General,noun
ndurumi,(used as attribute to another noun); fierce person or animal,General,noun
ndurundu,"(used as attribute to another noun); a large quantity, multitude, pile, abundance of",General,noun
nduuru,"alarm, cry made while rapid ly patting the mouth",General,noun
ndyabagole,muscle at back of tltigb; variety of plantain (enyammmyu ),General,noun
ndyabagole,maggot found in stored meat,General,noun
ndyabawaali,"variety of plantain (enyamuunyu ), with long fruits",General,noun
ndyakiro,mouse (embeba) that is active at night,Common Animals,noun
ndyanga,"skin bag, leather bag, pocket money",General,noun
ndyoka,fabulous water serpent much feared by the Bakonjo,General,noun
negekeerra,to be laden with fruit,General,verb
neguka,; to come off (e.g. head oflocust),General,noun
neka,"; to be very wet, be supple",General,noun
nekaneka,"to be soft, flowing garments",General,verb
nekeerra,"to wear soft trailing gaanents; to bear much fruit, be laden",General,verb
nekya,"to make wet through, make soft",General,verb
nenera,"to be dry, ready for picking (millet)",General,verb
nfenanfe,"; bossom friend, friend indeed",General,noun
nfura,"one of the upper class, generous hospitable person",General,noun
nfuuni,; a worn out hoe,General,noun
nga,"word of neg., no it is not so",General,interjection
ngaaga,species of papyrus used for making baskets ( ebiibo),Biology,noun
ngaaju,large cow with long horns,Common Animals,noun
ngabu,to recall heroic ballads or recitations,General,verb
ngabu,cow with large patches of white and red or black,Common Animals,noun
ngagi,species of barkcloth tree (omutoma) with small leaves,Biology,noun
ngagya,"large spotted hyaena, (nandj bear)",General,noun
ngango,; forked stick on which things are hang,General,noun
ngarabi,long drum beaten with the hands,General,noun
ngata,"coil of grass or leaves used as pad for bead on which load is carried, hollow circuJar stand for milk pot, etc., a circle, coil",Mathematics,noun
ngesera,pipe bowl with long point,General,noun
ngeso,"custom , habit, act, deed, conduct",General,noun
ngeye,black and white colobus monkey,Common Animals,noun
ngisa,"small pieces of stick floating in a bowl of water, used for divining",General,noun
ngisa,wooden charms to prevent disease,General,noun
ngobya,"cunning, deceitful person, cheat, blackmailer",General,noun
ngolya,salt found in the earth and extracted by boiling,General,noun
ngonagoni,"climbing plant used for making baskets, shields etc",Nature & Environment,noun
ngondo,cuts on the body (for decoration),General,noun
ngoobe,"pointed end of ngundiizi,arrow, something for sale or exchange",General,noun
ngoonyo,"place where travelers pass the night while on a journey; camping place; lodge, an inn motel, Guest house",Tourism,noun
ngoro,hollow reed used for making flutes and in fencing and building etc,General,noun
ngorombe,"stunted child, cow, etc.; old short knife",Common Animals,noun
ngote,a tree from which barkcloth mallets are made,General,noun
ngoye,clothes; variety of barkcloth tree with small leaves,General,noun
ngoyegoye,plant found in swamps used for making mats,General,noun
ngozi,cloth arranged for carrying a child on the back,General,noun
ngundu,; chief bull of the herd,Common Animals,noun
ngundu yekisha,difficult person to deal with,General,noun
nguguma,"sympathetic fear of causing pain (esp. when lancing abscess, etc.)",General,noun
ngulike,beans which have been kept two or three years,General,noun
ngumangani,"; hard hearted, obstinate person",General,noun
ngunduzoona,salutation addressed to chiefs (formerly) and to the Queen Mother,Governance And Administration,noun
ngunguuza,"one who goes alone at night, wanderer",General,noun
ngurukizi,"large black and red lizard, (reputed to be poisonous)",Common Animals,noun
ngusuuru,"plant with yellow poisonous fruit, colocynth",General,noun
nguuho,"; long narrow piece of cloth, loin cloth",General,noun
nguurruumi,"stunted child; one who mumbles or mutters; selfish, disagreeable person",General,noun
ngwizi,"one who falls into bad ways, wastrel",General,noun
nia,"to go stool, defecate, relieve oneself, excrete",General,verb
niaguza,; to walk about without fear or shame,General,noun
niha,to be satisfied with food; to get enough of something,General,verb
niiniira,"to be very glad, exact",General,verb
ninga,"to notch, ring; to make much of, spoil",General,verb
njaaliimi,one who talks slowly and sometimes nonsense,General,noun
njagara,"variety of plantain (euy ammmy u), with long fruits",General,noun
njagi,plant the fruit of which is eaten or used as relish,General,noun
njaikajaiki,one who is always visiting,General,noun
njatu,"destructive gale,hurricane, cyclone, tornado, thunder bolt, lightening-stroke",Nature & Environment,noun
njeijeza,"attendant (of King or Chiet), page",Governance And Administration,noun
njoga,"coney, hyrax, kind of banana beer",General,noun
njogera,; bells worn round ankles by small children,General,noun
njooroorwa,beans sown in November and picked in January,General,noun
"njugangi,",; cow which mows for salt,Common Animals,noun
njuma,"berry, grain; foetus, embryo; white of eye",General,noun
njumba,variety of plantain tree with red stem and leaves,General,noun
njumba,reddish cow with dark patches,Common Animals,noun
njunjuuzi,work bee that has lost its sting,Common Animals,noun
njura nyuma,plantain juice mixed with excessive water,General,noun
njuumika,cow with horns extending forward and downwards,Common Animals,noun
njuumike,blood pudding cooked in leaves in the fire,General,noun
njuza,"papyrus stem, twisted papyrus rope",General,noun
njwenge,"twisted flattened hair;tassel; ente en., cow with loose curly horns",Common Animals,noun
nkaha,"adv., where; (always follows the verb)",General,adverb
nkaika,"neglected plantain garden, puny plantain trees",General,noun
nkamba,"; a strong thing in motion; twara en., rush along, be deligent, work hard",General,noun
nkamyo,sour milk; a plant used to tum milk sour,General,noun
nkanda,"; in olden days, large skin worn as garment. Today, a term used for the cloth given to mother of the bride by the bridegroom during or at the time of paying dowry",Culture And Tradition,adverb
nkarakale,"decribing an action, = amakale",General,noun
nkarakarwa,a shrub the leaves of which are used for cleaning the teeth and as an emetic; blackened vegetation left by fire,Nature & Environment,noun
nkarange,", (used as attribute to another noun)",General,noun
nkarwa,"leg trick as in wrestling; tega en., trip up",General,noun
nkazi,"ganglion, goiter, (swelling on neck or wrist)",General,noun
nkebe,entrails of fowl used in divination;conscience,General,noun
nkeerraaoo,",(used as attribute to another noun)",General,noun
nkeeto,"skin used as mat; very heavy load, burden; things given to a bride by her father",General,noun
nkemba,grass that grows in swamps used for thatching,General,noun
nkenku,sour beer made with very little sorghum,General,noun
nkerenge,deep bole in the ground,General,noun
nkindo,bleached palm leaves (used for mat making),General,noun
nkinya,"nice manners, graciousness; heaving, weight of a stick",General,noun
nkiro,";direction, distance, horizon, dip between two distant hills",General,noun
nko,"piece of wood for sharpening razors and spears, strop",General,noun
nkoba,"narrow strips of hide, leather whip, belts",General,noun
nkobe,"variety of plantains with short, thick fruits",General,noun
nkokera,"; elbow, arm of chair (also enkokora)",General,noun
nkokwa,tree from which rope used in building is made,General,noun
nkomakomi,one who picks up any thing dropped,General,noun
nkome,cow with horns curved forward,Common Animals,noun
nkomoro,small piece cut off(e.g. iron by smith when forging),General,noun
nkomi,cow with horns curved forward,Common Animals,noun
nkondo,cow with horns curved inwards and upwards,Common Animals,noun
nkondo,"; stake, peg, forked stick, post of bed",General,noun
nkonje,large sweet plantain eaten boiled or roasted,General,noun
nkonokono,"hold with shaky hand,hold each hand, be ambidextrous",General,verb
nkonombo,a flower sheath of plantain,General,noun
nkonya,"stamp of plantain tree, roots of papyrus",General,noun
nkooba,; small gourd used as a drinking vessel,General,noun
nkooku,do as 1 have shown you,General,verb
nkoole,edible fruit of the plant,General,noun
nkooleeko,a recurring thing (e.g. chronic illness),General,noun
nkoora,"potato stems, potato slips for planting",General,noun
nkoozo,a bitter gourd; very strong liquid or tobacco,General,noun
nkora,"manner of working, doings, ways",General,noun
nkoro,small gourd cup for giving milk to baby with; breastbone (cattle),Common Animals,noun
nkorooto,large black raiding ant which eats tennites,General,noun
nkuba,"fabulous fowl supposed to cause thunder bolt and lightening,hence thunder and lightening",General,noun
nkubirane,"beat repeatedly, veer round (wind)",General,noun
nkudakulya,; small insect reddish in colour,Common Animals,noun
nkugutu,tiny moth that eats skins,Common Animals,noun
nkuku,"miser; brushwood, thicket ; grass bed",General,noun
nkulingo,roundness; solid block of wood from which planks are cut; smooth round stone,General,noun
nkundakulya,small insects red in colour,General,noun
nkundi,part of ambilical cord attached to navel; long stick under framework of load,General,noun
nkungu,"hornless (animal, esp of cow)",Common Animals,noun
nkungu,land belonging to a minor chief,General,noun
nkunguzi,one who bas lost all relations; one who is aJways crying (supposed to bring ill luck),General,noun
nkuranga,; cormorant; very large elephant,General,noun
nkuratane,children coming one after the other by the same mother,General,noun
nkuru,;small pieces of dry flesh scraped off a hide,General,noun
nkurungutaniza,"subtlety, cunning, cheating, crafty person",General,noun
nkurwa,"red clay (used for colouring pots, etc.)",General,noun
nkuubule,large healthy person or animal,General,noun
nkuume,millet cooked with insufficient water,General,noun
nkuyo,"brush for brushing cows (made of grass, etc.)",General,noun
nkuyu,"golf ball , hockey ball",General,noun
nkuzi,"main root , tap root",General,noun
nkwatirizi,"; careful, deliberate, economical person",General,noun
nkwatirizo,; kindling material for a fire,General,noun
nkwato,"care, good treatment , neatness",Health & Medicine,noun
nkwenge,a bird with long tail,General,noun
nkwisi,piece of cooked oburo eaten,General,noun
nkwomoro,waning moon (seen in early morning),General,noun
nkya,"title given to the creator, lucky",General,noun
nkyakya,cracks on side of feel and hands (palms),General,noun
nogoka,", to drop off (fruit)",General,noun
nogoorra,"to cut off branches, lop",General,verb
nogora,to break off easily (e.g. ripe fruit),General,verb
nokora,"to pluck out, remove from the socket",General,verb
nomba,"; to paint (face), with chalk, etc",General,noun
noobu,"although, nor, even though. even if, even when",General,noun
nsa,"brown duiker, sheaf of millet (oburo); variety of enyamuunyu; a large fish",General,noun
nsaamo,grooved mallet for beating out barkcloth,General,noun
nsabiko,small pot in which water is cooked for washing baby,General,noun
nsagaarraano,cows given to a bride by her father or brother,General,noun
nsagalizi,"girl attendant of bride, matron",General,noun
nsahi,milking cows which accompany a chief to the town,General,noun
nsamba,"kicking,medicine (from various plants) given to women in childbirth",Health & Medicine,noun
nsambya,; crocodile; timber tree with yellow flowers,Common Animals,noun
nsambya,white cow with tiny black spots,Common Animals,noun
nsande,"sweet banana juice, fruit juice",General,noun
nsanganibanywan,small plant with sweet-smelling roots,General,noun
nsanju,"seventy,tender sticks for beating children",General,noun
nsaramaizi,insect that drots about in water,General,noun
nsarara,"meat on inner side of back, steak",General,noun
nsaro,"border,boundary (of plot}, ditch between plots",General,noun
nsasi,a bird found near cattle,Common Animals,noun
nsebeeya,woman who accompanies her husband when he goes to the capital,General,noun
nseeka,plant with thorns and small edible fruits,General,noun
nseesekale,; an attribute to another noun after a relevant genitive particle,General,noun
nseesi,"extravagant, wasteful person, spendthrift, agitator",General,noun
nsekuro,wooden or metallic mortar for pounding grain,General,noun
nsenyeerre,virgin land or land under sweet potatoes for the first time,General,noun
nseru,good white salt from Kibira,General,noun
nsi,"; the earth, land, country",Geography,noun
nsibo,bits of old pot ground up and mixed with clay in making pottery,Art And Entertainment,noun
nsiika,; room where King drinks milk,Governance And Administration,noun
nsiisi,"one who spoils things, vandal",General,noun
nsimbo,"fit, epilepsy gourd for butter, young plant shoot for transplanting, the newly planred shoots",Health & Medicine,noun
nsinda,"sigh, groan; long cylindrical bead",General,noun
nsindikwa,;tree stump dug up for firewood,General,noun
nsindirizi,"; owl; sad, lonely person",Common Animals,noun
nsinga,plants out of which shafts of spears are made; their stalks are used as tooth brushes,General,noun
nsirimuko,the other side (of a hill),General,noun
nsobyo,pointed stick for digging up potatoes,General,noun
nsoha,"pot , water jar;pitcher; foetal membranes",General,noun
nsojo,pale green grasshopper; variety of barkcloth tree with small leaves,Common Animals,noun
nsolima,a large species of rat,Common Animals,noun
nsomerano,cow or other property of dead man taken by bis chief,Common Animals,noun
nsonga,"end of rope, spear, knife or tree; cause, reason, excuse",General,noun
nsonko,"white spot on eye, opacity of cornea",General,noun
nsoooooki,early morning sun heat before 7:00 a.m,General,noun
nsoro,"spring of water, horse, donkey; berries used in game of rusoro",Common Animals,noun
nsugi,"goats, etc. offered as sacrifice to spirits",Culture And Tradition,noun
nsumba,young plantain tree which has not born fruit yet,General,noun
nsumbi,small earthenware long-necked bottle in which water is heated,General,noun
nsundi,"; small red bird, waxbill",General,noun
nosungu,grasses the stalks of which are used by children for playing a game,General,noun
nsungura,small yellow bird that eats millet,General,noun
nsurangano,anything that is brought about by unusual means,General,noun
nswagira,; sores at comer of mouth,General,noun
nswagiro,"noise made by people or animal when moving, footsteps",General,noun
nswaswa,"footfall, footsteps; large water lizard ; layers of plantain bud",Common Animals,noun
nswiga,small salanam (common vegetable with tiny white flowers and black berries,General,noun
nswija,milk or beer left invessel after drinking,General,noun
ntaahanyeoka,creeping plant with pink flower used as a perfume,Nature & Environment,noun
ntaabirizo,"short knife with long handle for cutting meat , etc",General,noun
ntaamusilke,small millet ground without roasting for making obusera,General,noun
ntaara,cow with long horns extending sideways,Common Animals,noun
ntaate,child's attempt to walk witJ1out holding a person's hand or a wall,General,noun
ntabaalizo,"forked stick for collecting firewood from high up in tree, also for mending calabashes with string",General,noun
ntabiganya,fierce leopard or man-eating animal,Common Animals,noun
ntabo,"; red clay, fertile soil",General,noun
ntahata,"of water, an extra small container carried together with big container",General,noun
ntahuura,"fierce animal with no ears, ratel, honey-badger ; independent, rebellious person , defiant person",General,noun
ntai,"no, used for first person only",General,noun
ntaiki,"species of edible tennite, the anthill in which they live",Common Animals,noun
ntajeemerwa,one of the Royal drums of Bunyoro,General,noun
ntakalyaga,one who has never eaten or tasted something special,General,noun
ntanana,; marks of liquid on a dark surface; elephant-snout fish,General,noun
ntanda,"packed cooked food for school or journey, rations",General,noun
ntanganaoa,; creeping plant with strongly scented white flowers and fruit like a striped pumpkin,Nature & Environment,noun
ntanyuunyirwa,spear wiili short shaft and very long blade,General,verb
ntaragirwa,; intruder; one who sells salt,General,noun
ntarama,shallow soil; tree with flat branches,General,noun
ntaratale,rush from which enduko are obtained,General,noun
ntarutabo,"describes an action, genda en., walk very quickly",General,noun
ntayomba,; cured hide worn as skirt,General,noun
nteerabwire,"metaphorical name for a cock used by Nyamiyonga the King of the unknown country as a riddle for Isaza Waraga, the eigtcenth King of Kitara",Governance And Administration,noun
ntembe,variety of beer banana (embiira),General,noun
ntembo,hair on the chest and abdomen; site of new house or plot,General,noun
ntemburo,site of new house or plot. new settlement,General,noun
ntende,one initiated into the secrets of an embandwa,General,numeral
ntendegere,"cow with short curly, loose horns",Common Animals,noun
ntendiigwa,"edible fruit of a bush, pigeon peas",General,noun
ntenga,; small bell like ornament; extra finger or toe,General,noun
ntengera,"; shaking,Parkinson's disease, nervousness, ague",General,noun
ntengo,"a large tree, the bark of which is used to make a medicine to cure omufumbi in cows",General,noun
ntentebuko,; slope of a hill,General,noun
ntenzi,", a newly made shield",General,noun
nterebuki,"shirker, dodger, one who is easily discouraged by size of something",General,noun
ntereekeerrc,straight tree or pole; person in happy circumstances,General,noun
nteruki,"(used as attribute to another noun after a relavant gen. particle, e.g. ensi y 'ent.)",General,noun
ntimatima,"central, core of plantain stem",General,noun
ntimbo,small Royal drum beaten while carried on the shoulder,Governance And Administration,noun
ntogoro,"a kind of dance, danced with rattles worn round the ankles",General,noun
ntoijo,preceeded by the appropriate genitive particle,General,particle
ntomatoma,strips off barkcloth tree used for rope,General,noun
ntondo,very nice thing; grey hair (of King only),Governance And Administration,noun
ntonga,yellow St. John 's wort (Hypericum peplidifolium ),General,noun
ntonge,small piece of food broken off,General,noun
ntongo,small piece of meat given to hunters,General,noun
ntonzi,"small sticks of a plant rutonzi , (o-); used for making beds, etc",General,noun
ntonzi,name of forteenth Omutembuzi King of Kitara,Governance And Administration,noun
ntookatooke,sweet banana juice with no water,General,noun
ntoonyera,"; cuckoo-spit insect, any scaly bug",General,noun
ntugiro,large earthenware vat (esp.used for beer when fermenting),General,noun
ntugute,"firm blood pudding, cooked with milk, button, etc",General,noun
ntuju,animal ticks when full of blood,General,noun
ntundwa,very light coloured millet (oburo),General,noun
ntunika,an abscess in the finger that does not easily show sign,General,noun
ntura,bitter wild fruit like enjagi,General,noun
nturagara,grass used for making ceilings and walls,General,noun
nturubende,rat with longitudinal yellow stripes,Common Animals,noun
ntusi,"mound, a mound is a heaped pile of earth, gravel, sand, rocks, or debris",General,noun
ntuurru,"sourness, acidity, sensantion of sharpness in mouth",General,noun
ntwe,ears(of com); swelling of abdomen,General,noun
nubwo,"then, after which, at that time",General,adverb
nuguna,to sack (of puppies etc.),General,verb
nukwo,that is how; for that reason,General,noun
nuliirra,to taste sweet; to itch,General,verb
nulirwa,to have sweet test in mouth,General,verb
numbu,edible tubers of a plant (like sweet potatoes),General,noun
nunuka,"to be stretched out,come out of ground, e.g mushroom",General,verb
nunura,"to redeem, buy back; to strech out",General,verb
nura,"to taste nice, be sweet",General,verb
nya,"partic le added to various noun prefixes so as to indicate something which is already known to both the speaker and the person spoken to, meaning",General,noun
nyaabura,word with various shapes of margining; (an abuse or contempt),General,noun
nyaaka,to spread about (like water),General,verb
nyaama,"to give enema to (child), rub with medicine",General,verb
nyaara,";to make water, micturate, pass urine",General,noun
nyabagongoine,make patchwork garment out of old rags,General,verb
nyabakale,weep without shading tears = amakale,General,noun
nyabambara,pet name of a chameleon because of its behavior; hence the saying,Common Animals,noun
nyabarasana,plant with black clinging seeds ( Bidens pilosa),General,noun
nyabuke,a name given to a very thin person,General,noun
nyabungere,"variety of plantain ( enyamuwryu ), with short fruits",General,noun
nyabuyonga,a place for departed spirits,General,noun
nyabwe,"adv., appended to possessives to mean in full ownership",General,adverb
nyabwiru,undiluted sweet banana juice = empotole,General,noun
nyabya,"small black insects that low a hill hence the saying (nyabya kwata biswa), the small black insects that drive out ants from the hill with their noise",General,noun
nyaga,"; to plunder, pillage, spoil, carry off, refuse to pay for what you arc given on credit, cheat",General,noun
nyaboibo,; anything very ripe or nice-looking,General,noun
nyaisumba,side entrance of the kings house,General,noun
nyajungu,"small tree with long fruits, the wood used for making canoes, hoe handles",General,noun
nyakabaka,hawk; snatching of bird of prey,Common Animals,noun
nyakacaaki,wooden dish used at the kings ceremonial meal on the day of coronation,Governance And Administration,noun
nyakaitu,my sister (spoken by a woman),General,pronoun
nyakaju,"small house, usually behind the chiefs large residence, private room",General,noun
nyakakaikuru,"a legendary old woman, who props up the sky",General,noun
nyakarunda,"heap, pile used as an attribute to another noun after an appropriate genitive particle",General,noun
nyakasunsa,"creeper with swollen, knobbly fruits",General,noun
nyakatagara,priest; medium of clans Omucwezi who was invited to appease the gods believed to have caused problems to one of the homes of ml!mbers of thc clan,General,noun
nyakato,"name given to younger of the twins, (when a gril)",General,noun
nyakatoora,"plant (species of erotalaria), rubbed onto a calf that has refused 10 suckle by its mother",Common Animals,noun
nyakatuzi,plant like a mushroom which yields a scent,General,noun
nyakayanzi,smell of stale milk or rancid butter or plant with tny white star-like flowers,General,noun
nyaku,"particle used in the present indefinite, present-perfect and the near past tense to denote something which is already known to both the speaker and the person spoken to or to the majority of people . It comes immeditely after a relative concord and is used only in positive relative phrases",General,particle
nyakwenkuru,your paternal or maternal grandmother = nyokwenkuru,General,pronoun
nyakwento,your maternal aunt = nyokwento,General,pronoun
nyalingi,"; foolish, half-witted person, = ekigwagwa",General,noun
nyamangogoma,yellow grasshopper found among plantains,Common Animals,noun
nyamanswale,very sweet variety of plantain,General,noun
nyambawaaoi,the best kind of salt (salt number 1),General,noun
nyambukirane,anything shaped like a cross; meat from flank of carcase,General,noun
nyamjbwa,very nice looking person or thing (esp. used of cattle),Common Animals,noun
nyamantunda,plant with leaves which are cut in spinach to make it test like enyamusiri (Hibiscus callyphyllus),General,noun
nyamiyonga,"name of a King of unkown country. ant; type of bird. Mythically King of the under world (believed to have removed Isaza Waraga the eigteeotb King of Kitara, from his lhrone and using tricks he brought him to his underworld Kingdom where be is supposed to be living up to now)",Governance And Administration,noun
nyamugundu,"giant, large person or thing",General,noun
nyamuhaibona,"planet near the moon, daystar",Astronomy And The Universe,noun
nyamubanga,;the Creator; the fourth Omutembuzi King of Kitara,Governance And Administration,noun
nyamubebe,ground thrush (black bird with white bar on wing),General,noun
nyamunsunga,plant with bright blue Labiate ftowers (Coleus forskohlir),General,noun
nyamurara,cow with a stripe right down its tall,Common Animals,noun
nyamuruuta,mode of hair dressing (sticking straight up),General,noun
nyamusana,"midday, day time, during the day",General,noun
nyamusiri,plant the leaves of which are eaten as relish,General,noun
nyamuunyu,general term for any plantain that can be cooked and eaten,General,noun
nyamuzaarabakuzire,black and yellow boring wasp; title given to King,Governance And Administration,noun
nyamuziga,"wheel, hoop, circle; type of female dance in Tooro",Mathematics,noun
nyamwegoda,pet name given to a cat,Culture And Tradition,noun
nyanga,"; deep hole in the ground,den",General,noun
nyange,; egret; a cow that has n c!er been served by a bull,Common Animals,noun
nyamwegodi,pet name given to a cat,Culture And Tradition,noun
nyamayarwo,name given to a child whose siblings would die young,General,noun
nyangoma,name given to the elder of twins (when a girl),General,noun
nyanyuura,to tear up (cloth); to widen ; over stretch,General,verb
nyarubabi,(used as attribute to another noun),General,noun
nyarubere,(used as attribute to another noun),General,noun
nyaruju,); large house of chief (in front yard),General,noun
nyarukoni,(used as attribute to another noun),General,noun
nyaruoyansi,",(used as attribute to another noun)",General,noun
nyarwekiika,; swelling in the groin,General,noun
nyebembezi,"; leader, guide, queen bee",Common Animals,noun
nyecumi,"; clean,smart person , dandy",General,verb
nyeeta,"to grow fat, grow up",General,verb
nyegeerra,to take tales or accuse openly,General,verb
nyegera,; a fee before a case,General,noun
nyegesa,"method of teaching, preaching, educating",General,noun
nyegeza,pay fee when bringing accusation into court,General,verb
nyenugi,"morose, taciturn person, one who bas lost interest in life",General,noun
nyigamo,"space curtained off, curtain screen",General,noun
nyigiriza,"to tie tightly together; be mean, stingy, disagreable; hence to oppress or repress",General,verb
nyikara,"state, condition (of life, being)",General,noun
nyinarumi,"his/her maternal uncle, mother's brother",General,pronoun
nyineeka,"owner of house, proprietor, head of a family",General,noun
nyinento,"his/her, maternal aunt, mother's sister",General,pronoun
nyinoomukama,"Mother of the King, Queen Mother",Governance And Administration,noun
nyinyika,to put many things in one place,General,verb
nyinyikana,"to go in a body,jostle one another",General,verb
nyirika,"to spout, gush out, p",General,verb
nyitano,to another noun after a relevant gen. particle); see enjoka,General,verb
nyituruzo,fine grooved mallet for beating barkcloth,General,noun
nyondo,plant with thick fleshy stem and leaves which are used to remove stains from hands or to treat a swollen part of body; very sweet hooey,General,noun
nyonyi,general name for a group of birds; aeroplane; illness of young children,Transport,noun
nyonyomboka,"to walk slowly and quietly, come out of hole, etc",General,verb
nyonza,"; robin hat, mocking bird, edible berries (fruit of a thorny bush)",General,noun
nyoomoora,"to despise, treatscornfully, put to disrepute",General,verb
nyoomwa,"to be dissatisfied , discontented",General,verb
nyoonyegeerra,to be shiny with perspiration,General,verb
nyoorooka,"to spring out, become thin and taller than others",General,verb
nyoorra,"to grow badly, be thin, be choked (as flowers by weeds)",General,verb
nyorokoka,to get thin and tall,General,verb
nyukuka,to be easily pulled up,General,verb
nyuma,"to be pleasant, agreeable, interesting",General,verb
nyunka,to crush or press bananas for extracting juice ; prepare a hide by rubbing,General,verb
nyunkiirra,to crush in the hands,General,verb
nyuuka,to rub together in the hands (clothes leaves etc.),General,verb
nyuonyuuta,"to suck up, draw up;to exploit",General,verb
nyuurra,"to stretch, pull (e.g. wire bracelet)",General,verb
nyuurruuka,"to be elastic, drawn out, sticky (used of feel ing in mouth of well cooked oburo)",General,verb
nyuuta,to rely on anothcr(habitually); sponge on,General,verb
nywa,"to drink, absorb; to score (in football)",Sports,verb
nywanisa,"to join together firmly, tie tightly;cause one to make blood brother-hood with a person",General,verb
nyweraniza,to drink out of same vessel;put together when tying,General,verb
nywisa,"to make to drink, give to drink",General,verb
nzaana,"ganglion, swelling on wrist or neck",General,noun
nzaarwa,"; home born, native, aboriginal",General,noun
nzaire,the given to King of Tooro and Bunyoro,Governance And Administration,noun
nzaire,cow with a young one,Common Animals,noun
nziodaaro,"; lid, cover for milk pot",General,noun
nzingami,one who is weak in the legs; tiny bit of millet (oburo) left by other people in the basket at meal,General,noun
nzirabusera,variety of plantain with shon fruit,General,noun
noziri,woman who is physically incapable of bearing children,General,noun
nzirwa,person or thing that is rejected,General,noun
nzomba,red cow with tiny spots,Common Animals,noun
obeho,a way of saying farewell to someone who is going away and wishing them well,General,noun
obu,"bow, splin. The last vowel changes to 'before noun the stems of which begin with a vowel",General,noun
obubaagi,"the occupation of slaughtering animals like sheep, goats, cows",Common Animals,noun
obubundamo,a place where one falls after collapsing,General,noun
obubundamo,"a place where one crouches to avoid sight, being seen",General,noun
obubuzi,creases in clothes when they are not ironed,General,noun
obubya,acute craving for sodium chloride,General,noun
obucecezi,night dancing done while performing recitations,General,noun
obucumita-mbogo,a plant with small leaves and small thorns,General,noun
obucura,a term that refers to old age in cattle,Common Animals,noun
obufuuzi,a state of being an orphan,General,noun
obuga,tight sensation when food is taken after a long fast,General,noun
obugage,food that has gone bad and has lost its actual taste or is rotten,General,noun
obugamba,a structure made above the fireplace in the kitchen,General,noun
obugange,"an infection of the mouth and throat by a yeast-like fungus, causing whitish patches especially in children",Health & Medicine,noun
obugaragwa,a condition of being loved by a chief,General,noun
obugigi,being forced or compeled to do something,General,noun
obugore,period of time when one has just married or is about to get married,General,noun
obugega,containers where fresh picked tea leaves are put,General,noun
obugemu,"the routine of taking milk or food to someone, for example in hospital",Health & Medicine,noun
obuhendagurika,"broken pieces of something especially a tree, glass, sticks",General,noun
obuhiigiro,the place or area where people go for a particular purpose or thing,General,noun
obuhindihindi,a climbing edible plant with beans,General,noun
obuhome,building made out of mud and wattle,General,noun
obuhundame,state of being dull and inactive,General,noun
obuhuta,"bruises, injury, fresh wound as a result of assault or accident",General,noun
obuhuuha,certain arrangement of banana leaves when steaming bananas in a pan,General,noun
obujuga-nyonza,a period in the past when cows in Ankole died of an epidemic thought to have been rinderpest,Health & Medicine,noun
obukangaga,a grass species that is hard and has sharp tips and grows in the swamps,Nature & Environment,noun
obukanja,a tree species with very many small edible berries,Nature & Environment,noun
obukarage,ability to make a good choice,General,noun
obukomeraniro,the point where two or more ropes or strings are tied together,General,noun
obukomo,a piece of jewellery worn loosely around the wrist,General,noun
obukomooko,origin of a person or something in terms of geographical location or lineage,Geography,noun
obukonjangure,too many scars on the body as a result of being stubbed,General,noun
obukono,forks of a bicycle handle bars,General,noun
obukumi,playing a ball by making it repeatedly bounce on the knee,General,noun
obuneene,ornaments for children made in palm leaves,General,noun
obunono,flour that is fine or well ground,General,noun
obunyabange,a variety of mushrooms that is big in size but short,General,noun
obunyagasani,black round seeds shaped like peas,General,noun
obunyakabungo,edible mushrooms with purplish colour,General,noun
obunyampagara,banana bunches with few fingures,General,noun
obunyamurwa,a responsibility given to someone to do something,General,noun
obunyamurwa,a religious activity especially in the Catholic church where a person appointed can offer the sacrament of eucharist even when he is not an ordained priest,General,noun
obunyancooni,underdeveloped banana fingersthat are found at the bottom of a banana bunch and are of poor quality,General,noun
obunyigita,the narrowest part of a calabash,General,noun
obunyuunya,shrubs like cicanda liked by goats,General,noun
oburaaza,a herbal concoction that was used in conferring blessings in the past,General,noun
oburamata,goose grass that produces sticky red liquid,Common Animals,noun
oburiiro,a place where one can eat from,General,noun
oburiiro,particles of food that stick to lips and to fingers when one eats with hands,General,noun
oburimi,speaking out uttering out words properly,General,noun
oburimiro,soil that sticks on legs and hands of a person digging,General,noun
oburingiri,used to refer to small particles of crumbled baked blood cake,General,interjection
oburo-bw'enkombe,a plant with compound leaves and small fruits,General,noun
oburumba,used to describe how big something/someone is,General,interjection
oburyancebebe,small insects red in colour that eat white ants,General,noun
oburyane,conflicts and intrigues within a party,General,noun
obuseetura,local beer made out of banana juice mixed with millet flour,General,noun
obusere,powdered charm given to to a man by a woman to win his love,General,noun
obusaakure,a disease associated with menopause that causes blisters on the legs and feet among women,General,noun
obusanjagure,"scars obtained from fighting using spears, where a person is pierced with a spear several times",General,noun
obusegu,"venom, poisonous sting or bite",General,noun
obusera,"porridge, the mixture of millet and other cereals with hot or cold water",General,noun
obusezya-migere,behaviour where one likes to lament and cry,General,noun
obusoberwa,a situation where one cannot facilitate oneself with the basic needs of life such as food and clothes,General,noun
obusomankuzi,the act of being corrupt and having fraudulent behaviour,General,noun
obusuuriita,threads which have come out of a piece of cloth and are hanging,General,noun
obusindura,beads usually blue in colour,General,noun
obusinge,a situation in which there is no war between countries or groups of people,General,noun
obusito,milk from a cow which has just mated,Common Animals,noun
obusukusuku,edible mushrooms that tends to grow singly in banana plantations,General,noun
obutaanyi,indecent play of young girls,General,noun
obutaara,used to mean very big,General,interjection
obutaka,"to be on the ground, usually used in a fight, wrestling or slides",General,verb
obutami,"strips or papyrus used in making baskets, weaving fibres or materials used to make baskets, usually from papyrus reeds",Art And Entertainment,noun
obuteebaasa,the state of being unable to do something on your own,General,noun
obuteera-kisaka,money given to someone who has looked for herbs in the bush in search of medicine,General,noun
obutega-maiso,a condition where one waits to be provided and looked afte,General,noun
obutembwe,sores that appear on the throat as a result of an infection,Health & Medicine,noun
obutere,sores that appear in the mouth due to an infection,Health & Medicine,noun
obuterezi,a slippery ground especially when it rains,General,noun
obuteta,a state of speech impairment caused by sickness or abnormality at birth,General,noun
obutiiti,small round beads with a hole inside that are put on a thread and worn by women in the waist,General,noun
obutirige,it refers to the style of hair dressing,General,noun
obutirima,the bubbles the baby makes in its language development,General,noun
obutoko,porridge from sorghum that is cold at the time of drinking it,General,noun
obutonaatone,small round marks especially when printed on a cloth or paper,General,noun
obutondagiriro,a big piece of wood put across the rivers so that people can cross from one side to the other,General,noun
obutooro,"the way out of a situation, problem",General,noun
obutoroogo,prematurely born foetus or children,General,noun
obusigazi,"youthful age, the state of being a youth in male humans",General,noun
obuturukiro,the place or moment when something appears and becomes visible,General,noun
obutware,a system of government in place at a particular time in a defined territory,General,noun
obutwire,an indefinate period of time,General,noun
obuyungiro,a point where different things have been joined together,General,noun
obuzaahe,the state and period of being in exile,General,noun
obuzaana,the condition and period of being a slave,General,noun
obuzaariranwa,an inborn quality or trait:inheritability,General,noun
obuzibira,a plant that has small leaves and it has medicinal properties,General,noun
obwa,"join word, on account of because,with infinitives",General,noun
obwabati,"as of now, to day",General,noun
obwajaaba,plenty or ample amount of something,General,noun
obw'akanwa,an infection of the mouth with sores that often affect young children,Health & Medicine,noun
obwamanga,an alarm that is made to scare birds,General,noun
obwambari,state of being of mixed parentage between subgroups in Ankole,General,noun
obwambari,service offered in the palace,General,noun
obwambizo,material things that are given to the people in need as aid or help,General,noun
obwancooni,underdeveloped banana fingers at the bottom of a bunch of banana,General,noun
obwanda,place used for brewing sorghum beer,General,noun
obwanjurane,millet which you remove from the grinding stone before you finish grinding,General,noun
obwarikye,water that is being boiled for mingling millet,General,noun
obwarire,grass for carpeting spread on the ground inside the house,General,noun
obwaruura,muscles with a thin layer that holds the intestines of animals in their position in the stomach,General,noun
obwase,vaginal tears suffered by a mother during childbirth,Health & Medicine,noun
obwasiisi,anything pleasant that is given as an extra after buying something,General,noun
obwatika,special crack or opening; in the surface of something,General,noun
obwato,a trough for animals to feed or drink from,General,noun
obwato,a wooden structure in which banana fruits are pressed with feet to extract juice,General,noun
obwecooki,being extremely neat and organised;self appraisal,General,noun
obwecurengi,the quality of being a hardworking person,General,noun
obwegande,the state of being hesitant,General,noun
obwegeme,an act done by forcing,General,noun
obwehatiko,any place where one can hide,General,noun
obwehigiro,tiny place where to turn,General,noun
obwekorerero,a crown of the head,General,noun
obwekoro,being able to do something to sustain oneself without other people's help,General,noun
obwengura,very bitter local beer made from yellow bananas,General,noun
obwezirikiro,the part of the human trunk between the bottom of the rib cage and the pelvis,General,noun
obwigiranju,a situation where a man marries the sister of his late wife,General,noun
obwiguuga,something that is very heavy,General,noun
obwihirire,something that happens accidentally or unexpectedly,General,noun
obwijagase,millet grown especially around April when the actual season should be in August,General,noun
obwijukuru,"ancenstry, relationship of grand children from both the father's and mother's lineage",General,noun
obwijura-nju,marrying a sister of the late wife,General,noun
obwina,small holes in the surface of the road that is formed by bad weather or traffic,General,noun
obwingi,"the quantity of something, plural",General,noun
obwiso-bw'enjoki,small cereals in the millet finger that have not yet matured,General,noun
obwitizo,grass for smoking milk pots,General,noun
obwitumba,the state of being big and heavy,General,noun
obwogi,"sharpness, sharpness of the edge of a blade",General,noun
obworere,boiled bananas or Irish potatoes,General,noun
obworo,the state of not having wealth,General,noun
obworo,inactivity resulting from a dislike of work,General,noun
obwose,hair from an animal's tail used for decoration,General,noun
ogesa,"to cause to bathe, wash with",General,verb
ogoroobe,"How has your day gone, or have a good day",General,noun
ogumeho,a word used to say stay well or goodbye,General,noun
ogya,"to bathe, wash someone or something",General,verb
ohereza,"to allow to go, incite, tempt, order",General,verb
okaali,tittle given o the king of Bunyoro Kitara and Tooro. its used as a salutation at the same time,Governance And Administration,noun
okubaata,to press down the feet like a duck while walking,Common Animals,verb
okubaatiika,to press wholesomely especially the feet,General,verb
okubaatiika,to stick or sew something onto another,General,verb
okubabiirira,to roast or dry something by igniting dry banana leaves on top of it,General,verb
okubabiirira,to warm the ditch for ripening bananas by igniting dry banana leaves,General,verb
okubabiirira,"mto put black marks (usually) on a walking stick, calabash, etc, for decorative purposes",General,noun
okubagana,to share something between two or more people,General,verb
okubaganisamu,to seperate people who are in the same group with common objectives by making them form splinter groups from the original one,General,verb
okubakira,to get burnt after water has dried up in the process of cooking,General,verb
okubambarika,to cover using something that is too small to fit on the thing being covered,General,verb
okubambatika,to patch something onto another,General,verb
okubambika,to use something for a particular purpose,General,verb
okubambura,to beat badly or to insult someone,General,verb
okubanda,to force a way into something,General,verb
okubandabanda,to pass where there is no straight path or road,General,verb
okubandaituka,to stand up at once,General,verb
okubandama,to being duck down or crouch to avoid being seen,Common Animals,verb
okubandikiriza,to mop a patient with water using a towel,General,verb
okubanduuza,to produce sound when one is are moving in a bushy place for example when one is moving in dry banana leaves in a plantation,General,verb
okubanga,to cut and create an artificial gap between the two front upper teeth,General,verb
okubanguka,to graduate in a profession,General,verb
okubanguuza,to do something in a hurry,General,verb
okubanjura,to plough big clods of soil using a hoe,General,verb
okubanza,to do something first before doing something else,General,verb
okubara,dealing with the logic of quantity and shape and arrangement,General,noun
okubarabaisa,to soothe a cow's teats before milking in order to have it relaxed and let down freely,Common Animals,verb
okubaragurika,sound that is produced when things are being burnt,General,interjection
okubaranganya,to start getting grey hair,General,verb
okubarasuka,to suddenly come off the hook,General,verb
okubarura,to make something burst loudly and violently,General,verb
okubatuka,to be scorched or scalded,General,verb
okubega,cut and serve food from the main meal,General,verb
okubegera,to serve or share food with another person,General,verb
okubembekereza,to put something onto another with great care,General,verb
okubendabenda,to walk with a stoop,General,verb
okubendeka,to plant seeds into a nursery,General,verb
okubenga,to turn down a prospective fiancée,General,verb
okubengura,to hit the head on something hard,General,verb
okubengeya,to have a good life,General,verb
okuberegeta,to chew hard foods like cereals,General,verb
okuberera,to take long to be in calf,Common Animals,verb
okuberesera,to be healthy and good looking,General,verb
okubiba,to sow seeds such as millet,Common Animals,verb
okubigiza,to threaten to do something,General,verb
okubiikura,to turn something especially papers and show a different face,General,verb
okubika,to communicate news of someone's death,General,verb
okubinga,to drive something or someone away or out: the act of chasing away someone or something from the place where it was,General,verb
okubingirira,to go after something or to follow up something of interest,General,verb
okubingirira,to marry a wife but she stays at her father's home and the man keeps going there,General,verb
okubiriita,to be in an unanticipated problem,General,verb
okubiringita,to move something while turning it round,General,verb
okubiririra,turn dark/become sodden especially when cooked with too much water,General,verb
okubisha,to engage in acts that harm,General,verb
okubisikara,to be raw or not dry,General,verb
okubisira,to offer a welcoming meal to someone,General,verb
okubogoka,get into the right path,General,verb
okubogeka,"to slant, tilt or incline",General,verb
okubogeka,to leave (the door) ajar,General,verb
okubohera,to tie a cow's hind legs when milking it,Common Animals,verb
kuboijana,to work alone when you would need help from another person,General,verb
okubomboora,to remove something that is plastered onto another,General,verb
okubombootera,"to put food back on fire(especially steamed , caked matooke) in ordwer to soften it",General,verb
okubombootera,(of matooke) to get re-steamed,General,verb
okubombosa,to help move or carry something gently from one place to another,General,verb
okubomora,to break down the wall or demolish a building,General,verb
okubona,to find something that has got lost or misplaced,General,verb
okubonabonesa,to treat someone in a cruel way,General,verb
okubonana,to talk to one another secretly,General,verb
okubondoora,to join together and make something,General,verb
okuboneka,(of the moon) to appear,General,verb
okubonekera,to reveal oneself to someone,General,verb
okubonekereza,to add something on what you have already been given,General,verb
okubonera,to be smart or clean,General,verb
okubonera,"to be beautiful, handsome or attractive",General,verb
okuboneza,to clean and make tidy,General,verb
okubongoya,be in a position where something is not supported by anyone,General,verb
okubooga,(of a baby) to bring back milk after breast feeding or during breast feeding,General,verb
okubooreera,to be inactive in all feilds of life,General,verb
okuborogota,to flow with roaring sound,General,verb
okubota,prepared together and supplied with water (of mixed food),General,noun
okububura,to roar especially of lions,General,verb
okububura,to visit someone with a basket full of something (e.g. beans) and when you are going back they also put their something in it e.g.millet,General,verb
okubuga,to finish especially when digging,General,verb
okubugana,to suffer from nestle rush,General,verb
okubugana,to meet someone along the way,General,verb
okubuganiza,to pour milk into a churn,General,verb
okubugiirira,to finish weaving a basket,Art And Entertainment,verb
okubuguuma,to form big flames of fire,General,verb
okubukaara,to be calm and settle in one place,General,verb
okubumba,to shape a soft substance,General,verb
okubumba,to mould a substance into an object(said of a rim of spherical object),General,verb
okubumbatira,to gather under the wings as done by birds to their chicks,General,verb
okubumbatiza,to clasp and hold in the hands,General,verb
okubumbirira,stopping water from flowng so that cows can get water for drinking,General,noun
okubumburika,to make round in shape,General,verb
okubumbuza,"to be in bad mood, unhappy or angry",General,verb
okubumbuza,to move in abig group; many people going at once or to run away at once,General,verb
okubunda,to squart especially for dogs,General,verb
okubundaara,to become silent and be with good behaviour,General,verb
okubundika,to put down and make calm especially of dogs,General,verb
okubunduguza,to be pregnant usually of animals,General,verb
okubunga,to born-set someone who has got a fracture using traditional therapy,Health & Medicine,verb
okubungururwa,standing up of hair on the body due to illness or coldness,General,noun
okubungwa,to be attacked by a weevil,General,verb
okubungera,to be idle and move up and down without aim,General,verb
okubura,to get lost and fail to reach your intended destination,General,verb
okuburabura,to be lost in what one is doing,General,verb
okuburaburirwa,to be worried or burdened,General,verb
okuburika,to disappear for a long time and reappear again,General,verb
okuburirikana,(said of a person) to disappear for a long time,General,noun
okuburugutana,to spoil the organised way somebody is supposed to work,General,verb
okubusuka,to go astray or to divert from the main point unknowingly,General,verb
okubutabuta,the situation when an animal is moving slowly after it has eaten a lot or when it is pregnant,General,noun
okubuura orutooke,to organise a funeral rite done four days after burial of a family head by reporting or introducing the widow to a banana plantation,Culture And Tradition,verb
okubuurira,to preach or give a sermon,General,verb
okubuuruura,to roll the eyes by an individual,General,verb
okubuutuura,(of pregnancy) to start to be noticed,Health & Medicine,verb
okubuutuura,to be with a pregnancy that is justnoticeable,Health & Medicine,verb
okubuutuura,to lift a person from one position to another especially when he or she is very sick,General,verb
okubuya,"to writhe in pain due to sickness,pregnancy or weakness",Health & Medicine,verb
okubuzabuza,not to be straight forward,General,noun
okubwabwana,to play around with something,General,verb
okubwagura,to give birth to puppies,General,verb
okubwarabwarika,to care for something with much attention,General,verb
okubwatuka,to make an explosive sound,General,verb
okubwegabwega,to feel distressed by an excessive meal,General,verb
okubweka,to close the eyes of a dead person,General,verb
okubwerereka,to pretend that one has not done something while suspecious that somebody may know it,General,verb
okubwoijoka,to be possessed by spirits,General,verb
okubyamirana,to lay items over the others,General,verb
okubyamisa,to put someone or something to sleep,General,verb
okubyamisiriza,to comfort or persuade someone especially the baby to sleep,General,verb
okubyara,to plant a door frame or shutter,General,verb
okucaaka,to search a place while looking for something,General,verb
okucaakumba,to collect firewood from a place where there is little to get,General,verb
okucakura,to take something quickly or roughly,General,verb
okucakuza,to eat very fast with the mouth producing sound in the due process of chewing the food and with the mouth open,General,verb
okucamura,to speak ill or to treat scornfully,General,verb
okuceba-entura,to walk bare footed especially on stony roads,General,verb
okucebeeka,to curse a brother who refuses to honour one's requests,General,verb
okuceeceeba,to make slow paces or movements from one point to another usually of human beings,General,verb
okucenca,to suck from the dregs,General,verb
okucencebuka,to be torn to shreds,General,verb
okucencemuka,to laugh in an excited and uncontrolled way,General,verb
okucencenuza,to laugh loudly without a sense of humour,General,verb
okucenena,to separate water from dregs,General,verb
okucenkuka,to become bitter because of going beyond the stage at which it should be taken,General,verb
okucenura,to provide the means to uplift someone's standard of living,General,verb
okucenyacenyuka,to feel muscle pain all over the body,General,verb
okucera,to cut grass especially spear grass for squeezing yellow bananas or thatching the house,General,verb
okucerera,to cut grass using a sickle,General,verb
okucoboya,to sort mixed types of beans by putting each type alone,General,verb
okucoboya,removing the tips of eggplants or fresh beans to prepare them for cooking,General,noun
okucokomba,to limp due to pain in the leg or foot,General,verb
okucokora,to use a needle or a safety pin to remove a jigger from the foot,General,verb
okucomoora,to answer in a demeaning retort meant to embarass someone,General,verb
okucompana,to quarrel with someone and utter shameful words,General,verb
okuconca,to crush the soil in preparation for sowing millet,General,verb
okuconcobora,to make (someone) a destitute,General,verb
okucondooza,to investigate and find out the facts about something with an intention of learning or getting to the truth of the matter,General,verb
okucongeza,to prepare land for planting,General,verb
okucoocooza,to beat the bush and make sounds while hunting in order to give dogs to catch animals,General,verb
okucooka,a situation where people die in large numbers,General,noun
okucookoora,to be so inquisitive in order to get every detail of someone or somebody and have a deeper understanding of the subject matter,General,verb
okucookooza,to do an indepth inquiry,General,verb
okucookeza,to steal or damage someone's property and leave him/her with almost nothing,General,verb
okucuba,to refrain from doing something,General,verb
okucubacuba,to be about eight months pregnant especially used of cows,General,verb
okucubura,to pour liquid into another liquid,General,verb
kucubya,to put something (e.g. water or an object) into a boiling liquid or soup to stop it from overflowing,General,verb
okucucuma,to pound vegetables or cereals gently to make them soft for eating,General,verb
okucucuuza,to make a child keep quite while singing for it,General,verb
okucucuza,to make the crying child keep quiet mostly by shaking it as a way of entertaining,General,verb
okucugusa,to shake something in order to mix it,General,verb
okucuguta,to make things turn up and down by shaking them,General,verb
okucukuura,to suck at a dry breast,General,verb
okucukuuza,to insist on knowing minute detils,General,verb
okucuma,to lay down procedures of doing something,General,verb
okucumaaza,to roiter or linger around,General,verb
okucumbacumba,to be haunted by a thought that manifests itself frequently in one's mind,General,verb
okucumbatirira,to step on something or somebody frequently or continuously,General,verb
okucumbeeka,to sit quietly in one place for a long time,General,verb
okucumbika,to camp in one particular place,General,verb
okucumbika,to leave an unfinished work e.g. in diging,General,verb
okucumbuuka,to burn slowly by slowly with smoke but no flame,General,verb
okucumita,to pierce with a spear,General,verb
okucumita,to thrust through or perforate,General,verb
okucumunkuza,to remove a burning ember from fire,General,verb
okucumura,to deliberately do the opposite of what someone in authority has told you to do,General,verb
okucumura,Removing half burnt wood/sticks from fire,General,noun
okucunaguza,to force someone to move up and down all the time while doing something,General,verb
okucunaguza,to give someone an item and ask him or her to return it immedietly in an inconsiderate way,General,verb
okucuncumura,to shake repeatedly in order to remove something from a container or bag,General,verb
okucunda,to make lots of quick small movements up and down or side to side,General,verb
okucundanisa,to give a present to a wife or a female friend,General,verb
okucunduura,to give an antidote treat something or somebody especially after he or she has poison,General,verb
okucungika,to place a container upside down,General,verb
okucungira,to dam or block water from moving through or along something,General,verb
okucunguura,to turn a container the right way up,General,verb
okucunguura,to give a poisoned person an antidote,General,verb
okucunya,to be moist and shiny,General,verb
okucunza,to cause someone to make repeated but futile visits,General,verb
okucunza,a term used in fighting where people are beaten from all sides,General,noun
okucuracurira,to get a substandard substitute as last resort instead of going away without anything,Tourism,verb
okucuracuza,to give birth to the last child,General,verb
okucuragura,to churn or shake or move backwards and forwards or up and down in quick short movements,General,verb
okucurama,to lie with the head at the foot of the bed,General,verb
okucuramirirwa,to be completely confused or puzzled,General,verb
okucuramuura,to turn right way up,General,verb
okucuranza,to twist or change the form of words through distortion,General,verb
okucuranza,to move saomething from side to side without taking a definate decision or change,General,verb
okucureeza,to make something settle down or become peaceful,General,verb
okucurenga,to pour a liquid from one container to another,General,verb
okucurika,to turn something upside down,General,verb
okucurika,"to exchange food for butter, common in Ankole",General,verb
okucurinkanisa,to arrange top to bottom alternately,General,verb
okucurinkanisa,to disturb the normal arrangement,General,verb
okucuruka,to passionately express grief or sorrow,General,verb
okucuucuuka,to fade or lose brightness,General,verb
okucuucuura,to withdraw from a quarrel,General,verb
okucuucuuza,to entertain a child with an object so as to stop it from crying,General,verb
okucuuka,to be weaned off the breast,General,verb
okucuukuuka,to lose fertility as a result of overcultivation,General,verb
okucuutiira,to give someone something frequently and with a lot of intensityay,General,verb
okucuza,to say aname of the deeased,General,verb
okucwa,to give up or stop a particular habit,General,verb
okucwa,to excommunicate to disown somebody from his respective family or community,General,verb
okucwa,to end the process of wearing,General,verb
okucwa-amabaare,to separate seeds and impurities like stones from cereals,General,verb
okucwa-amabaare,to cause the death of a child,General,verb
okucwabagura,to break into small particles,General,verb
okucwacwagura,to disintergrate an object into very small parts or particles,General,verb
okucwa-ekizaire,the first sexual intercourse after giving birth,General,noun
okucwa-encuro,to divide something into measurable ammounts of quantities,General,verb
okucwagasa,to do an activity and you leave it incomplete or unfinished,General,verb
okucwagura,to divide something that has already been divided,General,verb
okucwagurika,to be broken into or to disintegrate into pieces,General,verb
okucwaho,to take hold of and remove a flower,General,verb
okucwamu,to decide or come to or cause to come to a resoulution in the mind as a result of consideration or discussion,General,verb
okucwanisa,to be in great hurry,General,verb
okucwanuura,to reduce on something full to capacity or to the maximum,General,verb
okucwanyagura,to tear into small pieces,General,verb
okucwanza,to deceive or to try to make someone believe something that is not true,General,verb
okucweka,to break into two or more parts,General,verb
okucweka,to get into non-existance or cease to exist,General,verb
okucwekanisa,to cross a road or river or a boundary,General,verb
okucweregerera,to cut into shape or to trim,General,verb
okucwererana,to embroider or to decorate a cloth with a design of coloured stitches,General,verb
okucweza,to consult a traditional healer,Culture And Tradition,verb
okucweza,to give strong points while discussing something,General,verb
okucwisa,to help one escape from justice,General,verb
okucwisa,to wake up very early in order to be on time,General,verb
okudikura,to make loud sound with a high bass,General,verb
okudobonkana,lose weight and be weak especially as a result of sickness,General,noun
okudodoma,to make sound when it is still in one position and the engine is started,General,verb
okudondora,to sell something very cheaply,General,verb
okudooba,to change status from better to worse,General,verb
okuduuma,direct what has to be done without questioning,General,noun
okuduumuura,to kick something high especially e ball,General,verb
okufaabiina,To work hard to achieve something,General,verb
okufa-mamige,"a condition where one suffers in silence, yet he or she is under pressure",General,noun
okufinda,to make something fit or enter a place,General,verb
okufokonkora,"to dig deeper in a water logged area and in the process, often causing noise",General,verb
okufooba,to be soft and spongy,General,verb
okufookoora,"to insert something in a wet and watery area, a process which may make some sound",General,verb
okufoosa,(in ceaserian section) to give birth to a baby not in a normal way,General,noun
okufuba,to be not as expected,General,verb
okufubeeka,to put medicine in a banana leaf and heat it under fire,General,verb
okufubika,to wrap someone with a cloth to protect him/her from cold,General,verb
okufufuza,"to bravely face the elements of weather e.g. rain, dew or night",General,verb
okufuka,to clear mucus from the nose,General,verb
okufukira,to make a forceful penetrative move at ejaculation during sexual intercourse,General,verb
okufukira,"a condition when a he goat, ram, bull, etc releases sperms after mounting a female",Common Animals,noun
okufukunkuka,to take a woman and marry her without formally introducing yourself to her parents,General,verb
okufukura,"to dig into a marshy area, especially when digging a well or desilting it",General,verb
okufumaguza,to walk through thickets usually in search of a short route,General,verb
okufumura,to leave (e.g. a home) when one is disgruntled,General,verb
okufumura-orugo,to break through the kraal,General,verb
okufuna,to blow or eject mucus out of one's nose,General,verb
okufunda,to become small in size,General,verb
okufunda,to breath with difficulty as a result of tightness and wheezing of the lungs caused by asthma or an infection,Health & Medicine,verb
okufundikira,to cover something e.g. food,General,verb
okufundiriza,to gain distance on one you are following or chasing,General,verb
okufundiriza,to secure an escape root by an enemy,General,verb
okufunduuka,(for a person) to appear from the horizon,General,noun
okufunduura,to uncover (e.g. food): to remove the cover of a container in order to expose contents,General,verb
okufuneeka,to experience mimimal breathing space as a result of smoke from burning wood,General,verb
okufuneena,to prepare half cooked food,General,verb
okufunfurika,to do something in a disorganised or careless manner,General,verb
okufunga,to tie or fasten something,General,verb
okufungira,to block the enemy by standing in the way so that he or she does not advance,General,verb
okufunya,to drive animals from one place to another,General,verb
okufunza,"to resize to a smaller size e.g. a shirt, trouser, shirt,etc so that it can fit",General,verb
okufura,to cool or make luke warm,General,verb
okufura,to move through rain or cold weather,General,verb
okufureba,(of traditional bags) to make a bag,General,verb
okufureeka,to make a hissing sound as that of burning wood when not dry,General,verb
okufurira,to clear and prepare land for planting,General,verb
okufurumuka,to suddenly come out of hiding place and run,General,verb
okufurutiita,to hide from someone about one's intentions or plans,General,verb
okufuruuta,"to develop swellings on the body (usually as a result of an allergic reaction, or insect bite)",General,verb
okufutafuta,to damage or weaken something gradually,General,verb
okufutafuta,to make a verbal interpretation of one's langauge into another,General,verb
okufuuha,to be inordinately jelous about of one's daughter or spouse,General,verb
okufuuha,"to make a sound,especially cattle, against an intruder or stranger",Common Animals,verb
okugaasuura,to eat a lot of food,General,verb
okugaaza,to cause confusion where one quarrels and clashes with everyone,General,verb
okugaba,a state in which a cow is ready to be milked,Common Animals,noun
okugaga,(of food) to go bad,General,verb
okugagaara,"to decorate a wall in a traditional hut,like the way wall paper is used",General,verb
okugamba-mafuuzi,to talk in a low tone,General,verb
okuganda,to eat with one's cheeks full,General,verb
okugandika,to store tobacco for several days after picking it until it changes colour,General,verb
okugandika,to put something down you have been carrying,General,verb
okugangaara,to become stiff or hard to bend,General,verb
okugangaijura,to startle someone who is busy doing something,General,verb
okugangama,to be in a state of having fatigue,General,verb
okugangama,to be in a state of feeling sluggish or inactive,General,verb
okuganura,to take the first harvest and share it with the father in-law's family,General,verb
okugaragaaza,to keep turning different sides of something you are drying or roasting,General,verb
okugaramba,to walk in a stiff manner,General,verb
okugaranjuka,to return to a place,General,verb
okugaranjuka,to divert one's attention to something,General,verb
okugayaara,to be reluctant to do an activity,General,verb
okugimba,(of animal horns) to become black,General,verb
okugimba,the formation of a reddishbrown substance that forms on iron or steel when it gets wet,General,noun
okugimba,to make someone do something they do not want to do,General,verb
okugimbuka,(of a crowd) to move away from a place in a short period of time and leave it vacant,General,verb
okugimuka,to be fertile (said of land or plants),General,verb
okugina,to re-germinate (especially on stems,General,verb
okuginga,to have rings appear on the edges of the cow's horns when they get old,Common Animals,verb
okugingigyanga,"to create something by shaping,fashioning or constructing often using rudimentary means",General,verb
okugobooza,to make repeated efforts to induce a mlking cow to let down milk,Common Animals,verb
okugobora,to make the cow get used to its calf and suckle it,Common Animals,verb
okugoboroza,to barely make a profit on a commodity,General,verb
okugobwa,to fail to speak (usually as a result of severe sickness),General,verb
okugogonora,to wake up somebody from deep sleep especially in the morning,General,verb
okugogoora,to remove fresh fibres from the stem of a banana plant,General,verb
okugogoza,to treat someone (usually a child) with too much love,General,verb
okugogera,to be in a peaceful state,General,verb
okugoija,to go somewhere and fail to return toone's home,General,verb
okugoma,to refuse to change one's attitude,General,verb
okugomba,to crave for something: to have a strong wish to eat something,General,verb
okugomberera,to have a desire for something for a long time,General,verb
okugombooka,to eat something that one has always wanted until one feels one does not want it anymore,General,verb
okugomera,to control the flow of running water using clay or soil,General,verb
okugomoka,to become fat or to increase in size,General,verb
okugomooka,(of soldiers) to renounce rebellion,Military,verb
okugomora,to fatten a person or animal,General,verb
okugonda,to be soft or supple,General,verb
okugondama,state of being bent or curved,General,noun
okugonga,(of animals) to cry when they are hungry,General,verb
okugonga,to complain or say that you are not satisfied with something,General,verb
okugonjoka,to excel in doing something,General,verb
okugonooza,to take a drink after a meal,General,verb
okugonya,(of food or metal) to bend,General,verb
okugooma,to be deformed or to lose the original shape,General,verb
okugootaana,to become disorganised or messed up,General,verb
okugoragora,to bring someone up to be a well behaved individual,General,verb
okugoragoza,to be linient or patient with someone so that he or she can improve,General,verb
okugoreka,to show modest opinion of one's importance,General,verb
okugorogooza,(of a victim of witchcraft) to try to reverse the misfortunes associated with being bewitched,Culture And Tradition,verb
okugorogora,to be weak and sickly,General,verb
okugoromba,to be useless when one is no longer useful after being redundant for a long time,General,verb
okugoromoka,to be groomed or undergo behavioural change,General,verb
okugoromoka,"to disappear, said of the Bacwezi",History And Historical Accounts,verb
okugoromora,to put something in a convenient place until until it is needed,General,verb
okugosa,to behave badly or in an unacceptable manner,General,verb
okugosoora,to separate grains from chaff,General,verb
okugota,to come to a standstill,General,verb
okugota,to besiege or surround a place or a person,General,verb
okugotomera,to gulp down a drink,General,verb
okuguba,(of clothes) to be extremely dirty after being poorly cleaned for a long time,General,verb
okugubuura,to clean something that has been extremely dirty,General,verb
okugubwa,to feel emotional as a result of something,General,verb
okuguga,to bite a small piece from something big,General,verb
okuguguna,to nibble at something hard,General,verb
okuguguza,to walk with difficulty while carrying something heavy,General,verb
okuguha,to collect fire from a neighbour,General,verb
okuguha,to make a fire from burning coals,General,verb
okuguma,to be firm or confident,General,verb
okuguma,to stay in one place for a long time,General,verb
okugumba,to move in an unstable way while shaking,General,verb
okugumba,to be brave: invulnerable to danger,General,verb
okugumbika,to sit quietly while doing nothing and trying to look important,General,verb
okugumirwa,to go through a difficult time,General,verb
okugumisiriza,to persevere or accept suffering without complaining,General,verb
okugumya,to encourage or comfort someone,General,verb
okugundiira,to withhold something from someone,General,verb
okugunduuka,to eat something and get satisfied with it,General,verb
okugunduura,to beat somebody heavily especially in a fight,General,verb
okugunduura,(of animals and persons) to be mature or show characteristics of old age,General,verb
okugunga,to refuse to sleep with a woman,General,verb
okugungira,to build an embarkment or dam to stop the flow of water,General,verb
okugunjuka,"to be educated, civilised or trained",General,verb
okugunjura,to train someone in something,General,verb
okuguraguruka,to be unstable or change often,General,verb
okuguriirira,to pay money to someone to do something on your behalf,General,verb
okuguriirira,to bribe someone with money or a gift in order to get favours from him or her,General,verb
okuguru,the limb on which a person or animal walks or stands,General,noun
okuguruka,to rise up early in the morning and go,General,verb
okugurukibwa,to be scared or frightened by something,General,verb
okugurukira,to surprise someone with an unexpected tackle or move,General,verb
okugurukera,to make an unexpected tackle,General,verb
okugurumba,to feel sad and depressed,General,verb
okugurusa,(of cows) to refuse to give milk,General,verb
okugurusa,to chase something e.g. birds,General,verb
okuguta,to beat someone or something,General,verb
okugutuka,to die suddenly when one is not sick,General,verb
okuguubwa,to become emotional over something good or bad,General,verb
okuguugura,to live long beyond the expected lifespan,General,verb
okuguutuura,to use idioms and sayings,General,verb
okuguuyaguuya,to feel a lot of discomfort after eating a lot of food,General,verb
okuguuza,to stubbornly refuse to do something,General,verb
okugwa,to fall down or to drop suddenly,General,verb
okugwa,to fail: not being able to succeed in doing something,General,verb
okugwa-aha-mahega,to stay for a long time without getting married,General,verb
okugwa-ebyaga,"to fall and lose one's senses, speech or does things he or she is not aware of as a result of being demon possesed",General,verb
okugwa-ensazi,a temporary loss of consciousness,General,noun
okugwagwana,to be in an unfriendly state,General,verb
okugwage,to be confortable or satisfied with what one has,General,verb
okugwaho,to find or attack someone (e.g. a thief)after a long search,General,verb
okugwa-kihuumura,to fall involuntarily in shock,General,verb
okugwana,to pay back what one owes,General,verb
okugwera,to fall on someone or something,General,verb
okugwererana,to stagger as when under the influence of alcohol,General,verb
okugwererwa,to be in a situation where one experiences a misfortune,General,verb
okugwihanamu,to walk or move together,General,verb
okugwisa,to finish or complete a task e.g. to cultivate a portion of the garden one is supposed to dig up to the end,General,verb
okugegema,to produce croaking or high pitched sound,General,verb
okugegeza,to create a problem for someone,General,verb
okugemura,to take food or milk to someone (usually in hospital),Health & Medicine,verb
okugenga,to repair in a haphazard manner something that has been damaged,General,verb
okugenga,to bone-set compound fractures that is done traditionally,General,verb
okugenya,to treat someone with respect,General,verb
okugenya,to be hospitable towards someone,General,verb
okugenza,to measure or to weigh,General,verb
okugera,to become very ripe and very sweet,General,verb
okugerageranisa,to compare one thing with another,General,verb
okugerega,to be sarcastic: to make a mocking,General,verb
okugereka,to put something on top of another thing,General,verb
okugeruura,to reduce the tax levied on something,General,verb
okugeruura,to remove something that has been placed on top of another thing e.g in food cooked in the same saucepan,General,verb
okugesa,to reap or to harvest,General,verb
okugeza,to put someone or something to test e.g. through a test or examination,Education And Learning,verb
okugeza,to moisten something that is dissolvable,General,verb
okuhaahura,to go searching for something all over the place,General,verb
okuhaahuuza,to squeeze something from something,General,verb
okuhaajana,to argue or haggle over something,General,verb
okuhaamuuka,to lose fertility as a result of overcultivation,General,verb
okuhaanya,to pluck feathers from a bird,General,verb
okuhaanyura,to pluck something e.g. feathers from a chicken,Common Animals,verb
okuhaanyuza,to run or walk fast,General,verb
okuhaasa,to insist on doing something,General,verb
okuhaatiika,to compel or force someone to do something,General,verb
okuhaba,to go astray or lose direction,General,verb
okuhababa,to report a case to police or other authority,General,verb
okuhababa,to sue someone in the courts of law,General,verb
okuhaburira,to cut the dry leaves from the banana plant,General,verb
okuha-engata,to contemptuously cast a person out or show him or her the door,General,verb
okuhaga,to instigate someone to do something,General,verb
okuhagama,to be stuck in the teeth or the throat,General,verb
okuhagara,to be of degenerate character,General,verb
kuhagatira,to carry (e.g. a baby) under the arm,General,verb
okuhagika,to side with someone especially when he or she has done something wrong,General,verb
okuhagira,to support someone or his or her cause,General,verb
okuhagura,to force something off another thing it was attached to,General,verb
okuhaguura,to take cows a distance away to look for salty water especially near a hot spring,Nature & Environment,verb
okuhaha,"to start or mark the beginning of the journey, an activity, a plan, race",General,verb
okuhahaara,to panic or become nervous,General,verb
okuhahaaza,to make someone panic or nervous,General,verb
okuhaiga,to dig up (e.g potatoes) from the soil,General,verb
okuhaima,to fall sick as a result of an asthmatic attack,General,verb
okuhaima,to experience difficulty in breathing,General,verb
okuhaka,(of animals) to be pregnant,General,verb
okuhakanisa,to disagree with someone's view or opinion,General,verb
okuhakuura,to draw out or extract e.g. honey from a hive,General,verb
okuhakwa,to live under the patronage of someone,General,verb
okuhamatika,"to fasten, stick or paste",General,verb
okuhamba,to take over or capture by force,General,verb
okuhamba,to force by way of climbing,General,verb
okuhambaara,to accuse someone unjustly of stealing,General,verb
okuhambaituka,to do something unexpectedly e.g. buying something one has not planned to,General,verb
okuhambya,"to catch up with someone, when people have been running, one ahead of the other(s), and they catch him",General,verb
okuhambya,to seize or get hold of,General,verb
okuhamibwa,to be confirmed into position or appointment,General,verb
okuhamisiriza,to encourage or reassure someone who is sick or discouraged,General,verb
okuhamiza,to assure someone or reaffirm that what one has said is true,General,verb
okuhampuka,(of a girl) to elope,General,verb
okuhampura,of a man) to elope,General,noun
okuhampuza,to dess in un improper way or unacceptable way,General,verb
okuhamya,to confirm or to be sure that something is true,General,verb
okuhana,to rebuke or correct someone,General,verb
okuhana,to talk to a child to change his or her behaviour,General,verb
okuhanahanurwa,(of children) to do something one does not know to find out what will happen,General,verb
okuhanahanurwa,to experiment with something through play,General,verb
okuhanantuka,to fall from something e.g. a tree in an abrupt or dangerous way,General,verb
okuhanantuka,to do something suddenly and unexpectedly,General,verb
okuhananuka,"to do things stubbornly without anybody's consent, or without control over one's actions",General,verb
okuhananurwa,to act like a prig,General,verb
okuhanda,to grind cereals leaving some rough particles in the flour,General,verb
okuhandagatana,to say a lot of things that do not make sense,General,verb
okuhandama,to climb or to jump on something,General,verb
okuhanduura,to remove something especially removing a jigger from a foot,General,verb
okuhanduura,to strain oneself as a result of standing for a long time and by the time,General,verb
okuhangaana,to help or give support to someone,General,verb
okuhanganga,to starve or go hungry,General,verb
okuhanganirwa,to have difficulty while giving birth or when the after birth fails to come out,General,verb
okuhangara,to take long to get married,General,verb
okuhangirira,to support by bearing all or part of the weight or burden of somebody,General,verb
okuhangisa,to be very fond of something,General,verb
okuhanguha,to grow fat or to become big,General,verb
okuhangura,to win or overcome something,General,verb
okuhanguura,to expire or get out of style or out of fashion,General,verb
okuhanika,to put bananas in a pit so that they can rippen,General,verb
okuharaatura,to scratch the surface of something with a sharp or pointed object,General,verb
okuharabagana,to be in a critical condition,General,verb
okuharabura,to scratch something by dragging it along a rough surface,General,verb
okuharagata,to remove the surface layer off something using a sharp object,General,verb
okuharana,to dislike someone and mistreat him or her as a result,General,verb
okuharangatana,to dislike each other intensely,General,verb
okuhararuka,to lose interest in something,General,verb
okuhararuka,to get used to something to the extent that it no longer excites you,General,verb
okuharaza,to be proud of something or someone,General,verb
okuhariiriza,to force someone to do something,General,verb
okuharika,to marry a second wife adding her to the first one,General,verb
okuhariza,to act like a lunatic,General,verb
okuharura,to drag or force someone to do something against their will,General,verb
okuharura,to pull something with force,General,verb
okuhasa,to give birth to twins,General,verb
okuhasa,to feel a shooting pain in the back,General,verb
okuhasana,to grow while joined together,General,verb
okuhasanuura,to split or separate twin plantains,General,verb
okuhasanuura,to perform rituals at the initiation of twins one week after their birth,General,verb
okuhatika,to insert something into another,General,verb
okuhatuura,to pull or get something out of a congested place using force,General,verb
okuheba,to get something out of one's mind,General,verb
okuheba,to give up on something,General,verb
okuhebeba,(of a he-goat) to scream while mating,Common Animals,verb
okuhebesereza,(usually negative) to do something beyond acceptable limits,General,noun
okuhebya,to go beyond the limits of what is expected of you,General,verb
okuheegaheega,to walk while staggering because of being very tired,General,verb
okuheeheeta,to express the desire to have sex with a woman,General,verb
okuheeka,to carry a baby on the back,General,verb
okuheeka,to form cobs on the maize plant,General,verb
okuheekera,to take up arms to fight an established government,General,verb
okuheekerera,to carry a child on the back all the time,General,verb
okuheekerera,to carry all kinds of luggage,General,verb
okuheera,to push a child during delivery,General,verb
okuheera,to pay school fees for someone,Education And Learning,verb
okuheerereza,to set a dog onto somebody,Common Animals,verb
okuheesa,(of a blacksmith) to forge and shape iron with a hammer and anvil,General,verb
okuhegeya,to walk slowly and in an elegant way,General,verb
okuheha,to clean after passing stool,General,verb
okuheheeza,to hide a pregnacy by contracting the stomach,General,verb
okuheijeera,to breath heavily and produce sound esepcially after an asthma attack,Health & Medicine,verb
okuhema,to bare your teeth to someone with an intention of insulting that person,General,verb
okuhemba,to light a lamp or make a fire,General,verb
okuhemba,to take gifts to one's daughter when she gives birth for first time,General,verb
okuhemba,to take food to the people who are busy in the garden cultivating,General,verb
okuhembeka,to tap water from the roof,General,verb
okuhemberera,to light fire for cows,General,verb
okuhembura,to harvest corn and leave the plant standing,General,verb
okuhena,to do something to offend someone indirectly,General,verb
okuhenda-amaiso,to close the eyes of a dead person,General,verb
okuhenda-endoso,to perform a ritual when a son-in-law has just lost a mother-in-law,General,verb
okuhendekera,to work hard for someone,General,verb
okuhendera,to finish or conclude a talk,General,verb
okuhenengera,to disappear into something e.g.a forest,General,verb
okuhenenkura,to go in a group,General,verb
okuhenentuka,to fall from a raised place,General,verb
okuhenentura,to expose something that is covered,General,verb
okuhenentwa,to search for what to eat,General,verb
okuhenga,to acknowledge that something has appeared or disappeared,General,verb
okuhengama,to bend to one side,General,verb
okuhengeka,to tilt something at an angle,General,verb
okuhengeneka,to trap something (e.g. water)into a container,General,verb
okuhenuura,to expose ones nakedness by pulling up a garment,General,verb
okuhera,to be in the last position,General,verb
okuhereera,to be near or next to,General,verb
okuhereereza,to set a dog to someone,Common Animals,verb
okuhereeruka,to attend to someone or something last,General,verb
okuhereka,to give animals to someone to look after them on your behalf,General,verb
okuherera,to be in the last position,General,verb
okuhererayo,to disappear in a place where someone has gone,General,verb
okuhererwa,to be close to someone or something,General,verb
okuherura,to reach out to everyone,General,verb
okuheruura,"to take back what had been given to you, e.g. cows, goats",General,verb
okuhesura,to quarrel or exchange words of humiliation with someone as a way of expressing anger,General,verb
okuheza,to finish what one was doing,General,verb
okuheza,to happen or take place through out the entire period,General,verb
okuhiga,to stir up or urge someone to do something,General,verb
okuhigikira,to fix in a place,General,verb
okuhigiza,to make room for others,General,verb
okuhigiza,to step aside or give way,General,verb
okuhiguka,to fall over from the ground (e.g of a tree),General,verb
okuhigura,to uproot or dig out of the ground,General,verb
okuhihira,to cry while looking at someone or something,General,verb
okuhiiga,to harvest root tubers e.g. sweet potatoes,General,verb
okuhiigahiiga,to walk at a slow speed especially when one is very fat,General,verb
okuhiija,to make a very deep and prolonged sound,General,verb
okuhiika,(used of clouds) to threaten to rain,General,noun
okuhiira,to help to make it easier for someone to do something by offering them ones' services or financial or material aid,General,verb
okuhiisa,(of food) to get ready for eating,General,verb
okuhiisa,(of fruits) to become ripe,General,verb
okuhiisa,to make local beer from ripe bananas and sorghum,General,verb
okuhika,to arrive at a destination,General,verb
okuhikaana,to reach a common understanding or something,General,verb
okuhikaana,to be close to each other physically,General,verb
okuhikirana,to join people in eating or drinking,General,verb
okuhimba,"to compose, e.g songs, poetry",General,verb
okuhimbana embaju,to be in a state where one is about to die,General,verb
okuhimbuuka,to resurrect from the dead,General,verb
okuhimbuuza,to bring back to life,General,verb
okuhimbya,to encourage someone to do something,General,verb
okuhimbya,to to praise someone for doing something nicely,General,verb
okuhimintuka,(of fluids) to run fast,General,verb
okuhimira,draw blood from a cow's neck;mostly done by people who drink or cook blood like the Bahima,Common Animals,noun
okuhinda,to put a baby between the legs,General,verb
okuhinduka,to turn (e.g. a garment),General,verb
okuhinduriza,to wear a garmet inside out,General,verb
okuhinduriza,to have a sudden change of weather with the appearance of rainy clouds,General,verb
okuhindurura,to change something and replace it with another,General,verb
okuhinga,to exchange something for another,General,verb
okuhingisa,to have someone cultivate your land,General,verb
okuhingisiriza,to assist people cultivate their garden,General,verb
okuhingura,to pass someone or something,General,verb
okuhinguuka,to finish a day's work,General,verb
okuhinguura,to make people retire from the garden,General,verb
okuhinisa,(of a penis) to erect,General,verb
okuhinjuka,to get chopped into two,General,verb
okuhinjura,to chop something into pieces,General,verb
okuhinyangwa,(of the lame people) to be unable to walk or work normally,General,verb
okuhinyirira,(said of women) to pull clothes up to the knees as one moves,General,noun
okuhinyoora,to turn someone's hand in a painful way,General,verb
okuhinza,"to raise up the dead spirits so that they can disturb the living, either by using herbs or moving around the grave uttering chants",General,verb
okuhirayo,"to set forth and go somewhere, never to return",General,verb
okuhirika,to push down something and roll it over,General,verb
okuhirimba,to develop scales on the skin usually on the feet as a result of one not bathing,General,verb
okuhirimba,(of food such as matooke) to be half cooked,General,verb
okuhirimbura,to chop a log into pieces,General,verb
okuhirira,to set forth on activity enthusiatically,General,verb
okuhitwa,to exceed in quality (especially beauty),General,verb
okuhogora,to put on something (for example a dress or a pair of trousers) and fail to fasten it properly,General,verb
okuhogoza,to bask in the sun,General,verb
okuhogoza,(the of Kinyankore dress) to put on a dress and shawl without a skirt,General,noun
okuhoha,"to lose air, e.g.from a baloon",General,verb
okuhomba,(of a ball) to shrivel,General,verb
okuhomboora,to peel or scrap off wall plaster,General,verb
okuhomera,to put cow dung on the teats of a cow to stop a calf from sucking,Common Animals,verb
okuhona,to survive (e.g. an accident)narrowly,General,verb
okuhona,to move in a different direction,General,verb
okuhondoberera,"to be weak and dull,especially when sick",General,verb
okuhondooka,(of a person or animals) to become weak or thin,General,verb
okuhongoka,to become chipped off of something,General,verb
okuhongora,"to chip off from something, for example from wood, stone, glass, etc",General,verb
okuhongora,to remove the maize grains from the cob,General,verb
okuhongoza,(of the sun weather) to abate: to become less strong,General,verb
okuhononoka,to gradually lose vitality and become thin and small,General,verb
okuhonoora,to rub away something with firm pressure,General,verb
okuhonya,"to feel drowsy, to feel sleepy",General,verb
okuhonya,to develop wrinkles as with elderly people,General,verb
okuhoobooba,to move far while searching for something,General,verb
okuhooga,to plead desperately for help or mercy,General,verb
okuhoogana,to give up something that one values for the sake of something more important or valuable,General,verb
okuhoogooga,to walk slowly without lifting one's feet off the ground,General,verb
okuhoora,to draw in (the abdominal wall),General,verb
okuhorahoza,(of a drink) to make cold or luke warm,General,verb
okuhorobeka,to put mud in a wattle wall while building traditional houses,General,verb
okuhorora,pronounciation of words by people who are offsprings of Bakiga and Banyankore,General,noun
okuhotama,to be curved or styled e.g. hair,General,verb
okuhotoka,to return or come back,General,verb
okuhotorora,to rub with much energy,General,verb
okuhoza,to cool down something e.g. by mixing it with a cold fluid,General,verb
okuhoza,to plead a case in court,Legal And Law Matters,verb
okuhozahoza,to make something cool down quickly,General,verb
okuhubika,"to cover something for sometime,e.g. green bananas to make them ripen",General,verb
okuhuga,to be absent minded and disoriented,General,verb
okuhuguta,to be soaked (of a gourd) in water and rot from inside,General,verb
okuhuguuka,to change from bad to good behaviour,General,verb
okuhuguuka,"the facts, information,understanding and skills that a person has acquired through experience or education",General,noun
okuhuhura,to kill the dying (whether for euthanasia or other reasons),General,verb
okuhuhura,to beat with a lot of strength,General,verb
okuhuhuura,to rake a surface or scrape meat off a hide,General,verb
okuhuhuura,to dig a big but shallow patch while preparing land for millet growing,General,verb
okuhumbaguza,to eat different kinds of foodstuffs within a short interval,General,verb
okuhumbika,to cover someone or something in order to hide it,General,verb
okuhumbuura,to restore to life as believed of magicians,General,verb
okuhumbuuza,to harvest everything in a garden,General,verb
okuhumbya,to pray for someone especially on a big assigment e.g. war,General,verb
okuhuna,to visit someone too often,General,verb
okuhunduura,(crops) to come to the end of the harvest season when all fruits fall off,Nature & Environment,noun
okuhunga,to run away from a threat and go to exile,General,verb
okuhungabana,to become weak and feel dizzy especially when one is sick,General,verb
okuhungira,to doze or to feel sleepy,General,verb
okuhunguka,to look the other way,General,verb
okuhunguka,to pass in someone's home on a long journey,General,verb
okuhungura,to inherit a person's property or wife after his death,General,verb
okuhungura,to remove maize from a kob,General,verb
okuhunguugwa,to move aimlessly when one is idle,General,verb
okuhungwa,"to shake, e.g. a container full of juice",General,verb
okuhungesa,to keep away insects from animals using leaves,General,verb
okuhunika,"to store food (often cereals in a granary, etc)",General,verb
okuhunika,to keep in the mouth,General,verb
okuhunjagara,(of the sun) to set: to disappear below the horizon,General,verb
okuhunjama,(of a person) to grunt,General,verb
okuhununtuka,to keep on moving from one place to another looking for food,General,verb
okuhunyura,to remove immature grain seeds from their husks,General,verb
okuhunyura,"to produce a child prematurely,usually during the seventh month of pregnancy",Health & Medicine,verb
okuhunyuuka,to sweep away things from place to place and the place becomes bare,General,verb
okuhura,to lose appetite due to pregnancy,Health & Medicine,verb
okuhurikana,to confuse two things one for the other,General,verb
okuhurubura,"to strip things of a common attachment from that attachment e.g. maizie,coffee, etc",General,verb
okuhuruguta,to rot inside (said of gourd),General,verb
okuhurura,to respond to a call after someone has died,General,verb
okuhuruutura,to eat while making a noise,General,verb
okuhuruutura,to pull someone very fast,General,verb
okuhuruza,to call people in times of danger,General,verb
okuhurwa,to lose appetite for something,General,verb
okuhusa,to miss a mark or target,General,verb
okuhuubya,to harvest all mature bananas of whatever size in the plantation,General,verb
okuhuuga,to shade or paint with parallel pencil lines or use colours to design something,General,verb
okuhuuhira,to make fire on one side so as to enable bananas for beer to ripen fast,General,verb
okuhuuhira,to grow secondary hair at puberty stage,General,verb
okuhuuhuuta,to cause the sensation of intense burning pain,General,verb
okuhuumura,to emit a scent of a specific kind,General,verb
okuhuumura,"to rest or go on holiday, or lunch break",General,verb
okuhuumura,(of a human beings) to die,General,verb
okuhuumuriza,to counsel or confort someone,General,verb
okuhuumuruka,to go back to school,General,verb
okuhuumuza,to put something down briefly in order to rest,General,verb
okuhuumuza,to console or comfort someone in grief,General,verb
okuhuunaho,to smell on something ( especially done by dogs),General,verb
okuhuurana,to move up and down looking for something and not finding it,General,verb
okuhuuta,to sip something e.g. soup,General,verb
okuhuutirira,to blow at someone who is either in pain or needs fresh air,General,verb
okuhuutirira,to blow the fire in order to keep it alite,General,verb
okuhuuyuura,to move in a haphazard manner,General,verb
okuhuuza,to move all over the place trying to locate something,General,verb
okuhwahuuka,a be or feel light,General,noun
okuhwama,to do something without any hesitation,General,verb
okuhwama,(of flies) to loiter all over the place or on something,General,verb
okuhweisa,(of cows) to stop giving milk,General,verb
okuhwekahweka,"to flatter somebody with an aim of achieving something, usually done to somebody in position of influence",General,verb
okuhwekerera,(of fire) to die out,General,verb
okuhwengeza,to try to locate something with difficulty especially when there is darkness,General,verb
okuhwera,to become impossible to see,General,verb
okuhweza,"to be able to see clearly as a result of an illumination from a source that produces light eg the sun, fire",General,verb
okuhweza,to be civilised or intelligent,General,verb
okuhwihwisa,to whisper especially of young children in the presence of a superior person,General,verb
okuhwizima,(of time) to get dark,General,verb
okujaba,to move your tongue over the surface of something in order to eat or drink it,General,verb
okujabama,to fall in mud or water and become wet all over,General,verb
okujabiirira,to have a bushy body,General,verb
okujabika,to immerse something into water,General,verb
okujabuka,to emerge from water or to cross a swamp,General,verb
okujabura,"to eat food before the time of the meal especially from the kitchen, and sometimes when it is not yet ready",General,verb
okujaburira,to wash a baby or feverish person with a concoction of herbs,General,verb
okujabuura,to scoup something out of a liquid,General,verb
okujagaasa,to be restless having seen somebody trying to show off and demonstrate that one knows better how to handle a particular circumstance,General,verb
okujagambura,to do things haphazadly that is not in the right way,General,verb
okujaganya,to move about with excitement,General,verb
okujakura,to snatch something from somebody forcefully and severely,General,verb
okujangarara,(of hair) to stand out stiff,General,verb
okujanjamura,to open something that has been folded,General,verb
okujanjarika,to tie loosely or tread gingerly,General,verb
okujarama,"to enjoy a life of priviledges, comfort and favours",General,verb
okujarika,to spread out things offered for sale especially on the streets in the market,General,verb
okujeebeera,to put too much water in something especially food,General,verb
okujeemuura,to convice someone to accept something,General,verb
okujeemuura,"to punish someone who is badly behaved, with the aim of changing their behaviours",General,verb
okujegemba,to make short sharp sounds quickly one after the other,General,verb
okujenga,to compose songs about cows,General,verb
okujenjagura,to break into pieces by hitting,General,verb
okujenjema,to refuse to to do something that you are required to do,General,verb
okujigaija,to deliver the first child among women or to produce the first time among animals,General,verb
okujiginya,to grow very fat and short and one moves in a funny way,General,verb
okujinyika,to be angry or to feel great displeasure or hostility towards someone or something caused by a sense of injury or wrong,General,verb
okujinyika,to be serious when doing something,General,verb
okujogoka,to be dislocated or sustain multiple fractures,General,verb
okujogonya,to rot and contain maggots,General,verb
okujogoora,to sort or select something or somebody from others,General,verb
okujoimoka,(of a plant) to grow well on fertile soil,General,verb
okujojora,to remove fibers from a banana plant using hands,General,verb
okujonjogora,to remove something from one place to another,General,verb
okujonjogera,to walk on heels or on side of feet because of pain elsewhere on the feet,General,verb
okujonjora,to find something that is hidden deep amongst others,General,verb
okujoobeera,to show lack of self confidence,General,verb
okujooga,to look down upon somebody or something,General,verb
okujuba,to have ones body and clothes wet,General,verb
okujubajuba,to speak with too much speed and leave some words incomplete while giving a speech,General,verb
okujubajuba,to do something in a hurried and improper way,General,verb
okujubuka,to come out of water,General,verb
okujuga,"(of some animals) to make a sound e.g.cows, goats, sheep",Common Animals,verb
okujugisa,to ask for bridewealth or dowry,Culture And Tradition,verb
okujugumbya,"to chose cows for dowry but the people chosing are not satisfied with cows they have chosen, they keep bringing others and if the former are not satisfied they will still ask for others",Culture And Tradition,verb
okujuguta,to operate bellows in black smith forge,General,verb
okujuguta,to throw away something with force,General,verb
okujuguta,to break (said of the day) when the sun shows initial signs of raising,General,verb
okujugutirira,to encourage somebody to do something,General,verb
okujujura,to burn or roast something in patches(not whole),General,verb
okujumba,(in former traditional marriage) to bring bride price quickly and claim a wife without her consent,Culture And Tradition,noun
kujumbika,to conserve fire in the fire place by covering it with ash,General,verb
okujumbika,"to bake potatoes,maize or cassava in fire",General,verb
okujumbuka,to dash out from somewhere,General,verb
okujumbura,to remove something that is being baked in fire,General,verb
okujumburira,to administer herbal medicine by chewing it and then spitting in the mouth of the sick child,General,verb
okujumeera,to make a deep sound especially by cows,General,verb
okujumirira,to bitterly criticize an action or behaviour,General,verb
okujuna,to save somebody or something from something,General,verb
okujunaana,to accuse somebody of something,General,verb
okujunda,to be rotten and smell bad,General,verb
okujunga,to dehusk grain by rubbing it between the hands,General,verb
okujungirira,to dehask finger millet or sorghum with the hands to get fine grains,General,verb
okujunisa,"to announce something, usually to the king",Governance And Administration,verb
okujunjugura,to remove maize seeds from the cob,General,verb
okujunjuma,"to say something in a way that is not loud or clear enough, so that words are hard to understand",General,verb
okujunjumuka,to grow fast and the physical structure exceeds the actual years someone or something has,General,verb
okujunjuuta,to make a sound that bees make while flying,General,verb
okujunjuuta,to pester someone whom you had earlier annoyed wanting him to give you something,General,verb
okujunwa,(religion) to be saved or delivered from sin,General,noun
okujura,to remember longingly or with regret,General,verb
okujurira,to solemnly affirm that something is true,General,verb
okujuriza,to apply in a higher court for the reversal of the decision or judgement of the lower court,General,verb
okujurunga,"to talk incoherently and say things which are not in order, uncoordinated and which are difficult to understand",General,verb
okujuukirira,to scold or to criticise someone severely and angrily for something he or she has done,General,verb
okujuumagira,to look down as when ashamed,General,verb
okujuumara,to lie face down or up-side down,General,verb
okujuumara,to stop living or to lose life,General,verb
okujuumika,to put something upside down,General,verb
okujuumuura,to turn something or somebody the right way up,General,verb
okujuumuura,to turn something upside down,General,verb
okujuura,to remove an item of clothing or adornment,General,verb
okujwa,to leak (of a liquid or gas),General,verb
okujwagirira,to have collective support from others during an activity,General,verb
okujwahukira,to do something with enthusiasm,General,verb
okujwana,to have a relationship or a basis for correlation,General,verb
okujwara,to wear something or item of clothing or any object on the body,General,verb
okujwara,to engage someone in a heated debate or insult someone in a heated argument or fight,General,verb
okujwenza,(of a fire) to destroy something completely,General,verb
okukaakabika,to ask hard questions to someone or a group,General,verb
okukaakatika,to falsely accuse someone or blame him or her for something which he or she does not know,General,verb
okukaara,to put additional timber on a cattle kraal or pen,Common Animals,verb
okukaaraama,"to be severe, said of sunshine or pestilence",General,verb
okukaaraama,to angrily stick to your demand or position,General,verb
okukaata,to knead mud or clay with feet by pressing it continously,General,verb
okukaatiika,1) to force something onto another.2) to put something loosely onto another. 3) to paste,General,verb
okukaatiika,to beat someone and leave marks on the body,General,verb
okukaatuuza,to move while making a loud sound especially when moving in a group,General,verb
okukaba,to pass out or to die,General,verb
okukabara,to dig deep and shatter soil clods in preparation for planting or sowing,General,verb
okukabuka,to speak to someone roughly and in a way that indicates anger,General,verb
okukabura,to grow strong and sometimes fatter,General,verb
okukaga,to sense something or somebody using the nose,General,verb
okukagata,to harden (often due to old age or going through difficult conditions),General,verb
okukagirira,to breath in to ascertain the source of a smell,General,verb
okukaikura,(of women) to grow very old,General,verb
okukaka,to force someone to do something he or she never wanted to do,General,verb
okukaka,to make sound like that of a tree breaking or being felled,General,verb
okukaka,"to become fat, to put on much weight",General,verb
okukakanisa,to force oneself to do something,General,verb
okukakaza,to move in a big mass or as a group,General,verb
okukama,"to squeeze the teats of a cow,goat etc to get milk",Common Animals,verb
okukamahara,to become very rich or to live an easy life; to acquire power,General,verb
okukama-obwasi,to milk a cow that has lost its calf by giving it a hide to lick as it is being milked,Common Animals,verb
okukamata,to seize something or somebody forcefully,General,verb
okukambarara,to feel pain in the muscles so that one cannot easily move,General,verb
okukambuura,to remove grass from a roof of a grass thatched house,General,verb
okukamiirira,to milk so much from the udder and leave too little for the calf,Common Animals,verb
okukana,"to click the tongue and make a short,sharp sound, often as a way to insult someone",General,verb
okukana,to cut a skin into strips or to cut off the edges of a skin,General,verb
okukanama,to refuse to do something,General,verb
okukanama,to do something with all one's strength,General,verb
okukanangirira,to lock the door very tightly so that it is very hard to open it,General,verb
okukanantirira,to tighten something with nails,General,verb
okukanda,to go wild (said of a garden or plantation),General,verb
okukanduura,to clear a jungle or bush that had overgrown,General,verb
okukanga,to frighten someone or something,General,verb
okukanga,to visit a place for a short time,General,verb
okukangaata,to hit hard with an object,General,verb
okukangaatira,to make something firm by hitting it e.g. a nail,General,verb
okukangaza,to move up and down with an intent to do something,General,verb
okukanika,to put something damaged or old in good condition,General,verb
okukanirira,to hammer a nail into a piece of wood,General,verb
okukanjarara,to dry something e.g. a cloth so that it longer contains water,General,verb
okukankabura,(of bananas) the stage of flowering,General,verb
okukankama,to make an angry sound while showing the teeth,General,verb
okukanuka,to die suddenly or unexpectedly and in a mysterious way without any sickness,General,verb
okukanura,to cause to die suddenly or unexpectedly,General,verb
okukanya,to increase in quantity or number,General,verb
okukanyarara,to be riddled with creases (said of a cloth),General,verb
okukara,to expose something (especially meat) to fire in order to dry it,General,verb
okukara,to be tough on somebody,General,verb
okukaraba,to to perform a ritual for atoning an act of murder,General,verb
okukarabira,to hold onto something without letting it go,General,verb
okukarabura,to put marks on a surface using something sharp,General,verb
okukaraga,to write in a distinctive way,General,verb
okukarakaata,to get an unpleasant itch on the throat due to what one has eaten,General,verb
okukarakamba,to become stiff or too hard to be bent,General,verb
okukarangatana,to be completely dry or dehydrated,General,verb
okukaruriza,to force something to move despite being in a poor state,General,verb
okukaruuza,to try and clear something from the throat,General,verb
okukeba,to see someone especially when he or she is hiding,General,verb
okukiika,to meet as a group to discuss matters of mutual interest,General,verb
okukiika,to hide quickly what you do not want others to,General,verb
okukiika,to make something lie horizontally,General,verb
okukiikama,to be bent or sheared,General,verb
okukiikamura,to cause something to turn to the original direction,General,verb
okukiika-oruhoko,to perform a ritual after someone has died,General,verb
okukiikira,to hold a baby on ones lap,General,verb
okukiikiza,to sit around the fire or to surround someone or something,General,verb
okukiikiza,to place along the perimeter fence,General,verb
okukiikuura,to take or express something in a round-about manner,General,verb
okukiirana,to play all the time instead of doing work,General,verb
okukikina,to suffer from a bad cough,General,verb
okukimba,to hit something or somebody hard by slapping,General,verb
okukimba,to drink or eat fast without a break,General,verb
okukimba,to experience a sharp pain,General,verb
okukina,(of people or animals) to trot: to gallop,General,verb
okukinduka,to carry a very heavy load; to be overworked,General,verb
okukinga,"to close, e,g a door",General,verb
okukingirana,to lock up something or someone,General,verb
okukinguuka,to become clear after something that has been blocking another is removed,General,verb
okukinura,to beat someone or something hard,General,verb
okukinya,to throw something down heavily or with anger,General,verb
okukira,to be healed from sickness,General,verb
okukira,1) to get something one has been in need of. 2) to get over an undesirable situation,General,verb
okukira,to be older or richer than someone,General,verb
okukiranura,to adjust quantities to equality: to make something suited to new conditions,General,verb
okukirengura,to pour a liquid in many containers,General,verb
okukirigiita,"to touch the body lightly with a soothing sensation, causing laughte",General,verb
okukiriituka,"to play too much, especially for children",General,verb
okukirira-hake,to escape death by sheer luck,General,verb
okukiriza,to lift: to move something or someone from a lower to a higher position,General,verb
okukiriza,to carry (a bride) in sedan: a form of marriage where a girl is carried forcefully to the boy's house,General,verb
okukiza,to heal or relieve a person of pain or sickness,General,verb
okukiza,to have a greater quantity or a greater capacity for something,General,verb
okukobeka,to pass or secure a strand beneath another when making a knot,General,verb
okukobeka,to hide something behind another,General,verb
okukobora,to break transversal into two pieces or fragments,General,verb
okukoborora,used to refer to a cow to give birth before showing late pregnancy signs,Health & Medicine,interjection
okukogota,"to grow very old (said of calabash,pumpkin marrow and trees)",General,verb
okukogota,to scrape something stuck into a surface (especially food stuck onto walls of a pot),General,verb
okukohekana,to pull along something entrapped on your body,General,verb
okukohora,to reduce the size of something by taking a small portion of it away,General,verb
okukoka,to come or go in large numbers (e.g.when attending a party),General,verb
okukoka,to spill over (said of heaped things),General,verb
okukokooka,(of the skin): to get peeled off,General,verb
okukokoora,to remove the bark or scrab from something,General,verb
okukokoza,(of a cock) to crow,Common Animals,verb
okukoma,"to tie or fasten: to attach or fasten with a string, a rope or similar cord",General,verb
okukoma,to imprison: to take someone to prison for breaking the law,Legal And Law Matters,verb
okukoma,"to certify that something is correct or definite, and that it has been agreed upon",General,verb
okukoma,to stop at or terminate something,General,verb
okukomanga,"to peck or knock on something,especially done by birds with their beaks",General,verb
okukomantirira,to close securely by nailing onto the frame,General,verb
okukomba,to lick: to move a tongue on something with the aim of consuming it,General,verb
okukombeera,to combine effort: to join forces in order to fight a common enemy or to accomplish a task,General,verb
okukombeeza,to use hands alternatively when milking an animal,General,verb
okukomboka,to strike someone with a lot of force,General,verb
okukomeeka,to mount the female (said of a cat or dog),Common Animals,verb
okukomeerera,to strike nails into something such as iron sheets when roofing,General,verb
okukomera,to pick unwanted buds from the tobacco plant,General,verb
okukomera,to give presents to a baby when it cuts its first teeth,General,verb
okukomera,to plant beans or maize wide apart,General,verb
okukomesa,to perform a ceremony when the baby cuts the first teeth,General,verb
okukomooroka,to become loose or unfastened,General,verb
okukomoorora,to take a knot out of a piece of rope or a string that fastens,General,verb
okukomoorora,to cut a new backcloth into a shape of what you want to sew e.g. a shirt,General,verb
okukomora,to give birth after a long interval,General,verb
okukomora,to manage someone or something that seems difficult to,General,verb
okukona,1) (of food) to be undercooked. 2) (of beer bananas) to fail to ripen,General,verb
okukona,"to castrate : to remove testicles of a male domestic animals especially goats, cows,sheep, etc",Common Animals,verb
okukona,to prune nearly all the leaves of the banana plant,General,verb
okukonda,to cause something to fall without cutting it,General,verb
okukonda,to cut down a big tree,General,verb
okukondaharira,to bend over or to overhang something,General,verb
okukondahirirwa,"to have many problems beyond the normal, more than you can bear",General,verb
okukondahirirwa,"to live under harsh conditions,with no hope and peace",General,verb
okukondogoza,to sit with the head bent forwards,General,verb
okukondooka,bend over due to weight,General,verb
okukondoora,to use a broom to clean the courtyard or house,General,verb
okukondooza,to walk with a stoop because of exhaustion,General,verb
okukonera,to harvest crops before they are fully mature,General,verb
okukongooka,"to be stripped of branches, twigs,leaves, etc",General,verb
okukongoora,to remove all the branches from the tree and leave it bare,General,verb
okukongoota,"to knock on the door: to strike a surface noisly to attract attention, especially when waiting to be let in through the door",General,verb
okukongootera,to repeatedly pat a child's back in order to make it go asleep or soothe it,General,verb
okukongora,to cheat others at work by doing less,General,verb
okukongeza,to light something or make a fire,General,verb
okukonjoka,to peel off: to remove the back of the tree or skin by some force,General,verb
okukonkobeka,to insert nasal tag in the animal's nose to prevent it from sucking,General,verb
okukonkoboka,to fall off a tree or a branch (said of leaves),General,verb
okukonkobora,to break partially so as to hang down e.g. maize cobs from the main plant,General,verb
okukonoka,"to fall off from something, e.g. a bunch of banana falling off from the mother plant",General,verb
okukooha,to get tired: the state of being over worked or put to hard labour,General,verb
okukooha,to lose weight due to poor feeding,General,verb
okukoohoka,to work very hard for others without being paid or rewarded,General,verb
okukookoota,"to curl, to be shrivelled",General,verb
okukookoota,1) to shrivel or shrink. 2) to become smaller in size or amount,General,verb
okukookootera,to shrink as result of being compressed by something else,General,verb
okukookora,"to contract leprosy: a situation where one's hands, legs, arms, etc are unable to touch or do anything",Health & Medicine,verb
okukookorera,to remove something e.g. a fruit for someone else,General,verb
okukookotorora,to stretch: to pull something in order to make it longer and wider,General,verb
okukookera,to join two things together to get a longer or bigger thing,General,verb
okukookera,to add more things to a basket or a bundle when it is already full,General,verb
okukoomeera,to cook something again in order to increase its flavour,General,verb
okukoora,to be stained or soiled,General,verb
okukoota,to eat something raw or half cooked,General,verb
okukootagirira,"to sabotage: to deliberately disfavour, destroy or damage something or somebody for self advantage",General,verb
okukooza,to knock one's body on something or somebody unintetionally or with a hidden motive,General,verb
okukooza,(of a human beings or animals) to move slowly as though in pain,General,verb
okukora,"to do work, create or make to be effective",General,verb
okukoragana,to cooperate: to have a spirit of working together for the same cause,General,verb
okukoraho,to remove or take a bit from there,General,verb
okukorobora,to talk negatively about someone,General,verb
okukoroga,to stir: to move an object in a container in order to mix its contents,General,verb
okukorogota,to scrape or to remove hard substances from something using force,General,verb
okukoromera,to curse: an act of using offensive language,General,verb
okukorongotana,to clatter: to make a continuous rattling sound as of hard objects falling or striking each other,General,verb
okukoronza,to make something produce a lot of noise,General,verb
okukorora,to cough: to expel air from the lungs with a sudden sharp sound,General,verb
okukuba,to fold; to bend something in a way that some parts can cover the others,General,verb
okukuba,"to change ones direction, support or mandate",General,verb
okukubangura,to roll to and from opposite direction repeatedly,General,verb
okukubuuka,to make a u-turn; to swerve,General,verb
okukubuura-obusinde,a marriage ceremony where the bride and the groom visit the bride's parents after the bridal seclusion period,Culture And Tradition,noun
okukugira,1) to finish off: to bring something to an end or complete it. 2) to end a weaving or knitting or sewing,Art And Entertainment,verb
okukugira,to trim: to make something of the required size or form by cutting away irregular or unwanted parts,General,verb
okukukumba,to remove rubbish or dirt from a place,General,verb
okukumbagara,1) to move down loosely with no control in a bouncing manner. 2) roll over: to overturn something,General,verb
okukumbagaza,to roll something over: to move something forward while turning it over and over,General,verb
okukumbagira,The style of walking where a person goes steadily carefully,General,noun
okukumbuuka,to leave or be removed,General,verb
okukumbuura,"to remove contents from something, leaving it empty",General,verb
okukumiirira,to block or prevent entry or exit,General,verb
okukumintuka,to go beyond where one is supposed to stop when guarding,General,verb
okukuna,"to walk, talk or do things in a way that is deliberate: to show off or pretend in the presence of other people",General,verb
okukuna,to be hospitable: to welcome and entertain guests,General,verb
okukunamuuka,to somersault; to turn upside down,General,verb
okukunda,to love: to have intense feeling of deep affection,General,verb
okukunda,"to like: to find somebody or something agreeable, enjoyable or satisfactory",General,verb
okukunduura,to take away by uprooting in big numbers,General,verb
okukungaanya,to gather or put things together,General,verb
okukunguuta,taping a container to dislodge what is stuck onto its walls,General,noun
okukuriiriza,to have sex with a woman in her late stages of pregnancy,Health & Medicine,verb
okukwata-makusu,rote learning: a mechanical way of learnig something without understanding,General,noun
okukwatanisa,to cooperate: a to work together to achieve a result that will be of benefit,General,verb
okumira -emityoko,salivate: to swallow saliva before you eat the food,Common Animals,noun
okumoga,to get a job or paid position of regular employment,General,verb
okumoka,(of dogs and foxes) to bark,General,verb
okumootoora,to speak through one's nose,General,verb
okumotoka,(of food and other substances) to decay or go bad,General,verb
okumotoka,to break off as a result corrosion or decay,General,verb
okumuga,to become lame: to be unable to walk or do other things normally because of an injury to ones leg or any part of the body,General,verb
okumunyuuka,(of good sweet potatoes) to be soft and capable of being sucked,General,verb
okumurika,to torch something in the dark so as to be seen,General,verb
okumurika,display: to show off or brag,General,noun
okumurinkana,"to glitter: to shine, be very beautiful, bright or reflect light",General,verb
okumwa,to shave hair using a razor blade,General,verb
okumwamwasa,to cause to glitter; polish to the point of glittering,General,verb
okumwamwatikana,"(of a smooth surface) to shine, reflecting light, typically because it is very clean and polished",General,verb
okumwaraguza,to look here and there,General,verb
okumweisa,to walk quickly at a terrific speed,General,verb
okumwemura,to show your true colours,General,verb
okumwenya,"to smile: change one's facial expression by spreading the lips, often to signal pleasure",General,verb
okumwera,to promise that you will no longer involve yourself in somebody's affairs or resolve never to do it again,General,verb
okumwera,to give up or lose hope over something,General,verb
okumwigiira,to squeak: to cause sound made by a door while shutting or opening it or sound made by babies or young animals,General,verb
okumyasa,to flash: to spark as in lightning,General,verb
okumyoka,to deputise or act on somebody's behalf,General,verb
okumyora,to twist: squeeze something with hands,General,verb
okunaaba,to bathe: to clean the entire body,General,verb
okunaafuuka,to act or do something slowly,General,verb
okunaaha,to castrate: to remove the testicals of a male animal or person,General,verb
okunaama,to be i secret meeting (with),General,verb
okunaamuura,to be slow in speech,General,verb
okunaga,to throw away: to dispose off something that is no longer useful,General,verb
okunaga-enkobe,to make high flames of fire,General,verb
okunagaijura,to handle something carelessly: be negligent,General,verb
okunaga-omukono,to walk freely in a relaxed manner,General,verb
okunagiirira,to abandon a task or to abandon someone at work and leave it to few or one person which you were all supposed to do,General,verb
okunagira,to rest: to spend a period of time relaxing or sleeping after doing something,General,verb
okunagira,to cast (cloth ) over your shoulder,General,verb
okunagonogoka,to feel weak by experiencing muscle or joint pain,General,verb
okunaguka,to lie in the specified way,General,verb
okunagura,to take cows or goats in the bush and leave them there to graze on their own,General,verb
okunagura,to leave someone or something to act unsupervised or without being cared for,General,verb
okunagurwa,(of children) to lack care and grow on their own after the death of their parents,General,verb
okunakuhara,to become a destitute or desolate,General,verb
okunakuhara,to be poor as a result of something,General,verb
okunanata,to make somebody calm or quiet,General,verb
okunangura,"to punish by beating, lashing or whipping",General,verb
okunanika,to trudge: to walk slowly as if you are very tired or have been walking for a long time,General,verb
okunanuka,"to be happy or cntented: to get relieved of pain, distress or anxiety",General,verb
okunanuura,stretch: to make something longer or wider without tearing or breaking it,General,verb
okunegura,to give something to someone and take it way from them again,General,verb
okunegeka,to humbe oneself while bending your neck,General,verb
okunegeka,to be cooked to tenderness (said especially of vegetables),General,verb
okunegeza,"to raise something upwards, or to take something from one place to another",General,verb
okuneka,to lose energy and be in need to sleep or rest,General,verb
okunekaneka,"to be clean, tidy and well dressed on expensive garments",General,verb
okunena,to chew or cruch: bite or nibble food in the mouth so as to swallow it,Common Animals,verb
okunena-ensaya,gnash: grind together (said of teeth,General,noun
okunia,to defecate: to push out waste matter from the body through the anus,General,verb
okuniaganiaga,to stagger: to walk as if unable to control one's movements,General,verb
okuniagiira,to walk slowly with heavy steps or with difficulty,General,verb
okuniga,to strangle: to kill by squeezing the throat of so as to cut off the air,General,verb
okuniha,to be satiated with; to be weary,General,verb
okuninguka,to make a notch on something,General,verb
okuningura,to notch: to chop into pieces,General,verb
okuningura,to break or chop into lengthwise pieces,General,verb
okuniogana,to be confined in an area with little room for manouver,General,verb
okunionioza,to redicule someone by repeating through the nose what he or she has said,General,verb
okunofoora,to make lazy and do something at a low speed,General,verb
okunoga,"1) to be done or exhausted 2)to crush, pound or sqeeze something hard",General,verb
okunoga,(of a sick person) to get worse,General,verb
okunogora,to cut something into two pieces transversely,General,verb
okunogora,to pay levy of cattle to the ruler when you enter his territory with cattle,Common Animals,verb
okunogora,to use a short cut while on a journey,General,verb
okunogereza,"to repound or rethresh millet,beans and wheat with a threshing stick with finness so as to remove the grains from husks",General,verb
okunoija,to pound something with a stick or hand,General,verb
okunomba,to paint one's face especially using cosmetics,General,verb
okunonagira,to limp or hobble: to walk like one with sore feet,General,verb
okunoneka,to be refined: to be finely ground (said of flour),General,verb
okunonga,to be exhausted (by tiredness or sickness),General,verb
okunonkoora,to pluck or scoop ut something quickly,General,verb
okunonoora,to grind into very fine or smooth powder,General,verb
okunonza,to feel exhausted or fatigued,General,verb
okunoofooka,to be lazy: to walk with difficulty as one foot or leg is hurt or stiff,General,verb
okunooneza,to use sparingly: to keep on eating a small portion on something with an intention of not finishing it,General,verb
okunosa,to pinch. to grip on someone's body tightly and sharply between the finger and thumb,General,verb
okunuga,to loathe: to feel a great dislike or disgust for someone or something,General,verb
okunuga,to despise something or somebody,General,verb
okunugisiriza,to be in the habit of abhoring things,General,verb
okununga,to be stunted in growth or development,General,verb
okununguna,(of food or drink) to taste as if it has salt and sugar in it,General,verb
okunura,to be sweet or delicious,General,verb
okunuriirwa,to taste sweet like sugar,General,verb
okunuukiriza,to sniff repeatedly at different things (like a dog) so as to discern them,Common Animals,verb
okunuusa,to do something with experience,General,verb
okunuza,to embellish a talk: to make something good so that it interests others,General,verb
okunwaza,to lose out: to utter words that maliciously damages the reputation of someone,General,verb
okunwekanweka,flatter: to praise somewhat dishonestly,General,noun
okunwigiira,"to squeak: to walk heavily and firmly, as when weary, or through mud",General,verb
okunyaama,"to go to bed, lie down and sleep: to rest with your eyes closed and your body and mind not active",General,verb
okunyaanyaata,to slander: to saysomething about someone that is not true and is likely to damage his or her reputation,General,verb
okunyaanyuura,to move away in shame,General,verb
okunyaara,urinate: to get rid of the waste liquid that collects in the bladder,General,noun
okunyaaruka,to give up and surrender,General,verb
okunyaata,to eat food without sauce at all or with little,General,verb
okunyaaza,to subdue someone or something,General,verb
okunyabagira,to finish a task quickly through a combined effort,General,verb
okunyabanya,to eat fast and finish the little food available,General,verb
okunyafura,to beat or hit somebody or something hard and repeatedly especially with a stick or the hand,General,verb
okunyaga,1) to capture and take into one's posession or control using force. 2) to plunder or raid. 3) to swindle. 4) to defraud. 5) to rustle,General,verb
okunyakura,to take something from someone quickly,General,verb
okunyampa,(of human beings and animals) to fart,General,verb
okunyamura,to snatch: to take or grasp something suddenly,General,verb
okunyangarara,to ail or suffer for long: to be troubled or suffer: having been sick for long or with problems for a long time,General,verb
okunyanyaasa,to shine and reflect light,General,verb
okunyeenya,(of salt) to turn into liquid,General,verb
okunyeeta,to grow up a lazy person not knowing to do any work,General,verb
okunyega,to make a slight movement or change position slightly,General,verb
okunyenya,(of solids) to melt and change into liquids,General,verb
okunyenyeeza,to begin to have light,General,verb
okunyiga,to press: to exert pressure or force to or upon,General,verb
okunyiganyiga,wobble: cause something to shake or move from one side to another in a way that shows lack of balance,General,noun
okunyigimba,(usually of the bride and bridegroom) to walk gracefully on their wedding day,General,noun
okunyiginya,to shake a body part as in dancing,General,verb
okunyiiga,to be angry with someone,General,verb
okunyiinyiitira,to be evasive: to tell something when one is not too open or straight forward to what he/she is saying,General,verb
okunyiinyiitira,"to tighten, fix or draw nearer e.g. war",General,verb
okunyimbanyimba,to match slowly sometimes following a certain rythm,General,verb
okunyinya,to be stunted in growth and look unhealthy,General,verb
okunyinyika,to behave scornfully in a naughty manner,General,verb
okunyirira,to have a smooth surface,General,verb
okunyirira,"to be good looking, smart and clean",General,verb
okunyizyanyizya,to become or make something loose or not firmly fixed,General,verb
okunyoganyoga,to move slowly and sneak out,General,verb
okunyogontoka,"to wriggle: to move in a twisting or contorted motion, (especially of maggots)",General,verb
okunyogontoka,1) to get burnt completely. 2) to be scalded all over,General,verb
okunyogonya,(of women) to feel a severe pain in the stomach an indication that something bad is going to happen to her especially miscarriage,General,verb
okunyogoza,to harvest young food stuffs,General,verb
okunyohoka,to offer something to someone or to provide them with it,General,verb
okunyohoka,to learn and know by heart,General,verb
okunyohora,to have a miscarriage especially among animals,General,verb
okunyohwa,to feel chilly (at onset of illness),General,verb
okunyoka,to be fecund: to be fertile or have the ability to produce many offsprings,General,verb
okunyombooka,to walk away at a slow pace in shame,General,verb
okunyonkoba,to be concious or conceited about one's looks (said of girls),General,verb
okunyontora,to pull out something from another,General,verb
okunyooma,to despise: to have low opinion of someone or something,General,verb
okunyoomooza,to provoke someone or something to the limits,General,verb
okunyoora,to screw or wind things using a short slender sharp pointed metal pin with a raised helical thread running around it and a knotted head by being rotated so that it pierces wood or meterial and is held tightly in place,General,verb
okunyororoza,(of the stomach) to produce a grumbling sound,General,verb
okunyubura,to harvest millet which is not ready,General,verb
okunyubura,1) to pul out of sheath. 2) to peel off: to remove or cause something to be removed from the surface of something,General,verb
okunyuguntuka,"to grow up: to increase in size,amount or become more advanced",General,verb
okunyuguntura,to elongate: to cause soemthing to grow or lengthen,General,verb
okunyugunya,to shake around the waiste,General,verb
okunyukura,to pull something out of where it is fixed,General,verb
okunyungurura,to shift the animal that has been tethered from one area to another,General,verb
okunyungutira,"to suck: to pull in especially liquid through your mouth without using your teeth, or to move the tongue and muscles of the mouth around something inside your mouth often in order to dissolve it",General,verb
okunyungutura,to pour liquid half way,General,verb
okunyunkuura,to squeeze hard: the act of exerting pressure or something in order to extract liquid,General,verb
okunyunkuuza,to suck the breast for a very long time,General,verb
okunyururuka,(of a person or animal) to grow thin and become weak,General,verb
okunyururuka,to be elastic: to lengthen or to lose tension,General,verb
okunyuuka,"to squeeze: to press something hard especially beer bananas, resulting into juice",General,verb
okunyuunya,"to lick: pass the tongue over the surface of something in order to clean it, make it wet",General,verb
okunyuunyira,to cuck mucus from the nose of a young child,General,verb
okunyuunyuura,to malnourish: to cause to grow thin; to etiolate,General,verb
okunywa,to drink: the act of swallowing,General,verb
okunywanisa,to reconcile: to restore friendly ralations between,General,verb
okunywegera,to kiss: touch with your lips especially as a greeting or to press your lips into another person's lips of opposite sex to express erotic love,General,verb
okunyweisa,to give someone a drink,General,verb
okunyweisa,produce enough milk to feed a number of people (said of a cow),Common Animals,noun
okunywengeberera,to dissolve in water or any other liquid,General,verb
okunywengerera,to loose weight slowly and eventually become very thin,General,verb
okunywera-omufunguro,to accept to suffer for someone else,General,verb
okunyweza,to hold or tie tight,General,verb
okupaatiika,to falsely attribute something else,General,verb
okupakira,to pack: to put something into a bag or box,General,verb
okupakuka,to flicker: to make a sound as produced by a lantern as a result air entering it,General,verb
okupamparika,to behave in a jumpy way,General,verb
okupangisa,"to hire or rent: a regular payment made for the use of land, buildings",General,verb
okupapa,to panic: to be afraid,General,verb
okupapaza,to flutter: to beat the wings of birds,General,verb
okupasura,to break away quickly or suddenly,General,verb
okupatana,"to contract: to make a legal agreement with somebody for them to work for one, provide one with a service",General,verb
okupatika,to falsely attribute something to something else,General,verb
okupeeruuka,to be pale: to fade,General,verb
okupempura,to break a piece from a wholesome thing,General,verb
okupika,to pump: to pump a liquid or gas so as to move from one place to another using a piece of equipment,General,verb
okupima,to measure or weigh: to determine the process of measuring the heaviness of an object or size,General,verb
okupipira,to misfire (said of an internal combustion engine),General,verb
okupopona,to crunch: the situation of consuming food especially corn; eating something by crusing it so that it makes noise,General,verb
okupumpura,to suffer from Nagana (Trypanosomiasis),General,verb
okupuuya,false pregnancy in dogs; a dog looks like it is pregnant but it is not,Health & Medicine,noun
okupuya,to be with poorly developed teats,General,verb
okuraaha,to castrate: removing testicles of a man or an animal,General,verb
okuraakuuza,to shout at: making noise at something or someone,General,verb
okuraara,to spend a night in a place,General,verb
okuraara,(of a flame) to go out,General,verb
okuraarakwo,to sleep without eating or without supper,General,verb
okuraarika,to notify: give information about an event in form of invitation,General,verb
okuraarira,spend a night at somebody's place,General,noun
okuraarira,to eat something for supper,General,verb
okuraarira,to broode: to sit on the eggs until they hatch,General,verb
okuraaririza,to track someone or an animal,General,verb
okuraaza amate,to ferment milk by keeping it over night,General,verb
okuraaza,"to eat faster than the rest when two or more people are eating from the same plate, the greedy one eats faster than others",General,verb
okuraba,to tithe: to give a tenth of your income to church as a thanksgiving,General,verb
okuraba,to make patterns of colour with an aim of beautifying something,General,verb
okurabanisa,to intertwine: the situation of twisting or braiding together or intertwine with another,General,verb
okuraga,the act of the family head choosing a successor,General,noun
okweziringa,v.to be too slow in doing things or taking ones time in doing something.It is lack of quick action in performing things,General,verb
okwezirikurura,to remove or untie something tied around oneself (especially used of belts).Var: okwezirikura,General,verb
okwezirika,to put clothes on oneself,General,verb
okwezingiza,to curl up: to move along by turning over and over from side to side,General,verb
okwezingirira,to wind oneself around. See:okUZINGIRIRA,General,verb
okwezinga,to coil around: to tie or wrap something around another. See: okUZINGA,General,verb
okweziika,to escape and disappear to a place where you cannot be traced,General,verb
okwezigoora,to rotate around: the act of moving around an axis or centre,General,verb
okwezigaziga,to change appearance or manner in order to obscure one's nature or intention. See:okUZIGAZIGA,General,verb
okwezi,"moon, month: the object similar to a planet,which moves in the sky around the earth once every 28 days and which can be seen clearly at night when it shines with the light coming from the sun",Astronomy And The Universe,noun
okwezambaaza,to conduct oneself in such a way that he/she is exposed or prone to danger or anything bad. See: okUZAMBAARA,General,verb
okweza,1) to ripen (of a fruit or crops): to be fully developed or ready to be collected or eaten. 2) to make extremely clean. See: okWERA,General,verb
okweyorobya,to pretend: to behave as if one is simple in character when it is not neccessarily so,General,verb
okweyoreka,1) to make yourself possible to be seen. 2) to show off. . See: okWOREKA,General,verb
okweyogosa,"to squirm: to move from side to side in an awkward way because of nervousness, embarassment or pain",General,verb
okweyerera,to sweep: to clean (especially the floor) by using a brush or broom to collect the dirt into one place from which it can be removed. Var: okweyera,General,verb
okweyendeza,to be selfish: to think first of one's own interests or personal needs without concern for others or not sharing what one has with others. See: okWENDA,General,verb
okweyemereza,to stand: to be in verticle state by straightening the legs of oneself. See: okWEMERERA,General,verb
okweyemeka,to crown: to take control or position of power especially without having the right to. See: okWEMEKA,General,verb
okweyebesa,to forget:to put out one's mind (often intentional). See: okWEBWA,General,verb
okweyarira,to lay or make a bed by oneself. See:okWARA,General,verb
okweyangisa,to pretend: a way of behaviour that is intended to decieve people,General,verb
okweyanga,to dislike oneself. See: okWANGA,General,verb
okweyamba,1) to help: to save oneself. 2) to answer ones call of nature. See: okUYAMBA,General,verb
okweyama,"to warn: to inform someone in advance of an impending or possible danger, problem or other unpleasant situation",General,verb
okweyaka,to allow what you have leave your hand or possession,General,verb
okweyagura,to scratch oneself: to scratch one's body using fingernails especially when it is itching,General,verb
okweya,to clean a kraal: to remove dung and urine from places where animals reside or stay(especially domestic animals),General,verb
okwevunuura,to take a drink with an intention of suppressing hang-over. See: okUVUNUURA,General,verb
okwevuga,to drive oneself in his or her car.See: okUVUGA,General,verb
okwevuga,"to recite: the act of speaking out words in literature very fast (rapping) as people respond after one's words either admiring someone you love, talking about war or lamenting about the hash life",Art And Entertainment,verb
okwetwara,to be careful: to pay extra attention to something,General,verb
okwetwa,"to die: to stop leaving or existing, either slowly or suddenly",General,verb
okwetwa,to be called upon to do work one is suited to do and to which one should give all his time and energy. See: okWETA,General,verb
okwetuuma,to use a lot of force: to use a lot of energy or vigour to perform an activity,General,verb
okweturatuza,to shrink: disapproving to avoid work or responsibility especially when difficult or unpleasant,General,verb
okwetunguura,to boast: the act of speaking proudly or happily about what one has done or what one knows,General,verb
okwetunga,to survive by oneself: struggling to live or exist on your own without depending onanybody or recieving help from anywhere,General,verb
okwetunenga,"to tighten oneself: squeezing oneself with either a rope or a cloth. It can be used to refer to when someone puts on tight clothes, which really outline the whole body make",General,verb
okwetumiriza,to go unsent: the act of one going where not ordered to go. See: okWETUMA. Var:okwetumisiriza,General,verb
okwetuma,to jump or move quickly in order to catch or take hold of something,General,verb
okwetuga,1) to use a lot of energy and courage to do something or make an achievement (especially when you feel you cannot manage).2) to use force to end one's life or existence (especially using a rope),General,verb
okwetorotooza,1) to pilfer: to steal (things of small value). 2) to disguise: to give a new appearance in order to hide its form,General,verb
okwetooroora,to go round: moving in a circular form or making movements that take you where you have been formerly,General,verb
okwetoorereza,to base on something or anothe to do something,General,verb
okwetoorana,to select: the act of choosing or selecting oneself,General,verb
okwetoofoora,to be slagish: doing something at a very slow pace. See: okUTOFOORA,General,verb
okwetongora,to isolate: to keep separate from a group or company one is attached to,General,verb
okwetonderana,"to ask for forgiveness from each other, especially the conflicting people",General,verb
okwetonda,"to be careful: to give serious attention, especially to the details of the situation or something",General,verb
okwetomboita,to grumble: to complain about someone or something when one is very annoyed. Var: okwetombwita,General,verb
okwetirimura,(of a person) to isolate or seperate from a group of people he or she has been working or staying with. See: okUTIRIMUKA,General,verb
okwetinduura,to come out of the hiding to expose ones presence to the person you were hiding from,General,verb
okwetinduura,to uproot something or getting rid of something. Ref: okwiha omura See: okUTINDUURA,General,verb
okwetinda,to hide someone with an intention of beseiging him or her,General,verb
okwetiina,to have inferioty complex: lack of self confidence in ones self about the peoples' or public pinion or one not being sure tha he can do something on his own and challange others. See: okUTIINA,General,verb
okwetiiha,"a to limit to oneself to what amount of food or alcohol he or she should take, that is bottle after bottle with excitement of enjoying till one can take no more",General,verb
okwetiiba,"to behave in a way that is not presentable. it is like pride, showing off and treating others to be cheap and knowing oneself to be beautiful and doing funny things to attract other people's attention",General,verb
okweterera,to name after: giving a name to a person for recognition or a clan like if a parent died and the son is given his name to keep him remembered,General,verb
okwetenga,"1) to wish: a want or desire, feel, expression, or hope about someone's well being, succes, a feeling one gets wishing she or he could be like the one he admires. 2) to be in need of something",General,verb
okwetendaiga,to talk good about oneself,General,verb
okweteisa,to repent: an act of asking for forgiveness if one has done wrong and want to be set free from the guilt,General,verb
okwetegereza,1) to be in position to understand or get what you are being told or reading and being able to react to or about it. 2) being literate: a situation where by one is capable of reading and writing,General,verb
okwetegeka,"1) to be independent: to be free from the control or influence of others, may be politically one not representing any political party and is not accused. 2) capable for acting for oneself or one's own without being stopped",Politics And Current Affairs,verb
okweteguura,to prepare for anything or prepare not to be challenged. See: okWETEBEEKANISA,General,verb
okwetega,to fail to stand due to crossing one's legs as he or she walks and falls down,General,verb
okwetega,to prepare for something like famine and you look for food and keep enough to sustain you in the famine,General,verb
okweteerateera,to refuse to do something intentionally because may be one needs people to plead with him first,General,verb
okweteerateera,"to make an abnormal act of beating oneself, usually done to make people laugh or by mad people like slaping one's face or getting a stick and trying to beat yourself. See: okUTEERATEERA",General,verb
okweteerana,to experience a situation where hatred is brought between friends by an intruder who concocts a story to ruin people's relationship and end up being enemies. See: okUTEERANA,General,verb
okweteerana,"to form group, for example people from the same clan to be able to do something communially. See: okUTEERANA",General,verb
okweteera,to clean one'self from the dust that is on the clothes or flapping birds' wings,General,verb
okweteekera,to prepare food or cook for oneself,General,verb
okweteekateeka,to be prepared: to get ready for something,General,verb
okweteeka,to sit or stand at still after he/she has done something (normally not good). The situation where one appears like he has not been or concerned about what went on the previous moment,General,verb
okweteeka,to completely finish something or lose a job and stay in one place just with nothing to do or eat,General,verb
okweteeba [okweteeba],"to do something that will directly affect one who has done it, e.g in football",Sports,verb
okwetarika,to expose: an act where one displays him/herself either on fire or sun heat for warmth or drying. See: okUTARIKA,General,verb
okwetara,to move anyhow. See: okUTARA,General,verb
okwetara,to have an unusual movements and running in an expression of happiness and good health especially by animals which are satisfied and healthy. See: okUTARA,General,verb
okwetantara,to avoid: to keep away from doing something,General,verb
okwetangarika,to make oneself exposed. See :okUTANGARIKA,General,verb
okwetanga,to protect or guard yourself from something bad that may affect your health or your life,General,verb
okwetamika,to put food in ones mouth. See:okUTAMIKA,General,verb
okwetaho,to put something on yourself such as putting the blame on yourself. See: okUTAHO,General,verb
okwetaguza,to call someone many times or consecutively (that is time after time),General,verb
okwetabagura,to make someone or something muddy,General,verb
okwetaba,to take part in something,General,verb
okwetaataana ],disperse: to go in different directions,General,verb
okwetaasa,to intrude: to put oneself into a place or situation where one is not welcome,General,verb
okwetaanyagura,"grimace: twisted expression on face. Expressing pain, disgust, etc intending to laugh",General,verb
okwetaahiriza,to analyse: to make a deeper understanding of a given task,General,verb
okwetaaga,need: to require something that is very important,General,verb
okweta,bewitching: to put a magic spell on someone,General,verb
okweta,1) to call: to ask someone to come. 2) to name: to give someone a name. 3) to invite: to ask someone to come for an event. 4) to admit:to give someone a vacancy,General,verb
okwesonoora,to do something slowly and in untidy way,General,verb
okwesamura,to expel air from the nose involuntarily,General,verb
okwesamura,to go somewhere and you reach a long way and decide to go back,General,verb
okwesiza,to ignore: to pay no attention to something,General,verb
okwesisibanisa,to make oneself dry with hands,General,verb
okwesinsimura,to take time in doing something without minding about others,General,verb
okwesinga,to trust someone when he or she is lying you. Ref: okWESIGA,General,verb
okwesindika,to be proud: feeling or showing pride,General,verb
okwesimba,to contest: an event in which people compete against each other for a prize,General,verb
okwesikuza,to forcefully avoid someone or something; use of force to be free from someone's hands when he or she is holding you. See: okUSIKUZA,General,verb
okwesikurira,to let something happen to a person by himself or herself,General,verb
okwesiimira,to agree to or take responsibility,General,verb
okwesiima,to feel happy when you have got something good,General,verb
okwesiiga,to smear oneself: to spread an oily or sticky substance,General,verb
okwesiibyako,to fast: eating little or no food for a period of time,General,verb
okwesigarana,to be left without support or help especially after loosing all your property,General,verb
okwesigainganya,"to assigned a given task, and instead of doing it together, one keeps on telling his workmate to do it instead",General,verb
okwesiga,"to trust: the belief or willingness to believe that one can rely on the goodnedd, strength, ability",General,verb
okwesibanga,to roll oneself on the floor when he or she is feeling a lot of pain on the stomach or when someone is overdrunk. See: okUSIBANGA,General,verb
okwesiba,to secure or fix something firmly,General,verb
okweswa,"to look like yourself or being yourself,that is resembling no one else",General,verb
okwesuusa,to go to a place many times within one day,General,verb
okwesuubura,to lose feathers before new ones can grow,General,verb
okwesusuura,to rub feaces from the anus using a paper or leaves of only wild plants after using the toilet. See: okWEHEHA,General,verb
okwesusura,(of snake) to shed skin. Var:okwesuubura,Common Animals,verb
okwesusaniriza,to imagine:to form a mental picture of something. See:okususaNIRIZA,General,verb
okwesunshuna,to develop a sense of proudness and sturboness. See:okusuNSHUNA,General,verb
okwesunga,to be playful: to be fond of playing,General,verb
okwesumba,to dodge: quick movement to avoid something or someone from hurting or harming you,General,verb
okwesuka,to get poured in large quantities,General,verb
okwesotoora,to take yourself very slowly in terms of walking,General,verb
okwesongora,to seperate oneself from the group when he may be doing something bad and he starts doing the right thing,General,verb
okwesongora,to sing: to make musical sounds with the voice in form of a song tone,General,verb
okwesereka,to hide: to prevent something or somebody from being seen. See: okuseREKA,General,verb
okwesera,to give animals water for drinking,General,verb
okwesengereza,to pray: to make request (especially to God),General,verb
okwesengereza,to request for something earnestly,General,verb
okwesengenya,to make constant small movements in a way that annoys other people,General,verb
okwesemeza,to make thoroughly clean. See:okuseMEZA,General,verb
okwesegura,to give support to the head while sleeping using a pillow. See: okuseGURA,General,verb
okwesaza,to make oneself run mud when in actual sense he or she is normal. See: okusaRA,General,verb
okwesaringa,"to demonstrate: a public arrangement often organised, meeting or match protesting against or supporting",General,verb
okwesara,to cut oneself. See: okusaRA,General,verb
okwesahura,to go very fast from a given place so that something bad may not happen to you from there,General,verb
okwesagara,"to go out to the latrine, toilet kitchen alone late in the night. See:okusagara",General,verb
okwesagara,(of a girl) to get married when the parents and relatives are not informed. See: okusaGARA,General,verb
okwesaasa,"to hurt oneself. See: okUSAASA. Var:okwesaasa, to work hard in order to achieve something. Var: okwesaasa",General,verb
okwesaariiza,"to be tough: to be strong and resilient, able to withstand great strain without tearing or breaking. See: okusaARIIRA. Var: okwesaarig",General,verb
okwesa,to push or move in a game,General,verb
okwesa,to play a game using stones,General,verb
okwesaasira,to ignore something or not let it influence you,General,verb
okwerya,to be proud of yourself,General,verb
okwerwanaho,to defend yourself against a threat,General,verb
okweruuka,to be blown off by wind,General,verb
okwerunga,to sit somewhere holding your chick to express sadness,Common Animals,verb
okwerundaana,1) to gather in one place for a meeting or for any other reason. 2) to come closer to one another. See: okURUNDAANA,General,verb
okwerunda,to sit uncomfortably due to lack of space,General,verb
okwerongoora,to reward one's own self. See okURONGOORA,General,verb
okweriza,1) to pretend as if you are crying or feeling sorry for something. 2) (of children) to cry for no reason. See: okWERIZA,General,verb
okweringirika,to show off with what you have,General,verb
okweringiita,"to show off: a person to act pretentiously or publicly by parading themselves, their possessions or accomplishment. See: okURINGIITA",General,verb
okwerinda,"1) to protect: to keep someone or something safe from harm, injury, damage or loss. 2) to be careful: to warn or threaten someone. See: okURINDA",General,verb
okwerenza,"to finish off: to eat, drink or use all of something so that there is nothing left",General,verb
okwerengeza,to commit suicide by hanging yorself,General,verb
okwerengerera,to carry something on the head without holding it with hands,General,verb
okwerenga,to compete: an act of trying to be better that anybody else in a race or activity,General,verb
okweremesa,"to fail oneself, in an activity. See:okUREMWA",General,verb
okwerembaremba,to eat slowly by slowly picking a small piece so as not to finish the food quickly,General,verb
okwerekura,to lose weight: to reduce in size and become small and weak,General,verb
okwerekura,to give out something to someone freely in suport,General,verb
okwereebera,to confirm: to see for yourself and prove that something is true. See: okUREEBA,General,verb
okweranguuza,to drink from a container and finish the contents there,General,verb
okwerambika,to lie: to be in a position in which your body is on a surface such as the floor or a bed,General,verb
okweragaza,to wipe: to clean or dry something using a cloth or something soft over it,General,verb
okwerabura,(of women) first signs seen when you are going to give birth,General,verb
okweraarikirira,to worry: to feel nervous and upset because you keep thinking about a problem that you have or could have in future,General,verb
okwera,1) to be white in colour. 2) to be clean,General,verb
okwera,(of crops) to produce high yields,General,verb
okwera,to winnow by seperating dust from the grains,General,verb
okwera,"to clean the home after the funeral, a ritual performed four days after burial",General,verb
okwepaaka,to be proud. Var: okwepanka,General,verb
okwenza,to cause trouble. See: okWENDA,General,verb
okwenywanisiriza,to behavein an informal or friendly way towards someone you do not know very well. See: okUNYWANA,General,verb
okwenyoofoora,to do something while taking your time or slowly,General,verb
okwenyonkooba,"to show ingratitude,disoconfort, resistance to what one has been ordered to do usually by fridgeting and making slow movements. Var: okwenionkooba",Physics,verb
okwenyogoora,to twist the body from side to side especially as a result of nervousness or discomfort,General,verb
okwengengeta,to glitter: to shine with a lot of small quick flashes of light,General,verb
okwenga,to dissolve a solid or crystals into a liquid e.g. salt,General,verb
okwenga,to brew: to make beer,General,verb
okwenga,to ripen: to become ripe or to make something ripe,General,verb
okwenegeza,to facilitate or help something to go ahead or forward,General,verb
okwenda,"1) to want: to feel you would like to have, keep or do something. 2) to lust to want something very much especially sex",General,verb
okwenanuura,"to stretch: to make your arms, legs or body as straight as possible so that your muscles become long and tight. See:okUNANUURA",General,verb
okwenaga,to move away from the place where you have been and go to a distant area,General,verb
okwenaamura,to be slow e.g in speech or at work. See: okUNAAMUUKA,General,verb
okwemurugunya,"not to get satisfied with what has been done, said, or given to you",General,verb
okwemurika,to celebrate: to do something enjoyable in order to show that an occassion is special,General,verb
okwemunyunguza,to rinse oneself in the mouth,General,verb
okwemokoora,to make an involuntary act of pusing to bring back what is in the stomach through the mouth. Usage: euphemism,General,verb
okwemigisiriza,to squeeze: to get through or into a small space,General,verb
okwemeza,(of crops) to germinate where they have not been planted,General,verb
okwemesereza,to stick and insist on someone that he is the real one who has done such a thing.Var: okwomesereza,General,verb
okwemesa,to inseminate: to put a sperm into a woman or female animal to make her pregnant,General,verb
okwemereza,"1) to stop something from being done.They had already started the meeting but when the minister arrived, he stopped it. 2) Making something or someone who has fallen down stand again. 3) having fear or anxiety",General,verb
okwemerera,"1) to have your body in an upright position supported by your feet.2) this refers to car,plain or train stands somewhere not moving waiting to be used.3) to make a worker redundant. Bakamwemereza aha murimo. He was retrenched",General,verb
okwemera,to accept: to recognize that a bad situation exists and cannot be avoided or changes,General,verb
okwemera,to persevere or accepting the situation as it is,General,verb
okwemeka,1) to ordain: to make someone a priest or a bishop in an official religious ceremony. 2) to corrote: to make someone a king or queen,Governance And Administration,verb
okwemariirira,to be independent and self reliant,General,verb
okwemaramara,to be proud with some style in walking,General,verb
okwemara,to have everything so that there is no need of borrowing or asking for help,General,verb
okwemanyiiza,to familiarise oneself with and get used to,General,verb
okwemanya,to be proud as if you are above others,General,verb
okwemaaringa,to dance about: to make a series of movements and steps after someone has got annoyed or surprised,General,verb
okwemaamura,to yawn: to involuntarily open up the mouth and inhale deeply due to tiredness or boredome,General,verb
okwemaamaata,to lament: to feel or express great sorrow or regreat for somebody,General,verb
okwema,to be at the starting point,General,verb
okwema,to be on heat for animals especially cattle,Common Animals,verb
okwema,used to refer to the structure of something,General,verb
okwekehesa,to humble oneself: keeping quite while others are talking or shouting,General,verb
okwekeeka,to be suspecious: feeling the feel of something bad you have done that it will be known by other people,General,verb
okwekyanga,to refuse to do something intetionally,General,verb
okwekyanga,1) to protest: to act in protest without prior understanding why it is there. 2) To dance in such a way that one shakes his body showing happiness,General,verb
okwekweya,to be tall that you can be dragged on the ground,General,verb
okwekwatirira,to try to do something when you are very weak,General,verb
okwekwata,to be economical: the act of refusing to spend when you actually have money,General,verb
okwekwasa,to shift blame to another person,General,verb
okwekuuma,to guard against as a form of security or protection,General,verb
okwekuuma,to regurgitate: to chew the curd especially in harbivorus animals,General,verb
okwekuruza,to move from one end to another using the buttocks,General,verb
okwekururira,to cause attraction of something or somebody to self,General,verb
okwekurura,to crawl on the ground,General,verb
okwekurura,to be slow in working,General,verb
okwekuringa,to be covered with dust having been beaten or out of one's willingness. See: okUKURINGA,General,verb
okwekunganya,to gather in one place for a particular purpose or meeting. See: okUKUNGANYA,General,verb
okwekunenga,to fall down and rotate on the ground due to the force exerted. See: okUKUNENGA,General,verb
okwekundisiriza,to be farmiliar to somebody with an intetion of benefiting something from that person,General,verb
okwekundira,to do something out of free will,General,verb
okwekubita,show annoyance: feeling of being annoyed. See: okUKUBITA,General,verb
okwekubiirira,"to stick, hardline or insist on something or someone for some reason",General,verb
okwekubangura,to twist and turn with quick short movements,General,verb
okwekoroza,the act of coughing when one is not suffering from cough. To cough by pretence. See: okUKORORA,General,verb
okwekoreza,helping someone to lift and put on the head. See: okWEKORERA,General,verb
okwekorera,to carry something or someone especially on the head,General,verb
okwekomba,to lick one's own lips. See:okUKOMBA,General,verb
okwekoma,to fasten oneself with a string or something. See: okUKOMA,General,verb
okwekobeka,to try to be good when you are not. See: okUKOBEKA,General,verb
okwekinya,to flop oneself hard on the ground. See: okUKINYA,General,verb
okwekingira,To enclose oneself in a house or some where else where you cannot be seen. See:okUKINGIRA,General,verb
okwekinga,the action of the door or window closing itself. See: okUKINGA,General,verb
okwekindikira,to wrap oneself in very short clothes,General,verb
okwekikuura,to take a long route instead of a short one,General,verb
okwekiikana,to isolate somebody in order to inquire about a subject matter such that information got is treated with confidentiality,General,verb
okwekiika,to pretend: to assume that one is your friend when you actually want to seek or find out from that person,General,verb
okwekiika,to cross from one end to another horizontally. See: okUKIIKA,General,verb
okwekanga,to be scared: to be frightened after something or somebody has caused impulse to oneself. See: okUKANGA,General,verb
okwekamba,to dedicate ones time and effort to a purpose or task,General,verb
okwekaka,"to force oneself, and do something that you would conventionary not do",General,verb
okwejuura,to refuse to affirm the prior arrangement with someone over the subject matter,General,verb
okwejuumuura,to turn up by itself or by oneself. See: okUJUUMUURA,General,verb
okwejuumika,1) to turn upside down by itself. 2) To lie facing down. See: okUJUUMIKA,General,verb
okwejura,to rescue oneself from danger,General,verb
okwejumba,to participate in an activity and be part of it,General,verb
okweitira,to admire and develop affection for somebody,General,verb
okweita,to commit suicide. See: okWITA,General,verb
okweinura,to retire oneself from a day's work. See: okWINUKA,General,verb
okweinika,to bend oneself. See: okWINIKA,General,verb
okweimusa,v To raise or wake up oneself. See: okWIMUKA,General,noun
okweihaho,to become free from judgement by denying responsibility for an action. See: okWUHAHO,General,verb
okweiba,to escape for a while and go to attend something else,General,verb
okwehwitaguza,to pretend to be old yet you have not reached that age,General,verb
okwehuzya,to deny attention to somebody or something. See: okUHUGA,General,verb
okwehuuta,to move at a faster rate or to increase on the speed at which one is moving,General,verb
okwehuura,"to fall down or to hit oneself with a stick, or hit yourself onto something and feel pain",General,verb
okwehurumura,to get pissed off as a result of anger,General,verb
okwehurira,"to be proud: to feel pleasure and satisfied over something one owns, does or is part of",General,verb
okwehurikirira,"to be in deep thoughts when one is alone in a lonely place, while thinking about what would follow",General,verb
okwehumbika,to cover oneself. To wrap oneself into things that can generate warmth. See:okUHUMBIKA,General,verb
okwehumbarika,to pretend to be peaceful,General,verb
okwehugiza,to be occupied with doing something as you want for your major task,General,verb
okwehotoorora,to stretch one's arm in order to wash one's back and arms without washing the rest of the body. See: okUHOTOORORA,General,verb
okwehoreka,"to be marked by meekness or modesty in behaviour, attitude or spirit. See: okWECUREEZA",General,verb
okwehonora,to hurt oneself causing a simple and minor injury to the body especially as a result of friction. See: okUHONORA,Physics,verb
okwehonoora,to rub one's tears off the face,General,verb
okwehongera,to surrender yourself to someone or something,General,verb
okwehonga,to dedicate oneself to God or any people of high rank or respect. Ref: okwehereza See: okUHONGA,General,verb
okwehonda,to hit oneself against something. See:okUHONDA,General,verb
okwehomeerera,to build back ones image after being tarnished,General,verb
okwehoma,to stick on someone ever when that person does not want to be with you,General,verb
okwehohoora,"to deny a certain act or trying to create a good image about oneself, leaving the perception people have about you",General,verb
okwehisya,to draw near and bring closer what you want. See: okUHISYA,General,verb
okwehirika,to fall down hard. See:okUHIRIKA,General,verb
okwehinya,to fold oneself. See: okUHINYA,General,verb
okwehinguura,to retire oneself from the activity one has been doing,General,verb
okwehinguririza,to sorround somebody or something,General,verb
okwehindurira,to turn against something or disguise to be doing something,General,verb
okwehindukiriza,to overturn when you are seated or standing,General,verb
okwehindukana,to turn against or to change one's mind,General,verb
okwehindagutura,to turn many times in bed,General,verb
okwehinda,to toss about: moving up and down of oneself or from side to side. See: okUHINDA,General,verb
okwehimbagiza,to make yourself a nuisance. See: okWEHIMBAGIRIZA,General,verb
okwehimbagiriza,to spoil oneself by doing things that make you a nuisance,General,verb
okwehikira,to reach for yourself. See:okUHIKA,General,verb
okwehiga,to make a small movement of the body. See: okUHIGA,General,verb
okweheta,to turn oneself and and make an arc. See: okUHETA,General,verb
okweherera,to isolate oneself and be alone especially like during meditation. Var: okwehereera,General,verb
okwehereka,to plant one's garden especially by children such that the proceeds there from are theirs and thus have control over them,General,verb
okwehenenga,to be restless by doing everything possible to get a better outcome,General,verb
okwehenda,to stress oneself by trying to to do what may not be necessary. See: okUHENDA,General,verb
okwehemahema,to eat and remain unsatisfied,General,verb
okweheha,to rub your anus after deficating. See:okUHEHA,General,verb
okwehayuura,to decide to leave revenge after threatening to carry it out,General,verb
okwehayuura,to pick something from the teeth especially meat,General,verb
okwehayo,to devoute yourself to something in order to achieve it,General,verb
okwehara,to avoid or keep away from somebody or something,General,verb
okwehanuuza,to consult as a way of seeking advice or knowledge,General,verb
okwehanika,1) to commit suicide by hanging oneself. 2) to raise oneself to a status that is beyond your level,General,verb
okwehangurira,to get for oneself the best,General,verb
okwehangana,to endure: to put up with something or somebody unpleasant,General,verb
okwehangamurira,to attempt a very difficult task,General,verb
okwehanga,to take courage and do something someone thought would not do,General,verb
okwehanda,to try to do something that one cannot manage,General,verb
okwehanangiriza,"to make an urgent, serious and heartfelt request",General,verb
okwehamiiriza,to make oneself firm when the conditions are no favourable,General,verb
okwehambira,to take away something that does not belong to you without permission,General,verb
okwehamba-itama,to hold one's cheek as if you have lost your dear one,General,verb
okwehakana,to deny or refuse to admit that you are responsible for a certain action,General,verb
okwehaganyura,to remove small particles of food for example meat from the teeth,General,verb
okwehaga,to breath forcefully and make the stomach bigger,General,verb
okwegeza,to make an effort to do something,General,verb
okwegerera,to make oneself what s/he is not,General,verb
okwegereka,to arrange a position or take someone place,General,verb
okwegendesereza,to be cautious: the act of being very careful in what you are doing,General,verb
okwegemurira,to put your life at a rik,General,verb
okwegema,to force oneself and do what he cannot manage,General,verb
okwegeka,to lean something against the wall,General,verb
okwegega,to walk along the bank of a river,General,verb
kwegakagyaka,to claim or assume a class or level or grade or status higher than his own,General,verb
okweguza,to engage in commercial production,General,verb
okweguza,to borrow something that does not belong to you and return it after use,General,verb
okweguya,to have a feeling that there is something you can benefit from someone,General,verb
okwegurusa,to defy the order given to do things,General,verb
okweguruka,1) to skip oneself.2) to deny something that you have knowledge about,General,verb
okwegura,to carry something on the head,General,verb
okwegunga,to adamantly deny sex to the spouse. See: okUGUNGA,General,verb
okweguka,to avoid somebody or something,General,verb
okwegomba,to desire: to wish to have something,General,verb
okwegoberera,to delay in doing something,General,verb
okwegiriza,the act of making somebody else do something that you should have done,General,verb
okwegaruriza,to regain control over something,General,verb
okwegarukamu,to repent and do what is right,General,verb
okwegarika,to lie oneself down facing up,General,verb
okwegarasa,to stand idle or linger aimlessly,General,verb
okwegaranjura,the arrival of someone for example a visitor,General,verb
okweganda,to be lazy and fail to do an assigned task,General,verb
okwegambisa,to speak so many words about a subject matter,General,verb
okwegamba-orubango,phr. to be the first to spear something,General,noun
okwegama,1) to take shelter from rain. 2) to lean on,General,verb
okwegaita,to unite: to join with others and work together,General,verb
okwegaana,(usually in animals that have given birth) to have an expression of denial or refusing its young one,General,verb
okwega,to learn: to gain knowledge or skill,General,verb
okwefuuza,to regret: to feel sorry about something that you have done or you have not been able to do,General,verb
okwefurika,to pierce yourself with a burning wood,General,verb
okwefunya,used to refer to folds that are within a cloth,General,verb
okwefunfurika,to squeeze oneself where one cannot fit,General,verb
okwefubika,to wrap oneself against cold conditions,General,verb
okwefoora,to change ones character and show good behaviour. See: okWEHINDURA,General,verb
okwefiisa,to become useless as a result of your actions,General,verb
okwefeereza,to give up something that is important or valuable to you in order to do something that you think is important,General,verb
okwediima,to strike: to refuse to work as a protest,General,verb
okwecwijagura,to let something happen by valuing of ones belongings,General,verb
okwecwencwebuza,to be left with nothing or no belonging. See: okUCONCOBOZA,General,verb
okwecwarika,to behave in a tough way,General,verb
okwecwanyagura,"to move in a series on steps, alone or with a partner or in a group especially in a way that matches the speed",General,verb
okwecwacwana,to break up and scatter in different directions,General,verb
okwecuusa,to realise that something has already taken place notifying it,General,verb
okwecurikaho,to bend hard or stand one's head by putting the legs up or high especially at the bed,General,verb
okwecurikaho,"1) to dodge work, yet you want to eat. 2) to keep seated while others are working",General,verb
okwecurengera,"to beg for something using polite, simple and convicing tongue",General,verb
okwecuranza,to burden: a person or thing that causes his or her own problems or trouble especially heavy one,General,verb
okwecura,to quieten down used as of a baby,General,verb
okwecura,to see someone unexpextedly especially after a long time,General,verb
okwecunda,to swing: to move forward and backwards while hanging from one fixed place,General,verb
okwecumuura,a bad omen in girls of killing husbands and they try to get medicine to stop that,General,verb
okwecuma,to be smart and clean,General,verb
okweburabuza,to hide oneself and dodge responsibility,General,verb
okwebunga,to eat well in order to regain some energy lost as a result of sickness,General,verb
okwebumba,to close as flowers do,General,verb
okwebohoora,meandering of water in a river,General,verb
okweboha,the habit of liking to go in crowds,General,verb
okwebirika,(of a person or animal) rolling down and turn over and over while remaining in the same position,General,verb
okwebinda,1) to wear something around the waist. 2) to gather one's force for a jump. 3) to be secretive,General,verb
okwebeyenga,overparticipating in work especially cooking,General,verb
okwebendeeka,(usually of animals) to pretend to be be humble when they are dangerous,General,verb
okwebembera,to lead: to be infront of others and show the way,General,verb
okwebembekerana,to move together for people of the same family,General,verb
okwebeisaho,to be self reliant; able to sustain oneself,General,verb
okwebaza,to thank or appreciate one for doing something comendable,General,verb
okwebariirira,to do what you can manage without overstraining yourself,General,verb
okwebandira,to make a path for oneself,General,verb
okwebaasa,to be able to manage for yourself,General,verb
okwe,there: a location other than here; that place,General,noun
okwayira,to uproot the grass for laying in the kitchen so as to sit on,General,verb
okwatura,to pronounce: to make a sound of a word or letter in a particular way,General,verb
okwatura,to admit that you have done something specially when it is wrong,General,verb
okwatuka,(of an epidermic) to break out,General,verb
okwatika,to break into pieces and be damaged,General,verb
okwatata,to force way through the crowd,General,verb
okwatagurika,to be broken into pieces,General,verb
okwata-enaama,phr. to let secrets out,General,noun
okwataata,to separate: somebody or something to move apart or cause people or things to be or to move apart,General,verb
okwata-amaizi,to urinate: to discharge urine from the body. See: okuseesa,General,verb
okwata,to become stupid or useless,General,verb
okwata,to break: the act of making a fragile item shutter into pieces,General,verb
okwata,to make a liquid flow from a container,General,verb
okwasa,to blow the fire so that it can light up either for lighting or cooking,General,verb
okwasama,to gape: to open the mouth as wide as you can,General,verb
okwasaguza,to beat somebody with a stick or palms in a merciless way,General,verb
okwarura,to take a hen ouside after chicks are hatched,Common Animals,verb
okwarura,to bring a bride from secrusion,General,verb
okwaruka,to come out of the secrusion by the bride,General,verb
okwaririra,to lay grass into a banana plantation or any garden,General,verb
okwarika,to cover millet so as to ripen,General,verb
okwarika,(of birds) to build a nest,General,verb
okwarika,to sit on eggs by a hen to enable them hatch,Common Animals,verb
okwarama,honeymoon: (of a bride) to stay indoors for sometime before she is allowed to go out to do some work,General,verb
okwaraara,to be talkative; to say many words in a short period of time,General,verb
okwara,to make or lay the bed clothings neatly,General,verb
okwanzirira,to stagger: to walk as if you are going to fall. See: okUTEGANGUZA,General,verb
okwanzika,to put millet on the grainding stone so as to start grinding,General,verb
okwanura,to remove from display: it is the act of removing what has been on display or exposure for sundrying; it is also done when it is threatening to rain. okwanurwa,General,verb
okwanjura,to introduce someone or something,General,verb
okwanjura,to crawl: to move slowly with hands and knees,General,verb
okwanjuka,to run mad or be mentally unstable,General,verb
okwanjara,to spread grains in the sun so as to dry them. See: okWANJA,General,verb
okwanjama,to raise a voice against someone,General,verb
okwanikiriza,to make something dry by putting it on the sunshine and scattering it several times so as to shorten the process of drying,General,verb
okwanika,to dry something under the sun,General,verb
okwaniira,(of a flower) to sprout from a particular spot of the plant. See: okWANA,General,verb
okwanguha,to be light not heavy in terms of weight,General,verb
okwanguha,to hurry or move fast in doing something or going somewhere,General,verb
okwangisiriza,to persevere or persist in doing something in hardships,General,verb
okwangata,(of babies) to bring back breast milk a short-time after being breast fed,General,verb
okwanganya,to make something grow smaller in number,General,verb
okwangana,to hate: a strong feeling of dislike for someone,General,verb
okwanga,to refuse: to say that you will not do something,General,verb
okwanduura,(in millet) to dry after germination as a result of dry spell or drought,Biology,verb
okwanduura,to rescue or save something from danger,General,verb
okwanduura,to remove things from the ground and leavong it bear,General,verb
okwandirira,to start an activity especially with digging,General,verb
okwandira,to begin on anything especially in cultivation,General,verb
okwandaara,1) to wonder: to walk without one knowing where he/she is going or moving from here to there. 2) to run,General,verb
okwananga,to slap heavily: to hit someone very heavily with a palm of a hand,General,verb
okwanamira,to toil: working extrenely hard for someone especially working for your children,General,verb
okwanama,"to be bare, not being covered and being lonely",General,verb
okwamwenda,September: the ninth month of the year. Ref: KAMENA,General,noun
okwamwamwa,"to yawn: to take a deep breath with the mouth wide open. Especially when one is tired or bored. See: okWEHAHAMURA, okWEYAYAMURA",General,verb
okwamusanju,July: the seventh month of the year,General,noun
okwamura,to stop the rain from raing when it had starte threatening to,General,verb
okwamunaana,August: the eigth month of the year,General,noun
okwamukaaga,June: the sixth month of the year,General,noun
okwamuka,to leave or change the topic that people are discussing,General,verb
okwamira,to shout at something or someone,General,verb
okwambura,to rob: to take money or property from a person illegally,General,verb
okwambuka,to cross something like a bridge,General,verb
okwambika,to put something around the neck,General,verb
okwambazana,to call one another. See:okWETANA,General,verb
okwambara,to challenge: to challenge the validity of something,General,verb
okwamagirira,to raise an alarm with the aim of chasing away crop pests,General,verb
okwakura,to greet or say hullo to someone,General,verb
okwakisa,to start a machine enable it to work of function,General,verb
okwakira,to unveil bananas which are covered in a pit for ripening. See: okUTWEKURURA,General,verb
okwakataano,May: the fifth month of the year. Pl: okwakataano,General,noun
okwakasatu,March: the third month of the year,General,noun
okwakana,April: the fourth month of the year,General,noun
okwakabiri,february: the second month of the year. Ref: KAATA Pl: okwakabiri,General,noun
okwakaana,to be chooked by something,General,verb
okwaka,to take away something from someone,General,verb
okwaka,to quarrel: to argue another person or group,General,verb
okwaka,to shine: to produce light or/and heat,General,verb
okwaikumi-na-kumwe,November: the eleventh month of the year. Ref: MUSEENENE,General,noun
okwaikumi-na-ebiri,December: the twelve month of the year. Ref: MUZIMBEEZI,General,noun
okwaikumi,October: the tenth month of the year.. Ref: KAswa,General,noun
okwahuza,to hurry in doing something,General,verb
okwahura,to ordain:to officially make someone priest or a reveland in church,General,verb
okwahura,1) to subtract: to take a number or amount from another.2) to seperate: to put a part one thing from another. 3) to differenciate: To show or see a difference between things,General,verb
okwahukana,to seperate from one another,General,verb
okwahira,to go and collect grass or pyprus tops especially when it is towards the give away celemony like a day before and it is used for sitting on,General,verb
okwaguukira,to pick interest in something that you had once underlooked,General,verb
okwagura,to scratch: the act using the nails to rub an itching part of the body,General,verb
okwagaaga,to caress: to touch someone in a loving affectionate way,General,verb
okwaga,to beg for help from someone you have been an enemy to,General,verb
okwabuuka,to get finished: to complete something and declare it over,General,verb
okwabika,to make something to burst giving out a loud sound,General,verb
okwaba,to begin to get light in the morning hours,General,verb
okuzuuruuza,to throw something far away in a distance. Var: okujuuruuza,General,verb
okuzoora,to open the eyes wide,General,verb
okuzoora,1) to discover. 2) to invent. 3) to find something that had not been seen before,General,verb
okuzookora,to open one's eyes widely. See:okUZOORA,General,verb
okuzooka,to resurrect: to rise from the dead. See: okUHIMBUUKA,General,verb
okuzonza,to make somebody move around,General,verb
okuzongoza,to make one to suffer for a long time e.g illness,General,verb
okuzonga,1) to stagger: to move or stand unsteadily as if under a great weight. 2) to sway: to remain unstable after placement,General,verb
okuzizika,"to steal something and in the process of hiding it in pockets or under clothes, one happens to see him/her",General,verb
okuzitira,to fence: codora off an area from access using either poles or barbed wires,General,verb
okuziritirira,"to rub the eyes especially when they are itching, or when a foreign body has fallen there",General,verb
okuziringutana,to wrestle: to fight with somebody by holding him or her firmly and rolling on the ground,General,verb
okuziringa,to fear to deliver a child,General,verb
okuziringa,mingle of the millet bread with a lot of cassava,General,verb
okuziringa,to roll something many times,General,verb
okuzirika,to gird: to fasten a belt,General,verb
okuziriiza,"to speak with difficulty, i.e to speak with a hoarse voice",General,verb
okuzira,to forbid: to prohibit to do something,General,verb
okuzira,to refuse to do something,General,verb
okuzinisa,"to keep giving empty promises to someone. See: okUZONGOOZA, okUTEGANISA",General,verb
okuzinguruka,to become un wound or out of the folds,General,verb
okuzingura,to settle in a new home; to rebuild,General,verb
okuzingiza,to get hold of something or someone very firmly with the intension of relocating it or him,General,verb
okuzingitirira,to pick and take away a mixture of different things without first checking which is which or sorting them out first,General,verb
okuzingitirira,winding something long and flexible in a joined sequence of concentric circles,General,verb
okuzingazinga,to fold: to bend over or double up so that one part lies on another part,General,verb
okuzingamya,not being effective in delivering a service,General,verb
okuzinga,to coil something and make it round,General,verb
okuzinga,to charm your pregnancy and take more than the required time to deliver or never to concieve,Health & Medicine,verb
okuzinga,to roll up: to move or to cause to move in a particular direction by turning over and over on an axis,General,verb
okuzindura,to pay a long visit with a special aim of taking a gift to that person especially harvest,General,verb
okuzinduka,to pay a long visit,General,verb
okuzindaara,"to be husky, or to have the voice blocked",General,verb
okuzina,to dance: to move your body to the sound of music or rythm being played,General,verb
okuzimuura,to pay back the bridewealth or dowery after divorce or break up of marriage,General,verb
okuzimuruka,to break up a relationship with someone. See: okUZAARURUKA,General,verb
okuzimburuka,to reduce in size of something that has been swollen,General,verb
okuzimba,(of riches)n to multiply and increase the profits,General,noun
okuzimba,to swell: to become bigger due to illness or an accident on any part of the body,General,verb
okuzima,the going off of a lanten or cadle,General,verb
okuzika,to mix ash with sorghum and in the process they come in contact with water or rain and that sorghum fails to germinate,General,verb
okuziimuura,to look at someone with an intent of underlooking her/him,General,verb
okuzihiiza,to breathe deeply as a result of anger,General,verb
okuzihiira,to breath with difficulty like after an asthma attack,Health & Medicine,verb
okuzihaziha,to stagger: to walk with weak and unsteady steps due to drunkardness or illness,General,verb
okuziha,to swim: to move in water in a holizontal manner. See: okWOGA,General,verb
okuziguka,to become black: to naturally change the body colour from usual (natural colour) and turns purely into black.Note. This can be due to the use of different cosmetics or as a result of a certain body disease,General,verb
okuzigaziga,"to disguise oneself in order to dodge participating in a certain activity or to avoid something.okuzigira, okuzigisa",General,verb
okuziga,to hide and keep alert of something that you are interested in watching,General,verb
okuziga,to find: to get or acquire by means of searching or making a great effort,General,verb
okuzibuuza,to recover from great illness especially the one where one has been in comma,General,verb
okuzibukura,to unblok something especially if it is hollow,General,verb
okuzibira,to prevent: to stop someone from doing something,General,verb
okuzibikira,"the blocking of blood vessels, canals, turnals, etc",General,verb
okuziba,to block or to cover. See: okUZIBIKIRA,General,verb
okuzenza,to hawk: to take goods from one place to another looking for buyers,Common Animals,verb
okuzengerera,to feel dizzy due to illness,General,verb
okuzengerera,1) to be homeless: to remain or linger in or near a place or to keep loitering as if one has no home. 2) to move about aimlessly especially due to being idle,General,verb
okuzengurukana,to move to and from,General,verb
okuzenga,to wander; to move from place to place,General,verb
okuzeezeeta,to be idle: the act of someone who does not work and spends the whole day moving with no aim,General,verb
okuzeereeza,to hover: to stay in the air in one place,General,verb
okuzeereera,to fly: to be in the air without hanging or holding onto something,General,verb
okuzeereera,to float: to remain on top of water without sinking,General,verb
okuzambuura,to pick and gather things scatttered on the ground,General,verb
okuzambuuka,to go away from where you have been gathered or seated. Var: okwimuka,General,verb
okuzambatuka,"to hurriedly stand up quickly and do something bad without an intention. It can be a fight, give a slap or a quarrel",General,verb
okuzambaitura,to snatch something from a certain place,General,verb
okuzambaguturana,to have an intended wrestling which involves serious fighting between two people,General,verb
okuzambaara,"to be in a state of confusion, or disorder",General,verb
okuzahambuka,to be short tampered: To hurriedly quarrel from nowhere as if one wants to fight or has run mad,General,verb
okuzaaza,to help a woman or an animal to give birth,General,verb
okuzaasa,one of the letters of the alphabet.v. to force someone to leave a country usually because they have broken the law or because they have no legal right to be there,Geography,noun
okuzaariranwa,to be born with genetically,General,verb
okuzaara,1) to deliver or give birth to a young one of a human being or an animal.2) multiplication of invested money/capital.; (in religion or marriage): to become a God parent of somebody getting baptised or married (Protestant). 3) the repercusious of a certain behaviour resulting into repercussions. 4) propagation: the production of a plant,Mathematics,verb
okuzaana,to play: to do something for pleasure or enjoyment,General,verb
okuzaana,to pour milk down and it begins flowing,General,verb
okuzaahuura,to rescue: to bring from a far,General,verb
okuzaaguruka,(of cows) to leave one place like a shade from where they have been taking rest and go back to the grazing land,General,verb
okuzaagira,(of cows) to relax: to rest and allow cows to become calm,General,verb
okuza,to go to: to move from one place to another,General,verb
okuyuzya,to loosen: to make something less tight,General,verb
okuyuzya,to relieve oneself of something,General,verb
okuyunguura,to transfer animals from one place to another,General,verb
okuyunga,to add an extra thing to something,General,verb
okuyumbya,(of plants) to have many leaves,General,verb
okuyoorera,v.to pick dried grass from a garden with crops which have germinated,General,verb
okuyoora,to hug: to put hands around someone,General,verb
okuyoora,to remove or pick something,General,verb
okuyoogana,to shout:to make alot of noise,General,verb
okuyonja,to clean: to remove dirt from something,General,verb
okuyonga,to burn and turn into ashes,General,verb
okuyomba,to shout; to make noise and to say something loudly,General,verb
okuyogoora,to make noise in a disorderly way,General,verb
okuyangayanga,to improve in sickness as one recovers,General,verb
okuyagaara,to work or behave in a disordery way,General,verb
okuyaga,to melt: changing of a solid substance into liquid,General,verb
okuyabaitukana,to be easy for every-oneand outgoing,General,verb
okuyaayuuka,to get blown off by wind,General,verb
okuyaayaana,to wander: to move from one place to another without any purpose or aim to achieve,General,verb
okuyaaga,to confort someone in times of bereavement by visiting him/ her,General,verb
okuyaaga,to backbite: to make unpleasant comments and criticism about someone who is not there,General,verb
okuyaabuura,to do something so that the person is not bewitched. onthe introdution of my sister aunt was moving her behind so that she is not bewitched,General,verb
okuyaabuura,to bewitch crops using fetishes,General,verb
okuyaabuuka,to get finished; to go suddenly,General,verb
okuvurunganya,"to shake up things that are in liquid form. e.g. porridge, alcohol etc",General,verb
okuvuruga,"to disorganise: to make what had been organised into disarray and confusion. See: okUVUYANGA, okUVUGUZA",General,verb
okuvuruga,to stir: to mix a substance by moving it around using a spoon or a stick,General,verb
okuvurika,to sting: to hurt by sticking a sharp part of your body into a skin,General,verb
okuvunuura,to translate or interprete: to change spoken or written language from one langauge to another,General,verb
okuvuguza,to disturb someone or something,General,verb
okuvuga,"1) to drive: to control a vehicle to go where you want. 2) to ride: to sit on something, like a horse, bicycle, ontrol it and go where you want",Common Animals,verb
okuvinvirika,to put or fix something into another,General,verb
okuvindika,v to strike somebody so as to take something not of his/her choice and against his/her will unknowingly,General,noun
okuvindiika,"to place a banana leaf in a source pan or any container full of water such that when one carries it, water should not be poured on him or her",General,verb
okuviika,to pierce: to make a hole into something using a sharp object,General,verb
okuviigiira,"to scream: to utter a long, loud, piercing cry as of pain or fright",General,verb
okuveenyuuka,to cry for no reason especially children. Var: okujeenyuuka,General,verb
okutyotyoza,to twitter: o utter a succession of light chiping or tremulous sound especially of birds,General,verb
okutyongooza,to laugh loudly and in a nauty way,General,verb
okutyoka,to stealthly go: to move away quickly and without notice. Var: okusoka(KG),General,verb
okutyaza,"to sharpen: to make something sharp e.g. a knife, hoe, panga etc. Var:okusaza(KG)",General,verb
okutyankana,"satelite: to have a body of a planet meet one another. A moon that appear continuosly or one after the other during rain, before or after",Astronomy And The Universe,verb
okutyabura,(of sticks) to break suddenly with a cracking sound,General,verb
okutyaba,an act by chicks to produce a certain sound,General,verb
okutwisa,to ask for contribution: to request someone to contribute towards a function,General,verb
okutwera,"to contribute: to give money, goods, or time and effort in order to achieve something. Var: okutwereera",General,verb
okutwekerera,to cover: to put something on top of another in order to protect or hide it,General,verb
okutwekera,to fix: to make a for farm equipment like a hoe get fixed in its pestle,General,verb
okutweka,to send: to make someone or something go to another place,General,verb
okutweka,to impregnant: to make a woman pregnant,General,verb
okutwaza,to behave: to do things in a particular way,General,verb
okutwarwa,"to die: to stop living or existing. See:okUFA.okutwarwa, okutwarira, okutwaza",General,verb
okutwaririza,to try: the ability to attempt an activity or get something,General,verb
okutwarirana,to become pregnant while you are still breastfeeding,General,verb
okutwarira,to take gifts to a newly wed couple by the bride's relatives,General,verb
okutwarana,to escort: to give someone company when going somewhere. See:okuseNDekeREZA,General,verb
okutwara,to take: to carry something from one place to another or for someone,General,verb
okutwa,to give presents to people while helping them in meeting their social obligations,General,verb
okutuza,to pour milk from one milk pot to another,General,verb
okutuuza,"1) to improve, i.e. conditions to be better after sickness. 2) to be humble",General,verb
okutuutubikana,to shine: to look as if something or someone is benning to sweat,General,verb
okutuuruuza,"to put too much water in something like porridge, sauce, etc",General,verb
okutuuruuza,to throw something with much force to a long distance,General,verb
okutuuneeka,to tie someone or something very tight. See: okUTUNENGA,General,verb
okutuunagira,to pant especially when you are scared or tired,General,verb
okutuuma,to heap a number of things together,General,verb
okutuuka,to get very annoyed and breath very fast,General,verb
okutuuka,to tighten: to hold or fix something tightly,General,verb
okutuuheera,to breath restlessly especially when one is tired or annoyed or after running,General,verb
okutuubya,to reduce: to make something smaller,General,verb
okutuubagira,to do something in a hurry or rapidly,General,verb
okututuura,to lift somemthing at once,General,verb
okuturuza,to throwing: to propel something to go into the air by movement of the arm and hand,General,verb
okuturuura,to throw things very far,General,verb
okutururwa,to have balls in the porredge,General,verb
okutururuma,to vibrate: to make continuous shaking movements,General,verb
okuturumuka,to go away:to get away from a place where one has felt like a prisoner or moving away without informing others,General,verb
okuturubwita,to form solid substance one is preparing to make porridge,General,verb
okuturiza,the act of beginning to mingle millet bread,General,verb
okuturira,to add honey in porredge or local beer,General,verb
okuturira,to transmit: to pass on a disease from one person to anotther,General,verb
okuturika,to burst: to break suddenly,General,verb
okuturama,to run away from home,General,verb
okuturama,to overstay in a place or compleyelty remain there especially where you work,General,verb
okutura,to leak: to get a liquid to pass through a small hole or crack,General,verb
okutunyugura,to squeeze a fruit so as to get seeds out of it,General,verb
okutunuura,to remove pumpkin seeds from the fruit and prepare them for drying and roasting etc. okutunuuza,General,verb
okutunura,to look at something or somebody with eyes wide open,General,verb
okutuntura,to have a condition of being worried due to the problems that may have arose,General,verb
okutuntumuka,to move upwards especially of dust,General,verb
okutunika,to bulge: to make something enlarged and it steaks out from something in a round form. Pl: v,General,verb
okutungera,"to pant: to breath with short, quick breaths as a result of exhaision or excitement",General,verb
okutunguuta,to be in a state where something can easily be moulded or folded,General,verb
okutunguura,to develop: to make someone or something gradually grow or become bigger or more advanced,General,verb
okutungisa,to enrich: to make something or someone richer,General,verb
okutungirira,to build and cover the timber or trees that make the wallplate with bricks before or after roofing,General,verb
okutungika,to pile: to place things one on top of the other,General,verb
okutungamira,to get on top of someone or something,General,verb
okutunga,to put meat on a stick,General,verb
okutunga,to point a finger accusing someone,General,verb
okutunga,to take something into one's possession,General,verb
okutunga,to sew: to use a needle and thread and make stitches in a cloth,General,verb
okutunga,to become rich and own movable and non-movable assets,General,verb
okutunduguza,to be in a state of not feeling fine and/or feeling a bit sick,General,verb
okutundama,to become extremely quiet especially if there are heated debates,General,verb
okutunama,(of the bones) to have bones raised from the body especially after a severe sickness,General,verb
okutumbura,to protrude ones mouth or lips especially when one is annoyed,General,verb
okutumbikiriza,to stand on one's toes,General,verb
okutumbika,to make clothes stay in water before they are finally washed,General,verb
okutumbika,to put seeds in water and they stay before they are cooked with the purpose of shortening the period of cookng,General,verb
okutumbagira,to fill things beyond the limit so that others are falling out,General,verb
okutuma,to send someone to do for you something,General,verb
okutuma,to cause something to happen. Niwe atumire baamukoma. Hi is the one who caused his arrest,General,verb
okutukurirwa,to fail to solve a problem and remain disturbed,General,verb
okutukurira,to become a nuisence to someone,General,verb
okutukura,to be with a brown colour,General,verb
okutuhuura,to bring something up along with you on a sleepy area,General,verb
okutuguta,"to swell: an abnormal enlargement of a part of the body typically as a result of an accumultion of fluid or blood into the hitted part of the body by wood, stone, etc",General,noun
okutuga,1) to strugle: to kill a person or animal by squeezing the throat so that they cannot breath. 2) to bribe: giving money or presents to someone so that they will help you by doing something dishonest or illegal,General,verb
okutubura,(of animals) to push back the foreskin of the male organ,General,verb
okutu,the organ used for hearing,General,noun
okusiburira,to remove a knot or free something that is tied by a rope,General,verb
okusibikana,intertwining of ropes or threads,General,verb
okusibanga,to run through the garden of crops e.g. beans uprooting some of the crops and destroying the unprooted ones,General,verb
okusibana,(for feet in football) to directly meet at the ball and hit it at once,Sports,verb
okusibaguza,to move or do something in a hurry,General,verb
okusiba,to imprison someone because of a crime he has committed. See: okUKOMA,General,verb
okusiba,to fasten the door or window using a padlock,General,verb
okutoya,to imitate: reproduce someone's behaviour or looks,General,verb
okutotoza,to have a grambling stomach that usually leads to passing of waterly stool,General,verb
okutotora,(in birds) to make sound when passing out stool,General,verb
okutotoma,to grumble: to complain or protest in a bad tempered way usually not loud,General,verb
okutota,to put too much water while mingling,General,verb
okutorotoora,to pick up something when it has been dropped by someone,General,verb
okutorooga,(of animals) the premature delivery of a foetus,General,verb
okutoroka,to escape: to get away from a place where you had been kept,General,verb
okutoroboza,defile: to play sex with a girl who is still a minor,General,verb
okutooreza,to try do or say what someone else is doing or saying,General,verb
okutoorana,to select from many things,General,verb
okutooragura,to pick something from down or come across something that has been lost,General,verb
okutoora,(usually used on animals) to like something,General,verb
okutoora,to acquire wisdom especially from parents,General,verb
okutoora,to carry a baby. See: okUKIIKIRA,General,verb
okutoora,to take a certain direction when going,General,verb
okutoora,to carry something or acompany somebody from one place to another,General,verb
okutoora,to cheat someone especially when playing cards,General,verb
okutoonyeza,"to put a dot, a mark or a tick on something",General,verb
okutoonya,drip: to shed small drops of liquid,General,verb
okutoomooka,to develop terrible sores on the skin and then wounds,General,verb
okutooka,to sprout: to produce new leaves or shoots,General,verb
okutoohoora,to put diluted soap into a cows anus to help it pass out the dung due to constipation,General,verb
okutoofoora,to be slagish: to do something at a very slow pace; to be slow,General,verb
okutonyora,to give in small bits,General,verb
okutontoma,to grumble: to quarrel a lot and all the time,General,verb
okutontohera,(of incubated eggs) to fail to hatch into chicks,General,verb
okutontobeka,to apply too much jelly on the body,General,verb
okutonora,to remove dead cells from a healing wound,General,verb
okutonoora,to remove unwanted things from others. Usage: Rukiga,General,verb
okutonoora,to seperate one thing from the other on a slow pace,General,verb
okutonoora,to pick dirty things or pieces from someone,General,verb
okutonoora,to abuse someone for someting you have given him or her,General,verb
okutongoza,to walk slowly especially when one is in his happy moments,General,verb
okutongoza,to asign a job or a role to someone,General,verb
okutongora,"to separate: forming a unit by itself, existing as an individual part",General,verb
okutongora,to launch: a public declaration of policy and aims especially one issued before an election by a political party or candidate,Politics And Current Affairs,verb
okutongooka,to get burnt and some meat starts getting off from the body,General,verb
okutonganisa,to force someone into an angry disagreement,General,verb
okutonganirira,to defend: to plead for somebody,General,verb
okutongana,to quarrel: to have an angry arguement with another,General,verb
okutonga,"to wish someone something bad or good e.g. disiease, poverty, wealth, etc",General,verb
okutonera,"to sting: to insert a sharp and often poisonous, part of certain insects into the body",General,verb
okutoneka,to step into someone's wound unintentonally,General,verb
okutondora,to separate or divide into two or more often opposing groups or to divide or make something break into two or more parts especially from the end to end,General,verb
okutondoora,to explain: to discover and examine all the facts about something,General,verb
okutondekanisa,to recite something chronologically or to say something without altering its order,General,verb
okutondagira,"to walk carefully, choosing the dry safe places to step on",General,verb
okutondagira,to walk on someone usually by small insects or animals,General,verb
okutonda,to refuse someone or somebody you are not used to,General,verb
okutonda,to shake milk and it reaches a time of bringing small particals while making cheese,General,verb
okutonda,to put something in order,General,verb
okutona,to announce an unexpected event or surprise someone by making him aware of a visitor he has spent long without seeing,General,verb
okutona,to design something with different colours or make it decorated,General,verb
okutona,to give a prize to someone,General,verb
okutomera,to knock: to hit something with a hard blow especially in an accident,General,verb
okutokooza,to put a foreign body in one's eye,General,verb
okutokoora,to remove something from one's eye,General,verb
okutokoma,1) a state of fire burning with big fire flames making a red colour. 2) burn to ashes,General,verb
okutoija,to give presents to someone formally or ceremonially,General,verb
okutohonora,to pierce: to make a hole in or through something especially with something sharp,General,verb
okutoha,(of fruits) to get overripe to the extent that they cannot be eaten,General,verb
okutogera,to reap: to cut and gather a crop especially grains,General,verb
okutogosa,to prepare food in a hurry,General,verb
okutogota,to boil something in water until it steams and forms bubbles,General,verb
okutogonyora,to smash something and make it look nusty and nauseating,General,verb
okutoga,to sample: to take part of a bigger thing to examine it in order to see what the rest like,General,verb
okutobora,to break virginity during the first sexual encounter,General,verb
okutoboka,to give in or to succumb to something after a long time,General,verb
okutobera,to sink: go down below the surface of something especially of a liquid,General,verb
okutoba,to mix: to combine or put together to form one substance,General,verb
okutitira,"to feel cold and shaky because of fear, coldness or illness",General,verb
okutiritiza,to run at a high speed,General,verb
okutiringuza,fidget: to move restlessly in away that annoys other people,General,verb
okutirimuka,See: okUTIRIMA. okutirimura v. See: okUTIRIMA,General,verb
okutirimbura,to force someone to go out of a home or house,General,verb
okutirimba,to make a stampede as in wild headlong rush of frightened animals (horses or cattle),Common Animals,verb
okutirima,frisky:playful and full of energy,General,adjective
okutiriga,"to smear: to spread an oily or sticky substance e.g. point, on something or somebody in a rough or careless way",General,verb
okutinza,to delay something especially what does not belong to you,General,verb
okutintina,to shrink with fear when you are in bed,General,verb
okutingiriza,(of animals) to be on heat,General,verb
okutinga,to sodomise:to have sex with a person of the same sex,General,noun
okutinduura,to remove beddings from a bed,General,verb
okutindika,to keep something for sometime before drying it,General,verb
okutinda,to lay a bed in preparation for someone who is sleeping in it,General,noun
okutimwimwa,to be undecided: not yet certain on choosing between the available alternatives,General,verb
okutimwatimwa,to hesitate:to be slow to speak or act because one feels uncertain or unwillingp;to pause in doubt,General,verb
okutimbya,to dig out: bring out something that is hidden or that has been stored for a long time,General,verb
okutimbuura,to stab:to push a knife or pointed object into something/somebody,General,verb
okutimbiriza,to be keen at looking for a mistake in someone,General,verb
okutimbira,to get out of the house or in a position very quickly,General,verb
okutimbikirana,to pile on; to put things on top of one another,General,verb
okutimba,"to dig up. In geology, the scientific study of the earth, including the origin and history of the rocks, soil of which it is composed",History And Historical Accounts,verb
okutikura,to offroad: to remove something from a vehicle or shop after they have been transported by it,General,verb
okutiiza,to borrow or lend out something,General,verb
okutiitiira,1) to be nervous or frigtened. 2) to lack self confidence; having too much lack of self esteem,General,verb
okutiitiiba,to insist on one's opinion,General,verb
okutiiruura,to return what has been borrowed,General,verb
okutiina,to be afraid: a feeling of fear or anxiety,General,adjective
okutiikuura,to secretly search into someone's property for personal reason,General,verb
okutiika,force something into some onr,General,verb
okutiika,to force or stick something or someone on someone,General,verb
okutiiha,a situation where more than one crested cranes make a certain noise especially while playing,General,verb
okutiiha,"to shovel: to move and lift soil, sand or stones with a spade",General,verb
okutiigiiga,to be reluctant in doing something,General,verb
okutiha,to go bad especially of porridge or juice,General,verb
okutigita,to shake: to move or make somebody/something mover with short quick movements from side to side or up and down,General,verb
okutigiriza,to be undecided on what to do,General,verb
okutigatiga,to influence somebody especially unfairly so that they have a bias,General,verb
okutiganda,to cut wood for building houses or making fences,General,verb
okutigaiga,to be slow at work,General,verb
okutiga,"to be stubborn: to be determined not to change one's attitude or position, having strong will",General,verb
okutibiriza,to have fear especially when you are to have sexual intercourse,General,verb
okutibirana,to mix different things especially drinks,General,verb
okutibika,to deep: to insert a container into a hand with the aim of getting part of the liquid,General,verb
okutibiirira,"to weed: removing unwanted weeds or plants from the garden for example of maize, potatoes, beans, etc by use of a hoe or a stick",General,verb
okutibatiba,to put on someone's clothes without his/her permission.okutibatibika,General,verb
okutibaaba,to cry for long without a break,General,verb
okutezya,"symmetrical: having similarity in size, shape, and relative position of corresponding parts",General,adjective
okuteteza,to make things (utensils) make noise,General,verb
okutetera,(of hens) to make a loud noise especially after laying an egg,General,verb
okutetema,to shiver: to shake especially because one feels cold or is frightened or excitement,General,verb
okuteteerwa,to pretend to be asleep or unaware of something in order to decieve somebody,General,verb
okuteta,"to spoil: to turn somebody or something good into something useless, worthless or unpleasant",General,verb
okuterura,to lift: to take hold of something and move it to a different position,General,verb
okuterirera,to limp: to walk with difficulty because of injury,General,verb
okutereza,straigten: extending or moving uniformly in one direction without any curve or a band,Art And Entertainment,adjective
okutererera,fix something especially using the hummer to nail in the wood,General,verb
okuterera,to slide accidently and fall over,General,verb
okuterekerera,to worship: the practice of praying and singing to show respect for the almighty,General,verb
okutereka,to give alcohol to somebody freely without pay or any return,General,verb
okutereeza,to arrange: the action of putting something in order,General,verb
okutereera,"1) to be straight without bend,extending in one direction only.2) settle: come to rest in a comfortable position",General,verb
okuterebuza,to tilt: the act of not being in one position (changing location time after time),General,verb
okuterebuka,slide on something and fall down,General,verb
okuterama,vigil: to gather while sitting on fire the whole night,General,verb
okuterama,to stagnate: to keep in place especially of water,General,verb
okutera,when sweet potatoes have overgrown and are starting to go bad,General,verb
okutentebuka,to talk anyhow without minding other people,General,verb
okutengeza,to shiver (usually) due to coldness or fear,General,verb
okutengesa,to shake something that was originally stable,General,verb
okutengera,to wish someone luck: a feeling of wanting something good to happen in someone,General,verb
okutengeneka,to leave water to settle,General,verb
okutenguka,to curve in especially as a result of landslide,Nature & Environment,verb
okutengaguza,to stagger as one walks especially when drunk,General,verb
okutenga,to float: to rest on the surface of a liquid,General,verb
okutenga,yearning to possess or own something in a given period of time,General,verb
okutenga,to have a mind or feeling that something should happen,General,verb
okutenga,to produce a bad smell when something is is not treated or has been treated poorly,General,verb
okutenenkyera,(of water) to settle. See:okUTENENEKA,General,verb
okuteneneka,"(of dregs) to sink to the bottom, be strained, filtered, etc",General,verb
okutenduka,to make something break off from the other,General,verb
okutendiitura,to lift something to a higher position,General,verb
okutendereza,to praise: to worship God with words or music. Etym: [<Luganda.okutendereza>],General,verb
okutendeka,"to train: giving teaching and practice to somebody or something in order to bring it to the desired standard of behaviour, efficiency or physical condition",General,verb
okutendegeza,to sit comfortably and reluctantly,General,verb
okutenda,to commend: to approve someone or something as being suitable for a particular purpose,General,verb
okutenda,"to become loose, untighten or unstraightened",General,verb
okutemuurura,to slush or weed: the action of removing weeds from the garden or compound,General,verb
okutemura,to ambush a person and murder him or her,General,verb
okutembuura,to till a new place that had not been tilled before,General,verb
okutemburuka,to come down from where one had climbed,General,verb
okutembekerana,to pile things on top of the other,General,verb
okutembeeka,to track or go after somebody or something (usually) with intent to catch,General,verb
okutembaitura,to pick or lift something so quickly,General,verb
okutemba,to climb up towards the top of something,General,verb
okutema,to slash: cut with sweeping strokes; as with an axe or machete,General,verb
okutema,to cut:the act of penetrating or opening open with a sharp edge,General,noun
okuteisa,to tell someone to reform,General,verb
okuteisa,to miss target: hit off target,General,verb
okuteisa,to negotiate and come to consesus,General,verb
okutegereza,to wait:to stay in one place until the person with authority comes,General,verb
okutegera,to provide support to something such that it does not fall down,General,verb
okutegeka,1) to bring into conformity with rules or principles or usage; impose regulations. 2) to direct or strongly influence the behaviour of. 3) to exercise authority over; as of nations,General,verb
okuteguura,a germination stage in the growth of beans,Biology,verb
okuteguura,1) to clear away food eating utensils after eating. 2) to organise and clear a place,General,noun
okutegura,"to organize a ceremonius feast, event at the bridegroom's home",General,verb
okutegatega,the act of someone who does things but lacks confidence,General,verb
okuteganya,to go into someone's way,General,verb
okuteganisa,to disturb someone when he is doing something,General,verb
okutegana,to make sure that something is done or fulfilled,General,verb
okutegama,to be curved: something that is not straight,General,verb
okutega,to shave:the act of removing hair on the body using a sharp instrument,General,verb
okutega,to set a trap; to trick an animal to enter a trap where it cannot come out,General,verb
okuteezamu,to multiply: to add a number to itself many times,General,verb
okuteeza,"to respond: sound or noise made in a place or from something or someone in answer to a touch, call etc",General,verb
okuteeza,to use something to beat or hit something,General,verb
okuteetuka,to crack a joke. See:okUTEERA-OBUYAGA,General,verb
okuteerwa-amahungu,"to be very sorrowful, sad, mournful because of actions involving disaster or death",General,verb
okuteerwa-aha-nte,"to initiate boys (sometimes) girls at the age of four months before he/she is made to sit on a cow with a bow, arrow and rope",Common Animals,verb
okuteerwa,(of bananas) to ripen: to begin to be soft and ready to be squeezed,General,verb
okuteererera,to hit:to strike against forcefully or crush into something,General,verb
okusiisibiriza,to hiss and make an irritative noise,General,verb
okuteera-obutirima,to try to force out air with the mouth closed which causes a vibrating sound,General,verb
okuteera-obukumbi,(in clans) to crack jokes with another. These clans are usually specific and joke with each other and not with any other clan,General,verb
okuteeranisa,to confuse: to mistake onething for a different thing,General,verb
okuteerana,"1) to have sex. 2) to be joined in Holy Matrimony. 3) To come together for fellowship, crusade, conference, etc",General,verb
okuteera-kya-fooko,phr. to sleep leaning on your knees and jaws,General,noun
okuteeraho,to try: to make an effort to do something,General,noun
okuteera-entwe,phr. to feel sleepy and start to dose,General,noun
okuteera-enganja,to give people things in small quantities (especially measuring using your hand palms to give to them) even when you have in plenty,General,verb
okuteera-ekisige,SW. to look at someone with a face that potrays an advance warning,General,verb
okuteera-ekisaka,phr. to try something out and see what comes out,General,noun
okuteera-ekiro,phr. the croking of cock in the early hours of the morning before dawn,Common Animals,noun
okuteera-ekimangaza,phr. the time of the day at around 4.30 pm,General,noun
okuteera-eiziba,phr. to dig a water well in a new place,General,noun
okuteera-amatundu,phr. To put button holes on a cloth,General,noun
okuteera,"to beat: to strike something or somebody with a stick, slap, etc",General,verb
okuteekerana,to pile:to put a large number of things on top of each other,General,verb
okuteekera,(of local beer) to prepare: to make something ready,General,verb
okuteekurana,"to approach somebody to express his dissatisfication especially that is likely to create conflict or misunderstanding. It shows that the approaching person is offended. okuteekurateekurana, okuteekuranwa",General,verb
okuteekayo,to leave: to go away from a person or place. [Socio: slung for youth],General,verb
okuteekateeka,"to think: to use your mind to consider something to form connected ideas, to try to solve a problem",General,verb
okuteeka,to come up with a procedure of doing something,General,verb
okuteeka,"to cook:to prepare food by baking, boiling, flying, etc",General,noun
okuteeguurana,"to fight heavily, i.e. people of the same capability",General,verb
okuteegurura,"used to mean a situation when someone has been bewitched, and then he goes to another witchdoctor so that he can uproot what ever has been used to bewitch him",General,verb
okuteega,to cry a lot:the act of a child crying everytime even when it has all it needs at its disposal,General,verb
okuteega,"to hide: the act of hiding or taking cover along the way with an intention of confronting, killing or punishing someone. Var: okutega",General,verb
okuteega,to bewitch: To put magic spell on some one or something,General,verb
okuteebereza,to guess: to try and give an answer or make a judgement about something without being sure of all the facts,General,verb
okuteeba,to score: to win points or goals in a particular game in competeition or to have an advantage,General,verb
okutebya,to narrate an incident or event that happened or telling a story to others,General,verb
okutebura,To take something that belongs to someone else without permision,General,verb
okutebuka,to be in an unstable condition,General,verb
okutebeekana,to settle: to become calm or relaxed,General,verb
okutaza,to be rebellious: showing the desire to rebel or not easily controlled or showing the desire to resist,General,verb
okutariza,to block the prospects for someone to achieve something,General,verb
okutariiriza,to inconvinience: to cause trouble or difficulty especially when an action affects some other people,General,verb
okutaramura,"to tear something. See:okUCWA3, okUTAAGURA",General,verb
okutaramura,failure to settle a conflict or misunderstanding between two parties,General,verb
okutara,to jump or run around in a playful manner,General,verb
okutaniirira,enlarging of a wound. See:okUTANA,General,verb
okutangiza,to prevent: to guard against something from happening,General,verb
okutangisa,to fine: to make somebody pay or anything tangible as an official punishment,General,verb
okutanga,to be the first one to finish what is being done,General,verb
okutanga,to prevent or keep from happening as by some prior action,General,verb
okutanduka,to loose threads from the cloth,General,verb
okutandama,to talk ill of a person,General,verb
okutandama,to sit badly especially of a woman,General,verb
okutanasa,to induce someone to vomit. See:okUTANAKA,General,verb
okutanana,to be in worst state especially when somebody is very sick,General,verb
okutanaka,to vomit: to bring food from the stomach back through the mouth,General,verb
okutana,to separate: the action or state of moving or being moved a part,General,verb
okutana,"to escalate: to become greater, worse or more serious",General,verb
okutamura,to deny someone of something when it is clear that he or she is about to get it,General,verb
okutamu,to put in: an action that involves putting something into another,General,verb
okutamika,v.to put something e.g food in one's mouth,General,verb
okutambuuka,to stretch somebody's legs to cross something,General,verb
okutamburura,to bewitch someone using fettishes,General,verb
okutambura,1) to walk: to move along at a slow or moderate pace by lifting up and putting down each foot in turn. 2) to march: to move or walk with stiff regular steps in a uniform manner,General,verb
okutambika,to throw: to send something from your hands through the air to another location,General,verb
okutambaarira,to interfere: to get involved in and try to influence a situation that does not concern you in a way that annoys others. See: okUTAMBA-IKONO,General,verb
okutambaara,to nag: to keep complaining about somebody's behaviour,General,verb
okutamba,to help: to give assistance at a time when it is needed,General,verb
okutamba,to cure:to make a person or an animal heal after an illness,General,verb
okutamatama,to divert from what is being talked about under certain circumstances e.g.after seeing someone,General,verb
okutamaguza,"to stammer: to speak with difficulty, repeating sounds or words and often stopping before saying things correctly. See: okUHEBEBERA",General,verb
okutamaara,to walk aimlessly due to something that has happened and shocked you,General,verb
okutama,to get disgusted: to fill ill or sick for somebody or something because of being unpleasant to you,General,verb
okutakura,to scratch: to rub the skin with the nails usually because of itching. See:okWAGURA,General,verb
okutakuka,to move up and down chasing for something,General,verb
okutakiirirwa,to be very thirsty. See:okWAKIIRIRWA,General,verb
okutaka,to yell: to give a loud sharp cry as a result of pain and cry for mercy,General,verb
okutaisuka,to divert and go astray or move from a stationery place,General,verb
okutahiranisa,an activity that takes place when you marry from our family and I also marry from your family,General,verb
okutahirana,to be free to each other in family matters by allowin free flow of information,General,verb
okutahaanura,to reduce on the water that is going to be used for making millet bread after it has boiled,General,verb
okutaha,to get local brew from a boat where it had been put to enable it ferment,General,verb
okutaha,to fetch: to collect water from the well,General,verb
okutagika,to tell sorrowful stories to everyone,General,verb
okutagatira-akakumu,phr. water which has less warmth,General,noun
okutagata,to be warm: a condition when something is in a condition that is neither hot or cold.n. one of the letters of the alphabet,General,verb
okutagasa,to make something gain a fairly high temperature in a way that is pleasant rather than being hot or cold. Var: okutagasa,General,verb
okutagarana,to be in a fixed condition with a lot of things to do. See: okUTAGANJURA,General,verb
okutagara,to widen: to expand the space of occupancy. The woman has covered a big space in the chair,General,verb
okutaganjura,to spread wide: to extend the surface or width of something by unfolding or unrolling it; cover something by doing this,General,verb
okutaganjura,to have many commitments at the same time,General,verb
okutagaija,to stagger: to walk with weak unsteadly steps as if you are about to fall,General,verb
okutabuura,to remove something or somebody from the soil which has been covered there,General,verb
okutabura,to mix: to stir in any liquid so as it can mix well with the thick matter or dregs that is on the bottom of the container,General,verb
okutabura,to disturb: to interrupt someone and stop them from continuing from what they were doing,General,verb
okutabura,to heat a liquid and it reaches a point when it forms bubbles and turns to steam,General,verb
okutabuka,to get annoyed and threaten violence,General,verb
okutabira,to dig deep or to plant potatoes,General,verb
okutabika,to mix: to put two or more elements to make one substance,General,verb
okutabika,to bury in the earth,General,verb
okutabanga,to make something dirty using hands,General,verb
okutabama,(of ditches) to get refilled,General,verb
okutabaaza,to make something happen negatively especially by causing war,General,verb
okutabaaza,to bury a king in Ankole,Governance And Administration,verb
okutabaaza,to sue: to report a case,General,verb
okutabaaruka,to return from the capital or return safely,General,verb
okutaba,to cover something in the soil,General,verb
okutaaza,to sharpen: to make sharp or sharpen especially concerning tools. See: okUSYAZA,General,verb
okutaasa-amahasa,to perform rituals when twins are born and are taken to their grandparents for the first time,General,verb
okutaasa,to take things into the house,General,verb
okutaasa,to bring cows home from the grazing fields,General,verb
okutaasa,to die: an idiomatic way of refering to the death of a king in Ankole,Governance And Administration,verb
okutaasa,to marry: to become a husband of someone,General,verb
okutaasura,to pay money to somebody for regular work especially to the witchdoctor,General,verb
okutaaruuka,to return home after some period of time,General,verb
okutaanyangwa,to suffer from too much pain,General,verb
okutaana,to separate in a relationship especially marriage,General,verb
okutaamuura,to dig a field and it gets finished in a short time especially when people are many,General,verb
okutaakurura,to look for something deep in a heap of things or digging out something deep in the soil,General,verb
okutaakurura,to remove beads from where they have been decorated,General,verb
okutaajuura,to make the house very clean,General,verb
okutaahiriza,to injure oneself when cutting nails and blood comes,General,verb
okutaahiriza,to backbite someone and make him or her asamed,General,verb
okutaahirira,to invade:to enter a place in order to attack or occupy it,General,verb
okutaahirana,to enter one another's home,General,verb
okutaaguza,to be in an awkward situation,General,verb
okutaaguuka,to get a big open injury on the surface of the body,General,verb
okutaagurira,the act of dancing unique to Banyankore and Bakiga of south western Uganda,General,verb
okutaagurikana,to disperse and move in different directions,General,verb
okutaagiza,to move with one's legs spread either naturally or due to some disorder. Others it is out of fun. Var: okutaagaija,General,verb
okutaagisa,to force someone to confess using underhard or harsh methods,General,verb
okutaagataagira,to work in more than one place,General,verb
okutaagataagira,to ask for help or request for something from different people,General,verb
okutaagataagarana,to scramble:to act hurriedly in doing something as a group,General,verb
okutaagataagaara,to become homeless or failing to get where to stay,General,verb
okutaagataaga,"to limp: to walk with difficulty. See: okUTAAGIIRA, okUTAGEIJURA",General,verb
okutaagaana,to be very tired or being bothered. See: okUTEGANA,General,verb
okuta,to put or place something somewhere,General,verb
okusotora,to draw out a knife or weapon,General,verb
okusotoka,to move away very first,General,verb
okusosoza,"to talk rapidly through excitement, navoursness, etc",General,verb
okusosoza,"to chirp, make a succession of soft short sounds",General,verb
okusoreka,to talk in a way that someone you are talking about does not know what is being talked about him,General,verb
okusora,(of cows) to come to drink water,General,verb
okusonoora,to hurt someone after stepping on him/her,General,verb
okusonoka,to be wounded after something has stepped on you,General,verb
okusonga,to go ahead. See: okUGUMIZAMU,General,verb
okusokera,to rush and go to a defined place,General,verb
okusokora,(of local beer) to stay too long in the boat and over ferment,General,verb
okusoka,to rush and disappear froma place,General,verb
okusaza,to sharpen a hand tool. Var: okutyaza (NK),General,verb
okusasana,to be in a hurry,General,verb
okusaraara,to stagnate and stay in one place for long especially water,General,verb
okusankana,to flash many times using a camera or by lightening,Technology,verb
okusangirira,to mix cold water with flour especially millet flour to make porriedge using hot water. Var: okusangirira,General,verb
okusamuka,to come back from where you had gone,General,verb
okusama,to have a sitiuation when bulls are preparing for a fight,General,verb
okusabukana,to go with something from a specified place,General,verb
okusa,to be burnt and damaged by fire,General,verb
okusa,"ripen: the situation when fruits are ready for eating, and they usually change colour especially to yellow or red",General,verb
okusa,(of food) to be ready: the situation where the prepared food gets ready for eating,General,verb
okusuuzungura,to shake when you are winnowing. Var: okusungura,General,verb
okusuusa,v to slash. See: okusuusa,General,noun
okusuukuza,to leave nails or hair grow and become long,General,verb
okwisana,to resemble: to look alike,General,verb
okusurupurura,to write or speak at high pace,General,verb
okusooza,to push air inside through your teeth in an effort to abuse someone,General,verb
okusoomoora,to rub something and mak it very smooth,General,verb
okusookora,to break the concentration of something,General,verb
okusonsoora,to treat unfairly or to discriminate,General,verb
okusomora,to put a hole into something and see inside and you start stealing those things slowly by slowly,General,verb
okusokoora,to tickle or disturb somebody,General,verb
okusizika,to be determined to do something until its conclusion,General,verb
okusisira,to long for someone or something,General,verb
okusisibanisa,"to rub, smooth en, smear or wipe something",General,verb
okusisibana,to heal especially of a wound,General,verb
okusisa,to try and get some information from someone when he or she is in deep sleep,General,verb
okusirisya,1) to make someone keep quiet especially a baby.2) to put someone to sleep by a doctor during an operation or surgery,Health & Medicine,verb
okusirimura,to take something down the slope,General,verb
okusirikiriza,to gaze at a distance,General,verb
okusirikirira,to reach the last point,General,verb
okusiriiza,to burn something especially food when it is being prepared. Reka kusiriiza esafuriya. Stop burning the saucepan,General,verb
okusiriira,to burn the food while cooking,General,verb
okusiribya,to undertake hot pursuit of an enemy,General,verb
okusiribirira,to smoothen something like floor after smearing it,General,verb
okusirasiza,to be stopped from releasing secrets,General,verb
okusiragira,to become restless or unconfortable because of too much thirst,General,verb
okusiraamura,to circumcise: to remove the foreskin of the penis,General,verb
okusinzikara,to get into deep sleep by a child,General,verb
okusinziira,to perform a ritual in the banana plantation of the deceased a few days after the funeral,General,verb
okusinyongora,to remove part of the husks of the maize in order to see whether its mature,General,verb
okusinsimuka,to move down a slope,General,verb
okusinsiina,to talk in such a way that you do not reveal the truth,General,verb
okusinika,to curl the upper lip and expose the teeth in contempt,General,verb
okusingera,to crush hard with feet and press hard to remove husks,General,verb
okusingwa,to be deafeated or lose victory,General,verb
okusingura,to win victory or overcome,General,verb
okusingoorera,to sweep: to clean the floor by removing dust using a broom,General,verb
okusingiza,to praise:to worship God with words and music,General,verb
okusingisiriza,to favour someone in an arguement,General,verb
okusingata,to rub sticks together to light fire (done during the stone age period),General,verb
okusinga,to bet: to stake on the outcome of an issue,General,verb
okusinga,to rub hands or put something on a surface,General,verb
okusinga,be the winner in a contest or competition; be victorious,General,verb
okusinduza,to put a child to sleep,General,verb
okusinduuka,to normalise from drunkardness state,General,verb
okusindira,to protect from mass wasting especially when digging or protecting from falling by putting supporters especially of grass on the sides of that particular thing,General,verb
okusindika,to push: the act of applying force in order to move something away,General,verb
okusindiira,to beat up somebody especially if the one beaten cannot fight back,General,verb
okusindama,to make someone or something to fall in a deep pit,General,verb
okusindagira,to breathe very fast especially when one is sick,General,verb
okusindagana,to groan out of pain,General,verb
okusinda,"to use euphemistic words in particular situations, for example the woman does not mention the name of the father-in-law because it is a taboo, instead he uses another expression",Culture And Tradition,verb
okusinda,to get drunk after taking a lot of alcohol,General,verb
okusinama,"to become hard, stale and dry as a result of being exposed to the sun for a long time",General,verb
okusimwasimwa,to be eager and impatient to do something,General,verb
okusimiza,to signal by winking to deliver a message,General,verb
okusimiza,to reveal a secret to a person for the first time before it is known to others,General,verb
okusimbura,to set of for the journey,General,verb
okusimbuka,to start moving or walking,General,verb
okusimbiza,to carry the baby on the back and keep making it firm on the back,General,verb
okusimbiriza,to stand on the toes,General,verb
okusimbikiriza,to stand on one's toes,General,verb
okusimba-eicumu,to refuse to do something,General,verb
okusimba,to nominate someone who should be given responsibility,General,verb
okusimba,"to put or set (seeds, seedlings, or plants) into the ground",General,verb
okusikura,to grab something from someone suddenly,General,verb
okusikondwa,"to breathe spasmodically, and make a sound when you have to hiccup",General,verb
okusikiriza,to entice or persuade someone to do something especially by offering a reward,General,verb
okusikira,to represent someone when he or she is absent,General,verb
okusikina,to suffer from a hiccup,General,verb
okusikimba,to make slow movements usually by the bride and the groom,General,verb
okusikana,to be squashed or pressed together,General,verb
okusikamba,the act being hesitant or reluctant,General,verb
okusika,to inherit: to obtain from someone after their death,General,verb
okusika,to pull: to use force to move somebody/something towards yourself,General,verb
okusiitira,to crush using hands or feet,General,verb
okusiita,to crush: the act of pressing something so that it gets damaged or injured,General,verb
okusiisirira,"to massage: to anually manipulate (someone's body), usually for medicinal or relaxation purposes",General,verb
okusiisimuka,to wake up from sleep,General,verb
okusiira,to give a meal free of charge,General,verb
okusiimuuka,to be rubbed off and cease to exist like dust,General,verb
okusiima,to thank: to express gratitude or show appreciation to a person,General,verb
okusiigiriza,to smoothen the surface of something for example the top of the table,General,verb
okusiigirira,to insist on something and refuse to change your mind,General,verb
okusiiga-ebyondo,phr. to cause someone trouble,General,noun
okusiigaana,to hesitate doing something expecting someone else to do it,General,verb
okusiiga,1) to paint: to put colour or paint onto an object.2) to smear: to put oil onto something,General,verb
okusiibuuka,"to fade, to lose colour: to gradually become less attractive",General,verb
okusiiburuka,to break the fast: to come out of fasting period: The end of the period of fasting,General,verb
okusiibira,to spend a day somewhere,General,verb
okusiibira,to eat something for lunch,General,verb
okusiibakwo,to go hungry all day through; spending a day without eating anything. Var:okusiibakwe,General,verb
okusiiba,to fast: the period of not eating food usually for religious reasons,General,verb
okusiiba,to delay somewhere: the situation of being late or the period that you spend somewhere beyond the required time,General,verb
okusiguza,to date: the act of parrading someone for love affair or companionship,General,verb
okusiguurura,to transfer seedlings from the nursery bed to the prepared garden,General,verb
okusigura,to get a wife and take her at night,General,verb
okusigisibwa,to deviate from the main issue. to change mind on what you are supposed to do or say and concentrate on other issues,General,verb
okusigira,to leave for: leaving something to someone/somebody. Var: okusigira,General,verb
okusigiirira,to leave somebody in the process of doing something. Var: okusigiirira,General,verb
okusigasigana,"following ane another, e.g. in a race. Var: okusigasigana",General,verb
okusigarana,to remain with something. Var:okusigarana,General,verb
okusigara,"to be left, to stay behind. Var:okusigara",General,verb
okusigaingana,to shirk: to put off or avoid work,General,verb
okusigaigana,to avoid doing something difficult or accepting responsibility for something,General,verb
okusiga,to leave behind as you travel with someone,General,verb
okusibya,cause someone to be arrested,General,verb
okusibuura,causing to lose colour or brightness,General,verb
okusibutuka,to slide accidentally and falling or nearly falling,General,verb
okusibura,"to punish, chastice or reprove by or as if by beating or lasting",General,verb
okusibura,"to set free from being tied, restricted or confined in one place or position",General,verb
okusibuka,to grow again after being cut down,General,verb
okusibika,to turn millet both sides strongly by breaking down all the flour remains during mingling process,General,verb
okusibika,to tether: to tie an animal with a rope or chain that allows a short radius to move about in,General,verb
okusibantuka,to stumble over something and stagger,General,verb
okusibanga,to get a hard time of something or someone that cannot easily get a solution for,General,verb
okusiba-ekikaru,to tack in a shirt,General,verb
okuswita,to pound sauce to make a fine paste,General,verb
okuswijuma,"to inspect or scrutinize in details by interogating or questioning formally to elicit facts, information, etc",General,verb
okuswererera,to arrange marriage or help someone to marry,General,verb
okusweraguza,to marry here and there,General,verb
okuswera,a man taking a woman to his home for marriage purposes. Usage: Nkole,General,verb
okuswekerera,1) to cover up: to completly cover up something. 2) to hide the truth,General,verb
okusweka,"to cover: to place something upon in front of or over so as to protect, shut in or conceal",General,verb
okuswaza,to bring shame upon someone,General,verb
okuswasuma,to be untrust worthy and corrupt,General,verb
okuswamirira,(of a group of people) to look at something,General,verb
okuswaga,to protect something that one has excessive desire for with some characteristics of greed,General,verb
okusuya,SW. to develop mumps and cause swellings a long the cheeks,Health & Medicine,verb
okusuusa,SW. to move to a place where there is food,General,verb
okusuusa,SW. to call on someone or to make a brief visit to someone especially a neighbour,General,verb
okusuusa,SW. to eat noisly especially when taking tasty soup,General,verb
okusuusa,SW. to slash: to cut with violent sweeping strokes most especially done on short grass or fence,General,verb
okusuusuura,SW. to remove the outer cover or coat of something or bark for the case of trees,General,verb
okusuuruurirwa,SW. to reveal: to get a vison of what is going to happen,General,verb
okusuuruura,SW. to uncover: the act of exposing something or somebody by removing the cover,General,verb
okusuuriza,SW. to peep: to see through a small aperture or from behind something,General,verb
okusuura,SW. to check on someone or visit the sick or examine the trap,General,verb
okusuumya,SW. to lift down something from up taking it down. It can be from upstains or downstairs,General,verb
okusuuma,"SW. to move down the slope, stairs, a valley, mountain or any other steep area",General,verb
okusuuka,SW. to get healed from sickness,General,verb
okusuuhuuka,"SW. to go to another place as a result of war, famine, etc",General,verb
okusuuga,SW. to be strong and lesilient; able to withstand great strain without fearing or breaking. Var: okuseega,General,verb
okusuubya,SW. to put the calf in or under or teats to breastfeed the second time so that you can milk the second time or get more milk,Common Animals,verb
okusuubura,SW. to remove the peelings,General,verb
okusuubura,SW. to trade or carry out bussiness,General,verb
okusutuka,SW. to grow fat in a short time,General,verb
okusutamirira,SW. to keep an eye when work being done,General,verb
okusutamira,SW. to fail to fulfil the duties or responsibilities one is entitled to do in a particular time or specific period,General,verb
okusutama,SW. to leave or stop doing what you have been doing,General,verb
okusutama,SW. to rest with the body supported upon buttocks and the torso upright,General,verb
okususa,SW. to pay a visit to the sick,General,verb
okususwa,SW. to get goose pimples: the feeling one is scared or cold; the body gets covered with rush that disappears after a short time,Common Animals,verb
okususuura,SW. to remove the bark of a tree or any other thing,General,verb
okususanisa,SW. to compare: to consider how things or people are different and how they are similar,General,verb
okusurungura,SW. to turn upside down such that the top things go down and the bottom things come on top,General,verb
okusuruguturura,SW. to make a hole or cavity by scooping,General,verb
okusurika,"SW. to cain using a very long, soft and curved stick",General,verb
okusurika,SW. to use an open frame work or lattice to train venes and climbing plants,General,verb
okusununuka,SW. to abandon somebody when they are in difficult situation,General,verb
okusuntura,SW. to let someone joke notoriously sticking on what one has said or about another person or done to another person. See: okusuNGA,General,verb
okusuntasunta,SW. to convince: to talk using a sweet tongoue,General,verb
okusunsura,SW. to make hair tidy using a comb,General,verb
okusunira,"SW. to prune: to remove diseased, unwanted excess and weak branches from a plant",General,verb
okusunika,"SW. to set, to let go: the act of letting something or somebody go for a cause",General,verb
okusungeza,SW. to make fun to someone in a disturbing manner,General,verb
okusungera,SW. (of many people) to thresh millet so as to remove grains from husks,General,verb
okusungeerwa,SW. to be happy with what you are doing yet its wrong and other people are not happy,General,verb
okusungeera,SW. to gather and watch while something is being done,General,verb
okusungura,"SW. to winnow: to examine something closely like grains in order to sort, analyse, sift, etc",General,verb
okusungura,SW. to pull the mouth because of anger,General,verb
okusunguhara,SW. to get annoyed and feel like doing something that is not expected of you,General,verb
okusungisa,"SW. to annoy, pester by making fun of or taunting",General,verb
okusunga,SW. to take care or look after someone who is un able to take care of himself,General,verb
okusunga,SW. to flatter: to tell someone what he wants to hear,General,verb
okusundura,SW. to give somebody his or her money in full,General,verb
okusuna,SW. to play the guitor,General,verb
okusuna,to pinch: to squeeze part of the body so as to cause disconfort or pain,General,verb
okusumuurura,SW. to open: to undo or unlock by turning a key or a corresponding part,General,verb
okusumuuruka,"SW. to give birth: to spend many years in marriage but without a child, after a certain period, one finally gives birth",General,verb
okusumuuruka,SW. the opening of things that have been tied. See: okUKOMORokA,General,noun
okusuminkanisa,SW. to repair part of something by joining the broken or seperated parts,General,verb
okusuminkana,SW. to interweave ropes or threads,General,verb
okusumikira,SW. giving something to a new born child for the first time especially money,General,noun
okusumika,SW. to tie a knot: to fasten by intertwining or tying knots as a rope or string,General,verb
okusumbuusa,SW. to compersate: to provide or serve as a substitute counter balance,General,verb
okusumba,SW. to be a slave: to live and work for other people for no pay,General,verb
okusukeera,"SW. to pour water, to splash on plants during the dry season so that they can grow well",Nature & Environment,verb
okusukirana,SW. to contribute or the act of contributing,General,verb
okusukaanura,SW. to seperate liquid or granular liquid into different containers repeatedly,General,verb
okusuka,SW. to throw the ball in the process of playing football,Sports,verb
okusuka,SW. to pour or splash: to cause a liquid or granular solid to flow in a steady stream,General,verb
okusugwita,SW. to slaughter: to kill an animal,General,verb
okusugurika,SW. to be unstable: to be mentallyor phycologically unbalanced because of problems,General,verb
okusugoitura,SW. to pull the ear of a child to warn him or her or to stop doing wrong or talking about a certain topic. It is a form of punishement,General,verb
okusuganisa,SW. to put things right,General,verb
okusugaana,"SW. to be virgin or holy, full of innocence",General,verb
okusubya,SW. to milk a cow for the second time,Common Animals,verb
okusubwa,to miss: to fail to get into contact with something or somebody to fail to participate in something that one ought to have,General,verb
okusubisa,"SW. to repeat: to do, give, show, something again. See: okUFUBIKA",General,verb
okusubiiriza,SW. to plaster: the second layer of plastering in building a house,General,verb
okusubiira,SW. to repeat an act. Var:okusubira,General,verb
okusubanga,"SW. to make animals move through or play from a garden at their flowering stage, especially beans",General,verb
okusuba,"SW. to repeat, to do something another time",General,verb
okusotooka,"to walk very slowly, e.g. due to illness",General,verb
okusota,to pound: to crash something using a pestel.. See: okUCEEBA,General,verb
okusosoora,to remove something from others while pulling it,General,verb
okusorooza,to collect money or any other item,General,verb
okusoronza,to set a pleasant and systematic way of doing something,General,verb
okusoronga,to move slowly in a queue. See:okusoROnza,General,verb
okusoroma,to harvest by plucking leaves only,General,verb
okusorogota,to remove rotten seeds from a calabash that is not yet used,General,verb
okusorobeka,to fix something into a hollow thing of a bigger size. Var: okuhorobeka,General,verb
okusoreza,to sniff: to breathe in or inhale something,General,verb
okusoreka,to tether kids of a goat on a rope so as to stop them from following their mother while taking them to graze,Common Animals,verb
okusooreka,"to weed: removing unwanted plants from the garden. See: okUBAGARA,okWOMBERA",General,verb
okusooba,"to stalk: a way of walking , usuallytip toeing",General,verb
okusonshoreka,"v.to insert: to fix something in a small place, pressing it hard",General,verb
okusonshoma,eating vigorously.: to eat with greed,General,verb
okusononoka,oozing: the slow movement of water droplet,General,verb
okusonkonoka,the situation in which something looses its inner part like a snail loosing its inner part and the other part remains,General,verb
okusongeza,to add information for someone as he or she speaks,General,verb
okusongera,to merge together or to bring together,General,verb
okusongora,to sharpen: to make something sharp using a knife or razor,General,verb
okusondahirirwa,to grow thin; losing weight,General,verb
okusomoimora,to uncover the maize cob with the intention of checking if it is ready for harvesting,General,verb
okusomesa,1) to teach : to give someone knowledge and skills. 2) to lead prayers in church,General,verb
okusomera,to read or dictate to people as they write,General,verb
ookusomeerera,to drink or take something while eating,General,verb
okusomboora,to sneak out things secretely,General,verb
okusomba,"to carry things from one place to another, then go back and bring more over and over again",General,verb
okusomankura,to be greedy: eating very fast and most especially when one is eating with others from the same plate,General,verb
okusoma,a situation where a mother who has just given birth gets hungry when the baby is not yet a week old,General,verb
okusoma,to take a sip: to drink a lot froma cup or any container,General,verb
okusoma,to pray: to go to church and praise God,General,verb
okusoma,to read: to look at written material and comprehend mentally and say words either silently or loudly,General,verb
okusokerera,to pile things in one place by making sure that there is no space left,General,verb
okusokoza,(of nails) to leave nails to over grow,General,verb
ookusokoza,to comb hair: to clean hair using a long brush. See: okusunsura,General,verb
okusokondwa,(in a maize garden) to be eaten by pests,General,verb
okusohoza,to spend money on something,General,verb
okusohoza,to take out: an act of taking something kept inside a house or any other thing ouside,General,verb
okusohora,to go out; to exit: to move from an enclosed place to the ouside environment,Nature & Environment,verb
okusohooroka,to lose some threads or whatever that makes up something because the edge is torn apart,General,verb
okusoha,orchitis: inflammation of one or both of the testicles,General,verb
okusogoya,to reach a stage where the human hormones becomes active such as change of voice,General,verb
okusogoya,to become an adolescent: a time in a person's life when he or she is developing from childhood to adulthood,General,verb
okusogora,to remove pods from their stem,General,verb
okusogonyoka,(of bornes) to break down into pieces may be after an accident,General,verb
okusogoita,an abuse with action where one places his finger on the chick of the one he is abusing,Common Animals,verb
okusoboorora,to explain thoroughly or put things right: to elaborate something to make it easy for others to understand,General,verb
okusoboorokerwa,to understand or be civilised: to percieve the intended meaning of words or a language,General,verb
okusoberwa,to be buffled and confused not knowing what to do,General,verb
okusobangirirwa,to the cross roads: to be in problems,General,verb
okusoba,(of numbers) to go beyond,General,verb
okusoba,to be mixed up wrongly,General,verb
okusisiza,to shake or shiver as a result of coldness or sickness,General,verb
okusisa,to put on weight especially for babies,General,verb
okusisa,to seem: the way something appears,General,verb
okusisa,to look alike: the resemblance of two things or people,General,verb
okusinyiriza,to make a sound in expression of something,General,verb
okusiija,the act of stimulating a female animal by a male,General,verb
okusesa,SW. to make someone laugh; to amuse,General,verb
okusesemura,SW. to make someone want to vomit,General,verb
okusesemukwa,SW. to feel nausead: a feeling one gets when you want to vomit,General,verb
okuserura,SW. to search for something,General,verb
okusereka,SW. to conceal: to hide something,General,verb
okuseregenya,SW. a situation where a substance looses its weight as a result of heavy rain raining on that substance consider like raining on a hip of sand and in the process the sand looses its weight,Nature & Environment,noun
okuserebuza,SW. to make sound like when one is touching or walking on dry banana leaves,General,verb
okusenza,SW. to become pregnant of a dog,Common Animals,verb
okusenyura,SW. to bring down a building,General,verb
okusenya,SW. the break up of families,General,noun
okusenshera,SW. to permeate: to enter into something like a hole,General,verb
okusenjagura,SW. breaking something into very small pieces,General,noun
okusengerera,to buy alchol for another person,General,verb
okusengwa,SW. to stab: to put or cause an injury on someone by a knife,General,verb
okusengurana,SW. to experience a head on collision with one another,General,verb
okusengura,SW. to have a head on collision,General,verb
okusenga,SW. (of dog) to become pregnant,Common Animals,verb
okusendekereza,to give a push: to see someone off or to escort someone,General,verb
okusenda,SW. to behave with no hospitality when someone does not want visitors at home,General,verb
okusenda,SW. to divorce: the act of the man sending his wife away,General,verb
okusemuuka,SW. to be literate: to avoid ignorance or be educated,General,verb
okusemeza,SW. to put right: to clean,General,verb
okusemeza,"SW. to please, to entertain",General,verb
okusemererwa,SW. to be happy or glad; full of joy,General,verb
okusemera,SW. to look good or nice,General,verb
okusemeeka,SW. a state of breathing with short and quick breath,General,noun
okusembuura,SW. to unwrap: to remove something from the package,General,verb
okusembusa,SW. help someone to walk slowly,General,noun
okusembura,SW. to give moral and financial support,General,verb
okusembererwa,SW. to have one's temperature rise,General,verb
okusembera,SW. to go for Holy Communion: drinking wine and eating bread in church,General,verb
okusembeka,SW. to turn in a corner: to make a curve when moving along a road or footpath,General,verb
okusembeera,SW. to stay at someone's home as a slave,General,verb
okusemba,SW. to support. See: okUHAGIRA,General,verb
okusemba,SW. to be the last,General,verb
okusekeza,SW. to make something filled up to capacity,General,verb
okusekerera,SW. to mock someone a laughing a stock,General,verb
okusekera,SW. to open up a new field for sowing millet especially in a wet land,General,verb
okusekura,SW. to hit something with repeated heavy blows,General,verb
okuseka,SW. to laugh: to make sounds and facial expressing amusement while the teeth are showing,General,verb
okuseka,SW. to germinate (for millet),General,verb
okuseka,SW. to despise: to underlook someone because of their appearance,General,verb
okuseijera,SW. to stugger as one walks when he is drunk,General,verb
okusegeza,SW. to make constant small and slow movements or speaking in a way that annoys people,General,verb
okusegura,SW. to put a pillow,General,verb
okusegasega,SW. to behave like a hen trying to look for where to lay eggs: trying to move up and down looking both sides uncomfortably,Common Animals,verb
okuseeyeeya,SW. to float on water in a relaxed mood,General,verb
okuseesuuka,"SW. to pour in large quantities e.g. when digging in soft, sandy and uncompactedsoils",General,verb
okuseeseka,SW. to drop or pour heavily,General,verb
okuseesa,SW. to urinate: to discharge urine from the body,General,verb
okuseesa,SW. to develop a rash on skin at once,General,verb
okuseesa,SW. to come to morning,General,verb
okuseesa,SW. to pour things when the container breaks,General,verb
okuseenya,SW. to bring a house down,General,verb
okuseeka,SW. to be stunted in growth: the act of taking long to mature or increase in size (mostly in animals),General,verb
okuseeguza,SW. to solicit money or food especially on streets in a humble way,General,verb
okuseeguriza,SW. to move cattle from one place to another while tithering them in search for pasture,Common Animals,verb
okuseega,SW. to be rampant or spreading in uncontrollable way,General,verb
okuseega,SW. to beg: asking for money or anything on streets,General,verb
okusebuka,"SW. to germinate, of seeds to emerge from the soil after being planted usually after about 4-5 days",General,verb
okuseba,SW. to give a gift or contribution to someone,General,verb
okusayaaya,"SW. to fly gracefully, slowly and beautifully",General,verb
okusatuka,SW. to split like a piece of wood,General,verb
okusasura,SW.to pay: to give money or anything in return of goods and services,General,verb
okusasuka,SW. to make a mad person's madness become more active,General,verb
okusasaguza,SW. to weave badly with no perfection,General,verb
okusasaanura,SW. to spread something by unfolding,General,verb
okusasaanura,SW. to make someone feel relieved,General,verb
okusasaanuka,SW. to have peace of mind: getting relieved of things that have been burdening you,General,verb
okusaruka,SW. to make a loss,General,verb
okusaruka,SW. to become smaller or less in quality or weight,General,verb
okusarira,SW. to kill an animal for meat especially after buying a car or when entering a newly built house,General,verb
okusarira,"SW. to trim: to reduce something by cutiing it, with a purpose of making it neat and short",General,verb
okusarika,SW. making a basket with little interest or lack of enough knowledge,General,noun
okusariirira,SW. to take a shortcut in order not to meet somebody or something,General,verb
okusaramu,SW. to decide: to make up one's mind,General,verb
okusaraguza,SW. to cancel out several times,General,verb
okusaragura,SW.to chop: cutting something in small pieces,General,verb
okusarabamba,SW. to climb: to go up or on top of something,General,verb
okusara,SW. to officiate a match as a referee,Sports,verb
okusara,SW. to be mentally sick,General,verb
okusara,to cut something using a sharp object,General,verb
okusanzirana,SW. to marry from one family,General,verb
okusanyarara,SW. the loss of power of movement on the locomotive parts of the body,Transport,noun
okusansabura,SW. kufungua kitu na unakivunja vipande vipande,General,noun
okusanja,SW. to spread out: to scatter things,General,verb
okusanguruza,SW. to collect many things,General,verb
okusanguruka,SW. to come together in big numbers,General,verb
okusanga,SW. to find: to meet,General,verb
okusandiika,SW. the act of covering food using banana leaves,General,noun
okusandama,SW. to get luck: to recieve something you and relax,General,verb
okusandaga,SW. to cut: to undertake an incision,General,verb
okusandaara,SW. to burst: break open especially from the pressure inside,General,verb
okusana,SW. to reweave a busket or winnowing tray,General,verb
okusamuurira,SW. to seperate cow ghee and the water that is formed during the process of curning milk,Common Animals,verb
okusamura,SW. to eat something hurriedly when rusing,General,verb
okusamika,SW. to tie something loosely,General,verb
okusamika,SW. to give something especially money or goods to help or support a person or organisation,General,verb
okusambuura,SW. to unroof a house,General,verb
okusambuuka,SW. to remove the roof,General,verb
okusambirira,SW. to gather small pieces of firewood: to try to collect firewood by picking very small piees such that you can cook food,General,verb
okusambaguza,SW. to kick in order to be free,General,verb
okusamba,SW. to be too dry,General,verb
okusamba,SW. to be tough or rough,General,verb
okusamba,SW. to kick something with ones foot,General,verb
okusamasamika,SW. to do something quickly with no perfection,General,verb
okusama,SW. 1) to catch and hold a moving object in your hands.2) to play by throwing up and catching something e.g. stones,General,verb
okusakamba,SW. to grow bushy with creeping plants covering everything,General,verb
okusakaara,SW. to to thatch: to cover the roof of a building,General,verb
okusaka,SW. to go and work for food or looking for food from far,General,verb
okusahura,SW. to save or rescue something from a dangerous situation especially moving things from a burning house,General,verb
okusagika,SW. to give support: to help or encourage someone in what he or she is doing,General,verb
okusagarira,SW. to escot a bride to her husband to be when she is getting married,General,verb
okusabika,SW. to bathe someone using a variety of herbs,General,verb
okusabarika,SW. to do something very fast without perfecting it,General,verb
okusabarara.,"SW. to be jumpy, or restless",General,verb
okusabagiriza,SW. to do something roughly or in hurry,General,verb
okusabagarika,SW. to do something haphazardly; doing something in haste or with no attention,General,verb
okusaba,SW. 1) to pray: to speak to God especially to give thanks or ask for His intervation,General,verb
okusaaza,"SW. to have surplus, or remainder",General,verb
okusaayuura,SW. to remove the car from mud,General,verb
okusaayuuka,SW. to get out of mud,General,verb
okusaaya,SW. to be stuck in a muddy place especially of cars,General,verb
okusaaruura,SW. to harvest crops from gardens when they are ripe or mature,General,verb
okusaaringa,SW. to tie dry banana fibres on the hind leg of a cow that has just delivered,Common Animals,verb
okusaariira,SW. to have a bitter taste: the taste of something that is not sweet,General,verb
okusaanduka,SW. to cover food using banana leaves while its cooking,General,verb
okusaakumba,SW. to gather and collect things usually those that are scattered,General,verb
okusaakiira,SW. to collect herbs so as to treat people,General,verb
okusaagura,SW. to produce many children,General,verb
okusaabuuza,SW. to make noise by an animal as it moves,General,verb
okusaabiira,"SW. its where one gathers firewood in a place where it is scarce, trying to make a sum of it",General,noun
okusaabaara,SW. to be a passenger: to travel,General,verb
okuseisa,to ask for free meat from someone who has slaughtered,General,verb
okuseetura,letting the cows go and graze,General,verb
okuseetereza,to unconsciously sit badly usually in girls,General,verb
okuseetera,to sneer at or boast: speaking in a sarcastic way,General,verb
okuseeta,to step on something in order to walk somewhere,General,verb
okuseera,to charge too much money for a product,General,verb
okuseenuuka,"to underlook others, feeling proud, knowing or feeling that you are great",General,verb
okuseekera,"SW. to exaggerate, to go beyond limits",General,verb
okusandagira,to have difficuties in breathing,General,verb
okusamuza,to sell something very quickly and often at a very low price. Var: okusamuza,General,verb
okusaasira,to forgive: to show that a you are nolonger angry with someone or somehing,General,verb
okusaasinga,to scatter things on the ground that have been broken into very small pieces,General,verb
okusaasibwa,to sympathise: to feel pity and sorrow for somebody,General,verb
okusaanuura,to beat up somebody especially by slapping,General,verb
okusaanuuka,"okusaanuuka v. 1) to appear pale: lack of moisture or oil. 2) to be with a lot starch and appear delicious especially in cooked potatoes, cassava or yams",General,noun
okusaabunga,to move here there searching or collecting firewood. Usage: KG,General,verb
okusaabunga,to move from or swig slowly from side to side. Var: okusaabuura,General,verb
okuryoryosa,to beautify: to improve on the appearance of someone or something,General,verb
okuryangatanisa,being cunning: to obtain something by dishonest means,General,verb
okuryana,being at loggerheads all the time; a state of disliking people,General,verb
okurya-majuuju,to be wasteful: to eat or use something in a very short time,General,verb
okuryakwe,to eat more of sauce than food or eating food with no sauce. See: okUNYAATA. Var: okuryakwo,General,verb
okurya-ibanga,to steal the show; to be respected,General,verb
okuryabagura,to abuse: using bad words that are not dignified,General,verb
okurya,to eat: taking in food through the mouth in order to feed the body,General,verb
okurwaririza,to persevere until something becomes the way you want it to be,General,verb
okurwanirira,"to defend, give support or fighting for someone in trouble",General,verb
okurwanaho,to defend something or someone; to give support,General,verb
okuruuza,to wander here and there especially looking for food,General,verb
okuruuruuta,being unsatisfied all the time,General,verb
okuruta,to become too ripe and yield no juice when pressed eg. banana juice,General,verb
okurusa,1) to make someone lose strength by doing something tiresome. 2) to become a burden to someone,General,verb
okururumbuka,to look good in public,General,verb
okurungarunga,"to make or become sweet, especially in taste or speech, improve on appearance or perception",General,verb
okurungarunga,to be lonely and restless,General,verb
okurungama,to crouch ready to do something,General,verb
okurunga,to decorate and make something look good or improve on something,General,verb
okurunga,to make sauce from ghee,General,verb
okurumuura,to treat someone who has been bitten by a snake,Common Animals,verb
okurumika,to traditionally suck out poison or charm from a person's body by use of a horn or mouth,General,verb
okurumbuura,to get enough for on's satisfaction,General,verb
okurumba,"to attack, to run after",General,noun
okurumakihu,"to keep troubles to oneself, not sharing it with friends",General,verb
okuruka,"to knit: to make garments by creating rows of connecting loops as wool, thread using long metal plastic or wooden needles",General,verb
okurugwamu,to be the origin of something,General,verb
okurugimbuuka,to end the nap for cows,General,verb
okurugiirira,to be dependent on something,General,verb
okuruba,to refuse to work or eat when scolded,General,verb
okurosoora,to fry something very well. Var:okurosora,General,verb
okuroroosa,to make someone salivate. See:okUROROOTA. Var: okuruuruusa,General,verb
okuroronga,to be left out without an overseer,General,verb
okurootorora,to interpret a dream: the ability to give a dream meaning,General,verb
okurooroota,to float: to stay on on the surface of a liquid and not sink,General,verb
okurooba,to run bankrupty: the state of being finacially poor. See: okWECENENKURIZA. Etym: [<Luganda.okudooba>,General,verb
okurongeza,to flame the banana ripening pit to bring warmth inside the pit,General,verb
okurondoora,to trace the origin of something,General,verb
okurondooka,to elongate: to make something long,General,verb
okurondogotora,to speak incoherently: to speak many unconnected words on a topic,General,verb
okurondogora,to be senile: to be mentally deranged especially due to old age,General,verb
okuronda,to search; to look for something: to try to find something by looking or examining carefully and thoroughly,General,verb
okurondereza.,to search meticulously: to look for scattered or unknown things,General,verb
okuromboija,to be inquistive about the affairs of others,General,verb
okuromba,"to feel very hungry, to be hunger stricken, and unable to do anything",General,verb
okuromba,to lack courage in doing something,General,verb
okuromba,1) to be exposed to dew. 2) to be chilled: the state of being moist. 3) to be dull (said of an activity such as dancing),General,noun
okuromba,to be undelicious as a result of being mingled using water that is insufficiently hot (said of a millet cake),General,verb
okurokora,to save: to preach to someone and he or she becomes saved. Usage: Religion,General,verb
okurohoora,to pour a lot of water into something,General,verb
okurohama,to sink: to fall into a pit or towards the bottom of water,General,verb
okuroha,to mislead: to give someone a wrong idea about something,General,verb
okusaaha,SW. to slash: to cut down grass using a sickle,General,verb
okuroha,to push someone or something into a pit using a lot of force,General,verb
okurogoya,(of drunkards) to make noise,General,verb
okurogota,to talk carelessly about one in authority,General,verb
okurogoora,to reverse the effect bewitchment e.g. when the one who has bewitched decides to do the reverse,General,verb
okurogonjoka,"to rave: to talk wildly, violently,or angrily",General,verb
okuroga,to bewitch: to control someone by casting a spell on them,General,verb
okurofahara,to become dirty or unclean. Var:okurofakara,General,verb
okurobora,to make a hole in something e.g. a wall,General,verb
okurobanura,to decide to take your own way or to agree on something,General,verb
okuroba,"to hook fish: using a curved piece of wire or plastic attached to the rod, wall, etc for catching fish, etc",General,verb
okurita,failling to fail to yield (said of banana fruits being pressed),General,verb
okuriraarira,to be in the habiit of crying,General,verb
okurira,v to cry.: to shade tears as an expression of distress or pain,General,interjection
okuringuriza,to peep: to look quickly and furtively at somthing through a narrow opening,General,verb
okuringura,to see somone with out their consent especially when one is naked,General,verb
okuringirika,to beautify: to shape something into a good form,General,verb
okuringaanira,to be equal or to be at par,General,verb
okuringa,to spy: to see discreetly,General,verb
okurindirira,to wait: to patiently wait for someone or something for long. See: okURINDA,General,verb
okurindimuka,running down a slope at a high speed,General,verb
okurindigima,to burn with burn with a great flame,General,verb
okurindagira,to lose the way and start to wander,General,verb
okurinda,to have a sexual urge; to be ready for mating i.e. of females to be on heat,General,verb
okurinda,to keep something safe from injury or any danger; to protect and defend,General,verb
okurimiirira,to undermine: to be spiteful and not wishing others well,General,verb
okurimbura .,to uproot: to remove something with all its roots,General,verb
okurimbika,to be stagnant or being inactive,General,verb
okurimbatura,to superheat something: to scorch,General,verb
okurimbatuka,to burn very severely to ashes,General,verb
okurimbaguza,to press somebody for an answer or response,General,verb
okurimbagirirwa,to be confounded: to be in a hopeless state,General,verb
okurima,"to dig: to cultivate, removing soil from the ground e.g. using a hoe",General,verb
okurikura,to uproot using much force,General,verb
okuriituka,to set off at a high speed,General,verb
okuriitanaokuriitana,"to be entangled, to fight each other ferouciouly. See: okURWANA",General,verb
okuriita,to tie something very tightly,General,verb
okuriisuka,SW to set off at a high speed,General,noun
okuriisaguzibwa,to eat indiscrimately especially when one is not hungry; eating whatever comes one's way,General,verb
okuriisa,"1) to feed, to herd or to graze cattle",Common Animals,verb
okuriikuura,to dig up from earth with a tool,General,verb
okuriibwa,edible: something that can be eaten,General,verb
okuriibwa,to be bitten by something,General,verb
okuriha,to pay damages eg. when one does something wrong,General,verb
okurigitirira,to pester put someone on pressure when doing something,General,verb
okurigita,to patter with feet: to make a series of short quiet sound by hitting the ground,General,verb
okurigira,to be sexually atrracted to someone of the opposite sex,General,verb
okurigima,to make a sound especially when one is running fast,General,verb
okurigasa,to lick: to pass the tongue over or along,General,verb
okuribuura,to buy local brew (omuramba) in wholesale,General,verb
okuribatiirira,to tread on something many times. See: okURIBATA,General,verb
okuribata-omwariro,to have extra-marital sex when your wife has just had a baby,General,verb
okuribata,to step on something; to walk,General,verb
okurerura,to remove scum when cooking millet,General,verb
okurerembura amaiso,to roll one's eyes like when one wants to sleep,General,verb
okurereera,to stop or abandon See: okUREKA,General,verb
okurera.,to take care of a baby,General,verb
okurengeza,to pass on something to somebody else,General,verb
okurengeza,to hint at something to someone in a sacrcastic manner,General,verb
okurengesereza,"to be excessive, to exaggerate, extreme either too small or too big, too few or too many",General,verb
okurengerera,"to estimate: giving unfounded information, no proof of what one is saying. Giving information based on suspicion with noconcrete evidence",General,verb
okurenguura,to measure something repeatedly by pouring from one container into another especially a liquid,General,verb
okurenganisa,clasp: to hold something in one grip,General,verb
okurenga,to set (of the sun),General,verb
okurendeza,to become weak and powerless: to experience a state of being less strong,General,verb
okurendemuka,to ooze substances that are too thick,General,verb
okurenda.,to be slimy or glutinous. See:okURENDEMUKA,General,verb
okuremwa,to fail to do something,General,verb
okuremuuka,"to be unpaseted, to lose tension; to become slack",General,verb
okurembesereza,to make a child or baby to stop crying e.g. by singing lullabies,General,verb
okuremba,to pluck clusters on a banana plant when it is still upright or growing,General,verb
okuremba,"to be very ill: being extremely ill, on the death bed",General,verb
okuremara,"to be physically handicapped, or the state of being disabled",General,verb
okurema,to make drums; the way leather strings are pulled and made in making drums,General,verb
okurema,"to be unruly, not able to be controlled,unmanageable",General,verb
okuregeta,SW. to be talkative: to pour out idle talk in a noisy manner,General,verb
okuregeka,SW. to precariously lean something against another,General,verb
okuregarega,"to be loose, be unsecured and likely to fall out",General,verb
okuregama,to bend:a position where something is not straight,General,verb
okuregaijana,to be loose and shaky especially at a point where something is fastened,General,verb
okurega,to report: someone's misdeed to someone in authority,General,verb
okureetwareetwa,to feel an urge to say something,General,verb
okureetwa,to be brought; to be caused by; to pass via (in coming here),General,verb
okureetereza,to gradually or imperceptibly start something,General,verb
okureetana,to emerge: to come especially when one is not expected,General,verb
okureeta,1) to bring or predisposed to. 2) to go and come with something,General,verb
okureereetera,to turn out troublesome and you regret why you participated or did an act,General,verb
okureeguuka,"to become loose: to lose tension, to unstring something",General,verb
okureega,to tense up. 2) to tune a musical instrument,Art And Entertainment,verb
okureebya.,to betray: todisappoint or let down in way that is very irritating,General,verb
okureebuuza,to be very observant and curious,General,verb
okureeberana,to mistake something you have for something else,General,verb
okureeba,1) to see. 2) to look at something,General,verb
okurebera,to be too loose; oversize not fitting well e.g. a dress,General,verb
okurasiirira,to gush out (especially with a pulsating rythm),General,verb
okurasa,to pierce using a spear or a gun,General,verb
okuraruza,to be naughty: to be arrogant or having a high opinion of oneself,General,verb
okuraruuka,to return home from wondering,General,verb
okuraririza,to go looking for an animal or person by following their footsteps,General,verb
okurarika,to turn someon'es head upwards,General,verb
okuraramba,to be scattered (of cows) when they sense danger,General,verb
okurarama,1) to look upwards. 2) to contract meningitis,General,verb
okurara,"to leave one's home and goes to another home, village and stays there for a long time",General,verb
okuranza.,1) to look at something that is abit far. 2) to have a vision of something that is going to happen in future,General,verb
okurangisa,to announce the loss of some property,General,verb
okurangirira,to make a public announcement,General,verb
okurangira.,to peal like for a bell,General,verb
okurangika,to make something face upwards especially the head,General,verb
okurangarira,"to be on the verg, bound to do something",General,verb
okurangara,"to be left alone, isolated and lonely",General,verb
okurangama,to tretch the neck high with an aim of looking further,General,verb
okurangaaza,"to open widely, usually used in the passive voice",General,verb
okurangaara,to be wide open; uncovered,General,verb
okuranga,to start making a mat. The act of making first stitches that are put in the middle of a mat,General,verb
okuranga2.,to serve in the palace and remunerated in terms of food only,General,verb
okuranga,to announce: to make something or news known to the public or specific people. 2) to announce couples who are intending to marry in church with an intetion that who ever has anything to stop them from getting married should do so before the wedding day,General,verb
okuranduura,to uproot a creeping plant from where it has been,Nature & Environment,verb
okuranduuka,to die after a very long period of sickness,General,verb
okurandara,to wander: to move here and there without a cause,General,verb
okurandamura,to roll out or to stretch out or to lear apart,General,verb
okurandaiga,(of a person) to wonder from place to place with no common destination,General,verb
okurandagira,to digress: go astray or beyond boarders,General,verb
okurandagatana,to talk a lot especially about unimportant and irrelevant things,General,verb
okuranda,to repair calabash or plastic materials by stitching,General,verb
okuranda2.,(of wood) to smoothen: the act of a carpenter smoothening the timber by removing the rough surface,General,verb
okuranda,to creep (of a plant with a weak stem,General,verb
okuramya,"to worship: an act of praising God in worshiping, praising and singing",General,verb
okuramura,1) to separate people who are fighting. 2) to make a judgement of a court case,General,verb
okuramukanisa,to greet by way of hugging. Var: okuramukanya,General,verb
okuramuka,to be separated from each other in a wrangle,General,verb
okurambuuka,to be slow: the situation of not moving at high speed or taking a long time,General,verb
okurambura.,"to inspect, to tour: a journey of going to different places of interest",General,verb
okurambira,to lie down: to lie in a horizontal position,General,verb
okurambikiriza,to sit upright with the legs stretched,General,verb
okurambika.,to lay: to cause something to lie down,General,verb
okurambatika,to place something long somewhere,General,verb
okuramba,to brand or engrave onto a surface,General,verb
okuramata,to stick or to paste something onto another,General,verb
okuramaga,to go on or to make pilgrimage,General,verb
okuramaara.,to live for a very long time,General,verb
okurakaara,(of sound or voice) to be loud and piercing,General,verb
okurahura,to bully: hurting someone who is weaker or smaller than you,General,verb
okurahira,"1) to swear, to vow. 2) to take a vow: comminting oneself by the word of the law or with God's help",General,verb
okuraha,(of birds) to scratch in search of food,General,verb
okuraguza,to get treatment for sickness,Health & Medicine,verb
okuragura,to foretell about something that is going to happen in the near future,General,verb
okuragura,to heal a disease by use of drugs,General,verb
okuragiira,"to order, to command or to direct",General,verb
okuragaza,to wipe off: to remove dirt or something you do not want on a thing,General,verb
okuragara,1) to drop. 2) to abandon or desert at the last minute,General,verb
okuraganisa,"to promise: to commit oneself of the assurance that is usually definite, that he will give or do something",General,verb
okuragaija,to make something that is not firmly fixed,General,verb
okuraga-bunyena,"to have irregular menstrual periods; not following a 28 days cycle. Some months you get periods, others you do not. Missing periods when you are not pregnant (especially in young girls)",General,verb
okuragaanisa,to promise: to commit oneself to give or do something,General,verb
okuragaana,to make agreement with someone,General,verb
okuraga,1) to bequeath to.2) the act of the family head choosing a successor,General,verb
okuraca,to pay homage to the king using a sweet tongue,Governance And Administration,verb
okurabya,to blossom or produce flowers massively,General,verb
okurabura,to warn or alert someone,General,verb
okurabuka,to give gifts a newly married wife by her inlaws at a ceremony and members of the family tell her their likes and dislikes,General,verb
okurabuka,"to be quick witted, not a stooge",General,verb
okurabanisa.,to intertwine: the situation of twisting or braiding together or intertwine with another,General,verb
okurabanaho-empyori,.adv. passing each other inadvertently.See: okUHusuKANA,General,noun
okurabana-empyori,to pass each other unwittingly,General,verb
okuraazaraazana,to eat greedly when many of you are eating together,General,verb
orutunguru,onion: a round vegetable with many layers inside each other and a brown red or white skin,General,noun
orumogo,"a state where cows suffer; they cannot eat or drink, and they lose weight. They look haggard",General,noun
orukoro,cough: a disease of the respiratory system that causes the expulsion of phlem,Biology,noun
orujegere,Pl: enjegere. 1) a chain or link: something that unites one thing with another that is very strong. 2) a series of connected metal rings used for pulling or fastening things,General,noun
orugoobe,beads that women used to wear around their waists,General,noun
omwizi,"a situation where a woman gives birth and the children die. One dies she concieves again,she gives birth and still they die",General,noun
omwibiki,an apiarian: a person who keeps bees for trapping honey,General,noun
omwesindage,"a plant used for perfume, a medicinal plant",General,noun
omwenge,local beer brewed from bananas and locally known as 'tonto' in Ankole and Kigezi,General,noun
omuyogo,a type of fever mostly caused by malnutrition,General,noun
omutwe,"Pl: emitwe. 1) head, 2)top, 3)leader: the part of the body on top of the neck that contains the eyes, ears nose mouth and brain. 2) heading. 3) regiment.4) chapter",Military,noun
omutonera,a small black insect that stings when tempered with. Akatonera kantonera naazimba. The black insect has stung me and I am swollen,General,noun
omutana,quiver: a case for holding arrows,General,noun
omutaaso,a freshly or newly burnt field,General,noun
omutaaso,a time when cattle come back home in the evening,Common Animals,adverb
omusarara,waterly milk: some cows give milk that is not concetrated; this is caused by hormonal imbalance,General,noun
omusaraba,a sign that is made when two lines cut each other across one horizontally and another one vertically,General,noun
omusara,a red backcloth that is soft and it has small leaves,General,noun
omuriisa,Pl: abariisa. 1) cattle keeper: a person whose livelihood is chiefly dependent on rearing of animals as a source of food. 2),Common Animals,noun
omura,jigger: a flea that lives in tropics and lays eggs under a person's or animal's skin causing itch or pain on areas affected,General,noun
omukuuto,cows that are cream in colour,Common Animals,noun
omukimba,"a big number of things, a large quantity of things",General,noun
omuhwa-nsoni,stubborn person: a person who is unwilling to change his or her opinion or attitude,General,noun
omuhingi,agriculturist: a person who derives his or her living through cultivation,General,noun
omuhiigi,"a hunter, a man who persues wild animals in the buses and kill them using spears, arrows, bows and dogs for bush meat",General,noun
omuharakati,a girl who gets a child while still unmarried,General,noun
omucureezi,a humble person: someone who is reserved and down to earth,General,noun
omuceeri,rice: annual or perennial seed crop used for,General,noun
omucebuko,a cattle disease that usually attacks calves. It is caused by ticks and one of the symptoms is coughing,Health & Medicine,noun
omucebe,tin: a metal in the form of foil used for wrapping and packing,General,noun
omu,"particle, in, among, in there",General,particle
ondoora,to drink much at one time,General,verb
onesa,to cause to be spoilt or eaten,General,verb
ongeza,"to make to increase, give extra",General,verb
ongongya,"to bring up, rear, nurse carefully",Health & Medicine,verb
okwiha-omutuya,"used grass that cows sleep on; it is not fresh, they use it dry it and use it again",General,verb
okwihaihana,to take turns when doing an activity,General,verb
okwetontobeka,the act of applying a lot of jerry or lotion on one's body,General,verb
okweriija,(of lions and cows) to sway tails from side to side. They do this with some excitement,General,verb
okwenomba,(of cows) to smear themselves with mud when they are sharpening their horns by digging deep in the soil,General,verb
okwekuza,to take yourself to be older than your actual age,General,verb
okwekondera,a sudden thrust: reinforcing or a certain movement in which you push something forward,General,verb
okwecooka,to make oneself neat and organised,General,verb
okwasa,to flog: to beat somebody severely especially with a stick or whip as a punishment,General,verb
okwambika,to give someone clothes out of charity,General,verb
okwamagira,to shout at someone who has done something wrong,General,verb
okwamagana,to cause havoc: a situation where one harrases others all the time,General,verb
okwahwa,armpit: the hollow place under the arm at the shoulder,General,noun
okwagagara,"to be disobedient, to sulk and refuse to do anything",General,verb
okuziriiza,to shake the head to signify a refusal,General,verb
okutwarwatwarwa,to be easily taken up,General,verb
okutuura,to give a hand by removing something carried on someone's head,General,verb
okutunguuta,wobble: move sideways in an unsteady way like the way fat and tall women walk,General,verb
okutumbiika,"to shoot up: used to refer to urinating, when the urine moves in an upward direction",General,verb
okutuguuza,to be very inquisitive; to ask very many questions and be very curious,General,verb
okusimbaaza .,to walk in a reluctant way,General,verb
okutomora,to give part payment: to pay in instalments,General,verb
okutenga,(of war) to initiate action,General,verb
okutenda,"(to do with ones's shape or figure) especially a woman who is tall and fat with a small waist, small breasts but with a big bum, wide hips and fat legs",General,verb
okuteera-omu-rusaka,phr. to try something out and see what comes out,General,noun
okuteera-kaamukungu,"somersault: an acrobatic movement in which a person turns over completely, with their feet over their head",General,noun
okuteera-ekisaka.,phr. to try something out and see what comes out,General,noun
okuteera entsibo,phr. to mine stones which are mixed with clay,General,noun
okuteera enkaka,(of a bull) to mount an immature heifer,Common Animals,noun
okutamuuza,"1) to tie, like in wrestling. 2) to go deep in a subject, to discuss something at length and in detail. 2) to tear something up",General,verb
okusinziira,to be deeply asleep to the extent that you can hardly hear anything,General,verb
okusikoora,"to wrong the gods, to curse worse things.: to act against the spirits",General,verb
okuswekuura,to uncover: removing something that has been covering another thing,General,verb
okusokora,1) to peck with the beak (especially hens),General,verb
okusembabara,"to walk slowly, especially of cows",General,verb
okusasaamwa,"to be at the climax of sexual excitement., involuntary sounds made by a woman during sexual intercourse",General,verb
okusanyarara,Var: okukanyarara. 1) to be paralysed: to become unable to move the body or part of it. 2) to lose power of movement on the locomotive parts of the body,Transport,noun
okusanguriza,"to gather: to bring, come together, or collect things in one place",General,verb
okusangira,to cover: to put something large on top of a smaller thing so that it cannot be seen,General,verb
okurukumbwa,to feel greedy for what another person has,General,verb
oya int,this is used when somebody is saying no or refusing something,General,noun
owekitiinisa,honourable: a highly respected person in the society,General,noun
oweisheemwe,a saved person: a born again Christian in the Anglican Church,General,noun
oweisaza,County chief: a person appointed to administer a county,Governance And Administration,noun
owegomborora,Sub county chief: a person appointed to administer a sub county,Governance And Administration,noun
owe,at his/her home. his/her relative,General,noun
owa  prep,a word used to mean 'at their',General,noun
otyo,"ovakado n. ovacado: an edible tropical fruit with hard dark green skin, soft light green flesh, and a large seed inside",General,noun
otyo,a word used to tell someone that what he or she is doing is being done the correct way and that he or she should to continue like that,General,adjective
osiibire-ota,good afternoon/good evening: a greeting said in the evening and afternoon,General,noun
osiibe-kurungi,goodbye: a farewell remark used when one is leaving somebody,General,noun
ora,"to bring up, rear a young dog untill it is fully grown",Common Animals,verb
orame,term used to say farewell to a person going on a journey,General,noun
oroba,"to become soft, become obedient, flexible",General,verb
orobereza,"to opress, order about to be selfish",General,verb
oroho ota?,words that follow ndaabanta oraire ota? meaning how are you?,General,interjection
oroora,"to teach good ways, bring up well",General,verb
orra,"to roar as a rushing river, vibrate",General,verb
osa,"to omit, absent, pass over",General,verb
osiibire ota?,salutation term used by some people. goodd afternoon?,General,noun
orwoya,steam: vapour from boiling liquids diffused in the atmosphere,General,noun
orwoya,the feeling in someone to eat something,General,noun
orwoso,a mark put on a person's body,General,noun
orwonyo,a plant with leaves which taste sweet,General,noun
orwonko,the fear of breast feeding among humans and animals,General,noun
orwongoto,a very red hot fire,General,noun
orwoma,wire: a metal in the form of thin round thread that is used for roasting met or drying clothes,General,noun
orwokubanza,Monday: the first day of the week; the first working day,General,noun
orwiziizi,form of atmospheric pollutant that cause difficulties in seeing around the affected area,General,noun
orwita-waabo,time in the evening towards 7.00PM. when it is starting to get dark,General,noun
orwita-mirimo,"that which hinders progession of work especially rain, conversation, etc",General,noun
orwiririzi,a time of the day when it is difficult to see because of mist,General,noun
orwingano.,same generation or people who were born in during the same generation,General,noun
orwina,a big hole where they put bananas and cover them with soil in order to ripen so as to squeeze juice from,General,noun
orwiko,a mingling stick: a blade shaped piece of wood used to mingle millet bread,General,noun
orwiguzo,a small wire or stick used to clean up in the pipe of a smoking pipe,General,noun
orwezo,manure: the fertilizer put in the soil to make it more fertile,Chemistry,noun
orweyo,See: ekeYEREZO. Var: ekeyo. orweziringo adj. specific time you have delayed,General,verb
orwetoorerezo,an invented excuse given for doing something,General,noun
orweto,herbal medicine thrown over a girl to promote marriage,General,noun
orweto,vocation/calling: a special message especially from God to a person instructing him or her to go and fulfill something for example a prophet,General,noun
orwereere,the way babies or their mothers smell as a result of breast milk and their urine,General,adjective
orwera,a large open area of flat land,General,noun
orwekwaso,excuse: a reason either true or invented that one gives to explain or defend his/her behaviour,General,noun
orwekubo,"corner: an area formed by the intersection of of two lines, edges or surfaces and is suitable for hiding",General,noun
orwecunde,uncertain: a situation where one is uncertain of what will happen,General,noun
orwebako,to have imarginations of the presence of scaring things especially at night,General,verb
orwatu,not private: to be open or do something in public,General,adjective
orwatikiro,crack: a line on the surface of something where it has broken but not split into separate parts,General,noun
orwata-share,a medicinal plant with broad leaves usually given to babies when they have stomach complications,General,noun
orwariiro,the exact point (usually on the floor) in traditional Ankore where food is served and eaten from,General,noun
orwanyima,milk from a cow that had taken about three days without being milked.orwari,Common Animals,noun
orwanyaanya,mist: a cloud of very small drops of water in the air that makes it difficult to see,General,noun
orwano,the hollow near the shoulder blade,General,noun
orwankanankana,dewlap: a hanging fold of loose skin on an elderly person's neck or throat of an animal especially in cattle,Common Animals,noun
orwanju,a situation where things that are not alike come together,General,noun
orwangoma,the first and large cluster on the bunch of banana,General,noun
orwango,hatred: a state of dislike of someone or feeling unwilling to do something,General,noun
orwamura,medicine that is believed to stop rain from falling,General,noun
orwamukaaga,Saturday: the sixth day of the week,General,noun
orwamo,a medicinal plant that is used to stop rain,General,noun
orwamba,blood that comes out of an animal after it has been slaughtered,General,noun
orwakataano,Friday: the fifth working day of the week,General,noun
orwakasatu,Wednesday: the third working day of the week,General,noun
orwakana,Thursday: the fourth working day of the week,General,noun
orwakabiri,Tuesday: the second working day of the week,General,noun
orwajumba,firedust: the dust that comes up when one pours water in burning fire,General,noun
orwabarwabazo,time of the evening almost getting dark,General,noun
oruziramira,python: a large tropical snake that kills animals for food by winding its long bodyaround the them and crusing them,Common Animals,noun
oruzingo,"crippled: someone born but takes long to walk, the legs are not stable and he or she urinates and deficates where he is sleeping",General,noun
oruzinduko,visit: a visit of many people to someone to take him or her gifts,General,noun
oruzimu,praying mantis: predacious long-bodied large-eyed insect of warm regions; rests with forelimbs raised as in prayer,General,noun
oruziizi,a very dirty place that is full of flies and other insects that like dirty place,General,noun
oruzengerera,dizzinness: a feeling of having a sensation of spinning around and loosing ones balance,General,noun
oruzambiira,disorganisation: the state of being unable to organise well,General,noun
oruzaaro,offspring: the children born in a home,General,noun
oruyuuya,slasher: an instrument that is like a panga,General,noun
oruyongoyongo,heron: grey or white wading bird with long neck and long legs and (usually) long bill,Common Animals,noun
oruyombo,noise: sound especially when it is loud and unpleasant,General,noun
oruyogooro,the act of many people talking or shouting at the top of their voices,General,noun
oruyenje.,a plant that produces a milky substance usually used for fencing,General,noun
oruyangi,one of the twins who are both girls,General,noun
oruyaabaitukano,a state a person is in when he or she is unstable as when hagging on each other and everyone he or she comes across,General,noun
oruvuri,stinger: a sharp organ of offence or defence (as of a wasp or stingray or scorpion) often connected with a poison gland,Common Animals,noun
orutuutu,berries: wild sweet fruits that become yellow after ripening,General,noun
orutuna,dullard: a person who is not very bright or who evokes boredom,General,adjective
orutuna,residuals of yellow bananas juice which usually forms a layer on top of juice after it has settled,General,noun
orutobo,"poisonous egg plants with thorns, found in bush",General,noun
orutindo,"bridge: a structure that allows people or vehicles to cross an obstacle such as a river,canal, railway etc",Transport,noun
oruteye,a body part behind the knee,General,noun
oruteeko,heap: a pile of things on top of others,General,noun
orutara,"rack, burden: a raised place in the kitchen above the fire place where firewood and yellow bananas are put to ripen quickly and stop children from reaching them",General,noun
orutangura,spider: an eight legged predatory arachnid with an unsegmented body consisting of a fused head and thorax and a rounded abdomen,General,noun
orutandaaro,the big stomach of a lady even when she is not pregnant,General,noun
orusiriko,retreat: a period of time when somebody stops their usual activities and goes to a quietplace for prayer or meditation,General,noun
orusikasikye,a very smoth mashroom especially after cooking it,General,noun
oruswigo,a snake specie with green colour and a short tail,Common Animals,noun
orusura-eibiba,the birds which fly up in the sky in a group swinging on space,General,noun
orusungwe,a flower of a type of grass usually used for people to sit on when laid,Nature & Environment,noun
oruseenyi,sandy soil that is usually in low lands,General,noun
orusebasebe,a purely green non-flowering plant with thorns and is sometimes used for decoration,Nature & Environment,noun
orusahuzo,something that can be used to rescue things from a burning house,General,noun
orusabazo,a traditional container that people used to urinate in at night. See: ORUTABAGO,General,noun
orusaahuruzo,prunning hook: cutting tool used for prunning banana plantations; it has a hooked blade on a large hundle,General,noun
oruseenene,grasshopper: a plant eating insect with long hind leg edible and appears especially in the month of November in the Tropics,Common Animals,noun
orusaniya  [orusaniya],an eating tray: an open receptacle for holding or displaying or serving articles or food,General,noun
oruryamahuri [oruryamahuri],a very long snake specie,Common Animals,noun
oruribwa,itching caused by severe scabies,Health & Medicine,noun
orurango,flag or budge: a special mark placed on a cloth for identification or associated with an institution,General,noun
orurandura,a grass with hairly leaves and is normally put in bubbling alcohol,General,noun
orurabyo,flower: the seed bearing part of the plant,General,noun
orura,amara. 1) intestine: long coiled part of the alimentary canal where digested food passes before it reaches the final stage of digestion.2) the lower part of the alimentary canal from the end of the stomach to the anus,General,noun
orupapura-rwamakuru,"newspaper: large folded pieces of paper printed with news, advertisements and articles on various subjects",General,noun
orupande,a piece of cloth especially for making trousers and suits,General,noun
orunyerere,anklet: a metalic anklet or ornament worn around the ankles,General,noun
orunyankokore,sweet grass eaten by cattles,General,noun
orunyamburara,a type of snake that is green in colour,Common Animals,noun
orunyamatone,a wild animal in a cat family which feeds on hens; it has different spots on its skin,Common Animals,noun
orunuuniira,"sauce made out of a mixture of warm water, ghee and salt",General,noun
orunkucence [orunkucence],skin rash/goose pimples: rough bristling skin caused by cold,Common Animals,noun
orunjenje,its a way one speaks when he or she speaks through the nose,General,noun
oruniogane,jam: a state of being confusion or a dense crowd of people making a lot of noise,General,noun
orunana,a small sickle shaped knife,General,noun
orumuri,"torch: a piece of wood, twisted flax used for lighting in the dark",General,noun
orume,dew: the very small drops of water that form on the ground during the night,General,noun
orumanyimanyi,familiarity:a casual or informal friendly manner,General,noun
orukerere,skin rush: irritable rash on the legs,General,noun
orukwe,treachery: an act of deliberate betrayal to a friend or someone else,General,noun
orukwanzi,1) bead: a small ball of wood or glass with a hole through it for threading with others on a wire;. 2) a string worn in the neck as necklace,General,noun
orukurura,black jack: a plant with seeds which attach themselves to clothes,General,noun
orukororo,cough: illness that causes sudden expulsion of air from the lungs that clears the air passages; a common symptom of upper respiratory infection or bronchitis or pneumonia or tuberculosis,Health & Medicine,noun
orukooko,a fierce big wild animal,General,noun
orukongoro,"bird: a large, white, long legged wading bird",General,noun
orukonda,sputum: saliva mixed with discharges from the respiratory passages; it is coughed up because of disease,General,noun
orukoko,cream: fatty or oily part of milk which rise to the surface and can be made into butter,General,noun
orukogoto,shuolder blade: either of the two large flat bones at the top of the back,General,noun
orukiri,rock: the hard solid material that forms part of the surface of the earth,General,noun
orukindo,a sharp edge on a cloth especially when joined,General,noun
orukindo,1) palm tree: a tree that grows in warm climate with no branches and a mass of large wide leaves at the top. 2) palm tree: a tree that grows in warm climate with no branches and a mass of large wide leaves at the top,General,noun
orukiizi,hillside: the side of a hill,General,noun
orukiiko,meeting: coming together of a number of people at a certain place and time especially for discussions,General,noun
orukazo,catalyst: a substance that causes someone or something that brings about a change especially alcohol,Chemistry,noun
orukanga,a framework of a house's roof,General,noun
orukaiga,unripe pond: a thin case containing seeds that develops from the flowers of various plants especially beans and peas that are not yet ripe,General,noun
orujwange,mixture: a substance made by mixing other substances together,General,noun
orujungu,English: the language spoken in England,General,noun
orujeyere,chain: a series of connected metal rings used for pulling or fastening things,General,noun
orujeera,salt: salt that is fine and white,General,noun
oruhura,a non stinging bee like insect that also produces honey,Common Animals,noun
oruhumbu,mould: woolly or furry growth of fungi appearing upon most surfaces for example cheese or an object left in the moist and warm temperature,General,noun
oruhu [oruhu],"hide/skin: an animal's skin. they are sold and bought, used for making things like boots, shoes and others",General,verb
oruhoso,consumption: the process of buying or using goods,General,noun
oruhoro,"stale beer: beer that is no longer tasting fresh, or warm",General,noun
oruhombwa,bush with small light green leaves,Nature & Environment,noun
oruhoko,"a medicinal plant that someone takes when he or she is bewitched in order to vomit. When taken excessively, it is poisonous",General,noun
oruhoko,stake: claim for a bride usually with use of bride price,Culture And Tradition,noun
oruhita,plain: a large area of a flat land,General,noun
oruhiro,bronchital: the hollow that leads to the lungs from the mouth,General,noun
oruhinzi,flu: an infectious disease that makes a person weak and hot with running nose,Health & Medicine,noun
oruhinga .,large waist at the back,General,noun
oruhimbi,goat stall: place for goats in a house,Common Animals,noun
oruhiiso,"ripen fresh seeds of plants like beans, peas, maize",General,noun
oruhiija,iron bar: a stone used by blacksmiths to make tools used for blacksmithing,General,noun
oruhigura,a plant with hairly purplish leaves,General,noun
oruhazo,a slope trench-like left between different plots of land,General,noun
oruhayahaya,a smell from a he goat resulting from its sperms,Common Animals,noun
oruhanga,valley: a stretch of land between ills and mountains often with a river flow through it,General,noun
oruhanduura,a hairly catapillar with black stripes down the back,General,noun
oruhagi,spoke: one of the thin bars or long straight pieces of metal that connects the centre of a wheel to its outer edge e.g bicycle,General,noun
oruhabyo,billhook: garden tool with a long hundle and a curved blade used for cutting small branches of trees,General,noun
orugezi,task: a piece of work that has to be done especially a hard and unpleasant work,General,noun
orugero,standard: something used to measure qualities or the required degree of excellence,Education And Learning,noun
orugenderane,the porridge which is next to the dregs at the bottom of the container where they are concetrated,General,noun
orugembagembe,a stick of a plant specie used to make fire by rubbing on another piece of wood,General,noun
orugeye,a place where milk pots are kept,General,noun
orugeye,"a place where witch doctors keep their materials, sit with their clients when nursing them",General,noun
oruguzi,escapment: a steep slope that seperates an area of a high ground from a lower ground,General,noun
oruguzi,"bank: a land sloping along each side of a river canal, land or earth sloping often forming a boader or division",Mathematics,noun
oruguuton,road: a hard surface build for cars to travel on,General,noun
oruguru,up: a contrast or opposite of down. oruguso n. a broken part of a pot,General,adverb
orugunda,"gourd: large, hard skinned fleshy fruit of trailing climbing plant with inside soft, not eaten usually",Nature & Environment,noun
oruguguna,bed bag: a wingless blood sucking insect,General,noun
orugoyero,a hind part of lower arm that usually has small like ruses,General,noun
orugoye,tendril: a thread like part of a bean plant that twists around any nearby support,General,noun
orugoye,"cloth: material made by weaving especially from cotton, silk, linen etc",Art And Entertainment,noun
orugoto,a rainbow like thing that sometimes surrounds the sun,General,noun
orugoona,"algae: very simple plants with no real leaves, stem or roots which grow in or near water",General,noun
orugogo .,leopard trap: a small packet containing medicine used to catch leopards,Health & Medicine,noun
orugobore,a wondering plant whose leaves are put in milk when chunning to speed up the process,General,noun
orugobe,girdle of beads or charms used by witchdoctors,General,noun
orugo,kraal: a type of fence or enclosure for domestic animals,General,noun
orugimbi,one of the two sticks used to produce fire,General,noun
orugiisire,maw stomarch: an animal's stomach or throat,General,noun
orugezi,a behaviour of confusing people here and there especially by conning them,General,noun
orugari,a winnowing tray made of natural material e.g. papyrus,General,noun
orugaramiro,a chair that has a back to lean on,General,noun
orugano .,bamboo: hollow type of reeds that has hollow sections and big,General,noun
orugambiro,"a central pole supporting the house where, normally the head of the family sat and directed the household activities",General,adjective
orugamba,"war: a state of armed conflict between different nations, states or different groups within a national",General,noun
orugaara,the edge on the opening of a pot,General,noun
orugaaga,bracelet: a piece of jewellery worn around the waist or on arm,General,noun
orufuufu,Silt: sand or mud that is carried by running water and is left at the mouth of the river,General,noun
orufuro,foam: a mass of very small air bubbles on the surface of a liquid,General,noun
orufu,"illness, death ,funeral ceremony: a period of mourning when someone has died",Culture And Tradition,noun
orucuramende,high jump: a contest in which people try to jump as high as possible over a high bar,General,noun
orucurabende,hurdle: each of a series of verticle frames that a person jumps over in a race,General,noun
orucuba,wooden dish/chamber pot used especially for urinating in at night,General,noun
orucocori,a group of young ones of the same size,General,noun
orucaca,a small piece of something,General,noun
orubutuuro,a gift to a doctor when you want him to come to your house,Health & Medicine,noun
orubungo,"a dung hill ,a visit,a heap of something",General,noun
orubundabunzi,"a kind of small tree with small leaves, brown stalks and stem usually used in construction",General,noun
orubumbiro,hearth: the floor of a fire place in a house and the area around it,General,noun
orubugo,back cloth: a cloth made out of wattle tree,General,noun
orubuga,latrine: a loo of a king in Ankole,Governance And Administration,noun
orububi,cob: a fine net of threads made by a spider to catch insects,General,noun
orububi,cream formed on boiled milk,General,noun
orubu,turn of doing something: the time when somebody i a group of people should do or is allowed to do something,General,verb
orubombo,a medicinal plant usually too bitter,General,noun
orubiso,food or drink kept for a guest,General,noun
orubimbi,task: a piece of work to be done or undertaken,General,noun
orubibi,boundry: that which seperates two entities,General,noun
oruberera,a camp where people temporarily construct when doing a certain activity e.g. road construction,General,noun
orubengo,millingstone: a stone used for milling grains especially millet and sorghum,General,noun
orubazo,"speech, conversation: a formal talk that a person gives to an audience",General,noun
orubata,millet bread left in a basket after a meal,General,noun
orubaro,census: the process ofofficially counting someting especially a country's population,Geography,noun
orubanja,case: a matter that is a subject of investigation related to offending one party by another,General,noun
orubango,javelin: a light spear thrown in competetive sport or as a weapon,General,noun
orubanga,steep sides of a mountain on tall hills,General,noun
orubambo,peg: a short piece of wood used for holding things together or hanging them especially in drying things like hides and skins,General,noun
orubaka,bat: a bird-like animal that flies and feeds at night,Common Animals,noun
orubaju,the side: the position or area to the left or right of something,General,noun
orubaju,rib: any of the curved bones that are connected to the spine and surround the chest,General,noun
orubagano,share: what one gets after doing a collective work like slaughtering a cow,Common Animals,noun
orubaare,hail storm/hail stone: small balls of ice that falls like rain,General,noun
orubaaho,furniture: a long piece of wood used in building and making furniture,General,noun
oruba,jaw: either of the two bones at the bottom of the face that contain the teeth and move when we talk or eat,General,noun
oraire ota,"phr. salutation, How have you slept, good morning",General,noun
onu,this:demonstrative pronoun used to refer to a person near you,General,pronoun
ondiijo,"another one, the other person",General,pronoun
omwozi,a person who washes clothes,General,noun
omwoyo,anus: the opening in a person's bottom through which solid waste leaves the body,General,noun
omwoya,air: the mixture of gasses that surround the earth,General,noun
omwotezo,a mixture of hurbs which women use to smoke themselves,General,noun
omwotero,that which women would sit on to clean up themselves i.e in order to smoke or perfume their private parts especially in marrige,General,noun
omwosa,temper: the action of getting very angry in a short time,General,noun
omwosi,roaster: a person roasts meat,General,noun
omwoso,"absentism, missing out: an activity that is postponed or does not take place as scheduled",General,noun
omworozi,"caretaker, guardian: a person who cares for another especially a child whose parents have died",General,noun
omworo,a poor person a person who has very little money to meet the basic needs,General,noun
omworeko,"a show, trade show, an exhibtion",General,noun
omworeki,a person who gives an audience what they see,General,noun
omworekano,a habit of people showing each other what they have,General,adjective
omwonyo gw'ente,shrub with salty taste leaves,Nature & Environment,noun
omwonyo,salt: a substance that is put in food to give a better flavour,General,noun
omwonore,an infection of the penis,Health & Medicine,noun
omwonkyerezi,breast-feeding aidee: the person who oversees calves as they breastfeed their mothers. This person determines when calves should begin or end breastfeeding and takes them away from their mothers,General,noun
omwonjobozi,one who hurls abuses at others,General,noun
omwongezo,the act of being added something in addition to what you got before or giving supplements to others,Mathematics,noun
omwongo,"edible gourd, marrow, a plant like pumpkin that produces calabash",General,noun
omwomoozi,a person who can mend brocken bones in the head,General,noun
omwombezi,weeder: a person who uproots unwanted crops from the garden,General,noun
omwombeki,builder: a person whose job is to build houses,General,noun
omwoma,the feeling of needing or wanting a drink,General,noun
omwojo,boy: a male young child,General,noun
omwohi,tempter; a person who decieves you with an intension of plunging you into problems,General,noun
omwohera,hair that is just beginning to grow a few days after shaving,General,noun
omwoga,"a skill, task or proffession",General,noun
omwo,reffering to inside the place besides or nearby you,General,adjective
omwitwanda,glutton: someone who greedily eats every now and then,General,noun
omwitizo,a stick used to smoke milking containers,General,noun
omwiteenwa,a person in a charge of milking for the king,Governance And Administration,noun
omwisyo,breath: the air that we take into the lungs and send out again,General,noun
omwishiki,"a girl, a lady: a female human being before she is married",General,noun
omwiririzo,time after the normal time of doing something in the evening usually towards night,General,noun
omwiraguju,a black person; an African,General,noun
omwinuro,a bottom rim of basket,General,noun
omwinukiriro,last piece of work done as one prepares to leave,General,adjective
omwiniro,a kind of strong wind,Nature & Environment,noun
omwiniko,a piece of equipment for catching animals and birds,General,noun
omwinginya,prince: a son of s king in Ankole,Governance And Administration,noun
omwingi,a rich person: a person who has a lot of money and property,General,noun
omwina,hole: a hollow space found or dug in something solid or in surface of something,General,noun
omwikizi,"a person from the Abaikizi clan, found in Ankole and Kigezi",General,noun
omwijuzo,"rets: a day or old name for Friday as the last day of the week. Omu bunyakare, abantu abingi Orwakataano bakaba barweta omwijuzo. Historically, people used to call a Friday rets",General,noun
omwijuzo,overflow:pouring something in form of a liquid or solid material and it over flows the container in which it is being poured,General,noun
omwijukuruza,grand grand child: a child of your grand child,General,noun
omwijaija,Pl: abaijaija. 1) recruit: a person who has recently joined the armed forces or police and is not yet trained. 2) new comer: a person who has recently arrived in a place or started an activity,General,noun
omwihuza,debt collector: a person who asks for payment of his debt,General,noun
omwiha,a stingy part of a cow's blood,Common Animals,noun
omwigi,rain maker: a person who uses herbal powers to influence the rain: either to rain or not,General,noun
omwigarire,princess: a young daughter of a king in Ankole,Governance And Administration,noun
omweziriko,a mark left by a tight gridle,General,noun
omweziriki,a hard working person. See: OMWEKAMBI,General,noun
omwezigooro,round about: a place where two or more roads meet forming a circle and all the traffic must go around in the same diretcion. See: OMWETOOROORO,Mathematics,noun
omweziga,pounded millet or soghurm chaff,General,noun
omwezi,"month, moonlight: any of the twelve periods of time into which a year is divided and it is always with 30 and 31 day e.g May, June, etc",General,noun
omweza,newly harvested millet seeds or millet bread,General,noun
omweyeso,krall broom: the cut grass that is tied and used to remove cow dung from the kraal,Common Animals,noun
omweyange,pollen: fine powder usually yellow that is formed in flowers and carried to other flowers and carried to other flowers of the samer and by wind or insects to make those flowers produce seeds,General,noun
omwetwereero,a habit of getting involved in conversations or issues which do not concern you,General,noun
omwetsindage,a plant used for perfume,General,noun
omwete,"courage: a quality of mind or spirit that enables one to face danger with that confidance resolution and from control of oneself, bravely,valor, etc",General,noun
omwete,a local medicine that is pounded and mixed in vaseline by women for the attraction of men they want to have,General,noun
omwesyamuro,sneeze: the act of passing out air loudly through the nose,General,noun
omwesungi,"naughty person: a person who behaves in a playfully bad way, one who annoys others intentionally, cheeky, insolent person",General,noun
omwesezi,cattle waterer: a person whose job is to give water to cows,Common Animals,noun
omweringiito,pride: being or feeling proud all the time in public,General,noun
omweriisaguzo,glutony: a habit of eating this and the other all the time,General,noun
omwerera,diluted milk: milk that has been mixed with water,General,noun
omwereere,new born: a very young child,General,noun
omwereegareego,pretending to be what one is not or to do what one cannot afford,General,noun
omwerande,a type of sweet potato that grows where others have been harvested,General,noun
omwera,skin which is not oiled,General,noun
omwengenge,a person living in a society but he does not belong to that society,General,noun
omwenge,local beer brewed from bananas among the Banyankore,General,noun
omwengi,a person who brews alcohol,General,noun
omwenaanuuro,being slow: the act of being slow whe doing something,General,noun
omwemez,witness: a person who sees something happen and is able to describe it to other people,General,noun
omwemamuro,"yawning: the act of opening the mouth wide and breath in deeply through it, usually because of being tired, hungry or bored",General,noun
omwema,surety: a person who accepts responsibility if somebody else does not pay a debt or appear in court,Legal And Law Matters,noun
omwekuniko,showing off what one is or has in public,General,noun
omwekorezi,someone who carried things on his or her head or shoulder,General,noun
omwejwera,red colour seen in eyes after a foreighn object lands in it,General,noun
omwehuriro,pride: feeling that you are better and more important than other people,General,noun
omwehotooro,not being direct either in speech or movement,General,noun
omwehenengi,hard worker: a person who works very hard and assures that every task is fulfiled in a proper way,General,noun
omwehemahemo,a state of having little food to eat when you are many on one eating place,General,noun
omweyesa,teacher: a person whose job is teaching especially in school,Education And Learning,noun
omwegenge,rebel: a person who is rebellious and cannot be sent for something and accept,General,noun
omweyemure,floods: a large amount of water covering an area due to a heavy rain,Nature & Environment,noun
omweyego,bank of a water body,General,noun
omwegunge,"a person who gets annoyed, stops talking with others and also keeps away from others",General,noun
omwegoojooro,doing things in a very slow way or slaggishly,General,verb
omwegonozo,"disert, a drink: sweet food eaten at the end of a meal",General,noun
omwegizo,refusing to do something pretending not to know how to do it,General,noun
omwegi,"student: a person who attends a schoool, college or university amd studies something",Education And Learning,noun
omweganzi,one who intetionally pretends to be lazy,General,noun
omwefuuzo,"a wild tree with long breast like fruits or ponds and red flowers. Bakaba bakira kutiinisa abahara ngu baacwa ebijuma by'omwefuuzo, nibamera amabeere maraingwa. They used to scare girls that if you pick friuts of this tree, you grow long breasts",Nature & Environment,noun
omwefuuzo,"feeling so sad, repentant or disappointed over something that has happened or has been done especially a loss or missed property",General,noun
omwecurengi,one who is restless and serious in what he or she is doing,General,noun
omwebindo,to close ones legs so as to sit properly,General,adjective
omwebazo,evening: the time of the day between afternoon and dark especially from 4pm to 7pm,General,noun
omwebaraganyo,a situation where empty things or utensils hit each other and create a certain noise,General,noun
omwatse,a piece of wood split from a log,General,noun
omwatano,boundary: a real or imaginary line that marks the limits or edges of something and seperates it,General,noun
omwaruuro,mulch: material like grass that are put in a garden or plantation to cover the soil and improve the quality of soil as they decay,General,noun
omwaro,"port, harbour: an area that borders a water body where ships dock",Transport,noun
omwariro,grass spread for sitting on,General,noun
omwarikye,a well laid place usually with grass,General,noun
omwariko,beans which have produced the second leaves after germination,Biology,noun
omwarikiro,something that lays flat and smooth,General,adjective
omwaraara,a flat and plain place,General,noun
omwanya,position got in class after sitting for examinations and getting ranked according to perfomance,General,noun
omwano,a younger flower/fruit of bananas that is not yet ready for consumption,General,noun
omwanjuko,madness or insernity: a state of having a serious mental illness,Health & Medicine,noun
omwanjami,backbitter: a person who talks about others,General,noun
omwanjagiro,a state where one is confused and is not sure of what is right or one is not sure of everything aroung him or her,General,noun
omwaniko,1) exposure: something put to air or light with the aim of getting it dry. 2) put someones hidden character in an open for other people to see,General,noun
omwangizi,jealous person: a person who is always unhappy or angry because of another person's success,General,noun
omwangi,hater: a person who does not like another person or hates something,General,noun
omwangange,very small white sports on the face,General,noun
omwangange,Lily:a large white or brightly coloured flower with petals that curl back from the centre,General,noun
omwangange,ibis: a large wading bird with a long neck that is found in lakes and swamps,General,noun
omwangaazima,rain bow: a curved band of different colours that appears in the sky when the sun shines through rain,Art And Entertainment,noun
omwana gw'eriiso,pupil: the small round black area at the centre of the eye,Education And Learning,noun
omwana,child: a young person who is not yet an adult,General,noun
omwamuzi,"rainstopper: a person who can use magic to divert rain to another place, one who stops evil from coming or drives away rain",General,noun
omwambato,a very long and big foot,General,adjective
omwaku,elephant's trunk: a long pipe like stretched part of the elephant's body from the head that it uses to pick food and water,General,noun
omwakiizi,receptionist: a person whose job is to welcome people arriving at a function,General,noun
omwaka,year: the period from 1st January to 31st December,General,noun
omwahwa,a very small cluster of plantation,General,noun
omwahure,Pprotestant Reverand: a religious leader in the Anglican church,General,noun
omwagazi,female animal: a young female goat or sheep,Common Animals,noun
omwaga,Ferocity: being a violent and always being associated with agressive behavour,General,noun
omwabo,Refering to other people's household. Entebe ezi tuziihire omwabo. We got these chairs from their house,General,adverb
omwa,"in his or hers, to, at:Talking in refference to somebody's belongings ie the inside of them eg in his family, home, shop",General,adjective
omuzuzu,a small tree used in making sticks and mallets,General,noun
omuzizi,a day's work: a quantifiable work done in a single day,General,noun
omuziro,"taboo: a traditional or religious custom that does not allow people to do, use or talk about a particular thing or item",Culture And Tradition,noun
omuzinzi,repulse: the action of driving back an attacking force or being driven back,Transport,noun
omuzingo,"roll, bundle of soft things, e.g. clothes: a long piece of cloth wrapped around itself several times",General,noun
omuzinga,swarm: a large group of insects especially bees,General,noun
omuzindaaro,microphone: a device for making the voice louder when one speaks,Technology,noun
omuzimbwe,zeal: great energy or enthusiasm to do something,General,noun
omuziko,a type of tree with broad leaves that usually grows at the source of water,Nature & Environment,noun
omuziika-manzi,a lot of alcohol swallowed at once,General,noun
omuzigu,enemy: a person who hates somebody,General,noun
omuzigo,"paraffin, kerosine: a colourless type of fuel used for lighting",General,noun
omuzigiti,mosque: a building in which moslems play from,General,noun
omuzigangore,A wild tree specie that has small leaves used as medicine,Nature & Environment,noun
omuziga-ngoma,"a tree species with large branches, oval shaped leaves usually planted in farms or compunds to provide shades",Nature & Environment,noun
omuzi,root: part of the tree that grows under the ground,General,noun
omuzaituuni,olive tree: a tree on which olives grow,General,noun
omuzaire,God parent: a person who promises at a christian baptism to be responsible for the child and teach them about the christian religion,General,noun
omuzaire,parent: a person's father or mother,General,noun
omuzahambuko,hot temper: a state of being too quick to react violently,General,noun
omuzaaza-numi,"a tree that grows usually near the paths with a shorter height, with leaves like that of a mango tre",General,noun
omuzaarisa,midwife: a person especially a woman who is trained to help womengive birth to babies,Health & Medicine,noun
omuzaanirizi,one with no side in a play [one who plays on both sides],General,numeral
omuzaahuuzi,savior: a person who rescues another from a dangerous or difficult situation,General,noun
omuzaahe,an exiled person: a person forced to live ouside his or her country especially for political reasons,Politics And Current Affairs,noun
omuzaabibu,grape: a small green or purple fruit that grows in bunches of climbing plants called vines,General,noun
omuyoya,"plover: a short billed gregarious wading bird, typically found by water but sometimes frequenting grassland, tundra and mountains",General,noun
omuyonga,ash: grey or black powder that is left after something has been burnt,General,noun
omuyogoozi,"a talkative person usually, who creates a lot of noise",General,noun
omuyego,"influenza: a highly contegious viral infection of respiratory system that cause fever, severe aching, etc and often occuring in epidemics",Health & Medicine,noun
omuvuyi,dealer: a person in a considerable state of business known to be active in connecting other people or helping them in solving their business problems,General,noun
omutwe-gwa-mpererayo,delay: to go somewhere and you take long to come back,General,noun
omutwaranizi,a person who does not give up,General,noun
omutwara-ngoma,somebody who has or is to take the mantle ofleadership,General,noun
omuturubwita,half cooked food. omutuuko n. an act of tying something tightly,General,noun
omutunguro,shiverish: shaking with cold due to illness,General,noun
omutunga,rain water that runs off into a valley,General,noun
omutunga,"medicine: a thorny wild plant used to make fences, and it stops animals fro destroying crops",Nature & Environment,noun
omutunda,a yellow balled bush plant,General,noun
omutugi,someone who strunggles people with an aim of killing them,General,noun
omutugi,someone who bribes people to get what he wants,General,noun
omutorotoozi,a picker of things like cereals etc,General,noun
omutoroogo,contageous abortion: a certain animals disease associated with abortion,General,noun
omutoro,a set of things having some attribute in common,General,noun
omutoozo,tooth pick: a short small piece of wood used for cleaning teeth,General,noun
omutoorane,the chosen or sorted one: one who has been selected from the others to perfom a specified activity,General,noun
omutoomoore,giant: a very tall person,General,noun
omutoohoro,enema: medicine given to a baby through the anus when its stomach is hard to ease the digestive system,Biology,noun
omutonganwa,a tree pleant for a kind of egg plants that are eaten as fruits when ripe,General,noun
omutondozi,a person who removes banana from its peelings in preparation for squeezing,General,noun
omutobe,a mixture of different things that is had to seperate eg different kinds of flour,General,noun
omutirimo,playing around especially when satisfied after eating,General,noun
omutinkimo,being very sturbon and wanting to belong to every group or everywhere,General,noun
omutima gw'ensi,a red non-flowering plant with very bad smell a few days after it has sprouted,Nature & Environment,noun
omutima,character: someone's good or bad behaviour,General,noun
omutima,heart: the organ in animalsa and human beings that pumps blood into the whole body,General,noun
omuteruzi,a person who lifts heavy loads for money,General,noun
omutereezi,organizer: somebody who arranges or puts things in place in the right order and at the right time,General,noun
omutemo,potion: an amount that is set up that one has to fulfill,General,noun
omutemere,hid of beehive made of banana fibres and is round,Common Animals,noun
omuteyeki,governor or leader: a person who leads or governs others,Governance And Administration,noun
omutego,trap: a device for catching animals,General,noun
omuteezi,"neuralgia, a swelling, player striker, multiplier, surveyor, gambler",General,noun
omuteezi,a disease in human beings which normally affects the veins and causes them to pain especially when one has overworked and veins are tired,General,noun
omuteeyamba,a lazy person: a person who is always unwilling to work or be active,General,noun
omuteete,lemon grass: a spiny evergreen grass native to tropical countries widely cultivated for grazing animals,General,noun
omuteerani,mediator: a person who tries to get agreement between people or groups who disagree wit each other,General,noun
omuteego,"a bad spell, words or actions that make bad things happen",General,noun
omuteegi,hair cutter: one who cuts hair in a saloon,General,noun
omuteeganda,hard working person: a person that fulfills his duties and does his work properly without leaving any work undone,General,noun
omuteebi,striker: a person who shoots directly in the goal,General,noun
omuteeberezi,guesser: someone who likes estimating or guessing or telling things right by suppossing without sufficient information to be sure of being correct,General,noun
omuteburo,wrestling: the sport of fighting by grappling and trying to bring one's opponent to the ground,General,noun
omuteburo,leaves of beans that are picked from their plants and used as sauce,General,noun
omutavu,calf: a female young one of a cow,Common Animals,noun
omutariko .,smoked meat: meat that has been roasted,General,noun
omutare,"a wonderer. See: ekizengerezi, EKIRARE",General,noun
omutaraso,a quick move to escape something. Enjura ku yaizire twateera omutaraso. We ran quickly as soon as it started raining,General,noun
omutara,infertile land which is not good for growing crops,General,noun
omutanyango,pride: a situation where a person is proud and cannot settle down all the time,General,noun
omutange,ripe bananas that are squeezed to get juice out of them. They are normally peeled in the evening and left to be squeezed the following morning,General,noun
omutangirizi,hopitable person: a person who welcomes others in their homes or at functions,General,noun
omutanda,wrapper: a garment that is wrapped around the body before it is fastened,General,noun
omutanda,a full stretch of iron sheet before it is put on the roof of the house,General,noun
omutanagi,arrow-maker: a person whose job is making arrows,General,noun
omutana,bundle: acollection of things hold or fastened together,General,noun
omutambizi,healer: a person who cures people of illnesses and diseases using natural powers and traditional medicine,General,noun
omutamba-byon,a type of thrub which is thought to cure all diseases,General,noun
omutaka,umbrella: a device for protection against rain hot sun,General,noun
omutaka,village mate: a person who lives in the same village with another,General,noun
omutaju,milk drunk in the absence of the one who usually drinks it,General,noun
omutaho,funnel: conical container with a tube at the bottom used to pour liquid or other substances into a small mouthed container,General,noun
omutahimbwa,iron bar: a strong metal made from iron ore,General,noun
omutahe,local beer made from ripe bananas that has just fermented and is still warm,General,noun
omutahasi,a person who likes to carry many things at once,General,noun
omutagatago,udder: the underneath part of a cow that holds the teats and bears milk,Common Animals,noun
omutagata,food that is a bit warm but not hot or cold,General,noun
omutagara,"short tree with a dark green stem, big leaves. It normally grows in banana plantations and has triplex sub branches and it is very weak",General,noun
omutabuz,the person who disorganises others,General,noun
omutabizi,cultivator: the person who cultivates land,General,noun
omutabaazi,"accuser, plaintiff: a person who makes aformal complaint against somebody especially in court",Legal And Law Matters,noun
omutabaazi,visitor: a person who visits another person or place,General,noun
omutaba,a narrow trench dug in gardens or banana plantations to hold running water,General,noun
omutaayaayi,visitor: one who visits the other,General,noun
omutaate,a wild tree with a yellow stem when the barck is removed and people make hoe handles from its stem,Nature & Environment,noun
omutaasyo,a time when cattle come back home in the evening,Common Animals,adverb
omutaanyo,being proud: the practice of being proud especially with girls of eighteen years and below,General,noun
omutaanyaguzi,a rioter: someone who goes to every place with no reason,General,noun
omutaako,decorated things covered by beads that were taken to kings as gifts such as walking sticks,General,noun
omutaahira,young jigger: a parasite that feeds on human blood under the feet when it is still young,General,noun
omutaaha,a wild tree with red berries,Nature & Environment,noun
omutaagurizi,dancer:one who dances traditionally by jumping up,General,noun
omutaagiiro,walking with legs spread especially when one is sick or suffering from a disease that does not allow him to walk properly,General,adverb
omuso,knife: a cutting instrument consisting of a sharp blade with a handle used in cutting,General,noun
omusasa,any first hand item that is bought,General,noun
omusa,freser: someone new in an area or place,General,noun
omusuusi,the one who slashes the compound or cuts down the bush,General,noun
omusosorodooti,catholic priest: atitle for a priest in the Roman Catholic church,General,noun
omusoorooza,a small thornless plant with small white pea like flowers and leaves like acacia or jacaranda,Nature & Environment,noun
omusoomoro,a rough tree whose leaves are used as sand paper to smoothen the rough things like timber,General,noun
omusoomo,traditional dancing: according to or being traditional in dancing,General,noun
omusizi,anus: excretory opening of the alimentary canal. See: OMWOYO,General,noun
omusizi,incensent tree : a tree with a substance as a gum or wood that burns with a pleasant odour,General,noun
omusito,skewer: a long metal or wooden pin used to suspend food while cooking,General,noun
omusitaari,line: a long thin continuos mark made on paper by pen or pencil,General,noun
omusisa,earth quake: a series of waves or vibrations in the crust of the earth caused by sudden shifting of the rock under the great strains along geological faults and by volcanic action,Nature & Environment,noun
omusiringanya,elephant grass: the outer part of the stem of elephant grass that is too sharp for cutting after it has been removed from the main stem,General,noun
omusiriira,burnt substance: an injury or black element on (a wood) something caused by exposure to heat or fire; a mark left on something as a result of being burned,General,noun
omusiri,"garden: a fertile well cultivated land used for growing flowers, vegetables and fruits",General,noun
omusiraamu,muslim: the one who believes in Islamic faith,General,noun
omusipi,belt: a long narrow piece of leather or cloth worn around the waist.. See: OMWEKO,General,noun
omusinzi,drunkard: a person who drinks a lot of alchohol,General,noun
omusinge,foundation: the base or part of a building or wall below the ground,General,noun
omusingoozi,sweeper: a person whose work is to clean rooms using brooms,General,noun
omusingo,a person of the basingo clan found in Ankore and Kigezi,General,noun
omusinga,a shrub used for cleaning teeth,Nature & Environment,noun
omusindiki,puser: Someone who moves or drives ahead objects or other people,General,noun
omusindiizi,someone who forces a cow to suckle,Common Animals,noun
omusindansi,"a period of time, turn, step, etc",General,noun
omusimi,someone who scraps hides or saves them from loss or destruction,General,noun
omusimeeno,saw.: a hand or power saw used for cutting hard materials,General,noun
omusimaari,a very small and tall person,General,adjective
omusimaari,nail: a small pointed piece of metal hammered in a material as a fasterner,General,noun
omusikye,someone who has married a person of a higher rank,General,noun
omusikye,being near something or someone,General,adverb
omusiko,cry: a type of cry by the bride when she is going to get married. It was common in African traditional societies. Some girls today do it especially in the villages,General,noun
omusikizi,"a plant specie that usually grow in flat areas and farm lands, plant with twigs which are used for smoking milk containers",General,noun
omusikautu,scout: someone or something sent out to gather information especially in preperation for military action,Military,noun
omusikamoori,sycamore: a tree that fall off or shed at the end of the growing season (deciduous) that grows especially in the mediterranean type of climate (Eastern North america) with lobed leaves very tall and ball like seed clisters. platanus occidentalis,General,noun
omusiiga,a wide and deepened wound. See: OMUSIIBA,General,noun
omusiiba,septic wound: a wide and deep wound especially on the leg of a person,General,noun
omusigirwa,acting: someone who has been temporarily assuming the duties or authorities of another person,General,noun
omusigire,care taker: a person who acts on behalf of his superior,General,noun
omusibe,prisoner: a person held in custody or deprived of freedom of action or expression due to a crime done,General,noun
omusibaazo,to move or stand unsteadily as ifunder great weight or due to weakness,General,adjective
omusiba,"mingled millet: thick, sticky mingled millet that is ready for serving and has been properly organised in the mingling pot",General,noun
omusi,grinder: a person who presses and breaks something into powder,General,noun
omusi,vessel: one of the tubes in the body that carries blood from the heart to all parts of the body,General,noun
omuswino,a small hole in an ant hill,General,noun
omuswijumi,"an examiner: a person who inspects or scruitinies in details to determine the qualifications, ability, knowledge, etc by testing or questioning",General,noun
omuswasumi,swindler: someone who cheats someone elses money,General,noun
omuswa,pullet: a young hen. See: OMusu,Common Animals,noun
omuswa,ants: an insect that live in colonies that have a complex social organisation,General,noun
omusuura,a creeping plant that grows especially in vallies whose leaves are used as herbs to prevent stomachache and are very sour with a small creeping stem and leaves that are circular from and a small gap where the leaf stalk starts from,Nature & Environment,noun
omusuuhuuki,"emigrant: someone who leaves a country, area or a region to settle into another",Geography,noun
omusuuguugu,"rascal: a rough and disorderly person (ruffian, rowdy)",General,noun
omusurunguru,a rat trap made of wooven glass,Common Animals,noun
omusure,"shrew: a small bird with a long beak, tail and destroys people's crops",Common Animals,noun
omusuraibiba,"night jar: any of the various nocturnal birds that looks like an owl, that makes a sharp sound at night and is common in Europe",Common Animals,noun
omusununuko,to leave it to roll or pitch suddenly or erratically as a ship as it docks,General,adjective
omusunju,crest: a meat like strugture above the beak of male birds that is red in colour,General,noun
omusumiko,girdle: anything worn around the waist and has knots especially worn by old women as belts or sash,General,noun
omusumbakazi,a famale slave: a female person owned by someone and has to work for him or her without pay,General,noun
omusumba,abasumba. 1) slave:someone who is paid for looking after someone else. 2) a person emplyed to look after cattle. pastor: a leader of christian group or church,Common Animals,noun
omusumankuzi,corrupt person: a person who is fond of taking bribes and at the same time corrupt,General,noun
omusuma,"a greedy person: a person who desire for more food, money, power than he really need and does not like to share with others",General,noun
omusuma,thief: a person who steals from another person or takes away their things without concent,General,noun
omusukiso,funnel: a wide mouthed tube used for pouring liquids into the container with a narrow neck,General,noun
omusugunguru,"mouse trap: a device for catching and holding any of the numerous small rodents that characteristically have a pointed snout, propotianately small ears and a long narrow almost hairless tail that live in peoples houses especially in holes they make there and destroy peoples property and materials",Common Animals,noun
omusubyo,Milk of the second round of milking. After the first round you may feel that there is still some milk you have left in the udder,General,noun
omusu,pullet: a young hen that has not started laying eggs. Var: omuswa. Pl: emishu. omusubiro n. second born: a child that is born second in a family,Common Animals,noun
omusu,a tree whose bark prevents cough and normally grows in a forest and is very sour,General,noun
omusozi,mountain: a raised area or high hill,General,noun
omusororongo,"line or verse: a row of people, things, words",General,noun
omusoroorwa,lavae: large maggot that lives in rotten truncks of trees and are also found in grass thatched houses (roofs) especially during the rainy season,Nature & Environment,noun
omusoromi,"picker: someone who gathers, collects, picks crops especially coffee and tea",General,noun
omusoromerezi,vegetable picker: someone who picks green vegetables,General,noun
omusoro,tax: a compulsorypayment to government so that it can pay for public services,General,noun
omusono,The art of doing tricks that seem impossible in order to entertain people. (black magic) especially what makes something seem wonderfull,General,noun
omusono,secret powers that people believe can make a strange thing that seem imposible to happen if one says or does special things,General,noun
omusongore,"polite person: one who has good manners, respect for others and known by people for that",General,noun
omusongi,honey: liquid honey with a very pleasant taste,General,noun
omusongasongi,a plant or herb whose leaves are eaten for great enjoyment. It is also medicinal,General,noun
omusonga,"herb: a plant that grows in the banana plantation and is sometimes grown by people, believed to prevent epilepsy and has a sharp smell",Health & Medicine,noun
omusonga,"sharp pain: a sharp or severe pain that normally attacks the chest, eye, ear, stomach, head etc",General,noun
omusomo,course: a course of study arranged to either last a short time or a long time leading to a certificate,Education And Learning,noun
omusomi,cattle thief: a person who steals cows,Common Animals,noun
omusomi,religious person: a person who believes in God and attends church services,General,noun
omusomi,abasomi. 1) reader: a person who understands or takes in the meaning of written or printed words or symbols. 2) a person who speacks loud the words of something written or printed,General,noun
omusomesa,teacher: a person whose job is to teach someone a lesson or instructions so that he or she knows how to do something,Education And Learning,noun
omusomankuzi,swindler: a person who secures gains unfairly or unlawfully,General,noun
omusokooro,"bone marrow: a liquid substance that is found in the hard dense, calcified tissue that forms a skeleton of most vertabrates and contains calicium",Biology,noun
omusojwa,spear grass: a type of grass with hard pointed seed heads some of which are sharp enough to harm livestock,Nature & Environment,noun
omusohoro,irst crops grown in a season,General,noun
omusogoyo,puberty or adolescence: a period of growth among humans from childhood to adulthood normally between the age of twelve to eighteen,General,noun
omusobya,"someone who does things that are ontrary to morals, norms and day to day ways of living",General,noun
omusoboyo,excess: the number count that goes beyond the required number,General,noun
omusoboorozi,an authority: someone who has the power to do something,General,noun
omusobo,"excess: something that is more than necessary, reasonable or acceptable",General,noun
omusoberwa,"bewildered person: a person who is always confused with numerous conflicting situations, objects, statements",General,noun
omusinya,a plant species used in making ropes,Nature & Environment,noun
omusinja,witness: a person who stands by the side of another person to support him against the case,General,noun
omuserebembe,"lizard: a small crawling animal that typically has a long body and tail, four legs, movable eye lids and a rough, scaly or spiny skin",Common Animals,noun
omuseneneko,liquid that is free from dirt and looks very clean,General,noun
omuseke,dawn: the time of very early morning when the ky starts to show signs of the sun rise,General,noun
omusega,wolf: a wild canivorous mammal which is of a dog family that lives and hunts in groups,Common Animals,noun
omusebuko,new growth: regrowing of dry plants,General,noun
omusazi,mad person: mentally ill or insane person,General,noun
omusatuzi,wood chopper: a person who chops wood into small pieces especially for cooking,General,noun
omusarasare,small scratches on an object,General,noun
omusarara,swampy: a smell that usually comes out from the water that is fetched from the well in the swamp,General,noun
omusamaazi,"a person who looks at other people or something steadly and intently especially in admiration, surprise or thought",General,noun
omusako,food bought from markets or worked for from other people as aresult of food shortage,General,noun
omusabagariko,The manner of doing something innefectively,General,noun
omusaayo,"bog: wet, soft ground formed of decaying plants",General,noun
omuseveni,a person who participated in the world war and belonged to the seventh African rifles,General,noun
omuseeto,smooth or clear: having an even and regular surface especially roads,General,noun
omusanzire,"two men who have married from the same family, same sisters or two men who are having a relationship with one woman",General,numeral
omusaara,mat on which moslems dit while praying,General,noun
omusa,tree: a kind of tree with hard wood and fairly broad leaves usually in making long lasting furniture or tools,Nature & Environment,noun
omuryoto,mud: soft wet and sticky place,General,noun
omuryanyonyi,"bird: a wild bird with a big, long sharp mouth that eats the fresh of other birds. They are normally found in national parks",General,noun
omuryanyonyi,a tall wild tree with short leaves that prevent worms in the stomach,Nature & Environment,noun
omurya-njoki,bee eater: a light coloured insectivorous bird with a large head and a long down curved bill and typically with long central tail feathers,Common Animals,noun
omurya,new: recently made and never used by anyone before,General,noun
omurya,the string of a zither,General,noun
omuruumo,elephantiasis: A skin disease caused by bacteria that causes the great enlargement of the feet,Health & Medicine,noun
omurungaanwa,An Arab and Swahili trader,Economics And Commerce,noun
omurunga,rope: a type of very thick strings that can be used for tying or pulling things,General,noun
omurundi,time count. Yaazayo omurundi gwa kabiri. She has gone there the second time,General,noun
omurumuuzi,a person who cures poisonous bites e.g. snake bites,Common Animals,noun
omurozo,a small quantity of food or drink that one tries in the mouth to see how it tastes,General,noun
omuronko,a small tree that is used for making bows,General,noun
omurokora,a kind of stick that has white spotsoften used for grazing,General,noun
omurogi,witch: a person believed to be having evil powers,General,noun
omuroba,fresh grass. It is normally laid in the kitchen. Ejura egwire haamera omuroba. It rained and fresh grass started growing,General,noun
omurimiro,post: a timber or metal post set in the ground as a supporttng part of a fence,General,noun
omuriituuro,"force: obtaining by power, pressure or violence",General,adjective
omuriiti,lasso: a rope with a noose at the end used for catching cattle,Common Animals,noun
omurigito,[omurigito] n. being jumpy and playful,General,noun
omurigito,sound made when it is threating rain,General,noun
omuribato,moving up and down aimlessly in a crowd of people,General,noun
omurezi,baby sitter: a person who looks after the child and takes care of it,General,noun
omurera-mikono,lazy personA person who is not willing to work or do anything that involves efforts,General,noun
omurengi,state of being calculative in some body's spending where one considers every quantity they are to give out,General,noun
omuremuuro,dead tired: being too tired that one cannot do anything,General,noun
omuremi,stretcher: a covered frame on which the sick is carried by two peole each one holding either side,General,noun
omurembeserezo,repeated act of making a baby to stop crying,General,noun
omurembe,something with a cylindrical shape,General,noun
omurema-njojo,a shrub used to make walking sticks,Nature & Environment,noun
omurema-mpango,A thick hard wood tree used to make milk pots,General,noun
omureguzo,measuring so many times for example you can measure a kilo of meat and someone tells you that it is not yet a kilo so you measure again to prove that really it is a kilo,General,noun
omureeterezi,song leader: a person who adds value to the song in a group of singers,General,noun
omureeko,an instrument put around the iron thatched house to collect rain water falling off the house such that water is directed into one end to be collected from there,General,noun
omureegi,cantor: An official who sings liturgical music and leads prayer in a synagogue,General,noun
omuraza,a person who cuts down trees for some reason,General,noun
omuravunga,"a medicinal plant which has very soft leaves, a bit spongy and very bitter. It can cure a stomach ache",General,noun
omuraso,a disease that is common in goats,General,noun
omurashi,someone who shoots cows using an arrow to get blood from it,General,noun
omuraramo,meningitis: a serious disease in which the tissues enclosing the brain and spinal cord become infected or swollen,Health & Medicine,noun
omuranguuzo,habit: the act of finishing up something either in a container or somewhere,General,adjective
omuranguka,untimely death: to die suddenly,General,noun
omuranga,stripe: a long narrow band with the same width through out its length differing in colour or texture from the surface on either side of it,Art And Entertainment,noun
omuranga,the noise and shouting made by people while crying,General,noun
omurando,creeping plant: Having a lot of plants that grow following others for support or any other support e.g. the ground walls,Nature & Environment,noun
omuramuzi,"judge/magistrate, arbitrator: a person in a court of law whose job is to decide questions brought before a court of justice",Legal And Law Matters,noun
omuramura,a tree specie whose wood is used for making huts for spirits,General,noun
omuramagi,pilgrim: a person who travels to a holy place for religious reasons,General,noun
omurahuzi,aggressive person: someone who delights in other's pain or unhappiness by causing them not to be happy or to suffer,General,noun
omuragwa,heir: a person with the legal right to recieve property or money when the owner dies,General,noun
omuragazo,a person or animal which is born first,General,noun
omuragara,"millet seeds that usually remain on the ground where millet fingers have been put for drying. 2) unripe millet left behind in the garden while harvesting; it is collected after, when it becomes ready for harvesting",General,noun
omupiira,tyre: a thick rubber ring that fits around the edge of a wheel of a car or a bicycle,Transport,noun
omupiira,"Pl: emipiira. 1) football: a game played by the teams of eleven using a round ball. ball: a round object used for throwing, hitting, or kicking in games and sports",General,noun
omupiipo,shiver: a sudden shaking movement of the body because of illness,General,noun
omupatiko,a kind of behaviour characterised by too much familiality to less concerned parties,General,noun
omupakasi,labourer: a person who works or is engaged in manual labour for others,General,noun
omunywero,a clay vessel with long neck that is used to drink something,General,noun
omunywengerero,weight loss: a situation where one keeps on loosing weight slowly by slowly due to over thinking or any other problem,General,noun
omunyuunyuusi,exploiter: a person who uses something or someone selfishly or unethically,General,noun
omunyuuki,banana brewer: a person who makes juice out of ripe bananas,General,noun
omunyurure,rabia minora: a pulled labia minora,General,noun
omunyugu,lame: a kind of disability where a person does not walk properly,General,noun
omunyororo,door lock: a metalic shutter that is attached to the door in which one uses a key to open or lock,General,noun
omunyontore,a very tall thing or person,General,noun
omunyomwa,the doubted: somebody that does not satisfy the requirements of a certain activity or participation,General,noun
omunyimbanyimbo,an elegant style of walking,General,noun
omunyiginya,prince: a male member of the royal family who is not a king,Governance And Administration,noun
omunyeganyeye,a swamp bush with pods,Nature & Environment,noun
omunyarwango,misanthropist: a person who hates and avoids other people,General,noun
omunyarugambo,a rumourmonger: a person fond of gossiping and divulging personal information about others,General,noun
omunyarubwa,"stubborn person: someone who is by nature obstinate, likes speaking a lot of funny things and likes teasing others",General,noun
omunyarara,strip: a relatively long narrow piece of something,General,noun
omunyankuzi,con man: a person who is fond of swindling people's money or stealing their property,General,noun
omunyangararo,suffering: physical or mental pain resultng into constant unhappiness,General,noun
omunyangarara,crack: a long narrow opening line on the surface of something,General,noun
omunyanaama,secretive person: aperson who cannot tell any other person when he is in the know,General,noun
omunyana,"the youngest banana leaf, bud",General,noun
omunyamwoga,professional person: a person that is highly trained and specialised in his field,General,noun
omunyamwaga,cruel person: a person able or disposed to inflict pain or suffering,General,noun
omunyamurwa,chief catechist: a catechist in the catholic church who is allowed to administer the sacrament of eucharist,General,noun
omunyamururu,glutony: a person who has a habit of eating and drinking too much,General,noun
omunyamukago,friend: a person you know well and regard with affection and trust,General,noun
omunyamaryo,sturbon person: a person who is difficult to deal with and always wants tt force his way,General,noun
omunyamanyo,conjurer: someone who performs magic tricks to amuse an audience,General,noun
omunyamakuru,"journalist: a person whose job is to collect and write news stories for newspapers, magazines, radio or television",General,noun
omunyamahwa,"a plant with very sharp long thorns, small leaves and grows in clay soils",General,noun
omunyamahanga,a stranger: a person that is not known in the locality and is in a very distant,General,noun
omunyakisuba,a lier: a person who makes statements that he knows are not true,General,noun
omunyaju,partly dried thing: anything that is not dried fully,General,noun
omunyaga,a term used to refer to part of the kraal that is swept by omuhiima(herdsman),General,noun
omunyabwoba,cowards: a person who shows fear or timidity,General,noun
omunyabwenge,wise person: a person who makes very sensible decisions and gives good advice because of knowledge and experience one has,General,noun
omunyabwangu,a swift person: a person who does things quickly and without delay,General,noun
omunyabuzaare,a relative: a person related to another either by blood or through marriage,General,noun
omunyabiragiro,lawyer: a person who is trained and qualfied to advise people about the law and to represent them in court and write legal documents,Legal And Law Matters,noun
omunyabibi,sinner: a person who has comitted sins,General,noun
omunyabanyo,insuficient food: having food that is not enough to feed those present,General,adjective
omunyaanyaasi,slanderer: a person who speaks false statements intended to damage the good opinion people have of somebody,General,noun
omunyaafu,whip: along thin stick used for making domestic animals move or punishing children,General,noun
omunyaadiini,religious person: a person connected with a specific religion,General,noun
omunya,a wound under the toe,General,noun
omunya,"lizard: a small reptile with a rough skin, four short legs and a long tail",Common Animals,noun
omunvuuri,umbrella: a lightweight handheld collapsible canopy,General,noun
omununu,a herb with yellow flowers,General,noun
omunugano,dislike: a feeling of dislike for somebody or something,General,verb
omunogoozi,potter: a person who makes clay items like pots,General,noun
omunofa,striated muscles: stripped pattern on meat especially beef,General,noun
omuniogano,a situation in which it is difficult to move because there are so many people or vehicles in one particular place,General,noun
omuniogano,conflict: a stateof disagreement or argument between opposing groups,General,noun
omunigi,killer: a person who kills others by strangling them,General,noun
omuniagiiro,"struggle: using alot of energy, knowledge in a bid to do something that is not so easy for you to accomplish",General,noun
omuneke,sweet banana: reap banana that is ready,General,noun
omunanaasi,pineapple juice: juice squeeed out of pinneaples,General,noun
omunago,to make quick money afte putting in a little effort,General,verb
omunaga,a very strong thick rope made by twisting thinner strings together,General,noun
omunafu,lazy person: a person who does not involve or put much energy in activities,General,noun
omunaamuko,laziness: the practice of doing something or walking slowly,General,noun
omuna,a word used to describe many things,General,adjective
omumuriki,"torch bearer: a person who is considered the brightest amongst others, to be known as the light of others",General,noun
omumuri,"a tree specie, usually has very bright flames when lit",General,noun
omumiiki,visitor: a person who takes bridal gifts to the bride few days after the give away ceremony,General,noun
omukene,"a poor person who does not have money, food, clothes, etc. for his survival",General,noun
omukemuzi,barber: a person who trims other peoples hair,General,noun
omukekezi,a night dancer: a person who goes to people's homes at night and dances around them naked,General,noun
omukeeri,rice: short narrow white or brown grain grown on wet land in hot countries,General,noun
omukeeno,curse: a word or phrase that has a magic power to make something bad happen,General,noun
omukebebo,"[omukebebo]: rust: reddish, or yellowish brown flaking coating of iron oxide that is formed on iron or steel by oxidation especially in the presence of moisture",Chemistry,noun
omukebe,[omukebe]: a metallic container used to keep liquids,General,noun
omukyara,wife: a woman that a man is married to commonly known as a married woman,General,noun
omukandari,[omukandari]: a lunatic or hooligan: a young person who behaves in an extremely lousy and violent way in public usually in a group,General,noun
omukwato,a thing that is given as security for the fulfilment of a contract or the payment of a dept and is liable to forfeiture in the event of failure,General,noun
omukwata-nsenene,a tree specie where grasshoppers usually like to rest,General,noun
omukuza-nyena,[omukuza-nyena] a tree: a certain tree specie,General,noun
omukuru,father: a person appointed to perform religious duties and ceremonies in the Roman catholic and orthodox or anglican church,General,noun
omukuru,"elder: a person who is of great age, experience or authority",General,noun
omukuraijo,a medicinal plant specie. Var,General,noun
omukura,"a ditch, trench, channel: a long narrow chennel at the edge of the road",General,noun
omukununkirizo,an instance where one tends to reach for something that is out of their reach,General,noun
omukunisirizo,shy: an act of being afraid to do something or being involved in something,General,adjective
omukunguru,ear wax: yellow substance like wax that is produced in ears,General,noun
omukungu,chief's assistant: a person who deputises a parish chief,Governance And Administration,noun
omukukuuru,a skin disease of hairly animals caused by a parasite,Health & Medicine,noun
omukukuni,small jumping insect without wings that feeds on blood of animals such as dogs,General,noun
omukujumbwe,half cooked food: food that fails to get fully cooked,General,noun
omuku,a bull's voice: a sound made by a bull when mowing,Common Animals,noun
omukoyo,soft soil found deep inside an anti-hill. omuku1 n. shoot: new branc growing on the plant,General,noun
omukorangani,a person who makes or connects two parties into agreement,General,noun
omukoraijo,a stick which is usually used to make traditional beds,General,noun
omukonwa,eunuch: a man who has been castrated,General,noun
omukongozi,a lazy person: a person who is always unwilling to work or doing as little as possible,General,noun
omukomagi,backcloth maker: a person whose job is making back clothes,General,noun
omukoke,a trench: a ditch dug in the ground,General,noun
omukokwe,the back of a tree which is twisted to get fibres that are rope-like in size and are sometimes used to make mats,General,noun
omukokoro,a person with debilitated and unhealing wound,General,noun
omukiniikano,sarcasm: a way of using words that are the opposite of what you mean in order to be unpleasant to somebody or make fun of them,General,noun
omukiika,a position or an area to the left orright of something,General,noun
omukaturiki,a person who believes in the Catholic Church,General,noun
omukaso,monitoring: to look at or monitor closely,General,noun
omukaru,dry tea/ black tea: a mixture of tea and water as a beverage,General,noun
omukarange,the smell that comes from millet or soghum that is being fried,General,noun
omukarabyo,hard questions that are asked in an examination,Education And Learning,noun
omukarabaya,one of the plant species,Nature & Environment,noun
omukarabanda,shoes/sandles: kind of shoes especially those that are wooden,General,noun
omukaraata,an old domestic animal that has lived for a very long time,General,noun
omukangambwa,a metalic case: a suit case made ou of metalic substances,General,noun
omukangaine,snake: a snake specie that is small and long with green colour and commonly found in banana leaves,Common Animals,noun
omukamuure,"sweet fluids gotafter squeezing something like ripe banana, passion fruits, pinneapples",General,noun
omukamba,See: EMIKAMBI. Pl: emikambi. omukambi,General,verb
omukaikuru,old woman: an aged woman who have lived for a very long time,General,noun
omukaatara,a person who has a scaly scabby or hard skin caused by poor body hygiene,General,noun
omukaamwana,daughter-in-law: the wife of one's son,General,noun
omukaafiire,pagan: a person who does not believe in any of the mainstream religions especially Christianity or Isam,General,noun
omujwiga,banana flower sheath: thee pointed part of the bunch of banana before its cut that shows off as a flower,General,noun
omujwenge,mane: long hair on the neck of a lion,Common Animals,noun
omujwekerwa,delegate: a person who is chosen or elected to represent the views of a group of people,General,noun
omujwago,goon: an idler or person with bad manners,General,adjective
omujuyango,problematic things which are not fine,General,adjective
omujurizi,witness: a person who sees something happen and is able to report to other people,General,noun
omujunwa,born again christian: someone who is saved,General,noun
omujunju,an act of eating or using up things very fast,General,noun
omujumo,a plant variety that cures malaria,Health & Medicine,noun
omujumbuzi,inventor: someone who discovers something or someone that was missing or hidden or solve thing that was not known,General,noun
omujuma,seeds of cereals that have been removed from their hasks,General,noun
omujuma,a wild plant with purple composite flower that is used as medicine for fever,Health & Medicine,noun
omujugujugu,"a short stick that is thrown at something especially birds, animal or even people while fighting",General,noun
omujugangoma,tree: a tree specie with large oval leaves,General,noun
omujubi,fisherman: a person who catches fish either as a job or a sport,General,noun
omujoogani,some one who is discrespectful,General,noun
omujinya,ambition: having a strong desire to do something,General,noun
omujigaijo,first born: a person's first born child,General,noun
omujanjabi,a person who is trained to take care for the sick,General,noun
omujaburo,the portion you get before the final product,General,noun
omuhwezi,helper: a person who assists somebody to do something,General,noun
omuhwanshoni,naughty child: a disobedient or badly behaved child,General,noun
omuhuuzi,threser: a person or machine that separates grain from corn or other crops by beating,General,noun
omuhuuni,rascal: a person especially a man who shows lack of respect for other people and enjoys playing tricks on others,General,noun
omuhuumuza,"comforter, consoler: a person who is trained to advise people with problems especially personal problems",General,noun
omuhuuku,slave: a person who is legally owned by another and is forced to work for them,General,noun
omuhuta,"wounded: to be cut or blown especially on the skin. 2) suffer a harm or damage., wounded person",General,noun
omuhuruza,someone who informs people of what is taking place or what has happened especially when it is tragic,General,noun
omuhurikiza,listener : a person who pays attention to what is being said,General,noun
omuhunge,a type of tree used for making charcoal,Nature & Environment,noun
omuhunguzi,"heir: a person who has a legal right to recieve somebody's property, money or title when that person dies",General,noun
omuhova,earth warm: type of worm that lives in soil,General,noun
omuhotozi,a person who likes causing trouble between other people,General,noun
omuhororo,an ethnic group: a person belonging to an ethnic group found in Rukungiri district of South-Western Uganda,Geography,noun
omuhorongoro,animal disease: a cattle disease that affects the uterus,Health & Medicine,noun
omuhorokomba,a stalk that holds banana clusters,General,noun
omuhoro,machette: a knife with a hooked point used as a cutting tool,General,noun
omuhoozi,"vengeance person, avenger: a person who reacts by punishing somebody in return of what he/she has done",General,noun
omuhooza,tax collector: a person whose job is collecting tax that people must pay on the money they earn,General,noun
omuhoogo,cattle song: a song normally sung when taking cattle back home in the evening,Common Animals,noun
omuhongerezo,plead: to appeal earnestly implore or beg,General,noun
omuhongerezo,"a habit of giving up things or killing animals important to wash away any bad omen or recognise somebody; God, gods, or spirit",General,noun
omuhongerezi,apriest: a person who performs religious ceremmonies in church,General,noun
omuhongera,a tree with a grayish furrowed stem and purple fruit,General,noun
omuhongorozo,a blocking bar at an entrance,General,noun
omuhonezi,a person who buys salt in large quantities after travelling a long distance,General,noun
omuhondo,colostrum: cow's first milk produced after delivery,Common Animals,noun
omuhondeberero,a person who is weak,General,adjective
omuhondano,conflict: disagreements between one or more people,General,noun
omuhito,milk cheese forming milk in a churn,General,noun
omuhino,erection: an instance of being horny,General,noun
omuhinganzima,rainbow: a curved band of seven colours that appear in the sky when sun shines through the rain,Art And Entertainment,noun
omuhindura,a medicinal tree specie. omuhingaazima,General,noun
omuhimbuzi,a magician: a person who cures those who are about to be trangled by spirits,General,noun
omuhimba,1) bulk: many things of an item that are bundled together. 2) the state of being solid,General,noun
omuhiire,a certain type of medical plant,General,noun
omuhiiha,a long straw made out of a certain type of plant that is used for drinking local brew or porredge,General,noun
omuhihiito,rumen: one of the stomachs of a ruminant,General,noun
omuhengeka,to bend something on one's side,General,verb
omuhenano,provocation: unfriendly behaviour that causes anger or resentment,General,noun
omuhehere,a thick stick lit and used as a torch for lighting,General,noun
omuharara,a female goat that has not produced (after being weaned),Common Animals,noun
omuhanyo,lassitude: a state of feeling very tired in mind or body without energy,General,noun
omuhanurankuba,a tall person whose height is about six feet or so much that this erson is able to touch the highest point where most people are not able to,General,noun
omuhangwa,Pl: abahangwa. 1) a person who predicts what is likely to happen using his charms,General,noun
omuhanguzi,the winner: a person who emerges the best after an activity,General,noun
omuhangu,expert: a person with special knowledge or training in a given field,General,noun
omuhangi,Pl: abahangi. 1) one of the names of God the creator. 1) a person who has made or invented a particular thing,General,noun
omuhangaani,"someone who gives support,confort or courage",General,noun
omuhambiiro,scarcity: the exisitance of a product in short supply,General,noun
omuhakwa,servant: a person working in the service Of another,General,noun
omuhako,"udder: a bag like organ of a female animal like cows, goats, etc from which milk is produced",General,noun
omuhago,kwashiorkor: Disease usually in young children who lack some food nutrients,General,noun
omuhaasirizi,a person who asks for a blessing and passes it on to others,General,noun
omuhaahi,a person who searches for food,General,noun
omuhaahi,a person who cheers the rest,General,noun
omugezi,"bright, a wise, clever, gifted person: someone that is quick at learning and understanding words",General,noun
omugeyo,a term used to refer to a person from the abageyo clan. Abageyo is one of the clans of the Bakiga,General,noun
omugero,"estimate: judgement that one makes without the exact figures or details about the size, amount or cost",General,noun
omugereki,the person who sts standards or measures of what people are supposed to do,General,noun
omugenzi,Pl: abagenzi. 1) the late: a term used to refer to the deceased person. 2) a traveller: a person who is always moving from one place to another,General,noun
omugendo,movement: joint actions and efforts of a group of people for a special purpose,General,noun
omugenderano,addiction: the fact or conditon of being stuck into something or substance or activity so as to develop a habit in doing something,General,noun
omugendagenzi,a person who moves aimlessly from one place to another,General,noun
omugemuzi n. Pl: abagemuzi.,1) a person who hawks milk. 2) a persone who takes food to a patient in a hospital or to someone in prison,Health & Medicine,noun
omugegene,very clean and clear water,General,noun
omugaga,"a plant with scented leaves, sometimes put in tea to add flavour",General,noun
omugwera,a banch of bananas that falls down especially due to wind blowing and mostly it is not mature,General,noun
omugwansimbo,epileptic person: a person who has a disorder of the nervous system characterised by loss of consciousness and convulsions,Biology,noun
omugwage,a wealthy person: a person who has a lot of money and owns a lot of possessions,General,noun
omuguutuuro,idiom: an expression whose meanings cannot be inferred from the meanings of the words that make it up,General,interjection
omuguuri,a very big thing: a word used to exaggerate the size of something,General,noun
omuguta,the term used to refer to a dead body of Ankole's king,Governance And Administration,noun
omuguta,weight: the weight of a person,General,noun
omuguta,hide: animal's skin when it has been removed and dried for leather,General,verb
omuguriko,magic: any art that invokes supernatural powers,General,noun
omugunu,thickness: the size of something between the layers of something like a saucepan,General,noun
omugunjuke,a civilised person: a person who has or shows polite and reasonable behaviour,General,noun
omuguniro,the converging point of something especially in a saucepan or a basin,General,noun
omuguma,milk vomited by a child,General,noun
omugugu,"swamp grass: the grass found in valleys usually used for making mats., bundle",General,noun
omugoyi,"boatmen, rower, paddler, boatman; stirrer: a man who earns a living from small boats either by carrying passengers or goods on the water or lifting them out",General,noun
omugoye,octopus: a sea creature with a soft round body and eight long tentacles,General,noun
omugoye,cattle disease: a disease that affects cattle,Health & Medicine,noun
omugoye,a strong thick string made by twisting strings and it is used to tie things,General,noun
omugote,smashed irish potatoes ready to be eaten,General,noun
omugosoora,a tree from which walking sticks can be got,General,noun
omugorozi,examiner: someone who tests peoples ability or knowledge,General,noun
omugororombe,"dull person: a person who is not bright, inexperienced, and not bright; usually takes long to understand",General,noun
omugorogooro,a tree with long oval leaves,General,noun
omugoreko,shyness: being nervous when speaking and meeting other people,General,noun
omugore,bride: a woman when she is newly married,General,noun
omugongo,hill or mountain: an area that is higher than the land around it,General,noun
omugongo,back: part of a human body that is on the opposite side of the chest between the neck and the buttocks,General,noun
omugongo,a tree that spreads its branches like an umbrella,General,noun
omugonampiri,a certain type of medicinal plant,General,noun
omugomoso,something that a person puts inside clothes so as to appear big,General,noun
omugomoko,fatness: a situation of someone growing big,General,noun
omugogozi,pathetic person: someone who lacks interest or feeling in things or who has no little or no emotions,General,noun
omugogo,local bridges: a temporary bridge made with tree trunks,General,noun
omugobante,a stick that is used to beat someone,General,noun
omugiti,cane: a small stick used for hitting somebody,General,noun
omugisa,"Pl: emigisa. 1) blessing, lack, fortune, chance, opportunity: a prayer dedicated to God by someone to protect or help someone or something. 2) a good thing that happens to you not because of your own effort or abilities. 3) an opportunity for someone to do something",General,noun
omugirwa,a subject person: a person that is being discussed ot talked about,General,noun
omugirigiri,boy: a young health boy of about 12 years old,General,noun
omuginga,a person that is thought or judged to lack the ability to understand,General,noun
omuginda,"a tree with purle flowers, small leaves and pods grown for a shed in the compound",General,noun
omugina,a situation of one coming across something very good,General,noun
omugimu,"healthy person or thing: something that has grown so well, healthy, strong and good looking",General,noun
omugiisi,Pl: emigiisi. 1) umbrical cord: a long tube in animals that connects the feotus to its mother such that it receives food and oxgyen.2) The tube that remains hanging after the the birth of an animal which falls off from the tied point and leaves ascar,General,noun
omugi,pleasure: the activity of relaxing and enjoying yourself,General,noun
omugavu,a tree specie from which timbers can be made,General,noun
omugati,a person born in the middle of others in the family,General,noun
omugarama,fillet meat: meat that contains no bone,General,noun
omugaragwa,servant: a person who was previledged to work for the king in Ankore,Governance And Administration,noun
omuganya,pleat: a permanent fold in a cloth,General,noun
omuganuro,food: new harvest of the season given to the elders,General,noun
omugano,bamboo:tropical plant with thick yellow like steps with green leaves,General,noun
omugangwa,favourite person: a person especially a woman who is loved more than the rest in a polygamus marriage,General,noun
omuganguuzi,strong person: a person with sufficient energy and may use violence to achieve his objectives,General,noun
omugango,tall thin tree with long joined leaves at the top,General,noun
omugango,worry: being in a state of thinking about something that may happen and may be problematic,General,noun
omugangi,traditional healer: a person who cures people of illnesses and diseases using traditional or herbal medicine,Culture And Tradition,noun
omugangabuzi,healer: a person who treats things struck by thunder,General,noun
omugane,tale: a story about imaginery event or past experience but made more exciting especially that is full of action and adventure,General,noun
omugando,"a tree species with small leaves, thorns and has yellow flowers",Nature & Environment,noun
omuganda,contribution: form of support given to somebody to advance or complete the task at hand eg somebody building a house,General,noun
omugambuuzi,back biters: someone who has a habit of ill talking about other people when they are not around,General,noun
omugambirizi,spokesperson: a person who acts as an intermediator in negotiations,General,noun
omugambi,"Pl: abagambi. 1) speaker or master of ceremonies: a person who gives a speech or talks about a particulr subject. 2) A person who is in charge of political debates, functions, such as wedding parties",Politics And Current Affairs,noun
omugamba,a collection of milk pots that are given to the girl on the give away celemony from her parents,General,noun
omugaju,"myrrh: traditional perfume obtained chiefly from stalks of papyrus near the roots,a pleasant smell from a liquid or plant that makes one or something smell nice",General,noun
omugaite,wedded person: a person who is married in church and recognised as an official husband or wife,General,noun
omugage,stale food: cooked food that has gone bad,General,noun
omugagara,"burden: something that causes worry, difficulty or hard work",General,noun
omugaga,untidiness: being not well organised or neat,General,noun
omugabuzi,"food saver: someone serving food eg in a party, restaurant or hotel",Tourism,noun
omukama-kati,queen: the mother or wife to the king,Governance And Administration,noun
omugabe,the head of a kingdom in Ankore,Governance And Administration,noun
omugabagaba,plant: a medical tree specie that is used to cure constipation,General,noun
omugaatwa,"old animal: a very bony animal whose structure shows that it was a big animal e.g. cows, goats",General,noun
omugaari,foot sore: a big crack on someone's foot,General,noun
omugaara,Pl: emigaara.: 1) An extension of hair on one's cheeck from the head not beards 2) the long hair on the neck of a horse or a lion,Common Animals,noun
omugaaniizi,joker: a person who likes teasing people verbally,General,noun
omuga,stream: a small and narrow river with running water,General,noun
omufu-w'eihamba,insect: an insect that looks like an ant with a black colour and stinks,General,noun
omufuuro,bits: small pieces of something that may not help in accomplishing an intended activity,General,noun
omufutafuta,"interpreter: someone whose ,job is to change or translate what somebody is saying from one language into another",General,noun
omufurura,a plant resembeling sorghum plant that grows in the wilderness,General,noun
omufureye,trench: a long narrow open hole dug in the ground for purposes of controlling or directing the movements of water,General,noun
omufuraano,pull neck: an attire that has long neck and is worn to make a person warm,General,verb
omufuraafuuro,instalments:payment that is done in parts and paid regularly over a period of time,General,noun
omufura,plant that grows in the swamp and is itchy when it is touched,General,noun
omufunguro,porridge: diluted drink made from millet or sorghum flour,General,noun
omufundikizo,lid: a cover of a container,General,noun
omufumbagesi,a plant with a salty tasty stem that cures sore throat,General,noun
omufumbagizi,a herb with stems like those of a sugarcane but small and tests like salt,General,noun
omufubeerwa,unripe banana: bananas that fail to ripe after they have been put in the hole to ripe and they are put back again to ripe,General,noun
omufariso,matress: a pad of soft cusion material for sleeping on,General,noun
omufaakati,widow. a woman who has lost her husband,General,noun
omudugu,"fruit: a ripe fruit, orange in colour",General,noun
omudoma,dull person:a stupid person.a person who is very slow in understanding,General,noun
omudimo,spring: a place whre wwter comes naturally to the surface from under the ground and is guided by a pipe in form of a protected spring,General,noun
omudada,a dry branch: dry branch of a dry tree,General,noun
omucwe,behaviour: the manner in which an individual conducts himself or herself,General,noun
omucwanza,adishonest person who takes what does not belong to him or her,General,noun
omucwanga,seventh day adventist: a member of a christian religious group that believes that christ will soon return to earth and their day of prayer is saturday,General,noun
omucwamba,star grass: a green grass that is commonly fed on by cows,General,noun
omucwacwani,welcoming person: a person who welcomes people with a smile,General,noun
omucunzi,one who churns milk and turns it into ghee,General,noun
omucungwa,orange: a round juicy edible fruit that is reddish yellow when ripe,General,noun
omucucu,dust: very small fine grains of soil,General,noun
omucotera,halfcast: someone who is neither a white nor black as a result of intermarriages,General,noun
omucoocoozi,someone who likes to tell jokes or do things to make people laugh,General,noun
omucokozi,bully: someone who hurts another who is smaller or weaker than he is,General,noun
omucerere,a plant where straw berries grow,General,noun
omuceebo,the act of investigating a person about her family matters,General,noun
omubyare,something that is newly planted or a garden that has just been sowed in seeds,General,noun
omubwera,a certain tree specie which has very long and sharp thorns,General,noun
omubutuuro,changing a sick person's position when he or she is too sick or weak to roll himself,General,noun
omuburuge,sauce made of amixture of different vegetables,General,noun
omubunzi,a girl who leaves her place of birth and goes somewhere inorder to get a man,General,noun
omubungi,born setter: aperson who sets broken bones,General,noun
omubungi,iddler:person who wonders everywhere without doing anything constructive,General,noun
omubunduuro,a short metal rod with a wood handle used as a thermopherapy instrument on sick animals and people,General,noun
omubongoya,a young girl or boy who hands milk or food to the king and members of the royal family,Governance And Administration,noun
omubonesya,eunuch: a castrated man especially one who was employed as a harem attendant in certain oriented court,General,noun
omubonano,secret act: Doing something that is not known or seen by others,General,noun
omubobo,A natural fibre used in making ropes and other things,General,noun
omubisha,enemy: a person who shows hostility towards or opposes the purpose or interests of another person,General,noun
omubiriizi,a tree with simple leaves which are sour,General,noun
omubindo,loin cloth: a strip of cloth to wear around the sides and back of the body between the ribs and the hip bones,General,noun
omubindi,a big pot in size with a very wide opening,General,noun
omubimbiro,a piece of stick used for clearing bush,General,noun
omubiikira,someone studying to be a nun (sister),General,noun
omubengeyo,"someone or something that looks nice, healthy and attractive",General,noun
omube,belch: gas expelt noisely from the stomach through the mouth,General,noun
omubazi,enumerator: a person who takes part in census exersise to count people,General,noun
omubazi,medicine: a substance given to treat illness,General,noun
omubaro,total: quality or sum obtained by adding or multiplying,General,noun
omubarasuko,trap:an equipment used for catching animals and hiting,General,noun
omubangi.,someone who puts a gap between teeth,General,noun
omubande,a trail of animals for example in the garden,General,noun
omubambi,"someone who fastens things using short, straight, stiff piece of wood with a blunt head and a sharp point",General,noun
omubago,a local resident at the landing site. omubamba-njobe n. a small pricky tree,Transport,noun
omubaagi,a butcher:a person who slaughters animals and sells meat,General,noun
okwoza,"to wash clothes, utensils, etc. with soap and water",General,verb
okwozamu,to photocopy a printed or written material,General,verb
okwososa,to convince somebody to do something s/he was not willing to do,General,verb
okworoza,to give someone the responsibility of looking after someone's child,General,verb
okworora,to nurture: to bring up somebody,General,verb
okworoba,to be obedient and do what one is told to do,General,verb
okworekereza,"to point at wih a finger. okworoba1 v. to be soft, smooth and delicate",General,verb
okworekerera,to demonstrate or guide the state of something,General,verb
okworekwa,to be shown how to do something,General,verb
okworekana,[okworekana]. to show something to each other,General,noun
okworeka,1) to show. 2) to enlighten or inform,General,verb
okwonsa,to breast feed the baby or a young animal,General,verb
okwonjobora,to over abuse someone. okwonora v. to burn with hot water or steam,General,verb
okwonjobora,to put to shame: the act of doing a humiliating thing which causes a painful feeling of distress caused by the consciousness of wrong or foolish behaviour. Someone does it to make someone loose respect or esteem,General,verb
okwongeza,to increase for example the price of something,General,verb
okwongera,to give an additional item,General,verb
okwongera,to add: to put something into another or increasing on what you have,General,verb
okwongota,to cook or burn something beyond what is normal,General,verb
okwongonza,to try to get something out of someone slowly,General,verb
okwonesa.,(of herdsmen) to let animals graze and destroy crops in the garden,General,verb
okwondora,to clean a traditional churn with stones and water for the first time when it is going to be used newly,General,verb
okwondoora,to drink the dregs of local brew,General,verb
okwona,(of animals) to destroy crops,General,verb
okwomya,to cause or make something to dry,General,verb
okwomoora,to give first aid. okwomoosa v. to wipe clean or dry something,General,verb
okwomoora,to dress a fresh wood,General,verb
okwomoora,to get rid of all soup in well cooked beans,General,verb
okwomooka,to dry slowly especially when it has just rained,General,verb
okwomesereza,to speak vehemently by way of denying guilt,General,verb
okwomesereza,to make somebody take a decision or say clearly what they think or what they intend to do,General,verb
okwomerwa,to fail to have words after being told something very strange,General,verb
okwomerana,to be extremely dry especially clothes if they have been hung in sunshine for a very long time,General,verb
okwomera,failure to find words to say for example when someone is abusing you in a bad way,General,noun
okwombera,to weed: to remove unwanted plants from the garden,General,verb
okwombeka,to build: to construct a house,General,verb
okwoma,Var: okwomankana. 1) To dry up esepcially of water. 2) to get dehydrated,General,verb
okwoma,to dry: to become dry,General,verb
okwokereza,to burn off weeds when preparing a garden,General,verb
okwokubanza,January: the first month of the year,General,noun
okwohoora,to cultivate in a piece of land where potatoes have been harvested,General,verb
okwohoka,(of the house or wall) to get destroyed or fall,General,verb
okwohibwa,"to atempt:to attract somebody or make somebody have something, even if they know it is wrong",General,verb
okwohereza,to send someone or something to a certain place,General,verb
okwoha,to eat with greed at high speed as you put a lot of food in the mouth,General,verb
okwoha,to persuade or convice somebody to do something which can lead him into trouble,General,verb
okwoha,to push a person using force,General,verb
okwogosa,to twist or wind a thread on something or make a rope,General,verb
okwogaho,to go ahead; to move on,General,verb
okwoga4.,to surpass others and leave them behind,General,verb
okwoga,to get away from unpleasant dangerous position,General,verb
okwoga,to deny someone instead of defending him in the courts of law,General,verb
okwoga,1) to bath: to give a bath or clean your body with water. 2) to swim,General,verb
okwoboora,to remove someone's skin off,General,verb
okwoboora,to remove someone's skin off. akasuuna omwishiki yamwoboora. he pitched a girl and removed he skin off,General,verb
okwobooka,to remove skin after burning,General,verb
okwo,a word that stands in for a proper noun pecialy of a place,General,pronoun
okwizihira,"to look nice, pleased, etc especially of brides",General,verb
okwituura,to pay for work you did half way,General,verb
okwituura,to sharpen a hoe which has become blunt because of being used in stony places,General,verb
okwitururuka,(of saliva) to drop slowly in a thin stream,General,verb
okwiturura,to separate butter milk from ghee,General,verb
okwitiza,to smoke a well scented stick into a milk gourd,General,verb
okwitiriza,to debauch: to be corrupt morally or by intemperance or sensuality,General,verb
okwitirira,to water plants in the garden,General,verb
okwitira,to remove extra suckers from a banana stool,General,verb
okwitira,to smoke milk pots by burning grass so that they may have an aromantic scent,General,verb
okwitanira,to compete stiffly for something,General,verb
okwitana,to kill each other: this is where people kill one another,General,verb
okwitaita,to cover up something that is not exposed to the public,General,verb
okwita-eriiso,to look at someone with one eye closed in order to warn him,General,verb
okwita-entabire,to commit adultery or fornication before sowing seed in an already prepared garden,General,verb
okwita-enju,(of a woman) to have sex with a stranger when they are building a new home,General,verb
okwita-ekihara,(of a man) to have sex ouside marriage when his wife is pregnant,General,verb
okwita-amaaya,to allow mingled millet start to cool and show carves,General,verb
okwita.,to kill: the act of terminating a life,General,verb
okwisa.,to breath: the process of taking in and expelling air during breathing,General,verb
okwisa,to create a condition that can lead to the death of someone,General,verb
okwiri,brother of the King of Bunyoro-Kitara who is set over the other princes; name of male members of the Babiito clan,Governance And Administration,noun
okwirusa,to run after something with an intention of catching it,General,verb
okwirukangirira,to give aid in form of money and other things to help one in need,General,verb
okwirukana,to have diarrhoea: a sickness of frequent and watery bowel movements; can be asymptom of infection or food poisoning,Health & Medicine,verb
okwiririrwa,one of the letters of the alphabet,General,noun
okwiririmba,to look harsh on the face especially when something has disturbed you,General,verb
okwirira,to move a bit so as to create space,General,verb
okwirira,in the Anglican faith) to go for holy communion,General,adverb
okwiragura.,to become dark in colour. 2) to become dirty,General,verb
okwinziira,to marry a widow in her own house,General,verb
okwinura,to retire someone from work for example from the garden,General,verb
okwinikira,to begin to milk a cow,Common Animals,verb
okwinika2.,to put sorghum or millet that is dry in water in order to make it germinate,General,verb
okwinika,to bend something especially a stick,General,verb
okwinganiza,"to make equal,uniform,corresponding, or matching",General,verb
okwinaza,to cause someone to be a destitute,General,verb
okwinara,"to be a victim of evil or harm of supernatural powers, hatred or any other bad thing",General,verb
okwinamirira,to pay last respect to the one who has died,General,verb
okwinamira,to bow down as a sign of respect to an important person,General,verb
okwinama,to bend: to move down in a cycle form,General,verb
okwimuura,"brasfamy: to sin against God. okwinama., (of masters) to change",General,noun
okwimusa,to start building a house,General,verb
okwimusa,to raise upright something that had fallen down,General,verb
okwimukera,"to be unstable, he or she keeps on moving up and down",General,verb
okwimukiriza,"to incite somebody to do somthing violent,illegel or unpleasant",General,verb
okwimukirira,to keep lifting something up and moving it down,General,verb
okwimukirana,to stand down for someone especially when there is competetion,General,verb
okwimatuka,to be soft especially for fruits like sweet bananas as a sign that they are ripe,General,verb
okwikiza,to bury grass while digging especiallyin the garden where potatoes are to be grown. okwimata v. to press something with a finger,General,verb
okwikiza,to add unboiled food to the boiled one,General,verb
okwikirizibwa,to be allowed to do something,General,verb
okwikiriza  Yaikiriza kwija.,1) to accept to do what you have been asked. 2) to believe or have religious faith,General,verb
okwikaza,to do things in a hurry: to speed up the progress of work,General,verb
okwikara,to sit and stay in one place for a period of time,General,verb
okwijuza,1) to fill in a certain document.2(of a container) to make full of something,General,verb
okwijurirana,(of liquid) to be too full in a container,General,verb
okwijurira,to transfer someone or something from one place to another,General,verb
okwija,to come to a place,General,verb
okwihuza,"to request for money, property that one is sure is his or hers, or has got the right of belonging or owning",General,verb
okwihamu,to choose: to select something from others. Omusigazi akaihamu ente nungi omu kikomera,General,verb
okwihaho,prep.except: it is used to mean only,General,preposition
okwihaho,to subtract a number or an ammount from another number or ammount,General,verb
okwiha,to uproot tubers especially potatoes,General,verb
okwiguza,to ask someone to open for you by knocking on the door,General,verb
okwiguta,to get satisfied having had enough food. okwiguza,General,verb
okwigira,to come nearer to a person especially when squeezed,General,verb
okwiga,to use magic to cause rain,General,verb
okwibuuza,to resurface: to disappear and again appear,General,verb
okwibuka,See: okWIJUKA. to remember: to renew ones image or thought; an act of memory,General,verb
okwibiza,to give a brief or incomplete view or look,General,verb
okwibirira,to cheat for someone in order to give him/her an advantage over the others,General,verb
okwibira,See: okuziha .v. to swim: to move in water holizontally with the help of arms and legs,General,verb
okwibika,to immerse something in water,General,verb
okwibika,to lay bee hives to trap bees as an arpilary activity,Common Animals,verb
okwiba-empimbi,to perform a ritual where a bride goes to her father-in-law's home and takes some food in an unofficial way. It is assumed she has stolen the food,General,verb
okwiba,to steal: to take something that is not yours without permission and with no intention to bring it back,General,verb
okwezuranza,to move from here and there repeatedly in an effort to make an activity perfect or successful,General,verb
okweziringura,to wriggle: to twist and turn with quick short movements,General,verb
okweziritirira,"to rub the eyes, an act of squezingcthe eye especially when something has fallen into it",General,verb
okurausa,SW: v. to do things quickly. Kora omurimo ogu noorahusa. Please speed up that,General,noun
okya,"to roast, burn, to sting.too hot",General,verb
obudongo,"mud, usually deliberately prepared for a purpose such as building",General,noun
obugangaizi,1) disobedience: being obstinate 2) stiffness: a situation where something is so hard that it cannot bend,General,noun
obugole,state of being a bride or bridegroom,General,noun
obugurusi,old age (as for a man),General,noun
obiugwagwa,"foolishness, being crazy, ! stupidity",General,noun
obiugwetwa,"inheritance, succession, i inherited property",General,noun
obuhunga,"flour from maize, cassava, wheat or other cereals and tubers",General,noun
obuhuuru,"a state i staying single, celibacy",General,noun
obujwenge,thin such as maize flower,General,noun
obukene,"extreme poverty, lack of care from relatives or friends",General,noun
obukiika,"a position of width, across",General,noun
obukiizi,in a position of length,General,adverb
obukooto,"large size, largeness, importance, seniority",General,noun
obukristaayo,word usually used by Protestants to mean Christianity,General,noun
obukristo,words used by Roman Catholics to mean Christianity,General,noun
obukurungutaniza,"cunning, craftiness, being a cheat",General,noun
obulema,"lameness, disability, deformation on body as a result of natural circumstances or from birth or accidents",General,noun
obuliisa,"shepherdship, pastoralism, looking after cattle and other animals",Common Animals,noun
obumara,"arrows, word used to mean doing something with full determination",General,noun
obunaku,"poverty, a state of not having",General,noun
obunyansi,"grass, such as in a compound",General,noun
obutoigo,"rainy season between March and May, millet sowing time",Nature & Environment,noun
obuzaale,relationship by birth e.g being a member of a clan,General,noun
obusiihani,"sexual immorality, adultery or fornication",General,noun
obusinsimizi,small insect usually coming out of a place where banana wine has been,Common Animals,noun
obusuurwa,little pieces of flesh left on a hide,General,noun
obuzaarwa,"parentage, ancestry, place of birth",General,noun
obwaira,"in the old days, in the past",General,adverb
obwato,shaped wooden container where banana juice is left to ferment,General,noun
obwegesa,"the practice of teaching, the teaching profession",General,noun
obwihwa,the relationship of children from the mother's lineage,General,noun
obwiru,"slavery, bondage, state of subjection to an owner or master",General,noun
obwirukiro,"where to run too, seek refuge",General,noun
obwisi,"murder, spirit of being a killer",General,noun
obwisiki,"girlhood, period of adolescence of a female human being",General,noun
obwolyaho,"in case, just in case",General,adverb
obwongo,"brain ,intelligence or being knowledgeable",General,noun
okuhima,to become dark or coarse,General,verb
olekeza,"to point out to, heading to",General,verb
oma,to become dry. to be disobedient,General,verb
omangana,"to be dried up,rigid, stiff",General,verb
ombeerra,to disturb by making noise,General,verb
omeera,"to be alive, strong, well",General,verb
omeera,"to selct one out of many people, pick on",General,verb
omeeza,"to cause to live, revive",General,verb
omerana,"to be too dry, work without rest",General,verb
omucence,"a kilt, a patchwork garment, cloth with many pleats",General,noun
omucweezi,"According to the acclaimed hunting tradition of the Banyoro people, the person who stalked the killed animal",General,noun
omuconco,"tick insect; tall, slender person",General,noun
omucucuke,a type of yellow cassia,General,noun
omucumiikirizi,"leader of the singing group, soloist",Art And Entertainment,noun
omucunda,plant with tiny teasel-like flowers up the stem,General,noun
omucungiro,"drinking place for cattle, shallow water, stream",Common Animals,noun
omucwangya,"cheat, a lier, a cunning, crafty person",General,noun
omucweka,one undertaking to train for confirmation in church (COU),General,numeral
omucweke,parent whose children have died,General,noun
omucweki w'amatu,one with ears cut off,General,numeral
omucwezi,Male Member of the Bacwezi clan,History And Historical Accounts,noun
omucwezikati,Female Member of the Bacwezi clan,History And Historical Accounts,noun
omutnude,tree from which strong poles are made,General,noun
omudibo,mushrooms cooked without salt formerly eaten by the bridal pair,General,noun
omuduuma,the king's executioner old days overseer of king's water and drinks,Governance And Administration,noun
omuduuzi,"mocker, jeerer, scoffer, a braggart",General,noun
omufeerwa,the bereaved person or someone who has lost a person,General,noun
omufooka,a small shrub with leaves which yield a purplish-black dye,Nature & Environment,noun
omufu,"a dead person;greedy, mean, stingy, selfish person",General,noun
omufuko,a quiver for arrows; bead necklace,General,noun
omufumbi,"swelling in axilla, groin or neck esp. swollen glands in groin",General,noun
omufumu,"a witchdoctor, medicine man, herbalist",Culture And Tradition,noun
omufundi,"one who makes things e.g a designer, a builder, a tailor, mechanic",General,noun
omufunjo,"a tree with very hard black wood,African ebony",General,noun
omufuruki,"a settler, immigrant, a person moving from one place to another in order to stay to that new place without returning to the place of origin",General,noun
omugaaga,roll of cloth on which head ornaments are kept,General,noun
omugagaro,decoration of doorway for a wedding,General,noun
omugamba,"horizontal stick for hanging things on, yoke for carrying milk pots",General,noun
omuganga,"foreteller: someone who predicts or say what is to happen in the future especially by using magic., experienced kind of doctor who performs certain ceremonies for hunters, twins, wealth",Health & Medicine,noun
omugango,an old word for gun;a shrub with large thick leaves,Nature & Environment,noun
omugano,"swarming of termites ,bountiful harvest",General,noun
omugaruzi,"the one who brings back, restorer",General,noun
omugaso,"worth, use, profit, advantage, purpose: Pl: emigaso.: 1) use: the state of being of help to someone. 2) importance: thestate or fact of being of great value or significance. 3) value: the importance attached to something because of what it can be transformed into",General,noun
omugayi,"scorner, a person who disrespects",General,noun
omugayo,"scorn, contempt, disrespect: a situation of under looking someone",General,noun
omugeege,tree from which a traditional perfume is obtained,General,noun
omugemuzi,one who brings food as a gift,General,noun
omugendezo,omen either good or bad encountered when starting on a joxirney or task,General,noun
omugenizi,"walker, traveler, pilgrim ,a deceased person",General,noun
omugesi,"a reaper, one who harvests",General,noun
omugeya,a chief herdsman in charge of the king's milking cows,Governance And Administration,noun
omugeye,a large flat-topped forest tree,Nature & Environment,noun
omugiini,a dormitory for catechumen children undertaking catechism instructions,General,noun
omugimba,"a bunch of bananas, sugarcane: a whole sugarcane with no part cut",General,noun
omugina,"mane, hair, bristles on animals' back",General,noun
omugirigimba,"a whole thing, anything swallowed whole",General,noun
omugizi,"one in authority, a very high official in Tooro kingdom",Governance And Administration,numeral
omugobabazimu,a creeper with large blue or mauve pea flowers,General,noun
omugogonyi,mid -rib of banana leaf,General,noun
omugogoro,long heavy load of cowrie shells,General,noun
omugomba,"lumsy, awkward person, bungler, one who is out of practice",General,noun
omugona,long bag made from cow's gullet,Common Animals,noun
omugongoizima,the hard middle part of a banana leaf that separates the leaf in two,General,noun
omugoonyi,"lodger, a traveler who seeks for a night's accommodation",General,noun
omugorogoro,a palm-like tree with srnooth grey stems and leaves in tufts at their tops,General,noun
omugosi,"one who surrounds, highway man",General,noun
omugoyo,"mash of potatoes and beans, pottage",General,noun
omugudu,a long drum beaten with two hands,General,noun
omuguha,"rope, large string of sisal or fibre",General,noun
omuguliki,the one who casts a spell,General,noun
omuguma,half of spear without a blade but with a pointed metal below,General,noun
omugungumazi,"one who waits in vain, or is lonely, sorrowful, helpless",General,noun
omuguruko,the jumping posts and bar,General,noun
omuguta,"uncured skin, corpse of a king",Governance And Administration,noun
omugwamabeere,type of a big thorny tree with very good timber,General,noun
omugwenyo,the skin illness of dogs,General,noun
omugwererezi,"one who starts to cross a swamp, or gets into a boat",General,noun
omugwetwa,"an heir, a legatee, a successor",General,noun
omugwezi,"the one who sets an ambush, a person who is always ready and waiting for an opportunity to tell lies",General,noun
omugwo,a large tree with thorny branches,General,noun
omuhaasi,"the one who peels e.g bananas, potatoes, cassava",General,noun
omuhaata,the space between the buttocks where the backbone ends,General,noun
omuhaba,"a foolish, half-witted or reckless person",General,noun
omuhabisa,"a seducer, one who leads others astray",General,noun
omuhago,an illness with swelling of the face and eyes; swelling of the belly for malnourished children,General,noun
omuhakani,"a contendant, disputant, competitor, opponent",General,noun
omuhako,"udder for cows, goats-heavy with milk",General,noun
omuhakwa,"a tree with bright white and dull purple flowers, mauve blossoms",General,noun
omuhambuzi,"abductor, seducer one who takes up another man's wife",General,noun
omuhangirizi,"false accuser ,the one who leads a song",General,noun
omuhanguuko,a sudden unexpected occurrence esp. of rain in dry season,Nature & Environment,noun
omuhani,"reprover, adviser, one who rebukes, counsellor",General,noun
omuhanuurankuba,a plant whose leaves are used as a medicine for internal bleeding,Health & Medicine,noun
omuhazi,"a tanner, dresser of hides",General,noun
omuheeki,a carrier on the back,General,noun
omuheereza,"ervant, waiter, minister, attendant, altar boy",General,noun
omuhemu,"a shameless person, one who acts shamelessly",General,noun
omuhendero,bottom rim of a basket,General,noun
omuherya,the first millet to be harvested when the grains are not yet dry,General,noun
omuhezi,"a deceased person, the late",General,noun
omuhiigo,"prey, spoil, in hunting, hunting expedition",Biology,noun
omuhiiha,"plaited cover for milk-pot, dish-cover, lid",General,noun
omuhimbi,the one who lifts or carries,General,noun
omuhindabijumira,a plant with hands of starry white flowers,General,noun
omuhindi,"an Indian, a kind of red cassava",General,noun
omuhingi,"exchanger,agriculturist, hunter who is second or third in spearing an animal",General,noun
omuhingo,stick for barring door way of the kraal,General,noun
omuhini,handle of hoe or axe,General,noun
omuhoho,a tree with light corkwood from which crops are made,General,noun
omuhoko,under shrub with spikes of flower bearing some similarity to mignonette,Nature & Environment,noun
omuhomozi,Africa Elemi/canarium/ bush candle-common savannah tree with purple-black fruit,General,noun
omuhongorezo,bar for the door of kraal,General,noun
omuhoogozi,"corrupt person, extorter, cheat, one who plunders",General,noun
omuhoti,a plant with large leaves which are used as medicine,General,noun
omuhotozi,one who stirs millet when cooking,General,noun
omuhubya,"well-dressed lady, walks and talks calmly",General,noun
omuhule,plant with milky juice and large loofah-like fruits,General,noun
omuhulizi,"an obedient person, listener, hearer",General,noun
omuhuma,"pastoralist, cattle keeper, herdsmen, polite person",Common Animals,noun
omuhunda,"iron spike esp. for spear, ferrule",General,noun
omuhungutuki,"a mentally disturbed person, insane, crazy person, mad person",General,noun
omuhuura,"midnight robber, night cattle thief, raider, assassin",Common Animals,noun
omujaguzi,the chief royal drummer of the kings long drums,General,noun
omujamijamu,"a babbler, chatter-box, silly person",General,noun
omujega,"an awkward, clumsy person, stupid person",General,noun
omujonjoozi,"gossip, tale-bearer, unwanted, irritating person",General,noun
omuju,millet plant in full flower a stage in the growing of millet,General,noun
omujuba,bellows esp. for the blacksmith,General,noun
omujugantaara,"a hollow, straight tall tree with long leaves and soft wood from which a number of items are made e.g drums, dishes, xylophones, spoons, timber",General,noun
omujuju,roughness of hair or fur,General,noun
omujuma,plant with purplish flowers like Michaelmas and daisy and hairy leaves,Nature & Environment,noun
omujumagizi,one who walks with stooping gait; one who does stupid things,General,noun
omujumbajumba,"red plant with very strong smell, much disliked by ants",General,noun
omujumbi,"early morning rain, a day of gloomy, rainy weather starting from morning",General,noun
omujungi,the one who squeezes juice from fruits by treading on them e.g bananas,General,noun
omujuumuzi,the one who comes to the help of another e.g uplifting a person who has fallen facing down wards,General,noun
omujwahukirra,"courteous, hospitable, eager, willing person",General,noun
omujwarampeeka,title and office given to the King's aunt or uncle,Governance And Administration,noun
omujwazi,one who wears a cloth or a thing,General,noun
omujweki,"the one who dresses up another person, keeper of the royal wardrobe, palace language matron to the bride",General,noun
omujwiga,"mane, tassel, silky tuft of maize",General,noun
omukaali,"intelligent person, one who is feared, knowledgeable",General,noun
omukago,"friendship, bloodbrotherhood, friendship: the relationship between two or more people who are not related by birth or marriage but by mutual concent",General,noun
omukaito,a strip of matting spread for a king to walk on during ceremonial occasions,Governance And Administration,noun
omukako,a head-dress worn by an oracle,General,noun
omukama,"a king, master, owner: a person (usually a man) who has people working for him. 2) Lord: Almighty God. 1) King: a male ruler or one who inherits that position by right of birth",Governance And Administration,noun
omukambuuzi,the one who pulls down a house,General,noun
omukami,"he one who milks, the milk man",General,noun
omukandara,"girdle belt with pocket, front hem of a kanzu used as a pocket, belt: a long narrow piece of leather or cloth that one wears around the waist",General,noun
omukandu,a scratch on the body,General,noun
omukangarra,a tree with sharp thorns,General,noun
omukanja,a small tree with edible berries,General,noun
omukankaburo,"underdeveloped bunch of bananas, bunch of unripe young banana that has just flowered",General,noun
omukatuzi,"plunderer, one who does not pay debts",General,noun
omukeneko,water used in soap making,General,noun
omukiga,belonging to the Bakiga tribe or nationality,General,pronoun
omukimba,a fee given to a witchdoctor,General,noun
omukimbandiiro,person with a squint nick name,General,noun
omukindo,"very tall kind of manioc, cassava",General,noun
omukinga,a large forest tree from which hoe handles are made,Nature & Environment,noun
omukira,"tail: the part of an animal, bird or fish, etc. that sticks out at the back",General,noun
omukoijo,"greed, gluttony, avarice, selfishness for food",General,noun
omukokoro,young banana tree plantation also amanuumi,General,noun
omukolyo,i foundation stick of the fence,General,noun
omukooga,a palm tree with edible fruits whose leaves are used for thatching,General,noun
omukookoro,the one who suffers from cancer,Health & Medicine,noun
omukoora,common savannah tree with winged purplish fruits,General,noun
omukooto,"fat person, big person or tree",General,noun
omukristaayo,Christian of the Protestant faith,General,noun
omukristo,Christian of the Catholic faith,General,noun
omukubi,general term for food served as vegetables and for any relish,General,noun
omukubizi,"jury, one who examines witnesses",General,noun
omukumirro,"edge made of reeds; for beds, tables, fences",General,noun
omukunyu,the lowest rank of chiefs sub-parish or village level,General,noun
omukurasi,follower; one who goes to see the king,Governance And Administration,noun
omukuufu,"small chain, chain ornament, watch-chain",General,noun
omukuutu,long panga used to slash,General,noun
omukuzanyana,large forest tree which yields medicine for cattle,Health & Medicine,noun
omukwatirizi,supporter e.g when slaughtering a goat for meat,Common Animals,noun
omukwenda,"messenger, representative, ambassador, apostle, go -between",Politics And Current Affairs,noun
omukworo,large tree like wild fig,General,noun
omukyanganuki,a joyful person a welcoming person,General,noun
omukyora,"plant with yellow flowers used as herbal medicine, esp as a purgative",Nature & Environment,noun
omulabba,"rafter, ridge pole of the house",General,noun
omuleegi,"a person who hangs on in one's home waiting to be served food or beer, parasite, hanger-on",General,noun
omuleera,"gun-barrel, red embroidery down front of 'ekanzu' barrel",General,noun
omulembe,tree from which the spirit huts,General,noun
omulengi,stingy person; witchdoctor who poisons people,General,noun
omulenguruzi,one who curses those who are bewitched,General,noun
omuliboli,lining to embroidery on the front of the 'kanzu',General,noun
omuliisa,"shepherd, church pastor, reverend, bishop, herdsman",General,noun
omulimi,"cultivator, farmer omulimo n mu/mi work, business, duty",General,noun
omulindi,sound from stamping - to stamp on the ground with heavy feet while walking,General,noun
omulingi,one who is on the look-out e.g for edible grasshoppers and ants,General,noun
omulyo,"right hand , a kind of meal",General,noun
omumanyi,acquaintance; a person who is known to another,General,noun
omumanyisa,"ba teacher, exponent, information giver",Education And Learning,noun
omumiro,"wind pipe, gullet, trachea, throat",General,noun
omumyoka,"a second in command, assistant, deputy",General,noun
omunaga,"water pot, also used as a container for banana wine",General,noun
omunagiro,"cloth to throw round the body, cloak",General,noun
omunaku,"poor person, one in trouble or distress, one badly off; the one who lacks financial and material resources",General,noun
omunaanaasi,"alcoholic drink made from pineapples, ginger,tea leaves and sugar",General,noun
omuneni,"eater, biter, extravagant person, spend thrift",General,noun
omuniga,bead necklace of one string,General,noun
omuniini,"the fine sediments of sorghum which settle at the bottom of a banana wine container, after juice has been mixed with sorghum and left to ferment also amacica",General,noun
omunobi,"foe, enemy, the one who dislikes another person",General,noun
omunofa,"fillet of meat, boneless meat",General,noun
omunogerezi,one who picks produce of neighbour's garden,General,noun
omunogi,"picker, plucker, gatherer of vegetables or fruits",General,noun
omunono,"a very soft, youngest leaf of a plant",General,noun
omunyaara,"flame tree, tulip tree, a crack",General,noun
omunyagi,"one who snatches, captor, robber, plunderer,cheat",General,noun
omunyaitima,"a jealous person, spiteful person, mischief maker, envious person",General,noun
omunyakantu,"hot-tempered, quarrelsome person, selfish, mean person",General,noun
omunyakyaro,"countryman, a villager, a backward person, the one who does not know modern ways of life",General,noun
omunyali,"sooty cobwebs in the kitchen, on the ceiling",General,noun
omunyamyekuniko,"proud person, the one who dodges communicating with others",General,noun
omunyankole,belonging to the Banyankole tribe or nationality,General,pronoun
omunyanseko,one who is always laughing,General,noun
omunyarubuga,"a town dweller, a person who stays in town",General,noun
omunyarwanda,of Rwandan nationality or ethnicity,General,noun
omunyarwanju,"lascivious person, a sexy person",General,noun
omunyeete,"stout person, a fat person",General,noun
omunyege,a tree from which the fruit rattles for musical instruments are obtained,General,noun
omunyenya,"bad magician, witchdoctor, diviner, ventriloquist",General,noun
omunyiginyakati,"princess, a well-built, beautiful young woman, a good well-behaved lady, a quiet lady",Governance And Administration,noun
omunyoro,"citizen of Bunyoro Kitara Kingdom ,chief, lord, master",Governance And Administration,noun
omunyu,"soft stone with which knives, spears, pangas, etc are polished",General,noun
omunywamaizi,"a tree found in swamps, used for building",General,noun
omunywisa,nurse to the king's children,Health & Medicine,noun
omuraara,milk of the previous evening,General,noun
omuraaza,"tracker who gives warning to hunters, who gives directions",General,noun
omuraazi,"lodger, visitor who stays for the night",General,noun
omuragi,a plant from which a yellow local dye is got,General,noun
omuragulirwa,one who consults the oracle,General,noun
omuraguzi,"one who unfolds the information from the oracle, consultant, seer, diviner, sooth-sayer",General,noun
omuragwangoma,A king who does or relinquishes the throne without having fulfilled all the rituals necessary for him to be a real king,Governance And Administration,noun
omurama,large savannah tree with four-winged yellow fruit whose twigs are used for smoking milk containers,General,noun
omuramagi,"one who goes out to fight, campaigner; one who goes for a pilgrimage or a crusade",General,noun
omuramukati,sister-in-law: a sister of one's husband,General,noun
omuramiira,the tree whose wood is used for building spirit huts or to demarcate plots of land,General,noun
omuranga,a drink or a liquid that has been diluted esp. milk,General,noun
omurangaanwa,"a famous person, a celebrity",General,noun
omurangwa,"a well-known person, an important person",General,noun
omurara,"a white stripe on the back of cattle, a cow with mixed colours of brown and black and with black patches running from the head up to the tail and brown patches under the neck",Common Animals,noun
omuro,feeling sleepy as a result of a sleepless night,General,noun
omurogo,"one who kills people through witchcraft, witch, wizard",Culture And Tradition,noun
omurokole,Christian who believes he/ she has put all his/her faith in Christ,General,noun
omurondwa,"edible creeper with sweet roots, also used as an aphrodisiac",General,noun
omurongo,one of the twin children,General,noun
omuronkezi,"one who unthinkingly lets out a secret, blabber",General,noun
omurozi,"one who sees or watchers, on looker",General,noun
omurubiki,a man who shapes iron objects,General,noun
omuruhuuzi,"one who refreses or comforts, someone who gives relief, physical wellbeing or consolation to others",General,noun
omuruku,"plant with strong smell, purple flowers, and long thin pods which is used as fish and flea poison",General,noun
omurumiki,one who bleeds or cups another,General,noun
omurumuzi,one who gives antidote for poison,General,noun
omurundi,the bony front part of the leg-shine,General,noun
omurundu,one who has small pox,General,noun
omurungi w'ekisura,the one who puts salt in the food,General,noun
omurungi w'enyungu,the one who fills the pipe,General,noun
omururumi,"a fierce-person, a selfish person",General,noun
omurwa,"task, use, custom; pile of beans, millet stem, maize stem",General,noun
omusabi,"one who makes a request, appliant; postulant esp. in RC nuns",General,noun
omusabirizi,"beggar, one who continues asking for free things from others also the one who prays for others",General,noun
omusahuzi,rescuer esp. of objects from a burning house,General,noun
omusakaazi,"specialist in fixing roofs, roofer",General,noun
omusaki,one who goes in search of food,General,noun
omusango,"a case, offence, fault, guilt",General,noun
omusasa,tree from which charcoal is made,General,noun
omusaso,ashes of grass which has been used for smoking milk-pots,General,noun
omuseegu,one who plays flutes or pipes during the ceremony of spirit possession or at royal functions,Culture And Tradition,noun
omuseeguzi,"shameless, indecent, impudent person; one who speaks obscene words",General,noun
omuseesi,"one who empties, spills, sheds, pulls down",General,noun
omuseeta,tree from which a traditional perfume is got,General,noun
omuseezi,"swindler, salesman who charges exorbitant prices",General,noun
omusehenyi,"traditional birth attendant, native midwife",Health & Medicine,noun
omusekeerezi,"one who mocks, scorns or scoffs at others",General,noun
omusembe,"penis of animals e.g cattle, dogs, goats",Common Animals,noun
omusembi,one who covers or bandages,General,noun
omusendekereza,"scorter; one who accompanies or escorts another, an escort",General,noun
omusengo,long bundle of potatoes or porter's food,General,noun
omusenka,root of type of grass,Nature & Environment,noun
omuserukale,"a soldier, a police-man/ woman",Military,noun
omuseruzi,"ba seeker, one who searches for something",General,noun
omusezi,"wizard, sorcerer who works spells at night, night dancer",General,noun
omusibwa,creeping plant with edible roots,Nature & Environment,noun
omusigi,"sower, a memeber of the basigi clan",General,noun
omusigwa,"caretaker, steward, deputy, agent, representative, successor",General,noun
omusiigi,one who paints or smears,General,noun
omusiituruzi,one who gives medicine to twins and their relatives,Culture And Tradition,noun
omusimbo,"pledge, thing given as security",General,noun
omusindirizi,one who persuades a cow to be milked,Common Animals,noun
omusindo,"stamp the feet heavily, the sound of footsteps",General,noun
omusira,"deaf and dumb person, stupid, imbecile",General,noun
omusirra,a kind of barkcloth tree with large leaves,General,noun
omusisimi,one who scrapes and prepares skins,General,noun
omusoborozi,"one who explains, makes clear, interpreter",General,noun
omusobozi,"one who has power, authority",General,noun
omusogi,small arrow used by hill tribes,Military,noun
omusorongo,"file, line, string of people, animals, etc",General,noun
omusorooro,"shrub with very tiny pink flowers which is used as a broom, toothbrush and black dye",Nature & Environment,noun
omusota,meat put on a stick to dry but not yet fully dry,General,noun
omusozi,one who plays the game,General,noun
omusubiro,the second born child in the family,General,noun
omusumba,the flow of milk from a cow,Common Animals,noun
omusumi,"rope lur tethering a dog, dog'collar",Common Animals,noun
omusuna,"keeper of Hie king's valuables, court chamberlain",Governance And Administration,noun
omusungi,"on looker, spectator, by stander",General,adverb
omusunsa,when the gourd plant creepers are in large amounts with very few fruits,General,noun
omusuukuro,banana wine which is just being removed from the fermenting container,General,noun
omusuuzi,one who visits the sick and lonely,General,noun
omusuzi,one who gives medicine to induce pregnancy,Health & Medicine,noun
omuswagirizi,flatterer; the one who plays for the king,Governance And Administration,noun
omuswaki,"wood used to clean teeth, toothbrush",General,noun
omuswezi,a bridegroom to be; the one who proposes marriage,General,noun
omutaago,"need, to do an action as a last resort, being painfully sick: to fall sick and reach an extent of dying",Tourism,verb
omutaali,"a very large, strong spear",General,noun
omutaami,"bungler, clumsy person, stupid, imbecile",General,noun
omutaano,"boundary, border, someone's greatness due to his or her deeds",General,noun
omutabifo,boat-shaped container where new banana wine is left to ferment,General,noun
omutaka,"fellow, one who stays in the area",General,noun
omutambi,"one who conducts sacrifices, healer",General,noun
omutangirizi,"one who goes to welcome a guest, user, a friendly person",General,noun
omutara,illness of cows blood comes from udder when milked,General,noun
omutaraara,fermented banana wine which has not stayed for,General,noun
omutarabanda,wooden clog used as shoe or slipper,General,noun
omutatembwa,large satinwood tree with hard wood and sharp thorns,General,noun
omutegeki,"one who makes ready, planner, ruler",General,noun
omutegi,"one who sets traps, tempter",General,noun
omutembuzi,one who sets up his settlement in a new place,General,noun
omutemezi,"planter of maize, cassava putting seedlings in holes made at short distances",General,noun
omutende,"handmaid, concubine, king's dairy maid, pupil of the spirit medium",Governance And Administration,noun
omutendekwa,"pupil, the one being instructed",Education And Learning,noun
omutendo,rim of basket worked in colours,General,noun
omutene,kind of a rum lily with edible roots and leaves,General,noun
omuteruzi,one who offers milk or coffee berries to guests,General,noun
omutesi,"petted person, lady at leisure, quiet, gentle, nice-looking person",General,noun
omutete,small forest tree with hard wood used as firewood or for hoe handles,Nature & Environment,noun
omutimbo,player of small royal drums,General,noun
omutindo,"up todate, to the desired level",General,noun
omutoki,"great talker, one who likes shouting",General,noun
omutondoozi,one who peels ripe bananas,General,noun
omutongani,"one who pleads for himself, offender",General,noun
omutongekerezi,"leader of the singing group, soloist",Art And Entertainment,noun
omutongole,"official; sub-parish chief, a special person",Governance And Administration,noun
omutooro,native citizen of Tooro Kingdom,Governance And Administration,noun
omutoozi,one who dresses another in fine clothes,General,noun
omutugunda,large tree with edible fruits like figs,General,noun
omutuju,one trained to use a gun to kill animals,General,numeral
omutumba,a type of barkcloth tree yields good red cloths,General,noun
omutungi,"man of acquired wealth, rich man",General,noun
omutwa,one belonging to the Batwa clan or tribe,General,numeral
omutwazi,"carrier, the one who takes",General,noun
omutweki,one who helps another to lift a heavy load to one's head,General,noun
omuyaga,"wind, storm, belonging to the Bayaga clan",General,noun
omuyondo,embroidery that surrounds the upper opening of a Kanzu traditional — male tunic,General,noun
omuyoora,"tree with scarlet blossoms, the berries were sent as a message",General,noun
omuzabbibbu,"grape, tree with grapes used to make wine",General,noun
omuzaahi,"emigrant, exile, one who leaves home area and is not seen again",General,noun
omuzaani,"player, competitor in sports, a person who takes part in a game or sport",General,noun
omuzaire,"parent, husband, wife used by either in speaking of the other",General,noun
omuzara kyaro,of a king who has remained on the throne for a very short time,Governance And Administration,noun
omuzarraanwa,"member of same clan, relation",General,noun
omuzigo,something heavy being carried by someone,General,noun
omuzimu,"ghost, demon, invisible evil spirit capable of affecting people's lives",General,noun
omuzira,"cheering, shouting, member of the Bazira clan",General,noun
omuzo,"small forest tree from which walking sticks and barkcloth mallets are made, stick: a walking stick that one usually goes with when moving",Nature & Environment,noun
omuzoozi,"one who finds after seeking; inventor, explorer, discoverer",General,noun
omwago,"at its place, at their place",General,noun
omwahuzi,"one who stores up, steward, one who keeps money treasurer",General,noun
omwaitu,"at or in our place or in our country, my relative",Geography,noun
omwambukya,"guardian of the king's water, milk and drinks",Governance And Administration,noun
omwamburuzi,one who discovers and removes witchcraft from a person,Culture And Tradition,noun
omwamirro,a plant used by women for scenting the body,General,noun
omwana,"child ,type of grasshopper, red in colour, rare and highly appreciated by grasshopper harvesters",Common Animals,noun
omwanaani,pestle used for pounding things in a mortar,General,noun
omwana-nzaarwa,"a native of the area, resident whose ancestry can be traced from within the same area",General,noun
omwandu,"plunder, booty seized in war, generally consisting of women and property left by the dead men",General,noun
omwangaihali,a type of banana for banana wine,General,noun
omwango,frame for door or window esp. for beans or peas,General,noun
omwanguhiriza,"quick, impetuous, rash, abrupt person",General,noun
omwaransi,"piece of level ground, a flat land big enough and free from hills",General,noun
omwarro,plant with purplish flowers and white leaves from which a dye is obtained,Nature & Environment,noun
omwasi,one who cuts off or splits,General,noun
omwata,"weed: a wild plant that grows where it is not wanted, weeds growing among crops, long grass",Nature & Environment,noun
omwecumi,"clean, tidy, smart person, dandy",General,verb
omweganyi,"one who spares himself, lazy person, molly-coddle",General,noun
omweganywa,guardian of the king's spears,Governance And Administration,noun
omwegeego,"edge of swamp, bank of river, edge of lake",General,noun
omwegombi,"covetous, lascivious person, sexually obsessed, selfish",General,noun
omwekanasi,"idler, indolent, lazy person, fastidious person, faddist",General,noun
omwekengi,"devout, temperate person, person of understanding",General,noun
omwekiiko,a strip of grass or ditch put across the garden to stop soil erosion,General,noun
omwekozikozi,one who is always busy,General,noun
omwema,"one who stands security, sponsor, guarantor, hostage, one who goes bail for another",General,noun
omwemera,first born childbackcloth tree that has been stripped of first bark,General,noun
omwenagiro,"womens traditional wear worn in Bunyoro, Tooro, Ankole, Bakiga",General,noun
omwenda,"generous loving person ,figure of nine, a piece of cloth",General,noun
omwengero,salt left over after cows have finished,General,noun
omwenugi,"one who has little interest in life, who seems or pretends not to appreciate anything",General,noun
omwenyanyaiho,"discomfort, the fact of being selective in eating or touching something",General,noun
omweragi,"one who makes promises, makes a vow or pledges",General,noun
omweramaino,any long straight-spined acacia tree,Nature & Environment,noun
omwerimirimi,"quarrelsome person, restless person, creative person",General,noun
omwesuuso,"swing, catapult, trap made of bent stick and string",General,noun
omwetango,"plant with white flowers which yields medicine for eyes and cough, Also used as a herb to counteract an anticipated bad omen",Health & Medicine,noun
omwetoorooro,"long wire bracelet wound round and round, something repeated several times",General,noun
omweza,plant with heads of yellow flowers,General,noun
omwezangabu,captured slave; slave given by king,Governance And Administration,noun
omwigazi,the one who shuts the doors and windows of the king's house,Governance And Administration,noun
omwigusi,one who is satisfied with food,General,noun
omwihangwe,in the middle of the day,General,adverb
omwihura,"climbing creeper with tendrils, white flowers with black centres, a local medicine pounded and mixed in water to cure stomache",General,noun
omwihwa,"a niece or a nephew, a child born to your sister",General,noun
omwikazi,"settler, one who stays in one place",General,noun
omwikazi wa hamu,stays at home or in one place,General,noun
omwikiriza,"a believer in gospel message, follower",General,noun
omwiko,wooden stirrer used when cooking millet,General,noun
omwinamirro,decoration round edge of skins,General,noun
omwinazi,"an unlucky poor person, a disliked person, wretch: an evil, unpleasant and annoying person",General,noun
omwingirizi,one who marries a widow usually the late husband's brother or father,General,noun
omwinuzi,"entertainer, host esp. giving guests food and drinks",General,noun
omwiriringwa,"creeper with blue flowers, whose roots are chewed",General,noun
omwiriza,way of whistling esp. common with herdsmen,General,noun
omwirukirizi,"one who runs to help; rescuer, comforter; mourners from ouside the bereaved family",General,noun
omwisiki,"girl, woman in her youthful age",General,noun
omwitiro,"smell of smoke in milk, smoke from a small pot used to produce a good scent in a milk pot",General,noun
omwitumbi,in the middle of the night,General,adverb
omwituruzo/omwitizo,"strainer, funnel esp. for banana wine or juice",General,noun
omwoganyanja,"plant with small pink flowers, found in swamps",General,noun
omwogyo,water that has been used for washing milk containers,General,noun
omwohoza,"lender, one who gives out money to one in need",General,noun
omwohozi,"borrower, one who gets money from the owner or any other thing",General,noun
omwokerezi,one who sets fire on the bush,General,noun
omwokyo,"burn, use of hot material as traditional therapy",Health & Medicine,noun
omwomyankoora,the apex of sunshine or heat,General,noun
omwonkerezi,one who helps calf or kid to suck,Common Animals,noun
omwoyoyo,one who has nothing but his looks to recommend him,General,noun
orubbaaho,"piece of timber, blackboard, board, long seat made of timber",Education And Learning,noun
orubibi,"thin membrane, cob-web like membrane on a liquid",General,noun
orubimbi,size of piece of land one covers during cultivation or weeding,General,noun
orubuga,"town, city,cleaned place for drying cereals",General,noun
oruculeero,"a meeting away from the crowd, a fellowship for imparting new morals or skills",General,noun
orucwamba,"star grass, a creeping tough grass",General,noun
orufunjo,papyrus reeds usually found in a swamp,General,noun
oruga,"shrub used for making beds, type of curved walking stick",Nature & Environment,noun
oruganda,language spoken by the Baganda,General,noun
orugando,tree with long sharp thorns - thorn tree,General,noun
oruganjo,place where bananas are trodden to produce juice,General,noun
orulimi,"tongue-part of the body ,language",General,noun
orumoiso,"razor, special shaving blade used in the past",General,noun
orumuli,"fire intended to provide light, a burning reed",General,noun
orunyakitara,"a language made up of mutually intelligible dialects such as Runyoro, Rutooro, Runyankore and Rukiga",General,noun
orunyankore-Rukiga,"language of the Banyakore and Bakiga usually considered as speaking, one language",General,noun
orugisa,"charm, witchcraft, amulet: magic worn in the waist that is used to control or protect something or someone",Culture And Tradition,noun
oruguragusa,plant which brings out some milk-like sap,General,noun
oruhaara,"framework where chicken are kept, rack",Common Animals,noun
oruhagara,"a cluster, a number of things of the same kind growing together closely especially of bananas",General,noun
oruharabu,language of the Arabs - Arabic,General,noun
oruhi,"a slap, hit with an open palm on the head",General,noun
oruhiira,"burnt bush, a burnt ground or field especially a feild where they want to grow millet",General,noun
oruhindi,language of the Indians - Hindi,General,noun
oruhongole,room where goats and sheep are kept at night,Common Animals,noun
oruhorohozi,soft part on a baby's skull,General,noun
orukaca,"rough skin, usually as a result of disease or poor hygiene, scabby",General,noun
orukingi/orukingyo,large and thin muscle between the lungs and stomach; diaphragm cord,General,noun
orukizi,"spinal cord, marrow-like substance within the spine",General,noun
orukonge,floating vegetation on a river- moss,General,noun
orukonjo,Language spoken by the Bakonzo,General,noun
orusingasinga,language of the Singh orusingosingo,General,noun
orusoigyo,cone-shape sack of plantain leaves for keeping white-ants,General,noun
orutagwenda,"dialect sharing several characteristics of Runyankore, Rukiga and Rutooro languages",General,noun
orutambi,wick cotton or cloth which burns in a lantern-wick,General,noun
orutege,"strength ,opposite side of the knee",General,noun
oruti,prepared stick for roasting meat,General,noun
orwamba,language spoken by the Bamba,General,noun
orwanju,"irresponsible talk, especially, use of taboo words or obscene language in a public place, connected to sex",Culture And Tradition,noun
orwiru,"being insatiable, asking for too much, pestering for something",General,noun
orwoto,"a great fire made at night, in the front yard of a deceased person's house, where one mourns",General,noun
ota,to warm oneself at a fire,General,verb
otera,to scent with native perfume,General,verb
otu,for things not far from the speaker or what are in the mind of both the speaker and the person spoken to,General,noun
owa,"to express place first, second, and third person",General,verb
owaabu,"at his or her place, home, country",Geography,noun
owaanyu,"your place or country, your relative",Geography,pronoun
owaawe,"at your home, your relative",General,noun
owaise,", (pl. baise, a-); brother, sister(of same father)",General,noun
owange,at my home. my relative,General,noun
oya,"to desire, long for, hanker after",General,verb
paapaara,"to rush about, rush off in a picnic, dash off or out",General,verb
paapaata,"to feel with the hands, grope about",General,verb
paatika,"to patch, hence t accuse falsely",General,verb
pagasa,"to work for wages, or any valuable thing, toil",Economics And Commerce,verb
Pakuka,"to flicker, palpitate, walk very fast",General,verb
potoro,"patrol: the act of going to different places, areas or building by security personnel to ensure that there is no trouble or crime",General,adjective
pokopoko,campaign: a series of planned political activities that are intended to achieve a particular objective especially winning an election,Politics And Current Affairs,noun
pikipiki,motorcycle: a road vehicle with two wheels driven by an engine with a seat for the driver and onother for the passenger,Transport,noun
piini,pin. Var: pini. Etym: English,General,noun
pee,a sound made by somebody to show disagreement; it is accompanied by shaking a head or a hand,General,adjective
patana,contract: to do a work in a specified time and for a specified amount of money,General,noun
patana,button: a small usually round piece of metal or plastic that is sown onto a piece of clothing,General,noun
patana,"pattern: the arrangement of lines, words,sharpes or colours (especially in decorating or designing)",General,noun
pamu,heavily throw down from head mercilessly,General,noun
pakupaku,the person who gets annoyed very quickly,General,noun
paasika,Easter day: the day when christians remember the death and resurection of Jesus Christ,General,noun
paasi,a flat iron: a device used in making clothes clean,Technology,noun
paapa,pope: the top most catholic church leader who is greater than the bishop,General,noun
paagyema,pyjama: a pair of loose trousers tied by a drawstring around the waist; worn by men and women,General,noun
paa int.,a sound made/produced when something is shot or brought down,General,noun
pamiti,"permit, a form of licence for a short-time",General,noun
pankapanka,"to play pranks on, humbug",General,verb
papira,"to flap wings, flutter, be in a hurry, be excited",General,verb
paraicuka,to leave and run or fly off swiftly,General,verb
peregechu,"used as qualifier, very dry parched place, desert",General,noun
pika,"to pack in, squeezein, pump",General,verb
pipiza,"to make shiver, shake, tremble",General,verb
pukumuka,"gush out, to be poured out of container with narrow mouth",General,noun
puresa,blood pressure in terms of higher or lower than normal,General,noun
itojo,"prickly shrub with spikes of pink flowers, found chiefly on the outskirts of forests. Acanthus arboreus",Nature & Environment,noun
kibirilzi,tree with very bitter leaves which are chewed to .clean the mouthahd used for rubbi Ag irrside beer pots ( ven_zonia amygdalina),General,noun
malere,"bracken, tree ferns. Cyatlzea deckenii and c. dregei",General,noun
mubakampungu,tall forest tree with a white juice. The leaves are purple-red on the under side. Ch1ysophyll11m perpulchrum,Nature & Environment,noun
mubambanjobe,small prickly tree on the edges of forest or in secondary forest. Chaetacme microcarpa,General,noun
mubengeya,"common small savannah tree, wild sour-sop. Annona chrysophylla",General,noun
mubimba,"slender shrub or small tree with yellow pea-flowers and long thin pods, often used as a shade tree for coffee. Sesbania spp",Nature & Environment,noun
mubombo,"common savannah tree with a round crown, especially common on rocky hillsides. the flower spikes are yellow, borne before the leaves which are pinnate .Lannea barteri",General,noun
mubura,tall forest tree. Parinarium exce/sum.P.hoestii,Nature & Environment,noun
mucoou,"forest tree with feathery foliage. Albizziaferruginea. Cathormion altissim11m. The fruits of the former are straight, those of the latter are cojled",Nature & Environment,noun
mufumbi,"the central axis of the fruit capsule of Entandrophragma Utile, amahogany tree with deeply channeled and cross-cut bark. The axis is used to cure the disease of the same name. omufumbi is now loosely used as the name of tbe tree, which strickly speaking should be omuyovu",Health & Medicine,noun
mufunjo,African Blackwood or Ebony.Dalbergia melanoxylon,General,noun
mugali,"small savannah tree with white flowers, broad,dark-brown pods, and bi-lobed leaves. Bauhinia thoniingii",General,noun
mugema,"tree with very large fruits with edible seeds, the Calabash Nutmeg. Monodora myristica",General,noun
mugeye,"a large, flat-topped, forest tree with very delicate feathery foliage, yellow-brown flower spikes and long, fiat pods. African Greenheart. Piptadenia africana",Nature & Environment,noun
mugo,"acacia found in low-lying, often swampy valJeys; the flowers are in spikes and it has black, recurved, claw-like spines. Acacia campylacantha",Nature & Environment,noun
mugorogoro,"palm-like tree with smooth, grey stem and leaves in tuffs at the top. Dracaema spp",General,noun
mugote,"timber tree with dark, shaggy bark, yielding a bard, red wood of considerable value.pygeumafricanum",General,noun
mubakwa,small tree with sprays of purpl e pea-flowers.Milletia spp,General,noun
muhamagwenjojo,"small savannah tree with corky bark, much relished by elephants. Steganotaenia arafiacea . Also used for cussonia arborea, another savannah tree with a somewhat similar bark",General,noun
muhekeheke,small tree found on the edges of forests. The large white flowers with numerous yellow stamens are borne when the tree is leafless. Caloncoba schweinfurthii,General,noun
muhimbi,"the name used in Budongo forest region for Cynometra alexandri,ironwood. a very large tree with extremely hard heavy wood, flat kidney-sharped pods, and hawthorn-scented flowers",General,noun
muhiodi,Cynometra alexandri. the name used in the Bugoma and Tooro forests. See omult imbi,General,noun
muho,"tree with large opposite leaves, large opposite stipules, and small round heads of white flowers. Mitragyme brostipulacea. Also used for a number of large-leaves ficus spp. (figs)",General,noun
muhoho,", tree with light cork-wood from which strops (enko) are made",General,noun
muhoko,"a rambling undershrub with sub-succulent leaves and spikes of flower having somesimilarity to those of mignotette. Phytolacca dodecandra. (2) large forest tree with corrugated dark-brown bark, and a whitish timber with ebony-black streaks. Maba abyssinica",Nature & Environment,noun
mubomozi,"a common savannah tree with digitately-compound , glabrous,shining leaves, and purple-black fruits the size oflarge damsons. Vi/ex cuneata",General,noun
muhondo,spiny tree of dry savannahs with edible fruits the size of dates. Boiani/es aegyptiaca,General,noun
muhongera,"a common tree on the edge of forests in Bunyoro, with a grey-white,furrowes stem, and purple fruits the size of acorns. Maesopsis eminii",General,noun
mujogo,"Locust Tree, a tree with feathery foliage, dependent, red, clubshaped inflorescences, and clusters of long pods. Parkia fili coidea",Common Animals,noun
mujongo,"crabwood, a forest tree with large, shining, pinnate leaves, and large fruits containing shining, brown seeds larger than chestnuL Carapagrandiflora",Nature & Environment,noun
mujugantaara,"tree with straight stem and umbrella-sharped crown. The leaves are pinnate and extremely long. The wood is soft and used for making beer canoes, beehives, drums, endingidi, etc. Polysciasju Iva",General,noun
mujunju,large forest tree the leaves of which are tri-nerved from the base. Ce/tis kraussiana,Nature & Environment,noun
mujwa,"Pattemwood, a tall tree with whorled leaves, yielding a useful soft white wood much in demand for soap boxes, tea-chests, and petrol cases. The stem is deeply fluted and the latex is milky.Alsonia congensis",Transport,noun
mukara,"Terminalia avicennioides, and other similar species of Termfna/ia.Common savannah trees with black deeply furrowed bark and 2-winged fruits",Biology,noun
mukede,a tree from which strong barkcloths are obtained,General,noun
mukindo,wild date palm Phoenix reclinata,General,noun
muko,"Uganda Coral, a small prickly savannah tree with poker like spikes of red Bower, borne when the tree is leafless.Erythrina beguaertii. E. Tomentosa",General,noun
mukoko,tall timber tree. Witch tree of Mubende.Pterygota,General,noun
mukole,tree on forest edges; flower white. Dombeya mukole,General,noun
mukomakoma,", tall straight understorey tree in forest, with tri-nerved leaves. Ce/tis soyallxii. C.zenkeri",General,noun
mukora,common savannah tree with 4-winged purple fruits. Combretum binderianum,General,noun
mukoora,large forest tree yielding useful walnut-like wood. Lovoa sp,Nature & Environment,noun
mukunyu,various species of fig (Ficus),Biology,noun
mukuzanyana,"large forest tree with long pointed stipules protecting the buds, used as a medicine for East Coast fever (disease of calves). Klainedoxa gobonensis",Health & Medicine,noun
mukworo,large tree resembling a wild fig,General,noun
mukyora,", a tree the leaves of which are used in divination and yield an aperient medicine",General,noun
mulemangundu,"very decorative little savannah tree, bearing a profusion of pink or purple flowers before the leaves. The fruits are long and thin like bootlaces. Stereospermum kunthianum",General,noun
mulembe,a tree used for making spirit huts,General,noun
mulimbi,"tall forest tree with digitately-compound leaves and large, tubular, scarlet flowers. The stem is generally covered with cork:y spines. The fruits yield a cotton or kapok. Bombax reff exum",Nature & Environment,noun
mumara,forest tree with a durable wood and reddish fruit pods. E1ythrophlocum guineense,Nature & Environment,noun
mumuli,"orest tree with flat, winged,heart-shaped fruits. Holoptelia grandis",General,noun
munyama,"Uganda Mahogany, large trees with woody capular fruits. Khaya anthotheca. K.grandifoliola",Nature & Environment,noun
munyamata,"Chrysophylum gomeruliflorum , and C.sp. (undescribed) forest trees",General,noun
munyaara,"Uganda Flame Tree, tulip tree.Spathodea ni/otica",General,noun
munyege,tree the fruits of which (ebinyege) are used as rattles worn round the ankle when dancing,General,noun
munyinya,various spp. of acacia including A. Sieberiana,Nature & Environment,noun
munywamaizi,"cornmon understorey tree in Bunyoro forest. Lasiodisaus mildbraedii, omuban gabagenzi",General,noun
murama,savannah tree with yellow fruit. Combretumguizu,General,noun
muramura,a tree used for building spirit hut,General,noun
murongo,". Tree with bi-pinnate leaves, pink flowers and flat pods. Albizzia grandibracteala",General,noun
muruuru,"tall forest ee with Large leaves, silky silvery-white on the under side. Its juice is milkY·Chrysophyllum albidum",General,noun
musasa,"a forest-·edge tree with graceful drooping foliage, red-tinted wen getting old. Its wood is used for making cbaracoal. Sapium e//ipticum (Possibly Luganda)",General,noun
museeta,"a tree of river banks in savarnim, which bas 2-winged, reddish fruits, white flower spikes, and a bard yellowish wood. A perfume (eseeta) is obtained from we bark. Tenninalia brownii",General,noun
musisa,"forest tree with dark, shaggy bar pi flowers aod feathery foliage. Albizzia coriaria",Nature & Environment,noun
musoodo,"Uganda Corkwood, a tall tree with digitately-compound leaves and a very soft, light, white wood. Ricinodendron africanum",General,noun
musoko,"a common tree in Kibaale forest, Tooro. The wood is yellow-white and scented. Warburgia ugandensis",General,noun
musoomoro,tree with rough leaves which are used as sandpaper,General,noun
mutabwankubebe,"small tree with very bard wood and beartshaped, 2-winged fruits. Hymenocardia acida",General,noun
mutatembwa,satinwoods. Large forest trees with yellow wood with satinysheen and fragrant odour. The stems are usually spiny. Fagara spp,General,noun
mutete,"smaJJ forest tree with hardwood, used for procuring fire and for hoe handles. Monodora gibsonii",Nature & Environment,noun
mutooke,wild rubber tree. Funt11mia latifolia,General,noun
mutoma,tall tree from which a whitebarkcloth is obtainable. Antiaris africana,General,noun
mutugunda,large tree with edible fruits like figs,General,noun
mutuuma,tree from which strong red barkcloth is obtainable,General,noun
mutumba,"East African Teak, Uganda's most valuable timber Chlorophora excelsa",General,noun
muyonza,"prickly shrub With and pink flowers, and edible da coloured fruits with a white milk)'Carissa edulis",Nature & Environment,noun
muyoora,tree with scarlet flowers· the berries are sent as a message,General,noun
muzo,"small tree in forest. Leaves tn-foliolate, wood white, dense cl<>sc. grained, used for making barkcloth mallets and walking-sticks. Tee/ea nobilis",General,noun
mwagara,a forest tree. Tapura sp.nr fischeri,Nature & Environment,noun
mwebende,"tree with small stilt roots,large digitately-compound leaves, and large edible yellow fruits. Myriamhus arboreus",General,noun
mwiha,"a short-lived, fast-growing tree found in forest gaps. Trema guineensis",General,noun
mwirima,"small tree in forest. Flowers white, turning purple as they fade. Capparis afzelii",General,noun
mwongogwenkede,"large shrub or small tree in forest. Leaves large, dark-green, shjnin. Flowers white, sweet-smelling. Fruit large, green. Sap milky. Conopharyngia holstii",Nature & Environment,noun
ndaawa,"tree found in Bwamba, from the bark of which a red dye is obtained, also a medicine for dysentery. It is used in trial by ordeal",Health & Medicine,noun
ngoti,"tree from which barkcloth mallets are made, also hoe handles and walking- sticks",General,noun
nkoba,"Tree yielding a timber resembling walnut. Mildbraediodendron excelsum.Tall t ree with pinnate leaves and round fruits the size of oranges, with flavour of raw French-beans",Nature & Environment,noun
nkondwe,small tree with pretty pinkish-purple flowers. The bark is used for making rope. Securidaca,General,noun
nkurajo,"A short-lived, fast-growing species found in forest gaps. Trema guineensis",General,noun
nkwasi,tall tree with branches borne at right angles to the stem. Flowers scarlet. Aresin from the fruits is used for fixing tool blades and spear heads to the wooden shafts. Symphonia gabonensis,General,noun
nsabi,tall slender forest tree with small purple flowers and milky latex. Bosqueia phoberos,Nature & Environment,noun
ntaleyirungu,"Satinwoods. Forest trees with lustrous yellow wood, usually with spines on the trunk. Fagara spp",General,noun
ntanyeenya,forest tree with conspicuous decorative sprays of pink blossom. Cassia (probably) mannii,Nature & Environment,noun
nyabuliko,savannah tree with white flowers. Usually spiny. Gymnosporia senegalensis,General,noun
nyabununka,"forest tree remarkable for the foetid odur of the dry-wood. Ce/tis durandii, var. ugandensis",Nature & Environment,noun
nyajungu,small tree with long fruits; the wood is used for boats and hoe handles,General,noun
nyakatoma,"Uganda mulberry, a tree with tri-nerved leaves and bright yellow, useful wood.Morus lac/ ea",General,noun
rugando,"common bush, or small tree, with golden-yetlow flower balls and narrow sickle-shaped pods. Acacia stenocarpa",Nature & Environment,noun
rugusagusa,"tree with serrated leaves,and berries which are used as a cure for warts",General,noun
rukoyo,tall forest tree with large fruits much relished by elephants. Balanites wilsoniana,Nature & Environment,noun
runondwa,small tree with edible seed which grow in pods like beans,General,noun
rusambya,tree with large yellow flowers and long strap-like fruits. The wood is very durable. Markhamia platycalyx,General,noun
rwata,Small forest trees with digitately- compound leaves. Vitex amboniensis. V.keniensis,General,noun
sambarasaki,"tree found on forest edges.Leaves cordate, flowrspikes white.Croton macrostachys",General,noun
raakaana,"cry foul, to shout continously, make a noise, talk loudly",General,noun
raalika,"to appoint work, tell bfore hand",General,verb
raaliriza,"to postpone, put off, till tomorrow",General,verb
raliza,"to invite for feast, work etc",General,verb
raama,"to cry for mercy, plead, speak magic words, say an incantation",General,verb
raamiira,"amahembe, to speak magic words",General,noun
raata,to speak with a lisp,General,verb
raba,to search like a hen,Common Animals,verb
rabuka,to take gift to a superior or to both a bride or a bridegroom,General,verb
rabya,to search and collect edible grasshoppers in grass,General,verb
raga,to bid good-bye to bid farewell,General,verb
ragalika,"to let fall, shed, scatter, drop about",General,verb
ragaraganiza,"to put off, postpone, procrastinate",General,verb
ragaza,"to dust, wipe away, erase",General,verb
ragiira,"to show how to do, give instructions",General,verb
ragira,"allow, to command, order, charge",General,noun
ragiriza,"to show, point out, order for the service you want",General,verb
ragora,"to prophesy, divine, consult, augury",General,verb
raguza,"to consult oracles, enquire of. (divining with doctor or diviner)",Health & Medicine,verb
rahiza,"to make to swear, adjure, to scatter",General,verb
rahuka,"to hasten, hurry, be quick, be easy",General,verb
rahya,"to beat drum especially for war purposes, to search and collect grasshoppers in grass",General,verb
rahiriza,to stand on tiptoe so that you may reach up,General,verb
raihya,to lie in the bed (of the King of Tooro and Bunyoro),Governance And Administration,verb
rakaaraka,"to pant, be out of breath, be parched with thirst",General,verb
ralika,to cut wood and leave it on the ground to dry for some use,General,verb
rama,"to live long time, be in good health",General,verb
ramaga,"to make campaign, go to war, go on a pilgrimage",General,verb
ramara,to become lame or crooked,General,verb
ramata,"to stick, cling, be hard to move",General,verb
ramaza,to make lame or crooked,General,verb
rambika,"to lay along the ground, place horizontally",General,verb
rambikiriza,"stretch out the legs, lie full length",General,verb
rambura,"to inspect, go round the place to see what is there",General,verb
ramuura,"to value, fix a price, adjudicate, bargain, judge, appease, intervene to stop fighting",General,verb
ramuza,"to bargain with, ask the price",General,verb
ramya,"to pay homage to a superior, worship, perform",General,verb
randa,"to climb, spread, run along",General,verb
randabara,"to spread, stretch, roll about, be inactive",General,verb
randagatana,use many unnecessary words; scatter around,General,verb
randamuka,"to be sticky, to be drawn out, be elastic",General,verb
ranga,"to plait, weave, twist, announce, give notice of, introduce",General,verb
rangaaniza,"to publish abroad, advertise, spread, celebrate",General,verb
rangaara,to go and live in a temporary shelter in a new place pending a real house,General,verb
rangaija,to waste someones time visiting,General,verb
ranganwa,"be published abroad, be well known, famous",General,verb
rangiira,"to announce publicly, proclaim, put up a notice",General,verb
ranza,"to bind a long bundle, put down carefully",General,verb
rara,"crack, leave home, wander about be disobedient",General,noun
raranga,to scatter in all directions,General,verb
rasira,"to beat, throb, pulsate; v.pr. shoot at",General,verb
raza,"cut down (trees); strew, scatter about",General,verb
laijalaija,"retail, selling one by one",General,noun
lebaleba,"to be loose, insecure, wobble, be fragile; walk hopelessly. run in vain",General,verb
lebera,"; to be proud; hang down, hang loosely",General,noun
lebeya,"to be suspended, hang down, dangle",General,verb
lebura,to strike on the cheek,General,verb
leebaleeba,"to look out for, eatch from a distance",General,verb
leebuka,to be visible from far,General,verb
leega,"to sit and beg for food or drink, sponge",General,verb
leegura,"to give to a beggar, slacken, losen",General,verb
leeta,"to bring, conduct, produce, fetch",General,verb
leetangana,to come one after one another,General,verb
legama,to collect in a hollow,General,verb
legura,to remove corn after grinding,General,verb
legya,"to catch rain water, tap, harvest",General,verb
leha,"to pay as compensation, pay a fine",General,verb
leheerra,to pay fine for anoher,General,verb
leka,"to leave, let alone, abandon, stop, cease fire",General,verb
lekeerra,to live one do the work all by himself,General,verb
lekera,"to set free, to let go",General,verb
lema,"to rule, reign over others, be too hard or too much",General,verb
lemeera,"to be heavy, difficult, burdensome",General,verb
lemera,to refuse to give back,General,verb
lemesa,to place over as a ruler,General,verb
lenga,"to try, test, prove, measure",General,verb
lengeerra,"to suppose, guess, recollect, think of how, consider",General,verb
lengeetuka,"to lie with head lower than feet, be lost to sight, disappear over",General,verb
lengeetura,"put on a slope, out of sight",General,verb
lengera,to see something which is far away,General,verb
lengesa,"to prove with, use for measuring",General,verb
lengura,to tickle throat to cnduce vomiting,General,verb
lenguura,to empty out anything measured cure a bewitched person,General,verb
lera,"to bring up, rear, nurse",Health & Medicine,verb
leremuka,"to crack, split, slit, cut",General,verb
libata,"to walk, tread, step upon",General,verb
ligira,"to be fond of, fall in love with",General,verb
ligisa,"to clean very thoroughly., finish off with great care, smoothen, be elaborate",General,verb
liibwa,"to be eaten, be edible, be itched",General,verb
liiriira,"eat all the food, be greedy",General,verb
liita,set a trap for zebras,General,noun
linda,"to take care of, guard, wait for",General,verb
linga,to be on the look out for,General,verb
reediyo,radio: an electronic receiver that detects and demodulates and amplifies transmitted signals. Etym: [<English. radio>],General,noun
roba,to fish with hook and line,Common Animals,verb
robaramu,"to pick out share, take percantage",General,verb
rofuhara,"to be dirty, be solevenly",General,verb
roga,"to bewitch,charm, cast evil sppell",General,verb
rogoorra,"to remove a spell, exorcise",General,verb
rokera,"to bring forth new leaves, sprout, begin to grow",General,verb
roleerra,"o gaze at, oversee, look after, be opposite",General,noun
rongoora,"to give a present in return, remunerate, recompensent",General,verb
rongoya,"to be loose fitting, be too small for",General,verb
ronka,"be upset, slip and fall suddenly, roll",General,verb
ronkera,to give a rembembarance to a loved one,General,verb
rooba,to wear a loin cloth,General,verb
rooma,"to be up to the full amount, reach everywhere",General,verb
roorraaniza,"to compare, scrutinize two or three things before selecting",General,verb
rootoorra,to itnercept or tell a dream,General,verb
rorangan,"to look at one another, visit each other, be opposite",General,verb
rubaale,red bull with tiny whitespots,Common Animals,noun
rubamba,"a bull with grey and white brown colour with white patches on the throat. Var: mbamba, kabamba",Common Animals,noun
rubambo,wooden peg used for stretching a 'skin'.tent peg,General,noun
rubango,one of the potatoe specie,General,noun
rubata,"to walk. move foreward, tread",General,verb
rubatana,"to tramp, go very quickly, walk to and fro",General,verb
rubaziiro,"seam, a cut on body with stitches removed from it",General,noun
rubibi,"little bank of earth divivding garden plots, scum, veil over eyes",General,noun
rubika,"to beat iron with a large stone, hammer",General,verb
rubimbi,an allocated piece of work,General,noun
rubindi,small earthenware pot for milk,General,noun
rubiribiri,plant with orange flowers in heads of tubular florets and very hairy fruits (gynura crepidioides),Nature & Environment,noun
rubuga,a king's sister in Ankole,Governance And Administration,noun
rubumbuza,one who does not fear to travel through darkness,General,noun
rucebeya,frame work on which simsim is laid todry,General,noun
rucoorro,very poor or feeble person,General,noun
rucuba,wooden vessel used for soup or gravy,General,noun
rucucu,hair of pubes (at the age of 13-16),General,noun
rucuro,"reserve of strength, good looking",General,noun
rucuubya,"plant with tiny white flowers, used for making baskets and brooms",General,noun
rucwa,name given to a great thief,General,noun
rucwe,go away from due.(uncontrolled person),General,verb
rufumbiro,draw a trail round prey.(in hunting.),Biology,noun
rugs,"to go out, come from doing somethin, come from",General,verb
ruga,to chase someone away from you or call someone in a commanding voice,General,adverb
rugaaga,"variety of papyrus used for making baskets, etc",General,noun
rugaga,"metal bracelet of several spiral, metal gaurd of road lamp",General,noun
rugagara,"large basket framework over which clothes, etc",General,noun
rugiisire,"thebag of the stomach, maw",General,noun
rugiza,"to go away from; leave, make room for",General,verb
rugo,"fence of wood or reeds, herd, flock",General,noun
rugondo,a bull or a male calf that has small white spots,Common Animals,noun
rugoye,"cloth, plant found in savanahs used for making mats",General,noun
ruguma,long walking stick with iron ferrule,General,noun
rugwamu,to get the result of one's deed,General,verb
rugwani,stake for hunter 's net,General,noun
ruhaarra,an insect resembling locust with strong back legs forjumping,Common Animals,noun
ruhambiro,"passage, tunnel made by termites",General,noun
ruhana,"deep wide ditch, blacksmith's tongs, wooden key for fixing joints",General,noun
ruharo,"(pl. -mparo), plantain garden of a chief; public labour done in rotation",General,noun
ruhaswa,"long iron stick with projections at the top on which are hung bags of coffee berries, etc. (part of Royal paraphernalia)",General,noun
ruhazi,reddish-brown ant which bites fiercely,General,noun
ruheeka,gladiolus (the roots are wom as a charm by mothers when their children are faced by dangerous situations),General,noun
ruhendo,"path, beaten or craved track",General,noun
ruhere,"skin rush, scabies, itch, mite",Health & Medicine,noun
ruhi,"a slap by palm of a hand. teera empi, slap the cheek or ears",General,noun
ruhiga,bath made in a hole and heated with red hot stones,General,noun
ruhiirra,"to aint, languish, breathe hard",General,verb
ruhorobozi,"fontanelle, crown of head, pulse in baby's front scalp",General,noun
ruhoso,shaft of spear without blade,General,noun
ruhugu,name given to a thief,General,noun
ruhugura,plant with sall yellow flowers and prickly fruits,General,noun
ruhunge,basket for catching edible grasshoppers or locusts,General,noun
rukaraiga,long rope with many nooses used as a snare for guinea fowl,General,noun
rukato,short needle for making mats,General,noun
rukindo,"seam in cloth, division of palm leaf",Mathematics,noun
rukoba,"strap, belt, thong, tape measure",General,noun
rukoko,"crust, cream on boiled milk , hard millet left in the cooking-pot",General,noun
rukoma,sticky sap of omukoma used to tum milk sour and given to new-born calf,Common Animals,noun
rukondezo,first cluster at top of bunch of plantains,General,noun
rukundo,love: a strong feeling of deep affection for somebody especially a member of your family or friend,General,noun
rukonge,"growth at sides or a well that is dug, green colour",General,noun
rukoora,"sweet potato slip; handful of grass thrown down to block a path, (usually by people who go a head of others)",General,noun
rukoro,place where edible grasshoppers are found,General,noun
rukoroba,"hedge, fence of cut sticks",General,noun
rukoroigo,"climbing parasitic shrub with red ftowers, from the leaves of which a medicine for dysentery is obtained (combretum paniculatum)",Health & Medicine,noun
rubunguko,"short call, visit in passing",General,noun
rubungyo,"basket, etc. for catching locusts or grasshoppers",General,noun
ruhuuga,a bull with white forelegs,Common Animals,noun
ruhuuka,"to drink to satisfaction., revive after weariness",General,verb
ruhuura,a grey bull with dull white spots,Common Animals,noun
ruhuuzo,wooden flail for threshing millet,General,noun
ruhya,"to make exhausted, weary, tire",Transport,verb
rugaji,make merry. plant with edible fruits,General,verb
rukunguru,very small black insect destructive to crops,General,noun
rukwanzi,"bead, a string of white beads put in the brides bead basket and put in the neck of the bride groom by the aunt of the bride on the day of presents from the bride 's parents",General,noun
rukwebe,said before attempting to solve a ridddle,General,noun
ruleeba,"leaf bath,hole in the ground where bananas are trodden",General,noun
rulemba,bull with white stripes on face and sides,Common Animals,noun
rumaiso,small knife for shaving the head,General,noun
rumi,"uffix to some nouns to impart onto them masculine meaning, e.g. nyina, his/her maternal uncle",General,noun
rumiriza,to bear unrefutable witness against a person,General,verb
rumisa,"just a moment, very short time",General,noun
rundubara,shyness usually causes reservedness in somebody,General,noun
rungi,"good, beautiful, with positive qualities",General,noun
runguurra,to swim (of head); be giddy,General,verb
Runkucu,name given to a very poor person,General,noun
Runkunku,name given to a thief,General,noun
runkurato,second cluster of plantains on a stem,General,noun
runkuru,"repeating many times, something offending done or said to you",General,noun
runombe,atmospheric haze prevalent in hot season,Nature & Environment,noun
runumbu,a kind of orchid with large red and yellow flowers,General,noun
"runyamurara,",bull with stripes all down back,Common Animals,noun
runyeerre,small bracelet of twisted copper wire,General,noun
runyege,dance performed with rattles worn round tlte ankles,General,verb
runyero,"dance of diviners , at initiation ceremonies",General,verb
runyimba,witclt-doctor's rattle played by shaking a gourd in the hand,Health & Medicine,noun
ruranga,"sauce made of fat, salt and water",General,noun
ruro,one plant or grain of millet,General,numeral
rurra,plant with small mauve flowers that exudes a slimy juice,General,noun
ruruko,"upper part of stalk of millet (oburo) and of engaaga, used for making baskets",General,noun
ruruma,"to be fierce, savage, cruel",General,verb
rurungurungu,species of reed used for the shafts of arrows and in building,Biology,noun
ruruuka,"to gobble, gorge, be greedy",General,verb
rusa,bank at the side of the road,General,noun
rusaasa,black mud which is sentenced and used as a perfume,General,noun
rusale,"small calabash for holding grease, butter",General,noun
rusandago,incisions cut on the body by traditional healer where medicine is applied,Culture And Tradition,noun
rusibi,illness which causes blackening of face,General,noun
rusiisira,"temporary hut, make-shift or temporary hut or camp made of grass and reeds",General,noun
rusika,disease of plantains: cause of strife or severe quarrel,General,noun
rusinga,"half a carcass, plant, the stalk of which is used as a toothbrush or shaft of spear",General,noun
rusoigi,"plantain leaf folded to hold tennites,etc.;rat-trap",Common Animals,noun
rusorooro,: shrub the twigs of which are used for cleaning teeth and as a broom,Nature & Environment,noun
rusugi,one left outof the several,General,numeral
rusuura,"crest (of crane, eagle etc.)",Common Animals,noun
ruswa,"edible flying termite, Kings braizer",Common Animals,noun
rutaaba,"a very large thing, used with the particle",General,noun
rutaaho,when the cattle come home,Common Animals,noun
rutahyo,"small calabash with crooked handle and hole in side, used as a cup or ladle",General,noun
rutale,"white bull, goat or dog",Common Animals,noun
rutambu,"band's breadth, span, measured pace",Art And Entertainment,noun
rutanana,"mark of liquid on skin, trail of a slug",General,noun
rutanga,a black and white spotted male goat,Common Animals,noun
rutangakwana,"framework of sticks used in holding up a load, such a framework with a loadon it",General,noun
ruti,wooden grid used for grilling,General,noun
rutoko,a large kind of mushroom,General,noun
rutonzi,"a plant, the wood of which is used for procuring fire",General,noun
rutotoima,"plant with sweet smelling yellow flowers and small, red, edible fruits",General,noun
ruturatule,wadng bird with long legs found by the salt pans at Lake katwe,General,noun
rutuuti,raised platform in a house,General,noun
ruunyu,"disease of plantains, poor soil,infertile soil",General,noun
ruuta,"to comb, to beat mercilessly",General,verb
ruyonza,it is a he-goat with small white dots,Common Animals,noun
ruzitoima,bush with terminal balls of tiny white flowers,Nature & Environment,noun
ruzomba,speckled red and white bull,Common Animals,noun
rwabbaaraire,inferior salt given to cattle,Common Animals,noun
rwabusungu,one of the crowns worn by the kings of Bunyoro Kitara and Tooro,History And Historical Accounts,noun
rubagira masega,one who provides nourishment to the eagles,General,noun
rugabu,white and black or white and brown he-goat,Common Animals,noun
rugamba nabato,he who talks with the young,General,noun
rujumba,a male goat with grey-black colour,Common Animals,noun
ruhanga,God: the supernatural being conceived as the perfect and omnipotent and omniscient originator and ruler of the universe; the object of worship in monotheistic religions,Astronomy And The Universe,noun
ruhurabo,type of banana with light grey fruits usually far making wine,General,noun
rukahemura,name given to someone born immediately after the death of a significant figure. esp. a parent or grandparent,General,noun
ruyonga,the name given to someone born dark skinned or of abayonga clan,General,noun
rwitabataaruuzi,a period in the evening around 7.00pm,General,noun
rwinika,a cow with big horns facing forwards,Common Animals,noun
rwigura-mumiro,the first thing you eat before eating anything,General,adjective
rweziringa,a slow person. rwiba-mutima n. death,General,noun
rwemereza-bagyenzi,something which has yielded highly,General,noun
rwemereza,it is a type of peas which has big white seeds,General,noun
rweganywa,unbeatable person or system that you cannot fight and defeat,General,noun
rwecunda,a bore-hole: a hole or passage made by a drill; usually used to pump water from underground,General,noun
rwebisingo,compost pit for garbage collection,General,noun
rwatamagufa,"a man with great physical strength, especially one who performs feats of strenght as a form of entertainment",General,noun
rwarwa,alcohol: a local brew made out of yellow bananas,General,noun
rwaranda,famine: lack of food fo a long period of time in an area,General,noun
rwango,hatred: a strong feeling of dislike of somebody,General,noun
rwamigongo,a banana specie that has big and long banana fingers,General,noun
rwaiguuga,a word used to refer to something very big or huge,General,adjective
rwagati,middle: the part of something that is at an equal distance from all sides,General,noun
rwabwamba,an item used in devination,General,noun
ruzimure,sorghum porridge made from a certain,General,noun
rutyaza,a wild tree with long thorns,Nature & Environment,noun
rutinda-ngezi,an idol in the Kinyankore traditon,General,noun
rutasinziira,someone who is alert even in sleep,General,adjective
rutasanga,(of cattle) to eat grass or drink water,Common Animals,noun
rutarendeza,a weak and powerless person,General,noun
rutamiisi,a cassava specie that is poisonous when eaten raw or when it is not yet dry,General,noun
rutakirwa,the title of the King of Kigezi,Governance And Administration,noun
rutahikwa-mutozo,a term used as an a buse,General,noun
rutahikwa-mutozo,a rebellious person who ignores advice,General,noun
rutaara-omwagaagyi,a cow that is being caressed,Common Animals,noun
rusongoza,very sharp tops of horns,General,noun
rusanjuura-mumiro,a big chunk of food swallowed at ago,General,noun
rusanda,"locust: a big flying insect from Asia and Africa that moves in very large groups, eating and destroying large quantities of plants",Common Animals,noun
rusagama,cancer-like disease that eats up one part of the body like a toe until it breaks off,Health & Medicine,noun
rusagama,red: the chromatic colour resembling the hue of blood,General,noun
rusaaninga,a big bad fierce person or animal like a lion,Common Animals,adjective
rurombya,the one who weakens the other side,General,noun
rurembeezi,a bull with no circles of hair and it is not used for paying bride price,Culture And Tradition,noun
ruremba,a bull with a white striped belly,Common Animals,noun
rurega,"a form of therapy: to boil water for cows to drink. In this hot water, they put in anthills and some herbs and boil. This medicine is put in the trough for cows and they drink it hot. The same therapy used to wash people with leprosy. The same therapy would also be used if a cow had got retained placenta",Health & Medicine,noun
rureebya,"a person who gives away secrets about their friends, country, etc",Geography,noun
rurara .,sword: a weapon with long metal blade and handle used for cutting,General,noun
rurangaanwa,a famous person known by very many people because of his deeds,General,noun
runyabuza,a big cow with very small horns,Common Animals,noun
runuuka,a name given to a very poor person who cannot afford buying anything,General,noun
runonko,this is where herdsmen used to roast bananas and sweet potatoes from,General,noun
runanisa,a name given to a strong man,General,noun
rumwera,"a good cow, so beautiful that it cannot be rivalled",Common Animals,noun
rukuura,a banana wilt disease that cause them to ripen when they are not grown enough,General,noun
rukuunya,a person who works very slowly,General,noun
rukururana,trailer: a truck that pulls a container which has wheels,General,noun
rukura,a banana disease that makes banana fingers dotted black and ripen before maturity,General,noun
rukunya-akatimba,a name of a cow: this cow looks clean and shiny,Common Animals,noun
rukunu,a very poor family below the poverty line,General,adjective
rukonko,a very weak cow. rukooreera n. up in the sky,Common Animals,noun
rukondo,a bull with horns moving inwards and upwards,Common Animals,noun
rukomyo ],a traditional pot with four openings used by married women in prepration for intercourse,General,noun
rukome,a bull with horns moving forward and upwards,Common Animals,noun
rukakaare,weaverbird: Finch-like African and Asian colonial birds noted for their elaborately woven nests,Common Animals,noun
ruhuuzimu,a cow with grey colour or black mixed with white or brown hair,Common Animals,noun
ruhumbe,a bull with a single horn,Common Animals,noun
ruhumba-ntuutu,a person who eats everything that he/she comes across,General,noun
ruhombo,mould: a fine soft green grey or black substance like fur that grows on old food or in objects that are left in warm or wet air,General,noun
ruhiku,goodluck: a person who has good luck,General,noun
ruhigura,rain: a very heavy rainfall,General,adjective
ruhenda,a variety of millet which is hard to mingle,General,noun
ruhembure,hair dominated with grey hair,General,noun
ruhemba,comet: a bright object in space that has a tail of gas and dust,Astronomy And The Universe,noun
ruhabo .,that where one goes when they have lost way,General,noun
rugumba,a big and quiet man,General,noun
rugosi ],a person who praises his manhood and talks in relation to his manhood,General,noun
rugongo,n.flea: a very small jumping insect without wings that bite animals and sucks blood,General,noun
rugambwa,a famous person known by many people because of his deeds,General,noun
rugabire,rubber sandals that are locally made out of car tyres,General,noun
rugaaniira,musical instrument: a seed tray used as a tambourine or rattle,Art And Entertainment,noun
rucwamihingo,"an achiever, a go- getter: one who does not wait. He or she gets results quickly",General,noun
rubura,rascal: a person especially a man who shows lack of respect for other people playing tricks on them,General,noun
rubombo,a medicinal plant that is very bitter,General,noun
rubarura-ntojo,thunder: the idiomatic name for thunder,General,noun
rubaraasi,a brown bull with house patches on the throat,Common Animals,noun
rubanda,an ancient hero like Methuselah,General,noun
rubaba,"a name given to cows that have two breasts, the other two do not function",Common Animals,noun
rubaaga-empereka,a big and long knife especially used in slaughtering,General,noun
rwakyo,"flower, blossoms (esp. of beans)",General,noun
rwandu,;unnecessary or lengthy talk or action,General,noun
rwanisa,to fight with or against,General,verb
rwanju,"skin affection like acne whoredom, lasciviousness",General,noun
rwanyeesire,inferior salt given to cattle,Common Animals,noun
rwara,to be ill or sick,General,verb
rwaza,"to make ill, nurse in sickness",Health & Medicine,verb
rweju,slimy swamp mud used as a dye and base of a perfume block,General,noun
rwemo,place in a house for eating in. hall,General,noun
rwenge,plant like eteke used for rubbing on calves,General,noun
rwerre,"an open place in the bush, plain , surface",General,noun
rweru,"white goat, dog, or cock",Common Animals,noun
rweya,; to make a sheath for knife,General,noun
rweyerezo,broom made of ebiteete for sweeping,General,noun
rwezo,"good luck, blessing (of good crops)",General,noun
rwiho,present sent to a witch-doctors to induce him to come,General,noun
rwiru,loose talk and behaviour of common people,General,noun
rwongongo,"serum, slimy juice of plants",General,noun
rwoto,"camp fire, fire made when a person dies in a home",General,noun
lya,eat; enter on a chieftainship,General,verb
ryanda,"piece of hot charcoal, cinder",General,noun
ryarwa,traditional beer brought when marrying,General,noun
ryasa,space between the top middle teeth,General,noun
ryosi,illness of babies suffering from malnutrition kwashiorkor,General,noun
saaba,"time of day, watch, clock",General,noun
saabuka,"get out of mud, cross a swamp",General,verb
saabura,"to take out of mud, pit, swamp, etc",General,verb
saaga,"to be in excess, remain over, be plentiful. For some of its derivatives, see below",General,verb
saagaana,"to be very abundant, abound",General,verb
saagisa,"to have abundance; s. ensaagi, make profit",General,verb
saalinva,"to be hurt, be sorry, suffer",General,verb
saaliza,"to hurt, punish, give pain to",General,verb
saalizibwa,"to be made to suffer, be hurt",General,verb
saasa,"to be in pain, give pain to,hurt. a native perfume obtained from orusaasa",General,verb
saasaaniza,"to separate, put in different places",General,verb
saasaanura,"to take to pieces, unfold; s. amapapa, flap the wings",General,verb
saasibwa,"to be made to suffer,need",General,verb
sabaguza,to splash about in mud,General,verb
sabika,"to cook slightly and dry in the sun (enswa,etc.); prepare herbal medicines",General,verb
sabwe,"sauce made of butter cooked with water, salt, etc",General,noun
sagaarra,to offer (cows etc.); to a daughter on her marriage,General,verb
sagasa,to beat jungle when hunting,General,verb
sagira,"to come out of hiding and walk boldly about, be restless",General,verb
sagura,pillow (the head of another),General,noun
sahura,"to rescue (from fire), take by force, confiscate; make buttonholes, make table cloth",General,verb
saijabara,to show signs of manhood. to become drunk (Kings),General,verb
swajabara,to grow fat and cease bearing (cows etc.),General,verb
saka,"to go to find (food), forage",General,verb
sallirra,"to cut off, cut evenly, cut to fit",General,verb
samba,"to kick, stamp, tread; s. akaahi, baby kicking its bedings; expression meaning a baby is about three months old",General,verb
sambiirra,"to kick at, trample on",General,verb
samika,to look for materials that are mixed to make omugaju,General,verb
samuurra,to empty butter out of chum,General,verb
sana,to do a conjuring trick,General,verb
sanda,go to the father of a girl to ask him for consent to marry his daughter,General,verb
sandaiga,to put border on (mat),General,verb
sanduuko,"box,chest, case, trunk, coffer, crate",General,noun
sanduza,"to take out (liquid), in small quantities(when there is only a little left)",General,verb
sanga,tusk or ivory of an elephant,General,noun
sanginza,"to come upon unexpectedly,catch (a thief)",General,verb
sanika,to do a conjuring trick,General,verb
sankura,;to be hard and black in center (plantains),General,noun
sankuruka,"lose flavor, be insipid, anemic",General,noun
sansamuka,describes sensation in mouth after eating,General,noun
sansuma,to take a little flesh from some parts of freshly killed animal when asked to skin it,General,verb
sanzira,"to speak lightly, say inves t",General,verb
sarara,"be numb, be cramped, tingle",General,verb
sasa,"to scatter, sprinkle (e.g. seeds); v.i., become temporily mad; iraro lye lyasasa, his/her madness has boi led up",General,verb
sasanguka,"to be smashed, come to bits, brumble",General,verb
sasira,"to strew; s. enyungu, sprinkle millet flour on boiling water",General,verb
sasuka,"to be excited, act like a mad man",General,verb
sebengura,to smash up reduce to pieces,General,verb
sebeya,to make a framework for simsim (when drying),General,verb
seebeeka,"to pack tight, steam (bean leaves, etc.), cover with leaves",General,verb
seega,"to become wretched, poor, needy; beg, be poverty-stricken",General,verb
seeguka,"to become dissolute, go to the bad",General,verb
seegura,"to use bad language, vulgar language",General,verb
seeguurra,to give clothes to (the poor),General,verb
seegya,to make something reach a point where cannot escape,General,verb
seenyuka,to fall with a crash,General,verb
seera,"over charge, cheat, sell dear",General,noun
seererenva,to turn dark in cooking(e.g. plantains or potatoes with beans),General,verb
seerra,"to seek, look for, want, need",General,verb
seesa,"applying to things other than milk; to pour, spill hence pol ite way of maturation ; pull down a house",General,noun
seeseka,to be spilt; shake (mane),General,verb
seesekara,"to be spilt (grain, etc.)",General,verb
seesera,"; to attack, assault, quarrel with",General,noun
seesura,to collect weeds after sowing millet,General,verb
seeta,"slide along, drag oneself along on buttocks,(sitting position)",General,noun
seetuka,to go to pasture (cattle),Common Animals,verb
segesa,"to winnow, sieve, sift (up and down)",General,verb
segura,"sagura; pass. form, segurwa, ku-, ok11- (pf. -segwirwe)",General,noun
seka,"to laugh, laugh at; s. obukebuke, laugh insincerely",General,verb
sekeereza,to hold up a ridicule,General,verb
sekeerra,"to poke fun at, mock",General,verb
semba,"to cover, wrap, protect, bring up the rear",General,verb
sembera,"to come close, receive holy communion",General,verb
semburruuka,"to become undone, unwrap by it self",General,verb
semeerra,"to be pleasing to, beseem, deserve",General,verb
semera,"be pleasing, nice, good, clean",General,verb
semerererwa,be pleased with rejoice at,General,verb
semerenva,"to be glad, happy, rejoice",General,verb
semereza,"to cause to,bepleasing to, clean for",General,verb
semeza,"to put right, cleanse, please; operate on",General,verb
semiire,"good, nice, clean. approved etc",General,noun
senda,"to drive right away, send into exile",General,verb
sendekereza,"to accompany for a little distance, see off (a guest), escort on way",General,verb
senga,to serve or join a new master,General,verb
sengeka,"to make a partition, do reed work",General,verb
sengtijuka,"to be smashed bones, plantains)",General,verb
sengya,to be pregnant (of dogs etc.),General,verb
senjura,"to walk lamely, baltly, limp, crawl painfully",General,verb
sensebuka,"to be torn, ragged, in strips",General,verb
sensera,to creep in or out,General,verb
senseza,"to slip in, insert; senseza omukahuru, insert in a hole; finish to allocate time (herdsmen)",General,verb
senya,"to begin to dig a new plot, prepare for sowing",General,verb
sera,to sing and dance at night for the purpose of bewitching ( omusezi); be always crying (thought to bring bad luck); be nearly boiling; be muddled,General,verb
serebera,"to be dilute, be too soft., (cooked food), get muddy",General,verb
seregenya,to be small and thin,General,verb
serekuurra,"to uncover, withdraw from concealment",General,verb
seruza,"what one uses to look for something, s'engaro, to fumble",General,noun
sesemya,"to make to feel sick, nauseate",General,verb
siba,"to bind, tie, fasten, plait (rope)",General,verb
sibikira,to dedicate a he-goat to spirits,Common Animals,verb
siga,"to plant, sow, 'of millet",Common Animals,verb
sigara,"to remain. be left, be over",General,verb
sigtirra,"to leave a space, leave incomplete, leave undone, leave a person continually behind, keep distance",General,verb
sigikira,"to spring from, start from, be the chief point, work accordingly",General,verb
sigira,"to entrust to, leave for, leave as deputy",General,verb
sigiza,to appoint as deputy of,General,verb
sigura,"to pay fee to doctor, give a thank-offering ; tempt, entice (one who trusts you)",Health & Medicine,verb
siha,put sorghum (millet) into sweet banana juice and then mix it thoroughly so as to change the colour of banana juice,General,verb
siiba,"to, spend a day, do all day, fast",General,noun
siiga,"to smear, rub on, paint; flatter, speak soothingly to",General,verb
siigiirra,"to rub (calf) with herbs, so that another cow can suckle it",Common Animals,verb
siiha,"; to sting,irritate (as hairs of plant) , itch, tickle",General,noun
siihaniza,to cause a woman commit adultery,General,verb
siihuuka,"to be rough, loose luster, fade",General,verb
siija,to serve a cow (used of bull),Common Animals,verb
siikiriza,"to overshadow, get in the light of, obstruct view",General,verb
siikuruka,get out of the light of,General,verb
siima,"thank, be pleased with, commend, admire, approve",General,noun
sumiinza,"to praise, make the best of",General,verb
siimoza,to make a sucking noise expressive of contempt or abuse,General,verb
siiriira,"to be scorched, charred, burnt",General,verb
siisira,"to erect temporary hut, encamp; v.i., to become tense",General,verb
siisiriza,"to stroke, smooth down, wipe; v.i., to close up completely (wound)",General,verb
siitara,"to be immoral, enter into forbidden relationship (e.g. marriage of cousins)",General,verb
siituurra,to give medicine to twins or their relations,General,verb
sika,"to pu ll, tug; s. omukira, be in the rear, be last in class",General,verb
simaga,to be silent and stupid,General,verb
simba,"to plant, stick upright in the ground, pitch (tent); give a pledge",General,verb
simbuka,"to be easily uprooted or moved; enkondo enu terukusimbuko, this peg is difficult to uproot",General,verb
simbura,"to uproot, strike (tent), withdraw a pledge; be easily dealt with (child, goat); start moving from a place (motor.car)",Common Animals,verb
simburuka,"to descend from elevated position, disembark",General,verb
simburuza,"to transplant, basunburuza ebimera they transplant plant e.g. cabbages, tree etc",General,verb
simbuurra,to put a person down from the shoulders,General,verb
simiza,"to beckon, wink at, call attention",General,verb
simu,"telegraph,telephone; teera esimu, make a call: send a telegram",Technology,noun
sinda,"to sigh, groan; call by another name (out of respect or when talking a kind of",General,verb
sindasinda,"); to have bad health, be poorly",General,noun
sindiirra,"to exhort, urge, persuade (cow) to be milked; bring bad luck to",Common Animals,verb
sindikiriza,"push along, send forth, cast upon",General,verb
sindura,"to uproot, pull down (tree); v.i., rise (full moon)",General,verb
singoora,"to sweep ,to finish harvesting and storing millet",General,verb
singuruka,to return from fleeing before enemy,General,verb
sinika,"clench the teeth (lips open), grin",General,noun
sira,"to rub (e.g. knife on stone), file, blunt",General,verb
sirasiza,"); to soothe, silence, hush up, quieten",General,noun
siriba,to trot gallop; be very hard (earth),General,verb
siribiirra,to continually visit asking for something(e.g.payment of a debt),General,verb
sirikira,to give preventive medicine in time,General,verb
sirisiita,"to rub finnly and quickly, against",General,verb
sisa,"to be like, resemble, behave like",General,verb
sisana,"to be like, resemble, seem",General,verb
sitama,"squat, sit on the haunches",General,noun
sitamyoka,"to keep changing position (when sitting), be restless",General,verb
soberanganiza,"soberangani ize); to intertwine, plait, cross (legs or anns)",General,noun
soberwa,"to be perplex, puzzled; put away and forget",General,verb
soboorra,"to explain (to), clear up, describe, define",General,verb
sobora,"to manage, be able to",General,verb
soborrooka,to be put to right,General,verb
sobya,"to make a mistake, do wrong",General,verb
sodoka,"to jump , hop (like a frog)",General,verb
sogoita,"to chase, track down; cross-question , examine carefully (accused person)",General,verb
soha,"to fish,tickle (the nose), choke(windpipe)",General,verb
sohora,to grow tall and flower (millet),General,verb
sohya,"to prod, thrust at, spear",General,verb
soigana,to play a game of shooting with grass stalks (ensungu),General,verb
soisoimya,"to challenge, defy, pick a quarrel with",General,verb
sojo,spear grass used for thatching and squeezig plantain juice (imperata cy lindrica),General,verb
soka,"; thrust in,pack in, fillspaces stuff",General,noun
sokera,"to stuff soil round apole ina hole, or cotton wool in a sack in order to put in more",General,verb
sokondora,"to scoop, pick at, dig with stick",General,verb
sokoora,to stab; pick (e.g. teeth); clean out (pipe),General,verb
soleza,"; to smell, sniff up, inhale, suck up noisily",General,noun
solisoli,", one by one, little by little",General,numeral
solya,to throw a stick at hoop,General,verb
soma,"take a sip of, smoke 'pipe' pick up (as birds), peck",General,verb
somba,"to bring one by one, bring by handfuls,fetch, collect together",General,verb
sombeerra,"lo fetch, bring one thing after another",General,noun
somboora,"to clear out, steal many things",General,verb
somiisa,; to drink with an accompanment,General,noun
somoka,"to come out of and fall; be dislocated,slip out; be bare (arm); go quickly and quietly, slip away",General,verb
somookeerra,to steal away one by one,General,verb
somora,"to draw out or off (e.g. sword), take out one by one, undo stitches",General,verb
somoramu,to bear premature or still-born cruld; pull from,General,verb
sonda,"to pierce, stab lightly; contribute",General,verb
sondooza,to sip the last drops,General,verb
songa,to spoil (child); have a pointed nose,General,verb
"songoka,","to be cut to a point, be sharpened",General,verb
songora,"to cut to a point, sharpen",General,verb
soosomera,"to gobble up, eat ravenously and noisily; speak fiercely to",General,verb
sooba,"to pick one's steps, stalk, go or move stealthily",General,verb
sooboora,"o take slowly, take away stealthily",General,noun
sooka,"slide down, give way (e.g. soil); be insolent, walk off cheekily",General,noun
sookooka,"be very slow, walk very slowly, creep away",General,verb
soomora,"to rub smooth with leaves of omusoomoro, etc",General,verb
soomoza,"making sucking noise at a person , an abuse",General,verb
soona,"to treat politely, speak gently to (hoping for a favour)",General,verb
soonooka,"to be very slow, walk very slowly, creep away",General,verb
soora,"to bite at, gnaw at, bite off",General,verb
soorra,"to dig lightly to remove weeds, clear jungle",General,verb
soorrookaniza,to collect one by one,General,verb
sora,to pay taxes to government; play a game on a wooden board with hollow in it,General,verb
soroma,to gather herbs for medicine,General,verb
soroora,"to sort, separate, pick and choose, distinguish",General,verb
sosooza,"to trace, find out details",General,verb
sota,to put meat on skews to dry,General,verb
sotoka,"to hop like a frog, walk slowly and reebly",General,verb
subiirra,"to tell , explain, narrate",General,verb
subika,to grow again after being picked (vegetables); tie on,General,verb
subira,"to repeat, do again; bear a second child",General,verb
subya,"to milk (cow), a second time",Common Animals,verb
sukiraniza,"to be angry with, refuse to greet",General,verb
sulilrra,"to be economical with, lake great care of",General,verb
sumbura,to move out of the way,General,verb
sumbuusa,samosas: small turnover of Indian origin filled with vegetables or meat and fried and served hot,General,noun
sumiikaniza,"to tie together, elongate by tying together, mend",General,verb
sumilkiirra,"to lead the singing, take solo part",General,verb
sumika,"to give present to (as a reward); tie in a knot, join, lock",General,verb
sumurruuka,to be united or unfastened,General,verb
sunga,to look on as a spectator,General,verb
sungeera,to begin to fall (rain),General,verb
sungunika,to put in an uncomfortable place,General,verb
sungunikinva,"to be left alone, be isolated",General,verb
sungura,to separate millet from husk,General,verb
sungusura,"to isolate, prepare leaves of gourds",General,verb
sununuka,to comb or arrange the hair,General,verb
sura,"to do something which was thought impossible, bring into being by hard work",General,verb
susura,"to rub, wipe, strip off",General,verb
suubura,"to sell or buy at profit, trade, barter",General,verb
suuga,"to emigrate, go into exile",Geography,verb
suubuuka,to move to another place,General,verb
suuhuura,"to move to another place, deport",General,verb
suuka,"outer cloth worn by women, sheet",General,noun
suuku,"cover of a barn, canopy",General,noun
suukurwa,"to be uncovered, be exposed, revealed",General,verb
suukuza,"to make a fresh trail, push through",General,verb
suuliriza,"to be on the look out for, detect",General,verb
suumira,"to spoil unintetionally, take away swiftly",General,verb
suura,"to go back and look at, look at a set trap, frequent calls, see if hidden thing is in place, visit the sick and lonely",General,verb
suusuka,to swagger about in fine clothes,General,verb
Swaga,congratulation to bunters . Well done,General,noun
swaga,to pull band over hand; finish up wastrel,Art And Entertainment,verb
swagiirra,"to endeavour to supplant, put out of favour",General,verb
swahiriza,"to mock, provoke, taunt, bully",General,verb
swakira,"to be full, flooded, be furious, feel shivery at onset of illness",General,verb
swakura,"to hit with flat of hand, slap",General,verb
swaliriza,"to laugh at, put to shame",General,verb
swara,"to be ashamed, to put to shame",General,verb
swarura,"to restore honour, to comfort,console",General,verb
swaza,"to put to shame, abash",General,verb
sweka,to cover up(as with cloth.),General,verb
swenkuru,grandfather: the father of your father or mother,General,noun
swento,paternal uncle to a person,General,noun
swereerra,to help many by giving money,General,verb
singo,"refers to a fortified area, or rounded defensive enclosure, and also to a circlet or a crown",General,noun
sitaani,satan: the most powerful evil spirit in many religions such as Christianity and Islam,General,noun
syuku,a private part of a woman,General,noun
sya,"new: recently created, built, invented or planned",General,adjective
sumuna,alcohol that has stayed for a long time before consumption,General,noun
sukaari,diabetes: a chronic disease associated with high levels of sugar in the blood,Health & Medicine,noun
sukaari,sugar: a white substance in form of white or brown crystals added to beverages as a sweetener and preservative,General,noun
sitaadi,a stand of the bicycle,General,noun
siriimu,a disease of humans which attacks the body's ability to resisit infection and usually causes deaths,Health & Medicine,noun
singenge,burbed wire used to make paddocks,General,noun
singa-abarezi,it is a stage when a child starts standing up but not yet firm,General,noun
swenkuruza,great grandfather of a person,General,noun
suuti,a set of clothesmade from the same cloth,General,noun
sugu,it means something is like this or that,General,conjunction
sereka,a type of grass normally grown as a flower and it contracts anytime it is touched,Nature & Environment,noun
seesa-emibazi,a snake specie that is green in colour,Common Animals,noun
sanjagare,it is a bird with brown feathers and tall legs used to lay eggs in the banana plantation,General,noun
sambagira,phr. a phrase used to ask for a riddle,Storytelling And Narratives,noun
saku-saku,phr. a part of a riddle that demands a response before a question is put forward,Storytelling And Narratives,noun
sagama,a tree which produces a red substance that resembles blood when cut,General,noun
senyiga,"flue: an infectious airborne disease that causes colds, fever, and general weakness",Health & Medicine,noun
senturuma,pyrethrum: a type of flower whose substance is used for making insectcide,General,noun
senkoko,turkey: a large domestic bird kept for its meat,Common Animals,noun
semutundu,tilapia: a fish specie common in the fresh water of tropical Africa,Common Animals,noun
semanisi,summons: an order to appear in court,Legal And Law Matters,noun
sekiromba,a person with a very big umblical cord that is left protruding on the stomach after growing up,General,noun
sekatuwa,secattur: a tool similar to a strong pair of scissors used for cutting plants,General,noun
sebo,sir: term of address for a man as a sign of respect,General,noun
satifiketi,certificate: a document attesting to the truth of certain stated facts,Education And Learning,noun
sabuuni,a substance used for bathing and washing clothes,General,noun
sabiiti,a period of seven days,General,noun
sabato,the seventh day of the Jewish calender,General,noun
saakirireego,sacrilege: behavior that does not show respect for a holy place,General,noun
taabaana,"to be over burdened with work; wander, scatter; grope; look or cry for help in vain; break (dawn)",General,verb
taabataabaana,to work all alone; (met.) be tossed about; to search for help in vain,General,verb
taaga,"to be in great distress and need, cry out for help",General,verb
taagira,to beg for mercy; to try to get help from,General,verb
taaguka,"; to be tom, laugh loudly",General,noun
taagura,"to tear in pieces, mangle, rend",General,verb
taaha,"to arrive, enter, go home",General,verb
taahtirra,to gostraight through to one'sdestination in one day; go to someone's house and pick up a quarrel; break into someone's house specially at night and do harm or steal,General,verb
taahira,to take poseession of site that bas been left by someone else,General,verb
taahisa,"; to make enter, attend wedding",General,noun
taahiza,to generate income to the owner of an activity; make someone take possession of site that is deserted by someone else,General,verb
taahya,to receive present from a superior,General,verb
taabya,"to make to arrive, cause to enter",General,verb
taakura,to scratch (as hen or dog) in ground,Common Animals,verb
taama,"to be clumsy, careless, stupid",General,verb
taamataamura,"to tear in pieces, raven",Common Animals,verb
taamirana,to have a strong odour,General,verb
taana,"; to be next to (separated by a boundary), border on, be adjacent, separate, take different roads",General,noun
taaruuka,"to walk aimlessly (as one in despair), wonder about",General,verb
taata,father: a male parent of a child,General,noun
taatlirra,to worry about oneself; be very careful with,General,verb
taba,"to draw water, bale ladle out",General,verb
tabaara,"to go to war, go up to the capital or to the King's palace to meet the King",Governance And Administration,verb
tabaaro,time spent at court or in the capital,General,noun
tabaaruka,to return from fighting or from visiting the King,Governance And Administration,verb
tabaaza,to make to go for war,General,verb
tabaijuka,"to stumble, trip up, save oneself by running a few paces",General,verb
tabaijura,"to make to stumble, trip up, to upset one",General,verb
tabanguka,"; to be stirred up, become muddy",General,noun
tabatabuka,"to get worse, spread (sores)",General,verb
tabira,to cover with soil; to cover beer in a bole for fermentation,General,verb
tabirana,"to weave in coloured threads, mix colours together",General,verb
tabiza,"to bring trouble on, get (another) into trouble",General,verb
tabuka,"to stagger, be weak (after purge)",General,verb
tabukatabuka,"to be stirred up, mixed, in a muddle",General,verb
tabura,"to stir up, mix; miss, fail to hit; save, rescue",General,verb
tagaarra,"to take up much space, spread out, extend",General,verb
tagaizira,"to mock, speak sarcastically to",General,verb
tagangara,"to be puzzled, distracted, stumble",General,verb
tagata,to become warm; (met.) become excited,General,verb
tagiza,"to be joyfu l, be happily busy, dash about excitedly; try hard to do a difficult thing",General,verb
tahata,to bold or carry carefully on open palm,General,verb
tabisa,"to draw water with, let down (pitcher, etc.) for water",General,verb
tahura,"to push forcibly, take along by force",General,verb
tabyatabya,"to be undecided, waver, ramble",General,verb
taisa,"to drop,miss, fail to hit or catch",General,verb
taisuka,"to slip and fall, escape",General,verb
taisukana,to be at the point of death,General,verb
taisukaniza,"to separate, divide into pieces",General,verb
taisura,"to let slip, let go, release",General,verb
Tajeemerwa,one of the Royal drums,General,noun
talibana,"to work alone and very hard, do all the work",General,verb
taliikiriza,"to dry at fire, etc",General,verb
taliiriza,"o tum a side, avoid",General,noun
talika,to dry meat over the fire grill,General,verb
talikiza,to sit with legs wide apart,General,verb
taliiza,"to leave (tree) in the ground; disturb, hinder",General,verb
tama,"; to disgust, sicken, weary",General,noun
tamba,"to execute,offer (sacrince); cure, heal,ward off; remove a spell; do a commendable job",General,verb
tambuka,"to stride across, step over",General,verb
tambura,to distribute meat (esp. remains of carcass to hunters),General,verb
tambuurra,"to remove a spell, exorcise",General,verb
tamira,"to get drunk, become intoxicated",General,verb
tamiirukuka,"to get sober, wake from drunken sleep",General,verb
tamika,to put food into mouth of (another),General,verb
tamura,to take out of mouth of another (usually child); deprive a person of something he/ she is eagerly expecting to get or he/she has been depending on,General,verb
tamuza,to remove sucking calf from one teat to another so as to induce milk in all teats,Common Animals,verb
tamwa,"to be weary of, hate, loathe",General,verb
tamya,"to induce disgust; sicken, spoil",General,verb
tana,"to nag at, find fault with",General,verb
tanda,"to stride, take a long step",General,verb
tandagaarra,"stand a stride, sit with legs apart and at full length",General,verb
tandagaraza,to spread out the legs,General,verb
tandalika,to stretch out (as a tent),General,verb
tandaruha,"awning, outer covering of tent,canopy, mosquito net, ceiling",Common Animals,noun
tandiika,"to saddle, harness (a riding animal); lay (table)",General,verb
tandika,"to start work, start to narrate, begin a job",General,verb
tandukuurra,to unsaddle; clear away (meal off table),General,verb
tangaara,"to be astonished, wonder, marvel",General,verb
tangaaza,to astonish; look through a telescope,General,verb
tangiira,"welcome, Nitubatangiira - We welcome them, Nitukutangiira - We welcome you, Bamutangiriire - They have welcomed him/her",General,noun
tangisa,"to besiege, overtake, gain advantage at the expense of other people in a queue, arrive first at a destmation in competition with another person overtake",General,verb
tanisa,to take for sale; make septic,General,verb
tanuka,"to grow worse, spread (as sore)",General,verb
tanwa,; to do accidentally. meet with an accident,General,noun
tara,to form battle array; measure out site and erect . framework of house,Military,verb
taraaka,"to splash up, gush out",General,verb
taraakiza,"to splash water at something, squirt",General,verb
tarama,"to be wide (e.g. basket), be shallow; settle down comfortably, be at ease",General,verb
taza,"to take about, make to travel, spread (report)",General,verb
tebeekana,"to be dutiful, docile, agree",General,verb
tebeekaniza,"; to steer, keep straight",General,noun
tebeekera,"to give permission to, leave it to fate, agree, assent",General,verb
tebeekeza,to learn (how to do) properly; to be steady (to do),General,verb
tebura,"to speak sarcastically to, mock, flatter",General,verb
teeba,"to aim at, guess, score",General,verb
teeka,"to set into small heaps, measure out (food, etc.)",General,verb
teekaana,"to become calm, settled, harmonious",General,verb
teekura,"to take off (as pot off fire), displace, remove",General,verb
teera,"to beat. strike, play; fire (gun); draw; print",General,verb
teerana,"to be together, be in agreement; have sexual intercourse, make alliance with",General,verb
teeraniza,"to bring into agreement, unite, make peace",General,verb
teerateerana,motor cars often collid in comers,General,noun
teereza,to kneel before a person,General,verb
teerra,"to be slippery, be smooth, slide, glide",General,verb
tega,"to trap,lie in wait for, ambush",General,verb
tegana,"to be very busy, be bothered",General,verb
teganiza,"to trouble, worry; attempt., try",General,verb
tegeka,"to arrange, prepare; admonish; measure (as with a ruler); brandish (weapon)",General,verb
tegekera,to prepare food for; admonish,General,verb
tegura,to put in the proper place,General,verb
teguurra,"unset (trap), talce out of a trap",General,noun
teke,"hibiscus with cream flowers (hibiscus, the buds and leaves are eaten as a relish",General,noun
tema,". to chop, cut (with axe), fell;bite (of snake)",Common Animals,noun
temba,"to climb,ascend, go to bed, (King only)",Governance And Administration,verb
tembeerra,"to dare, presume, approach boldly",General,verb
tembekaniza,;to pile up in a heap,General,noun
tembekerana,"to pile up, set crosswise, etc",General,verb
tembekeza,"to put on top of another, pile, heap",General,verb
tembura,to build in a new place,General,verb
temburuka,"to come down, descend,get out of bed",General,verb
tembya,"to cause to ascend, raise, hoist; promote to higher class",General,verb
temeerra,"to cut grass with a knife,hence to free banana plantations of weeds",General,verb
tengeetera,"to tremble, be shaky (as from age)",General,verb
tentebuka,to descend hill with; resistance against its force of making one run and feel as if one is about to fall forward,Physics,verb
tenteera,"to roll along, run along (child)",General,verb
terebera,"to be indolent, sit doing nothing",General,verb
terebuka,"to slip, slide;elude one's grasp",General,verb
terebura,"to make slip, slide, elude one'sgrasp; discourage one's effort",General,verb
tereza,to cause to slip; make smooth,General,verb
taamu,term of studies in a year,General,noun
teruka,"to mock, speak disparagingly of (a benefactor)",General,verb
terura,"to lift out, bring out",General,verb
teruurra,";to give (milk, coffee berries)",General,noun
tesa,"to pet, make much of",General,verb
teta,"to be carefree, begin to talk (as a little child)",General,verb
teteerwa,"to be undecided , waver, hesitate",General,verb
tiga,"to pull hard,resist (as goat on lead); be stubborn,obstinate, insolent,disobedient",Common Animals,verb
tiganda,gather and carry wood for beginning to build,General,noun
tigika,to support (a falling thing.),General,verb
tilhiika,"to cram, stuff, over load",General,verb
tiika,"to dote on, be infatuated with",General,verb
tiiniira,"to fear, hold in reverence",General,verb
timba,"scoop, to dig with stick, decorate with flowers and coloured cloth",General,noun
tinda,"to bridge over, exend across",General,verb
tindikuurra,to take things out one by one,General,verb
tindura,"to take up(mats), take down(bedstead), to mess up things",General,verb
tinduza,to make to remove thiings for cleaning house,General,verb
tirimbira,"to skip about, frolic gambol",General,verb
titima,to be hard and black in center (plantains); be spoilt,General,verb
titira,"to shake with cold, shiver",General,verb
tobera,to sink in mire; set (sun),General,verb
tobeza,; to put millet Hour into boiling water when starting to stir (cook) millet (oburo),General,noun
toga,"to claw, drive into the water when hunting; playing with mud as a potter docs when kneading clay; torture or teasing",General,verb
togonyoka,"to be crushed or crush, squashed, by treading on something",General,verb
toha,"to grow thin and weak, look mournful",General,verb
toibya,to be on heat (female dogs),General,verb
tokeera,no noise should be made by other people when in-laws are eating,General,noun
tokolekana,"to make any loud, indistinct noise, brawl, shout, screech",General,verb
tokoma,"to perish, disappear, be destroyed completely",General,verb
tokomoka,"to make noise that will disturb one, disappear from sight",General,verb
tokoora,"to get a foreign body or take out from (eye, or drinkable liquid)",General,verb
toma,to sound (large Royal drum),Governance And Administration,verb
tomera,"to charge into, knock against accidentally",General,verb
tona,"to depict by marks, paint",General,verb
tonda,"to identify, establish identity of,recognize; disown , expel from clan",General,verb
tondeka,"to blossom, flower; be in embryo",General,verb
tondogoorra,"to finish up, pick what is left; explain",General,verb
tondoora,"to shell, peel, remove husks, split open, unpod",General,verb
tondooza,"to separate from, select, distinguish between",General,verb
tonga,"to dun, hold in debt",General,verb
tongana,"to go to law, lead against",General,verb
tongatongya,"lament; keep on talking about one's grief, use many words",General,noun
tongeerra,to lead the singing; recite words about something,General,verb
tongora,"to pick, select the best or ripest; dance with, choose as partner",General,verb
tonokora,to arouse pain in the sore as a result of bringing it into contact with a hard object accidentally,General,verb
tonokya,to cause pain in the sore accidentally (your own or your friends),General,verb
tonta,"to grow thin and feeble, look mournfully",General,verb
tontoma,"to murmur, be angry, growl",General,verb
tooka,to give present to (loved one),General,verb
tooliika,"to collect and put together worn-out things, patch old clothes; exaggerate",General,verb
toonya,"to drizzle, drip; jump down",Nature & Environment,verb
toonyereza,"to dress up, be grand",General,verb
toonyeza,"to dot, mark or tick off;to be dripped on",General,verb
toonyoroka,"to leave off (rain), get dry",General,verb
toonyorrooka,to be empted of very drip,General,verb
toora,"to take (something offered), choose, select",General,verb
toorana,; to be well mixed,General,noun
tooza,"to cause to be sharp; to dress up (another), in fine clothes",General,verb
torooga,"to abort, have a miscarriage (esp.animals)",General,verb
toroogereza,"to defile, make sex with an immature girl, of a bull serve a calf which is not yet ready for mating",Common Animals,verb
tota,"to become sudden, very soft dough (as mi llet cooked with too much water)",General,verb
toteerra,"to deteriorate, degenerate, slacken, lose strength; of millet to become soft against a person cooking it",General,verb
totoorra,to sprinkle in more flour when cooking millet (oburo),General,verb
totorrooka,to become stiff when more flour is added (of millet when being cooked),General,verb
tuga,to knead with the bands,General,verb
tugika,to forcibly demand payment of debt,General,verb
tugulikwa,"to liung around , stand for a long time doing nothing",General,verb
tugunjura,"to press hard, squeeze, squash",General,verb
toduura,a disease that attacks coffee and banana plantations,Health & Medicine,noun
tonto,local beer: beer made out of ripe bananas and left to ferment,General,noun
twente,a bean specie red in colour with dots,General,noun
twa-twa-twa,a sound made by bullets,General,adjective
twara-tugende,"substance; when a hen come to pick it, it closes the anus and rus away with it",Common Animals,noun
turusaka,a wild animal which eats hens by traping them in its anus which has cereal like,General,noun
tungutungu,"to spend a sleepless night due to problems, fear or security situations",General,adjective
tuku-tuku,a situation of being so pure in colour,General,adjective
tsoi,to run all of a sudden,General,adjective
tori,a sound when something is thown in water,General,adjective
togo-togo,a sound made by food when boiling,General,noun
taabusimba,a type of house or building,General,noun
tiri-tiri,a sound that is heard when something is running,General,adjective
tipuhu,a voice made by someone spitting,General,adjective
tinsengera,drosophila: small brown flies that multiply very fast and hover around sweet foods or beer,General,noun
tinfeerwa-kange,egocentric: a self-centred person with little regard for others,General,noun
tindemwa,a banana specie with short fingers,General,noun
tiivi,television: an electronic device that receives signals and displays them on a screen,Technology,noun
tiitiiti,something that is very white,General,adjective
tatento,paternal uncle: the brother of your father. Ankole Usage,General,noun
tatenkuru,grandfather: the father of your father or mother. Ankole Usage,General,noun
tatenkazi,paternal aunt: the sister of your father or mother. Ankole usage,General,noun
tatazaara,father-in-law: the father of your spouse,General,noun
tataitwe,1) God: God our father. 2) Our father,General,noun
taru-taru,a jumpy person who cannot sit in one place and keeps moving here and there,General,adjective
taratara,"drum: a percussion instrument sounded by being struck with sticks or the hands typically cylindirical, barrel-shaped with a tout membrane over one or both sides and is small in size used for decoration",General,noun
tanka,tank: a container used for storing large amounts of water,General,noun
takisi,taxi: a car driven by a person whose job is to take passengers where they want to go in exchange for money,General,noun
taapu,tap: a device for controlling the flow of water from a pipe,General,noun
tuliikiriiza,"to be nearly ripe, ready to bust (plantains)",General,verb
tumba,"to swell, rise (e.g. dough)",General,verb
tumbika,to dip into (e.g. food into salt),General,verb
tumbuka,"to swell into a lump, grow into a mature person",General,verb
tumbura,"to exalt, speak well of",General,verb
tumburuka,"to be very tall, rise to a great height",General,verb
tumya,to send for from a distance,General,verb
tunama,"to show through (e.g. bones through flesh), protrude",General,verb
tundubara,"to soften in water, soak",General,verb
tundura,"to cause to protrude, squeeze out",General,verb
tunga,to thread on a string or stick,General,verb
tungama,"mount up into, mount upon, mount on,ascend",General,noun
tungamira,to get on top of (a person),General,verb
tungeera,"oku-, v.i., (pf. -tungiire) to collect, clog, stand, stagnant (water)",General,noun
tungikiirra,to put on the top of,General,verb
tungira,to steam (of food when cookjng); get for,General,verb
tungura,to fasten pointed narrow part of hoe firmly to handle,General,verb
tungurruuka,"to come, unstring or unthreaded, come off a rope or stick; come into sjghr again over a bill",General,verb
tunguurra,"to unstring (beads, etc.)continue to acquire wealth therefore",General,verb
tunjika,"to stretch, extend fully; v.i., be stretched out",General,verb
tuntura,"to be troubled , anxious, worried",General,verb
tura,"to lay to the charge of; wantura ki?, what do you charge me of?",General,verb
turo,; small quantity of millet,General,noun
turuka,"to go or come out;rise (sun), have dian:hoea; 1.orufu, go out of mourning, (the bereaved can now be free)",General,verb
turukya,"bring or take out, eject",General,verb
turumuka,"to be languid , slothful",General,verb
turuntuka,"to get out ofline, get in front",General,verb
turuukiriza,"to project, protrude, stick out, show only the head",General,verb
tutubika,"to gurgle, plunge into water",General,verb
tutumbuka,"to be bruised , have lumps on the body, have scabies",Health & Medicine,verb
tutumbura,to cause lumps on the body,General,verb
tuuka,tie(a knot);finish off (beadwork) with tag,General,verb
tuura,to take off a load (from ones head or another),General,verb
tuurruuma,"to be grumpy, grumble, growl",General,verb
tuuta,to pile up earth into mounds,General,verb
tuutuka,"to sweat, be in a perspiration",General,verb
twa,it is written separately before the noun but joined with a possessive root and self standing pronoun,General,noun
twalikana,"; to wrangle, quarrel, bicker",General,noun
twalirirwa,"to have a nap, be drowsy, doze up",General,verb
twaliriza,to go or do carefully or slowly; go beyond destination,General,verb
twara,"to take, carry, conduct; t.enda, conceive",General,verb
twarraaniza,"blame collectively, root up together, give out two kinds of things etc",General,noun
twaza,"to drive, frighten off, take, help",General,verb
tweka,"to send, cause to conceive (by fornication); put load on head of (another)",General,verb
twekera,"to send to, take to, carry; put in handle (hoe, knife); load (gun)",General,verb
twengekeerra,"to enlarge, add to, heighten, lengthen",General,verb
tyabira,to set to work at a big task,General,verb
tyagira,"to trudge, plod along; walk as a short man holding a spear",General,verb
tyagiza,"to make a favourite of, pet",General,verb
tyaguza,"to stride along with springy step, walk with a spear, etc. (esp. a short person) in a warlike spirit",General,verb
tyeruka,"to break out (rash), sprout, grow up close together (e.g. mushrooms)",General,verb
tyoka,"to slip, slide, give way (as soil)",General,verb
tyokera,to take much a t a time,General,verb
tyokora,"to remove with a finger (usu., ghee, butter Vaseline)",General,verb
tyongoza,"to point finger at (in defiance, scorn);challenge",General,verb
tusiime,let us thank. esp God,General,noun
ushi,sound made in expression of pain or coldness,General,adjective
waitu,title for a respectable person,General,noun
waaha,"no, he is not there",General,noun
waawe,; your relative on your side,General,pronoun
wagali,plenty of milk (in breasts or udder),General,noun
waikiriiraha,growth left unburnt after grass fire,General,noun
waimiri,nest of the black tree-ant,General,noun
wania,"; inflamed breasts,abscess of the breast",General,noun
wankuura,plant with yellow flowers (rather like primerose),Nature & Environment,noun
wansazi,"fast asleep at night, beauty sleep",General,noun
weebumbe,sensitive plant {Biophytum apodiscius) when touched it collects or folds its leaves,General,noun
weeboleke,beer that bas stood for four or five days,General,noun
weerekere,stop a moment!Leave offi Wait a minute!,General,verb
weesorole,"flock of large birds (abdi,'s stork), seen in november, locust birds",Common Animals,noun
weena,"wholly, completely (of people): the whole of one's heart, souls and body",General,adjective
warujojo,elephant: the name used in story telling to refer to elephant,Storytelling And Narratives,noun
Warugwe,leopard: the name used for leopards in stories,Storytelling And Narratives,noun
warubeba,rat: the name used in stories for a small animal with a long tail,Storytelling And Narratives,noun
waadiroopu,wardrope: a large cupboard for hanging clothes which is either made of furniture or built into the walls,General,noun
waringa,"scarecrow: an object made in such a way that it resembles a human figure, set up to scare birds away from the garden",General,noun
yayuuka,to be thin and insubstantial (as cloth),General,verb
yaadinn,a unit of measurement for lengt,General,noun
yobyo,"native vegetable with small white flowers,African spicter (eleome aynandra)",General,noun
yonda,; to plait strands together (rope),General,noun
yoora,"to gather, together in hands, scoop up",General,verb
yugi,small gourd with handle (= ehugi) used for drinking water,General,noun
yuguruka,"to get loose, expand, have room to move (after being crowded)",General,verb
yuguura,to come to an end (feast),General,verb
yunga,"to join , splice, set, (broken limb)",General,verb
yungayunga,"to be tossed about, be unsteady; be joined into one",General,verb
yungukira,to overlap and bind together,General,verb
yunguura,to select; separate with the hands (e.g.millet from chaft),General,verb
yunifoomu,uniform: a special set of clothes worn by all members of an organisation or institution,General,noun
yunivasite,university (higher insititution of learning),Education And Learning,noun
yaayaayaaya,a word used to indicate an affirmative response,General,noun
yaaya,baby seater: someone who looks after a young baby,General,noun
zaagagara,to spread all over (e.g. branches),General,verb
zaagiza,talk with tongue in front of mouth,General,verb
zaaguruka,to go from resting-place to feed at midday (cows),General,verb
zaagurukana,"to multiply, increase, spread, be brought forth abundantly",General,verb
zaaguurra,"to take (cows), from resting",General,verb
zaaha,"to go to a distant country, emigrate, go in a exile",Geography,verb
zaahuka,"to return from far, reappear, return rrom exile",General,verb
zaahura,to bring back from far off,General,verb
zaaliriza,"to dally with, neglect, allow to spread",General,verb
zaanisa,"to cause to play, play with, amuse",General,verb
zibira,"to be cross with, be angry with",General,verb
ziga,"to blacken, smoke (pot); track; surround (in hunting)",General,verb
zigaana,to play a game with string (cat's cradle),Common Animals,verb
zigija,adult female cow that has ever given birth,Common Animals,noun
zigirana,to carry two spears at once,General,verb
zigisa,to rub stick in hands against another stick in a small hole in order to make fire,General,verb
zigoorra,"to become giddy or dizzy, swim (head)",General,verb
ziguka,"to look cross, angry; become black (as burnt sticks); put on a gloomy face",General,verb
zigura,"to wipe, dust, rub, polish",General,verb
ziikiza,"to pinch hard, nip, cut, or scratch deeply; fasten very tightly",General,verb
zima,to go out (e.g. fire),General,verb
zimba,"to swell; bamutiire yazimba, they have beaten him/her and consequently got swollen",General,verb
zimbagatana,"to grow fat (neck and bead), look cross, angry",General,verb
zimbiika,to stop up neck of gourd; make up fire for the night; put away out of sight,General,verb
zimburuka,"to subside, go down (swelling)",General,verb
zimiirra,"to be lost to sight, disappear on the horizon",General,verb
zimura,"to pay back dowry by bride(parents),to husband after wife has divorced him",Culture And Tradition,verb
zinda,"to attack, storm, raid, plunder, murder, take by surprise",General,verb
zindaara,"to be husky, be choked up (pipe)",General,verb
zindiriza,"to suppress, decide against unfairly",General,verb
zinduka,"to get up early,be early",General,verb
zindura,to bring very early in the morning,General,verb
zinga,"to rollup, roll round, fold",General,verb
zingama,"to be very weak after illness, be paralyse",General,verb
zingazingwa,"to be paralysed , become indolent",General,verb
zingiira,"to wind round and round in a rough way, twine",General,verb
zingiza,"to wind round, strangle, the act of mating (dogs)",General,verb
zinguruka,"to come unwound, untwisted, unplaited, unrolled etc",General,verb
zinira,"to sing, to soothe, to pay tributes",General,verb
zinisa,"to dance with or about, dandle, make to sing: collect(taxs, anny.)",General,verb
zira,"to reject, refuse, adopt or treat, as taboo",Culture And Tradition,verb
ziriirra,to insult by refusing a gift,General,verb
ziringana,"to be muddled , tangled in confusion",General,verb
ziringiti,mat woven in spiral pattern,General,noun
ziruurra,"reconcile, appease with a gift",General,noun
ziza,"to cause to reject, take as taboo",Culture And Tradition,verb
zongazonga,"to sway about, rock, be tossed about",General,verb
zongoitoka,to be long and large (of a women 's breasts),General,verb
zongoza,to shake content in a gourd round and round,General,verb
zoozoora,"to find out, discover, explore",General,verb
zooka,"to be found after search, appear, seen",General,verb
Zoona Okaali!,salutation addressed to the Kings of Bunyoro-Kitara and Tooro,History And Historical Accounts,noun
zoora,to look for and find,General,verb
zigi-zigi,black: something that is very black,General,adjective
zaabu,"gold: a yellow precious metal, chemical, element of atomic number 79 valued especially for use in jewellery and decoration and to guarantee the value of currencies",Chemistry,noun
