lunyoro,english,domain,pos,letter
aba,"who, of, these, for",General,pronoun,A
abaanyu,someone's relatives,General,noun,A
abuuka,to rise quick ly,General,verb,A
abuurra,"to undo, unfasten",General,verb,A
abagomborozi,sub county chiefs,General,noun,A
abange,mine,General,noun,A
abamasaza,county chiefs,General,noun,A
abatongole,sub-parish chiefs,General,noun,A
abemiruka,parish chiefs,General,noun,A
agange,mine,General,noun,A
agutamba,he who relieves distress,General,noun,A
aguurra,to thin out seedlings,General,verb,A
aheeru,"adv., out, outside",General,adverb,A
aheeru ya,wait for,General,noun,A
aho,there,General,noun,A
abonaaho,"immediately, at once",General,noun,A
ahukaniza,"to separate, divide, differentiate",General,verb,A
ahuza,entrust with,General,noun,A
abukana,to part from,General,verb,A
ahonaaho,at that very moment,General,adverb,A
akaamuje,squirrel,Common Animals,noun,A
ahanyima,indicating sequence of events,General,noun,A
akabbarama,eagle,Common Animals,noun,A
akagemo,"force,compulsion",General,noun,A
akaabunga,up in the sky,General,adverb,A
akagirita,"razor blade,shaving blade",General,noun,A
akagobo,win in a game,General,noun,A
akaanya,shortest period of time,General,noun,A
akaaya,a type of swamp,General,noun,A
akababa-bahiigi,a small caterpillar,Common Animals,noun,A
akahooho,nice scent,General,noun,A
akababagazi,initial stage of flowering,General,noun,A
akahuno,silence due to suprise,General,noun,A
akahuuhirizi,small lizard-like animal,Common Animals,noun,A
akabubi,hymen: vagina membrane,General,noun,A
akaimeeme,end of breastbone,General,noun,A
akaburyo,hillock: small hill,General,noun,A
akaca,sparrow-hawk,Common Animals,noun,A
akakorwa,weasel,General,noun,A
akacancabari,rags:an old torn cloth,General,noun,A
akacencuzo,a sieve,General,noun,A
akacookore,blemish,General,noun,A
akacuju,a very old cloth,General,noun,A
akaina,"hole,small",General,noun,A
akacurama,bat: a flying mammal,Common Animals,noun,A
akacwa mabunu,penis,General,noun,A
akacwa-mburara,a type of snake,Common Animals,noun,A
akacwano,something done excessively,General,noun,A
akadobo,pail or bucket,General,noun,A
akafunjo,cyperus papyrus,General,noun,A
akairima,darkness,General,noun,A
akairiringwa,whirlwind,Nature & Environment,noun,A
akagoroda,bungle: a bracelet,General,noun,A
akagwe,calamity: unexpected bad situation,General,noun,A
akairirizi,"twilight,dusk",General,noun,A
akagenda-kahiire,. a brownish grasshopper,Common Animals,noun,A
akairukairukaine,chaos,General,noun,A
akahatano,competetion for something,General,noun,A
akaisikina,hiccup,General,noun,A
akahimba,clitoris,General,noun,A
akahoiho,a small moth,Common Animals,noun,A
akaisikondo,hiccup,General,noun,A
akahuna,a state of confusion,General,noun,A
akahungabeebe,a small flying termite,Common Animals,noun,A
akajoogo,contempt,General,noun,A
akajugo,a pen cover,General,noun,A
akajunde,stench: an unpleasant smell,General,noun,A
akakiro,a small hillock,General,noun,A
akaizigorro,dizziness,General,noun,A
akajabago,a muddy area,General,noun,A
akanuriirizi,sweet taste,General,noun,A
akajabirro,over excitement,General,noun,A
akajagarro,commotion,General,noun,A
aliirra,"to level, flat",General,verb,A
aJiirra,to spread for,General,verb,A
alika,to come,General,verb,A
alimansl,diamond,General,noun,A
akya,to get started,General,verb,A
akajaiko,passion for roaming,General,noun,A
akajangu,small or beautiful cat,Common Animals,noun,A
akanyamukara,nut grass,General,noun,A
akajanja,superficial behaviour,General,noun,A
akanyamukira,dung maggot,General,noun,A
akanyamuniini,a fresh fried grasshopper,Common Animals,noun,A
akanyamuntinda,small snail,General,noun,A
akanyamurera,flute: a musical instrument,Art And Entertainment,noun,A
akanyamwenyi,squirrel,Common Animals,noun,A
akanyancooni,an undeveloped banana,General,noun,A
ambuurra,"to exercise, remove evil",General,verb,A
amiirra,to call a bud,General,verb,A
amira,to shout at,General,verb,A
akanyoomoozano,continuous disturbance or provocation,General,noun,A
akanyuunyarume,shrub eaten by goats,Nature & Environment,noun,A
akanywanisa,: hyphen,General,noun,A
akanywero,:a very tight cloth,General,noun,A
akaradaari,:mustard seed,General,noun,A
akaragwa,:inherited trait,General,noun,A
akarande,:inherited character or trait,General,noun,A
akarebure,:a slunderous utterance,General,noun,A
akarengutuko,: a steep slope,General,noun,A
akarenzyo,:sarcasm,General,noun,A
akari,:lust for sex,General,noun,A
agura,to scratch the body,General,verb,A
akariibe,:peer pressure,General,noun,A
akarondo,:lineage,General,noun,A
akarungi,":something good, or beautiful",General,noun,A
akarwariro,:a clinic,Health & Medicine,noun,A
akashuumo,:.a steep slope,General,noun,A
akatima,:valve for a tyre,Transport,noun,A
akatindi,:a small hut,General,noun,A
akasintsimuko,:a sloppy place,General,noun,A
akasirimuko,"slope, descent",General,noun,A
akaveera,:plastic sheeting,General,noun,A
allah,:God in Islamic religion,General,noun,A
amaarwa,:beer: an alcoholic drink,General,noun,A
amabwabwa,: dog teats,Common Animals,noun,A
amadaraka,:being stylish,General,noun,A
amafaranga,:Rwandese currency,Economics And Commerce,noun,A
amafura,: hospitable people,General,noun,A
amagondo,:spots,General,noun,A
amahaane,":conflicts, intrigues, etc",General,noun,A
amakatyo,:first leaves of beans,General,noun,A
amakoora,ish scales,General,noun,A
amakuuta,undiluted banana juice.),General,noun,A
amakuute,neighbouring countries),General,noun,A
amakwenkwe,a hearty laugh,General,noun,A
amakyandara,sunflower),General,noun,A
amamera,germinated plants,General,noun,A
amanyaanya,pelvic bones,General,noun,A
amaranzi,rays of the sun,General,noun,A
amaringa-ngingo,sweating profusely,General,noun,A
amarira ga Yubu,type of beads,General,noun,A
amaruhuura-ngingo,water;cold water,General,noun,A
amasa,"nothing, emptiness",General,noun,A
amasansa,.dry banana leaves,General,noun,A
amasanyarazi,. electricity,Technology,noun,A
amasereka,breastmilk,General,noun,A
amasobe,. a cat's dung,Common Animals,noun,A
amasokorindo,bird's droppings,General,noun,A
amasununu,fresh milk,General,noun,A
amasya,burns,General,noun,A
amasoso,hot water,General,noun,A
amataane,a road junction,General,noun,A
amatembezo,"steps, or staircases",General,noun,A
amaterekero,shelves,General,noun,A
amatone,dots or spots,General,noun,A
amasiko,"expectancy, suspense, uncertaint",General,noun,A
amayangi,identical twins,General,noun,A
amazina,dancing styles,General,noun,A
apaana,no: a negative response,General,noun,A
arimansi,precious stone,General,noun,A
asensiyo,Ascension Day,General,noun,A
aswihi,no: a negative response,General,noun,A
asidi,acid,Chemistry,noun,A
akaju k'ekifuuha,small hut,General,noun,A
akakaikuru,one million,Mathematics,noun,A
akakekeeyo,a sieve,General,noun,A
akakongoijo,heel,General,noun,A
akakonkomoko,slope,General,noun,A
akakunukizi,apostrophe,General,noun,A
akakwatango,a creeping plant,Nature & Environment,noun,A
akalebule,a careless talk,General,noun,A
akalebulebu,difficult times,General,noun,A
akaleecu,some peace,General,noun,A
akalegete,small packet,General,noun,A
akaleju,chin,General,noun,A
akalenge,thin leg,General,noun,A
akalobo,"pail,bucket",General,noun,A
akamaganda,tangerine,General,noun,A
akamanyiso,sign,General,noun,A
akame,hare,Common Animals,noun,A
akameeza,"stool,lockable desk",General,noun,A
akamogo,"a mark,a scar",General,noun,A
akanenero,a chick-bone,Common Animals,noun,A
akaniini,finely ground millet flour,General,noun,A
akanwa,mouth,General,noun,A
akanyamankogoto,tortoise,Common Animals,noun,A
akanyamulyaine,"tumult, uproar",General,noun,A
akanyanaka,type of mushroom,General,noun,A
akanyansooro,small white mushroom,General,noun,A
akanyuunyambuzi,yellow oxalis,General,noun,A
akapiira,"small ball, condom",General,noun,A
akapimpina,chameleon,Common Animals,noun,A
empipina /enyapimpina,misfortune curse grumbling,General,noun,A
akaronkoronko,trait of weakness,General,noun,A
akarorwaho,"sign, symbol",General,noun,A
akarumanfuuzi,tiny biting fly,General,noun,A
akasale,a comma,General,noun,A
akasanuruzo,"comb, hair brush",General,noun,A
akasarre,"danger, difficulty",General,noun,A
akasasamaro,"greatcommotion, confusion",General,noun,A
akasekende,shaker,General,noun,A
akasigo,seed,General,noun,A
akasiira,complete darkness,General,noun,A
akasiisira,make shift hut,General,noun,A
akasondaburo,epiglottis,General,noun,A
akasolya,tip of a roof,General,noun,A
akasonga,tip of something,General,noun,A
akasoono,"enticement, persuasion",General,noun,A
akasoonooki,morning sunshine,General,noun,A
akasumi,"time, season",General,noun,A
akasungu,a straw of grass,General,noun,A
akaswa,small anthill,Common Animals,noun,A
akataama,small sheep,Common Animals,noun,A
akatale,market,General,noun,A
akatambaara,handkerchief,General,noun,A
akatiiko,newly found excitement,General,noun,A
akatimba,"net, wire mesh",General,noun,A
akatongo,"a thicket, small forest",General,noun,A
akatoonyezi,"a dot, full stop",General,noun,A
akatunda,small passion fruit,General,noun,A
akatunguru,an onion,General,noun,A
akatuzi,small mushroom,General,noun,A
akawamuje,squirrel,Common Animals,noun,A
akazingo,chronic,General,noun,A
akeemanyiizo,uncalled for familiarity,General,noun,A
akeerinzo,something for emergency,General,noun,A
alifu,alphabet,General,noun,A
alipoota,report,General,noun,A
amaani,"strength,authority, violence, force",General,noun,A
amabaale,stones,General,noun,A
amabega,shoulders,General,noun,A
amabeho,fresh air,General,noun,A
amabingo,"reeds, elephant grass",General,noun,A
amacalya,"savouries, delicacies",General,noun,A
amacande,sesame,General,noun,A
entungo,sesame,General,noun,A
amacu,"asthma, bronchitis",Health & Medicine,noun,A
amacumu,spears,General,noun,A
amacunda,churned milk,General,noun,A
amacwacwa,"cunning, craft, wisdom",General,noun,A
amacwanta,"saliva, spittle",General,noun,A
amadaara,"ladders, steps",General,noun,A
amadinda,pleats,General,noun,A
amadoli,eyes,General,noun,A
amaduli,hemp seed,General,noun,A
amafakubi,"faeces, excrement",General,noun,A
amagaga,difficulty,General,noun,A
amagana,"hundred(100), wealth",General,noun,A
amaganga,urine of cattle,Common Animals,noun,A
amaganya,grief,General,noun,A
amagara,"health, strength, life",General,noun,A
amagaro,overflowing grains,General,noun,A
amagaruka,return journey,General,noun,A
amagenda,"going, an outward journey",General,verb,A
amagesa,reaping,General,noun,A
amagezi,wisdom,General,noun,A
amagoba,profits,General,noun,A
amagosi,testicles,General,noun,A
amaguli,large granaries,General,noun,A
amahanga,nations,General,noun,A
amahano,wonders,General,noun,A
amahembe,horns,General,noun,A
amahuli,eggs,General,noun,A
amahunge,Northwest wind,General,noun,A
amahurre,news,General,noun,A
amahurru,small royal drums,General,noun,A
amairu,intense desire,General,noun,A
amaiso,"eyes, face",General,noun,A
amajabali,"frayed, jagged edges",General,noun,A
amajagaate,hair,General,noun,A
ahya,to drive from lair,General,verb,A
amajahya,"decoration, adornment, exaggerations",General,noun,A
amajenjeka,to tie loosely,General,verb,A
amajooba,"red stitching, embroidery",General,noun,A
arnaka,"homes, homestead",General,noun,A
amakamo,"curdled milk, junket",General,noun,A
amakara,charcoal,General,noun,A
akiirra,"to answer, reply",General,verb,A
amakebe,fat cheeks,General,noun,A
amakendu,waist,General,noun,A
amakerre,wild strawbberries,General,noun,A
amakooti,round shoulders,General,noun,A
amakune,hospitality,General,noun,A
amakuura,in footmall,General,noun,A
amakuru,"news, meaning, sense, interpretation",General,noun,A
amakutu,short cut,General,noun,A
amakuuma,round shoulders,General,noun,A
amakuumuule,rudeness,General,noun,A
amalebe,water lilies,General,noun,A
amalere,fern,General,noun,A
amaligisa,"over doing, exaggeration",General,noun,A
amalyo,"cunning, craft",General,noun,A
amambukiro,"ford, landing site",Transport,noun,A
andabana,to be exhausted,General,verb,A
andakaraza,"to scatter, exhaust",General,verb,A
amanambo,old mines,General,noun,A
amananu,truth,General,noun,A
amanda,"hot charcoal, coals, charcoal",General,noun,A
amanduguya,mumps,Health & Medicine,noun,A
amankwaha,armpits,General,noun,A
amanogo,tunnels made by termites,General,noun,A
amanono,claws of an animal,General,noun,A
amanyaali,semen,General,noun,A
amanyazi,"damp , cold",General,noun,A
amanzamba,cartridge bolt,General,noun,A
atnara,"bowels, small intenstines",General,noun,A
amaraka,"voices, throat, larynx",General,noun,A
amarali,"squint, cross-eyes",General,noun,A
angaarra,to be left friendless,General,verb,A
angana,divorce,General,noun,A
angangana,to bate each other,General,verb,A
angasana,to shine,General,verb,A
anguha,to be quick,General,verb,A
anguhya,"to hasten , accelerate",General,verb,A
aoikiriza,to dry slowly,General,verb,A
anisa,"to make, to bear(fruit)",General,verb,A
anjara,to spread out,General,verb,A
anjuka,"to be lascivious, licentious",General,verb,A
anjura,"to make lascivious, licentious",General,verb,A
anjurukuka,forge,General,noun,A
anjuurra,to open (book),General,verb,A
araara,"to question deceitifully, provoke",General,verb,A
arra,to be level,General,verb,A
anva,"to be spread, furnished",General,verb,A
asama,to open (of mouth),General,verb,A
atangura,"to crush, pound",General,verb,A
atira,to hatch out,General,verb,A
amaranga,type of lilies,General,noun,A
amarara,pride,General,noun,A
amarunga,scarlet seeds,General,noun,A
amasamba,"estates, plantations",General,noun,A
amasanda,latex of rubber tree,General,noun,A
amasanga,"ivory, tusks",General,noun,A
amasanyu,"leafy twigs, foliage",General,noun,A
amasasaazi,sparks,General,noun,A
amasasi,bullets,General,noun,A
amasirimuko,"descent, slope,south",General,noun,A
amasolya,top of a tree,General,noun,A
amasu,"loneliness, solitude",General,noun,A
amasumi,fresh milk,General,noun,A
amasurubbu,whiskers,General,noun,A
amaswale,raffia,General,noun,A
amata,milk,General,noun,A
amatandiiko,"harness, saddle",General,noun,A
amatanga,patches,General,noun,A
amatangatangano,"cross-roads, junction",General,noun,A
amatembero,ladders,General,noun,A
amatu,ears,General,noun,A
amatu g'abakaikuru,fungus found on trees,General,noun,A
amazaarwa,birthday,General,noun,A
amazi,"dung, feaces,stool",General,noun,A
amaziga,tears,General,noun,A
amazima,truth,General,noun,A
amoogi,sharpness,General,noun,A
amooya,feathers/hair,General,noun,A
ange,mine,General,noun,A
ansa,answer,General,noun,A
arukwiragura,"black, black person",General,noun,A
awe,yours,General,noun,A
baka,to catchin the hands,General,verb,B
baabu,relatives,General,noun,B
baajura,to dig over lightly,General,verb,B
baanuukuzi,"chorus, choir",General,noun,B
bafuta,bleached calico (best quality),General,noun,B
baguka,speak loudly with anger,General,verb,B
baamya,okra,General,noun,B
bachwezi,"demi-god, soldier",Military,noun,B
bagaya,they despise,General,noun,B
bahera,agricultural people and artisans,General,noun,B
bahima,pastoralists,General,noun,B
bahuma,pastroral cow-men,Common Animals,noun,B
bakisaagya,beyond expectation,General,noun,B
bakura,"to seize on, catch",General,verb,B
bakwa,to catch fire (house),General,verb,B
Balaza,Monday,General,noun,B
balurra,"to estimate, budget, calculate",General,verb,B
bambagya,to be joyfu,General,verb,B
bambatara,to be squashed (soil),General,verb,B
bambataza,to squash,General,verb,B
bambika,to fulfill,General,verb,B
bandaatura,"to lift up, raise",General,verb,B
banganira,to belp,General,verb,B
bankizaki,large purple orchid,General,noun,B
bara,"to count,calculate",General,verb,B
Barozi,a governor,Governance And Administration,noun,B
batiza,to baptize,General,verb,B
baza,to talk,General,verb,B
baziira,to sew,General,verb,B
bbaama,"to be bent, warped",General,verb,B
bbaamuura,"to straighten, unbend",General,verb,B
bbaamya,"to make crooked, warp",General,verb,B
bbabaasa,envelope,General,noun,B
bbamu,intensive with,General,noun,B
bbamuka,to come unexpectedly,General,verb,B
banyamalindwa,guardians of others' flocks,General,noun,B
bbani,buffalo hide,Common Animals,noun,B
bbanka,bank,General,noun,B
bbanura,to dash down,General,verb,B
bbaraza,council,General,noun,B
bbaruka,to burst,General,verb,B
bbasitooro,"pistol, revolver",General,noun,B
bbeeru,"flag. banner, sail",General,noun,B
bbeeseni,basin,General,noun,B
bbinika,kettle,General,noun,B
bbomba,bicycle pump,General,noun,B
bbootoka,to collapse completely,General,verb,B
bbukura,dig deep,General,noun,B
bbuukura,roar,General,noun,B
bbwalruza,"crunch, snap",General,noun,B
beene,relative,General,noun,B
begebege,"food, portion out",General,noun,B
bembeka,walk on heels,General,noun,B
beregesa,to talk very fast,General,verb,B
bibugo,grave clothes,General,noun,B
bicoboyo,young beans,General,noun,B
bicucuke,dust. rubbish,General,noun,B
bicwe,broth,General,noun,B
bicwereriirwe,invited thing,General,noun,B
bifu,dead goats;rotten seeds,General,noun,B
bifunjo,papyrus,General,noun,B
bigene,entertaining conversation,General,noun,B
bigenge,leprosy,Health & Medicine,noun,B
bigesera,hair plaited style,General,noun,B
bigesero,"stubble, straw",General,noun,B
bigondonka,"happenings, occurrences",General,noun,B
bigono,snoring,General,noun,B
bigoye,recover,General,noun,B
biguuna,ring conn,General,noun,B
bihaarro,(used only inpl .fonn),General,noun,B
bihana,dyspepsia pains,General,noun,B
bibaniirro,"warning, caution",General,noun,B
bihunda,"rubbish, refuse",General,noun,B
bihwa,whispered words,General,noun,B
biihabiiha,"to entice, seduce",General,verb,B
blibire,"bad, ugly",General,noun,B
biihirwa,"be vexed, annoyed, troubled",General,verb,B
biikiza,to set down,General,verb,B
bijaga,severe chronic syphilis,Health & Medicine,noun,B
bijwajwa,"saliva, dribble",General,noun,B
bijwenge,long thick hair; fringe,General,noun,B
bika,announce the death,General,noun,B
bikaiga,young beans,General,noun,B
bikambi,"dregs,refuse, rubbish",General,noun,B
bikaogaara,old leaves of herbs,General,noun,B
bikangaarra,skeleton,Biology,noun,B
bikaoja,dregs of beer,General,noun,B
bikanka,make threats,General,noun,B
bikeerranwa,waning moon,General,noun,B
biko,leaves of omuko tree,General,noun,B
bikoora,"leaves, runners, dry tobaco",General,noun,B
bikoorro,sputum,General,noun,B
bikuti,middle husk of millet,General,noun,B
Bikwebe,a response,General,noun,B
bikya,neck,General,noun,B
blmira,mucus of the nose,General,noun,B
bimwemwe,smile,General,noun,B
binagwa,mucus of tbe nose,General,noun,B
binda,to wear a loin-cloth,General,verb,B
binkuti,force a laugh,General,noun,B
binkwabwa,hair in the armpits,General,noun,B
bintu,"things,wealth",General,noun,B
binyansi,weeds; worms,General,noun,B
binyoobwa,ground outs,General,noun,B
binzaah,curry powder,General,noun,B
biraapara,hurriedly,General,noun,B
birerya,husks of simsim,General,noun,B
birezi,secretion from eyes,General,noun,B
biri,"root, two",General,noun,B
biriibwa,"eatables, food",General,noun,B
biriirra,"to discharge, water (eyes)",General,verb,B
birika,snow,General,noun,B
birikiirra,"accuse, tell tales about",General,noun,B
biro,days; periods,General,noun,B
birumizo,sleepiness in the eyes,General,noun,B
birungo,"seasoning,spices",General,noun,B
birusu,saliva,General,noun,B
bisa,labour pains,Health & Medicine,noun,B
bisagazi,young reed,General,noun,B
bisajwa,fat of animals,General,noun,B
bisaka,herbal medicine,General,noun,B
bisanku,dry cow dung,Common Animals,noun,B
biseereere,beans,General,noun,B
bisengere,"ironstone, dross, slag",General,noun,B
bisi,"raw, uncooked, unripe, fresh",General,noun,B
bisonde,"syphilis, yaws",Health & Medicine,noun,B
bisoobooza,leaves of young beans,General,noun,B
bisoodo,"fowls' dung, birds' droppings",General,noun,B
bisuba,"lies, deceit",General,noun,B
Bisuma,"the Great Bear, Constellation",Astronomy And The Universe,noun,B
bisunga,"husks, shavings, refuse",General,noun,B
bisuoi,"variola, chicken pox",Common Animals,noun,B
bisuyaga,sodomy,General,noun,B
bitaigi,maizebefore it is fully-grown,General,noun,B
bitanaki,vomit,General,noun,B
bitanta,labia,General,noun,B
bitaarra,whiskers,General,noun,B
bitege,bandy legs,General,noun,B
bitengo,ragged clothes or skins,General,noun,B
bitontoorro,birds' dropping,General,noun,B
biyaga,addled infertile eggs,General,noun,B
biyogoma,flop down,General,noun,B
boba,"ja kcal, fox",General,noun,B
boha,"to fasten, tie up",General,verb,B
boboorra,unfasten,General,noun,B
bohorrooka,to unfasten,General,verb,B
boiga,to be fat,General,verb,B
boigora,to bark; speak roughly,General,verb,B
bomwiboolezo,market toll collectors,General,noun,B
bona,"experience (trouble, etc.)",General,noun,B
bonabona,suffer,General,noun,B
bonabonesa,to make one suffer,General,verb,B
bondeerra,"forge, to dissolv",General,noun,B
bonekera,to appear to,General,verb,B
bonesa,"to hurt, punish",General,verb,B
boobeera,to be thoroughly cooked,General,verb,B
boroogo,"wailing,lamentation",General,noun,B
boyera,"to quarrel with, attack",General,verb,B
boyerangana,to attack eachother,General,verb,B
boyesa,"scent, perfume",General,noun,B
bubaagi,flaying,General,noun,B
bubaizi,"carpentry, joinery",General,noun,B
bubaliirizi,economy.stinginess,Economics And Commerce,noun,B
bubambaazi,mad behavior,General,noun,B
bubbaani,"species of resin, incense",Biology,noun,B
bubi,"evil, harm;excrement",General,noun,B
bubtihi,"lying, deceitfulness",General,noun,B
buboijana,"loneliness, friendlessness, solitude",General,noun,B
bubu,large edible mushroom,General,noun,B
bubuura,loneliness solitude,General,noun,B
buceke,"weakness,feebleness",General,noun,B
buculeezi,"humility,meekness, docil ity, gentleness",General,noun,B
bucwangya,"deceit,fraud",General,noun,B
bucwekaih,"loss of children, bereavement",General,noun,B
buda,to knead (cooked plantains),General,verb,B
budaida,ceaselessly,General,noun,B
budomadoma,to folly,General,verb,B
budongo,"mud, mortar,clay for building",General,noun,B
budoolidooli,"little, tinny",General,noun,B
buduupe,"cunning,craftiness",General,noun,B
buduuzi,"scorn, derision",General,noun,B
bufaakatl,widowhood,General,noun,B
bufu,"greediness,selfishness",General,noun,B
bufuoda,"narrowness,compression",General,noun,B
bufuodaano,"suffocation, stifling,asphyx",General,noun,B
bufuuhi,jealousy,General,noun,B
bugaajuki,redness,General,noun,B
bugabe,"freedom,right",General,noun,B
bugabi,"generosity,booty",General,noun,B
bugabuga,to be near death,General,verb,B
bugambirambere,talk at random,General,noun,B
bugana,at liberty,General,noun,B
buganiza,to clasp,General,verb,B
buga.njaine,"friendship, affection",General,noun,B
buganjani,forch,General,noun,B
buganyizi,"pity, mercy",General,noun,B
buganzi,"affection,favoritism",General,noun,B
bugeoyi,feast,General,noun,B
bugeregere,sores between the toes,General,noun,B
bugizi,"ability, power",General,noun,B
bugobya,"deceit, fraud,hypocrisy",General,noun,B
bugoga,"nature,disposition. way etc",General,noun,B
bugoigo,"sisal, hemp",General,noun,B
bugole,wedding,General,noun,B
bugoorra,"African eggplant, Solanum Macrocarpan",General,noun,B
bugoro,feed (cattle) early,Common Animals,noun,B
bugumangani,"stiffness, fimmess, hardness, rigidness",General,noun,B
bugumba,"barrenness, sterility",General,noun,B
bugumiro,"reliance,security, strength, refuge",General,noun,B
bugumizo,forge,General,noun,B
buguniiriza,stubbornness,General,noun,B
bugunule,insolence,General,noun,B
bugurusi,old age,General,noun,B
buguta,to rustle,General,verb,B
buguuda,"wealth , riches",General,noun,B
buguzi,merchandise,General,noun,B
bugwagwa,foolishness,General,noun,B
bugweterano,"inheritance, succession",General,noun,B
bugwetwa,inheritedproperty,General,noun,B
buha,for nothing,General,noun,B
buhaba,folly,General,noun,B
buhambirize,"force,compulsion",General,noun,B
buhamizo,"stronghold,support, influence",General,noun,B
bubaodiike,"written matter, correspondence",General,noun,B
buhanga,distant country,Geography,noun,B
bubangaazi,"longevity, durability",General,noun,B
buhangami,scarcity,General,noun,B
buhangirizi,slander,General,noun,B
buhango,"weight, size, bulk",General,noun,B
buhangwa,"inherent,nature",General,noun,B
buhara,"girlhood,maidenhood",General,noun,B
buhate,spitefulness,General,noun,B
buheereza,service,General,noun,B
buhemu,"shame, disgrace",General,noun,B
bubendeke,"fracture,sprain",General,noun,B
buhere,scabies. the itch,Health & Medicine,noun,B
bu hiire,"good fortune, prosperity, success",General,noun,B
buhoogozi,"extortion,rapine, plunder, fraud",General,noun,B
buhoole,"insolence,self-wi ll, naughtiness, profligacy",General,noun,B
buhulizi,"order,discipline, obedience",General,noun,B
buhumbe,"multitude, crowd; delicacy",General,noun,B
buhu nga,flour,General,noun,B
bubungu,"folly,indecency",General,noun,B
bobuta,"wound,injury",General,noun,B
buhuuhirizi,"fine rain,drizzle",Nature & Environment,noun,B
bubwite,"senility, senile, decay",General,noun,B
buhya,pitfall for animals,General,noun,B
buh yaka,newness,General,noun,B
bujamaali,stupidity,General,noun,B
bujojo,elephantiasis,General,noun,B
bujonjo,secretion of the eyes,General,noun,B
bujulizi,"evidence, testimony",Legal And Law Matters,noun,B
bujunaanizibwa,responsibility,General,noun,B
bujune,"sorrow, trouble, misery, melancholy",General,noun,B
bujwahi,"weariness, fatigue",General,noun,B
Bukama,Kingdom,Governance And Administration,noun,B
bukanga,at a high price,General,adverb,B
bukatuzi,violence,General,noun,B
bukaya,fierceness,General,noun,B
bukazi,"womanhood ,female genitals",General,noun,B
buke,"littleness, fewness",General,noun,B
bukeeto,stewardship,General,noun,B
bukene,die uncared for,General,noun,B
bukerembe,infancy,General,noun,B
bukigi,trypanosomyasis,General,noun,B
bukiioiiki,sarcasm,General,noun,B
bukiiouuki,rudeness,General,noun,B
bukoon,"help,assistance",General,noun,B
bukooto,"size,bigness",General,noun,B
Bukristaayo,Christianity,General,noun,B
bukuku,"stinginess,rancidity",General,noun,B
bukungani,"discord, strife",General,noun,B
bukungu,minor chieftainship,General,noun,B
bukorungutaniza,"cunnningness, craftiness",General,noun,B
bukwa sizo,"assistance,support",General,noun,B
bukwataoe,relationship,General,noun,B
bukwatwa,"captivity,imprisonment",General,noun,B
bukwenda,"deputed authority, ambassadorship, ministry,commission",General,noun,B
bukyabukya,"daily, always",General,noun,B
Bula,Europe,General,noun,B
bulebule,completely,General,noun,B
buleegi,begging,General,noun,B
bulehe,"compensation,reparation",General,noun,B
bulemeezi,"weight,difficulty",General,noun,B
bulemi,"rule, control,government, force",General,noun,B
bulemo,"war, battle, struggle, conflict",Military,noun,B
bulengerezi,careful measurement (of food),General,noun,B
bulengi,stinginess,General,noun,B
bulezi,care of children,General,noun,B
bull,join,Common Animals,noun,B
buliba,rat trap,Common Animals,noun,B
bulibweoguzi,corruption,General,noun,B
buliiririzi,greed,General,noun,B
bulliro,"source of foodsupply, pasture",General,noun,B
buJiisa,work of ashepherd; pastorate,General,noun,B
bullisizo,pasture,General,noun,B
bu limi,lisp,General,noun,B
bulimi,cultivation,General,noun,B
bulindwa,protection,General,noun,B
bulingiri,unsociability,General,noun,B
bulinzi,guardianship,General,noun,B
bulyo,"justice, reason",General,noun,B
bumanyi,"knowledge,understand recognition",General,noun,B
bumanyiizi,experience,General,noun,B
bumanzi,courage,General,noun,B
bumara,poison,General,noun,B
bumba,mould,General,noun,B
bumbaataniza,"to clasp, tightly",General,verb,B
bumbaatira,to gather under wings,General,verb,B
bumbaatiza,to clasp tightly,General,verb,B
bumburu,species of beer banana,Biology,noun,B
bumbu ruka,to emerge from undenvate,General,verb,B
bumome,rust,General,noun,B
bu mu,"oneness, unity",General,noun,B
bumuga,"lameness,disableness",General,noun,B
bumwemwe,smile,General,noun,B
bu nabbi,prophecy,General,noun,B
bunaku,poverty,General,noun,B
bunanasi,redness,General,noun,B
bunanu,"trustfulness,confidence",General,noun,B
bunanuki,foreg,General,noun,B
bunda arra,"tolie in wait, for",General,noun,B
bundaaza,"to humble, abase",General,verb,B
bundiika,"to press down, squash",General,verb,B
bune,liver,General,noun,B
Bungereza,England,General,noun,B
bungulya,gulp,General,noun,B
bunihe,"satisfaction,repletion",General,noun,B
bunkohoob,inedible termites,General,noun,B
bunkuli,"bolt food, gulp",General,noun,B
buoobi,hatred,General,noun,B
buntamantama,"mumble, mutter, murmur",General,noun,B
buotu,"being, humanity",General,noun,B
bunu,this,General,noun,B
bunuliirizi,sweetness,General,noun,B
bunuzi,"flavor, taste",General,noun,B
bunwekinweki,flattery,General,noun,B
bunyaata,eating without a relish,General,noun,B
bunyagi,"plunder, violence, rapine",General,noun,B
bunyagwa,captivity,General,noun,B
buoyakantu,"hasty,temper",General,noun,B
bunyamarumbu,"stiffness, aching",General,noun,B
bunyamibwa,good looks,General,noun,B
bunyankomo,imprisonment,General,noun,B
bunyansi,grass,General,noun,B
bunyanzigwa,enemity,General,noun,B
bunyaruguru,position,General,noun,B
bunyeete,stoutness,General,noun,B
bunyigi,"meanness,stinginess, miserliness",General,noun,B
bunyuunyuguzi,foreg,General,noun,B
bunywani,"friendship, blood brother-hood",General,noun,B
bunyigitiro,foreg,General,noun,B
bunyuunyambuzi,plant like clover,General,noun,B
"bunyu unyuguru,",tickling sensation,General,noun,B
bura ara,plant withhairy stinging leaves,General,noun,B
buraaro,lodging,General,noun,B
burabo,"path, passage,way",General,noun,B
buraguzi,divination,General,noun,B
buraibuTa,height,General,noun,B
buraira,"length, height",General,noun,B
buramata,"fixed, firmly",General,noun,B
burangara,stir up trouble,General,noun,B
burangura,"opthalmia,trachoma",Health & Medicine,noun,B
buro,small millet,General,noun,B
burofu,"filth., dirtiness,slovenness",General,noun,B
bu rogo,witchcraft,Culture And Tradition,noun,B
buronde,forced labour,General,noun,B
burubatiro,"tread of foot, sole",General,noun,B
burugo,place of origin,General,noun,B
buruguta,"roar, sound",General,noun,B
burukwera,holiness,General,noun,B
burumi,"ache, pain",General,noun,B
burumuka,"to rustle, swish",General,verb,B
burundu,smallpox,Health & Medicine,noun,B
burungi,"beauty, goodness",General,noun,B
burungurungu,alone,General,noun,B
burungutana,"to bustle about, hustle",General,verb,B
bururumi,"fierceness,ferocity, harshness",General,noun,B
buruutura,"rip, tear",General,noun,B
burwa,ashes of burnt cow-dung,Common Animals,noun,B
burwaire,"illness, sickness, disease",General,noun,B
busumi,time,General,noun,B
busumiikiranizo,fastening. joint,General,noun,B
busuubuzi,trade,General,noun,B
busuuh uuki,"exile, emigration",Geography,noun,B
buswale,raffia,General,noun,B
busuuru,ground-rent,General,noun,B
busuuti,Arab robe,General,noun,B
buswagirizi,flattery,General,noun,B
buswahirizi,"provocation, taunting, booing",General,noun,B
buta,be feeble,General,verb,B
butaahi,"neighbourhood,neighbourliness",General,noun,B
butaaho,"residence, dwelling place",General,noun,B
butaami,foolishness,General,noun,B
butagali,"weakness,thinness of the legs",General,noun,B
butagasi,warmth,General,noun,B
butabweza,blindness,General,noun,B
butama,"collapse, fall",General,noun,B
buta ikya,unceasingly,General,noun,B
"bu taito,","littleness.smallness, fewness",General,noun,B
butale,iron ore,General,noun,B
butamilzi,"drunkenness, intoxication",General,noun,B
butandikiro,starting point,General,noun,B
butandwa,"unforeseen peril, accident",General,noun,B
butanwa,accidental occurrence,General,noun,B
butasi,espionage,General,noun,B
butatara,to spread about,General,verb,B
butebezi,preaching,General,noun,B
buteeraniro,joint,General,noun,B
buteero,to fall,General,verb,B
buteerre,slipperiness,General,noun,B
butembane,inbreeding,General,noun,B
butende,initiation ceremony of diviner,Culture And Tradition,noun,B
buteodebeki,task,General,noun,B
butentebeke,"impossibility, difficulty",General,noun,B
butere,fat tai,General,noun,B
butida,catapult,General,noun,B
butigi,"forwardness, perversity",General,noun,B
butiime,minced meat,General,noun,B
butiini,"fear, cowardice",General,noun,B
butika,to dump down,General,verb,B
buto,"childhood,youth",General,noun,B
butogoro,bloodpudding,General,noun,B
butooganiro,"excuse, defence",General,noun,B
botumwa,"conunission,apostleship, ministry",General,noun,B
buturumuki,"sloth,slackness",General,noun,B
butungi,wealth,General,noun,B
buturukaizooba,the East,General,noun,B
butuzi,button mushrooms,General,noun,B
butwa,poison,General,noun,B
butweke,pregnancy of unmarried woman,Health & Medicine,noun,B
butweki,fomication(male),General,noun,B
buura,give warning,General,noun,B
buurra,open the eyes,General,noun,B
buurru,cloud of dust,General,noun,B
buuta,very feeble person; idiot,General,noun,B
buutabu,stoop,General,noun,B
buutikira,"to smother, cover up",General,verb,B
buya,to be sleepless,General,verb,B
buyambi,"help, aid,assistance",General,noun,B
buyanja,"wavelets, ripples",General,noun,B
buyondo,twisted fringe,General,noun,B
buyungiro,"joint , splice",General,noun,B
buza,lose,General,noun,B
buzaale,"clanship, relationship, kinship",General,noun,B
buzaana,slavery,General,noun,B
buzaarwa,"parentage, birthplace",General,noun,B
buzigu,"hostility,enemity; smallpox",Health & Medicine,noun,B
buzimba,tuberculosis,Health & Medicine,noun,B
buzimbira,bulk,General,noun,B
buzindaazi,hoarseness,General,noun,B
bwabwanura,to crunch,General,verb,B
bwagaarra,to be squashed,General,verb,B
bwagura,"to bear (puppy, cubs)",Common Animals,verb,B
bwahuzi,"storing up,stewardship",General,noun,B
bwakabiri,second time,General,noun,B
bwakaiso,"witness,testimony, evidence",Legal And Law Matters,noun,B
bwakyo,tinny flowers,General,noun,B
bwalingi,"laziness,foolishness",General,noun,B
bwamata,tonsils,General,noun,B
bwamba,copious,General,noun,B
bwanda,yellow stonecrop,General,noun,B
bwanga,hollows,General,noun,B
bwangi,refusal,General,noun,B
bwanyakatagara,priesthood,General,noun,B
bwarabwara,"to crouch down, hide",General,verb,B
bwarangasa,atmosphere,General,noun,B
bwarubanga,godhead,General,noun,B
bwate,jealousy,General,noun,B
bwati,fissures of childbirth,Health & Medicine,noun,B
bwatuka,to make noise,General,verb,B
bweculiko,slope,General,noun,B
bwecumi,"neatness,smartness, cleanliness, adornment",General,noun,B
bwecwiso,expiation,General,noun,B
bwcganyi,self-pity,General,noun,B
bwcganyirizi,"slackness, laziness",General,noun,B
bwcgege,carefully,General,noun,B
bwegendereza,"carefulness, circumspection, thrift",General,noun,B
bwcgesa,teaching,General,noun,B
bwcgcsibwa,civilization,General,noun,B
bwcgombi,covetousness,General,noun,B
bwebinduurro,"room to tum, freedom",General,noun,B
bwekambi,"deligeocc, zeal, earnestness, zest",General,noun,B
bwckanasi,"laziness, indolence",General,noun,B
bwekiiko,"bend, curve,tum",General,noun,B
bwckobi,conspiracy,General,noun,B
bwekubizo,"careful up bringing, petting",General,noun,B
bwekuniki,", conceit, showing off",General,noun,B
bwenda,"generosity,liberality, bounty",General,noun,B
bwenderezi,"oppression,bullying",General,noun,B
bwenugi,neglect of owcrcowcre,General,noun,B
bwerebwerc,openly,General,noun,B
bwereme,"willfulness,rebellion, impudence",General,noun,B
bweremera,sole ownership,General,noun,B
bwerengcrezi,"bullying, scornfulness",General,noun,B
bwerindwa,fragility,General,noun,B
bwesaganirizo,rustling,General,noun,B
bwesengeze,leasehold land,General,noun,B
bwesereko,"hiding place, refuge",General,noun,B
bwesige,"trust,confidence, assurance",General,noun,B
bwesigwa,"trustworthiness, faithfulness",General,noun,B
bwesumbo,shelter from rain,General,noun,B
bwesumikiri,lumps,General,noun,B
bwesungi,"cheek, impudence, naughtiness",General,noun,B
bwezigooro,"curve,bend , round about",General,noun,B
bwibi,theft,General,noun,B
bwigamiro,support,General,noun,B
bwigamo,shelter,General,noun,B
Bwigara,expression of pity,General,interjection,B
bwigara,smallpox,Health & Medicine,noun,B
bwigurumba,bigness,General,noun,B
bwiguu,bully,General,noun,B
bwihulebwona,stinging centipede,Common Animals,noun,B
bwijukuru,"ancestry,generations",General,noun,B
bwikaro,"place, residence, abode",General,noun,B
bwikazi,foreg,General,noun,B
bwikizo,refuge,General,noun,B
bwiko,"mutual hatred,enmity",General,noun,B
Bwikya,house of thequeen consort,General,noun,B
bwimi,"meanness,stinginess",General,noun,B
bwina,"linleholes, tunnels",General,noun,B
bwinazi,poverty,General,noun,B
bwingi,plenty,General,noun,B
bwingira,cave. den,General,noun,B
bwinike,serfdom,General,noun,B
bwiru,slavery,General,noun,B
bwirukiro,"place of refuge, retreat",General,noun,B
bwisi,murder,General,noun,B
bwisik,girlhood,General,noun,B
bwogi,"sharpness, edge",General,noun,B
bwogo,"tumult, uproar",General,noun,B
bwojo,boyhood,General,noun,B
bwoki,honey,General,noun,B
bwomangane,toughness,General,noun,B
bwomeezi,"health, life, soul",General,noun,B
bwomi,dryness,General,noun,B
bwomoomo,dryness,General,noun,B
bwomuntu,humanity,General,noun,B
bwongo,brain,General,noun,B
bwonjooka,to go away stealthily,General,verb,B
bworobi,"softness, tenderness",General,noun,B
bworoozi,guardianshjp,General,noun,B
bwotere,butter mixed with perfume,General,noun,B
bwoya,hair,General,noun,B
bwoyooyo,nothing at all,General,noun,B
byahi,"skin mats, child's bedding",General,noun,B
byakeeri,hair in the annat,General,noun,B
byamba,dirt,General,noun,B
byaoa,"fruit, offspring",General,noun,B
byara,fingers,General,noun,B
byeoda,entrails,General,noun,B
byenga,"slag of iron, dross",General,noun,B
byeyererwa,find no one in,General,verb,B
byobwomeezi,"health,sanitation matters",General,noun,B
byokera,to attack,General,verb,B
byokulya,food,General,noun,B
byorwaoju,immorality,General,noun,B
byoya,"feathers,fur(animal hair)",General,noun,B
banu,these ones,General,noun,B
bandwa,chwezi priests,General,noun,B
baro,your husband,General,noun,B
basemera,he/she is good looking,General,noun,B
basingo,"courtier or fort-dweller, attendant",General,noun,B
batembuzi,"pioneers, harbigners",General,noun,B
bazaire,parents,General,noun,B
bazarrabusa,they produce[children] for nothing,General,noun,B
bbaasi!,enough,General,noun,B
bbaibbuli,bible,General,noun,B
bbasitoora,pistol,General,noun,B
bbogoya,plantain,General,noun,B
bbwa,openly,General,noun,B
beebwa,they can forget,General,noun,B
biringi,sickle,General,noun,B
bibiri,two hundred,General,noun,B
bibiri n'emu,two hundred and one,General,numeral,B
bibiri n'ikumi,two hundred and ten,General,numeral,B
bigo,"place, city",General,noun,B
bikumi bibiri,two hundred,General,noun,B
bikumi bina,four hundred,General,noun,B
bikumi bisatu,three hundred,General,noun,B
bikumi bitaano,five hundred,General,noun,B
biizi-bitoosa,meat of a sheep,Common Animals,noun,B
binkwatiireki,carelessly,General,noun,B
binzaari,orange colour,General,noun,B
binu,these ones,General,noun,B
biisopu,bishop,General,noun,B
bonka,they alone,General,noun,B
bonsatu,three of them,General,noun,B
bontaano,five of them,General,noun,B
boojo,please,General,noun,B
bbooda-booda,bicycle or motorcycle taxi,Transport,noun,B
booma,government ground or station,General,noun,B
boona,all of them,General,noun,B
bucuzi,upside down,General,noun,B
bugazi,facing up,General,noun,B
bugingo,"dangerous, deadly",General,noun,B
bugubugu,quickly and carelessly,General,noun,B
bugendandara,to walk sluggishly,General,verb,B
bugwaizooba,West,General,noun,B
buheekwa,vehemence,General,noun,B
buhyaka,"anew, again",General,noun,B
bukiika,across,General,noun,B
buli kiro,everyday,General,noun,B
bundi,another time,General,noun,B
burugaizooba,East,General,noun,B
buturukamusanaj busa,for nothing,General,noun,B
busi bwa nseeri,on the opposite hills,General,adverb,B
businge,peacefully,General,noun,B
butaleka,"uncreasingly, continuously",General,noun,B
butoosa,"everyday, always",General,noun,B
bujenjebere,something that is shaky,General,noun,B
bujinja,a sheep without ears,Common Animals,noun,B
bujumeera,a good singing voice,General,noun,B
bumoso,left hand side,General,noun,B
buri,that time,General,noun,B
buso-bwa-ntaama,head on collision,General,noun,B
busa,afresh; once more,General,noun,B
bwa,to speak openly,General,verb,B
bwakeire-bwaizire,now and then,General,noun,B
bwangu,quickly,General,noun,B
bwanamukuru,a parish priest,General,noun,B
bwanyima,afterwards; later,General,noun,B
bwatu,doing something openly,General,noun,B
bweera,open,General,noun,B
bwemi,"upright, standing up",General,noun,B
bwereere,a very young baby,General,noun,B
bwino,"ink ,written",General,noun,B
bwo,"it, itself, they, themselves",General,noun,B
bwohe,temptation,General,noun,B
byabazaire,of parents,General,noun,B
byo,"they, themselves",General,noun,B
byona,all of them,General,noun,B
caacaalya,to be always visiting,General,verb,C
caai,"tea, tea leaves,tea plant",General,noun,C
caaka,"to begin, start",General,verb,C
Caali,"expresses pity, admiration",General,noun,C
cambaitu,"to shake about, spill",General,verb,C
candakaarra,to be exhausted,General,verb,C
canza,torture,General,noun,C
capa,slap,General,noun,C
capuka,to be chipped,General,verb,C
capura,"to chip, break off",General,verb,C
ccba,"to pound, crush",General,verb,C
cebaceba,to trot,General,verb,C
ccccba,to mock,General,verb,C
ceeceeba,cebaceba,General,noun,C
cekc,"weak, feeble",General,noun,C
cekeca,"to dance,leap",General,verb,C
cekeceke,completely,General,noun,C
cekya,to weaken,General,verb,C
cencebuka,"to be tom, ragged",General,verb,C
cenccbura,to tear into pieces,General,verb,C
cenkaccnka,to chew,General,verb,C
cika,discuss thoroughly,General,noun,C
cikinya,"be tidy, neat, quiet",General,verb,C
cikinyiza,"to shake about, strew",General,verb,C
compacompya,to be deceitful,General,verb,C
concoboza,to become destitute,General,verb,C
concona,"to crush, pound",General,verb,C
cubira,sleep,General,noun,C
cucu,expression of fraight,General,interjection,C
cugura,to have diarrhoea,General,verb,C
Cukanaho,Get out,General,noun,C
cukumura,to discard,General,verb,C
cullikana,to over lap,General,verb,C
cumo,to push,General,verb,C
cumanga,"to push repeatedly, neglect",General,verb,C
cumanganiza,to refuse,General,verb,C
cumba,"to cook, boil",General,verb,C
cumbagira,to limp,General,verb,C
cumika,to set fire,General,verb,C
cumita,"to stab, spear, pierce",General,verb,C
cuncumura,"to drive away, scareaway",General,verb,C
cunduka,be corpulent,General,verb,C
cunguk,to grow tall,General,verb,C
cungura,"to buy back, redeem",General,verb,C
cunkura,to suck dry,General,verb,C
cupa,bottle,General,noun,C
cura,"old cow, old woman",Common Animals,noun,C
curru,a destitute person,General,noun,C
cuucu,dust,General,noun,C
cuukun,wean,General,noun,C
cwagura,to eat ravenously,General,verb,C
cwamu,settle matters,General,noun,C
cwanganiza,to go across,General,verb,C
cwanganizaamu,to divide,General,verb,C
cwaogya,"be cunning, crafty, sly",General,verb,C
cwankuna,to chew,General,verb,C
cweka,to break,General,verb,C
cwekana,to succumb,General,verb,C
cwekanira,rush at joyfully,General,noun,C
cwereeira,to invent,General,verb,C
rnisikaniza,cross a path,General,noun,C
cacaca,sound made by footsteps,General,noun,C
cakucaku,quickly,General,noun,C
ceiceice,in total silence,General,noun,C
coroko,soya beans,General,noun,C
culeezi,quiet,General,noun,C
cuucuucu,too much smell,General,noun,C
daata,to walk majestically,General,verb,D
dai,intensive with guma,General,noun,D
daimoni,"slemon, devil, evil spirit",General,noun,D
dakiika,minute,General,noun,D
"dakit aali,",doctor,Health & Medicine,noun,D
dalizi,woven border on cloth,General,noun,D
dambakaarra,"to be flabby, inert",General,verb,D
damura,to move,General,verb,D
demba,tolap,General,noun,D
dibisa,"to rundown , defame",General,verb,D
dibya,"to become stupid,backward",General,verb,D
digidigi,intensive with boha (fasten),General,noun,D
diidigiza,"tie tightly, tighten",General,noun,D
diini,religion,General,noun,D
diira,compass,General,noun,D
dikira,to sink,General,verb,D
dikya,to hit hard,General,verb,D
dimiryangombe,blue soap,General,noun,D
dimunadimu,seldom,General,noun,D
dinga,to become stupid,General,verb,D
dogoma,to bubble,General,verb,D
doma,"to bestupid, silly, foolish",General,verb,D
domahara,"to become stupid, foolish",General,verb,D
domya,to stupefy,General,verb,D
doodokya,"to mock, ridicule",General,verb,D
dongobuJaaya,cement,General,noun,D
dongoro,native soap,General,noun,D
dooba,to be stripped,General,verb,D
dookooli,"be exhausted, done up",General,verb,D
Dora,Look! Behold!,General,noun,D
dubungura,"to hollow out, probe,lance",General,verb,D
duduma,"to rumble, whirr, hum",General,verb,D
dudura,"beat unmercifully, flog",General,noun,D
dundukya,to tantalize,General,verb,D
dundumuka,to grow very quickly,General,verb,D
dunga,to be very tall,General,verb,D
duraamu,barrel,General,noun,D
duubuuda,to waste,General,verb,D
duuka,shop,General,noun,D
duuma,"to announce, command, proclaim,interpret",General,verb,D
duura,"t oderide, scorn",General,noun,D
dwiro,drill,General,noun,D
dai-dai,very hard,General,noun,D
daburokara,double colour,General,noun,D
dainingi,dining room,General,noun,D
dara,"here is, there is",General,adverb,D
dereeva,driver,Transport,noun,D
deero,"now, today",General,noun,D
disiko,discotheque,General,noun,D
doboro,double: twice as much,General,noun,D
doi doi,making continous andirritating noise,General,verb,D
doodo,amarinthus,General,noun,D
ekidomora,jerrycan,General,noun,E
ekidongodongo,a heron,Common Animals,noun,E
ekifubiro,"punishment, penalty",General,noun,E
ekifuka,food without salt,General,noun,E
ekifu kyenda,a very greedy person,General,noun,E
ekifunjo mururuma,large intestine,General,noun,E
ekigambo,a word,General,noun,E
ekigango,room for catechism classes,General,noun,E
ekidikizo,idiom,General,noun,E
ekidongo,a guitar,General,noun,E
ekifaafa,a stupid person,General,noun,E
ekifuba,ekifuba,General,noun,E
ekifufu,a bruise,General,noun,E
ekifunga,a packet,General,noun,E
ekifundikizo,"cover, used banana leaf",General,noun,E
ekifunjo,rectum,General,noun,E
ekigaali,a wheel barrow,General,noun,E
ekigando,a tall mascular person,General,noun,E
ekiganyiro,forgiveness,General,noun,E
ekigarukwamu,answer,General,noun,E
ekigene,joke,General,noun,E
ekigiiko,spoon,General,noun,E
ekihano,something very surprising,General,noun,E
ekigega,a big basket,General,noun,E
ekigere,"foot, foot print",General,noun,E
ekigigo,molar tooth,General,noun,E
ekigunguru,a round plastic jerrycan,General,noun,E
ekihambo,a young pumpkin's garden,General,noun,E
ekihohe,soft immature calabash,General,noun,E
ekihorooni,latrine,General,noun,E
ekijunjuuzi,beetle,General,noun,E
ekijwaro,"garment, wear",General,noun,E
ekikaali,king's or chiefs enclosure,Governance And Administration,noun,E
ekikaijo,sugarcane,General,noun,E
ekikaragwe,a tree specie,General,noun,E
ekikindo,a palm tree,General,noun,E
ekikeke,pumpkin,General,noun,E
ekikere,"frog, toad",General,noun,E
ekikoco,an old emanciated cow,Common Animals,noun,E
ekikongoriro,maize cob,General,noun,E
ekikohi,eyelid,General,noun,E
ekikoikyo,riddle,Storytelling And Narratives,noun,E
ekikoligo,"yoke problem, obstacle",General,noun,E
ekikoobe,a herdsman's whistle,General,noun,E
ekikooko,an animal,General,noun,E
ekikoosi,a battalion,Military,noun,E
ekikopo,cup: a trophy,General,noun,E
ekijunzire,rotten thing,General,noun,E
ekika,sub-clan,General,noun,E
ekikaguzo,question,General,noun,E
ekikarango,frying-pan,General,noun,E
ekiijukyo,a memorial remembrance,General,noun,E
ekijubwa,type of horizontal grass,General,noun,E
ekijuma,"a fruit, a table",General,noun,E
ekiina,"hole, ditch, pit",General,noun,E
ekiinamirro,"great grief, be sorrowful",General,noun,E
ekiisamuhana,large hornbill,General,noun,E
ekiisurumba,"waterfall, rushing flood",General,noun,E
ekiisa-mutuutu,a big brown bird,General,noun,E
ekijinja,a seasonal swamp,General,noun,E
ekijoojo,fresh banana tree sheath,General,noun,E
ekijubwe,a type of grass,Nature & Environment,noun,E
ekijujuka,odour: unpleasant smell,General,noun,E
ekijaju,exaggerated information,General,noun,E
ekiihe,severe famine,General,noun,E
ekiijongo,a crater lake,General,noun,E
ekiika,heavy smoke,General,noun,E
ekiikaro,"place, spot",General,noun,E
ekiju,a bird's nest,General,noun,E
ekijumo,"an insult, an abuse",General,noun,E
ekiinazi,pit latrine,General,noun,E
ekiituuru,"a shade, shadow",General,noun,E
ekijogojogo,a snail shell,General,noun,E
ekikaaka,giant,General,noun,E
ekikaari,a reed fenced enclosure,General,noun,E
ekijaguzo,"festivity, celebration",General,noun,E
empaka,"argument, strife, dispute",General,noun,E
empale,"knickers, trousers, shorts",General,noun,E
empambiriza,one who uses force,General,noun,E
empambo,seeds of gourds,General,noun,E
empanuura,"advice, counsel, discussion",General,noun,E
emparacuki,swift runner,General,noun,E
emparra,kind of locust,Common Animals,noun,E
empataniza,space,General,noun,E
empazi,safari ants,Tourism,noun,E
empeereza,service,General,noun,E
empegecu,"gristle, cartilage",General,noun,E
empere,bed-bug,General,noun,E
empeta,a ring,General,noun,E
empiigi,hunting dog,Common Animals,noun,E
empimbaale,"a blind cow, goat",Common Animals,noun,E
empitnpina,chameleon,Common Animals,noun,E
empaama,"poor soil, hard earth",General,noun,E
empairimi,male dog,Common Animals,noun,E
empakani,"argumentative person, rival, competitor",General,noun,E
empamo,"mourning, lamentation",General,noun,E
empanabeera,firm breasts not pendant,General,noun,E
empara,Uganda Cob,General,noun,E
emparangani,quarrelsome person,General,noun,E
empata,constipation,General,noun,E
empeehe,fluffy seeds of reeds,General,noun,E
empeera,"wage, pay, reward",General,noun,E
empeese,a new hoe,General,noun,E
empekenyu,"gristle, cartilage",General,noun,E
empiigani,"enmity, persecution",General,noun,E
empirima,"double edged sword, dagger",General,noun,E
empogoma,hole in a tree,General,noun,E
enkunguru,grasshoppers: small grasshoppers,General,noun,E
enku,firewood,General,noun,E
enkubebe,worker termite,Common Animals,noun,E
enkubiti,"strength, vigour",General,noun,E
enkukuni,flea,General,noun,E
enkumbititi,"multitude, crowd,abundance",General,noun,E
enkuna,"hospitality, entertaining",General,noun,E
enkunga,red tailed colobus monkey,Common Animals,noun,E
enkunuukizi,hangnail,General,noun,E
enkura,rhinoceros,Common Animals,noun,E
enkurugu,"cheat, swindler, crafty person",General,noun,E
enkurungo,blue banana eater,General,noun,E
enkuraijo,a plant species,Nature & Environment,noun,E
enkorro,"coughing disease, cough",General,noun,E
enkubirane,repeatedly,General,noun,E
enkukuuru,horn trumpet,General,noun,E
enkumba,white millet,General,noun,E
enkumo,fingers,General,noun,E
enkunda,red-tailed cercopitheque,General,noun,E
enkungani,"strife, quarrel",General,noun,E
enkunku,type of banana,General,noun,E
enkunzi,lover,General,noun,E
enkakaara,guinea fowl,General,noun,E
enkurugusi,intruder,General,noun,E
enkurungutaniza,"subtlety, cunning, cheating",General,noun,E
enkusi,stupid person,General,noun,E
enkuuku,pigeon peas,General,noun,E
enkwahwa,armpit,General,noun,E
enkwanzi,beads,General,noun,E
enkwatirizi,"careful,deliberate, economical person",General,noun,E
enkwato,"care, good treatment, neatness",Health & Medicine,noun,E
ensaagi,surplus,General,noun,E
ensambani,an adulterous person,General,noun,E
ensasanure,strippings from papyrus stems,General,noun,E
ensongore,a male dog,Common Animals,noun,E
ensumbi,SW.voilence or force,General,noun,E
**ensunga**,big white beads,General,noun,E
enobi,"dislike, enmity, hatred",General,noun,E
enondwa,tree with edible fruit,General,noun,E
ensaali,loquats,General,noun,E
ensaasi,illness of king only,Governance And Administration,noun,E
enkuya,large ape,Common Animals,noun,E
enkuzi,"main root, tap root",General,noun,E
enkwali,quail,General,noun,E
enkwomoro,waning moon,General,noun,E
ensamya,simsim,General,noun,E
ensaija,a male animal,General,noun,E
ensekure,a ram,Common Animals,noun,E
ensoberwa,SW.a desparate person,General,noun,E
ensoboorozi,SW.someone who explains something,General,noun,E
ensoma,the way of reading,General,noun,E
ensonga,menstruation period,Health & Medicine,noun,E
ensonga,SW.cattle disease,Health & Medicine,noun,E
ensoigo,honey guide bird,General,noun,E
enombe,a soft red clay,General,noun,E
ensamaaki,fish,General,noun,E
ensaano,"flour, powder",General,noun,E
enseegu,"pipe, flute",General,noun,E
enseenene,edible grasshoppers,General,noun,E
enseesekale,loose cents,General,noun,E
enseiso,upper grinding stone,General,noun,E
enseko,"laughter, fun",General,noun,E
ensemere,"dear one, beloved",General,noun,E
ensenge,giant hog,General,noun,E
ensenyerre,good clear eyes,General,noun,E
ensesemi,"nausea, vomit",General,noun,E
ensi,"earth, land, country",Geography,noun,E
ensidirirwa,muzzle-loader,General,noun,E
ensigo,kidney; seed,General,noun,E
ensiiso,upper grind stone,General,noun,E
ensimbi,money,General,noun,E
ensinduro,full moon when rising,General,noun,E
ensisana,"shape, appearance",General,noun,E
entaranta,talent: a natural gift,General,noun,E
ensobi,"mistake, error",General,noun,E
ensama,"reedbuck, water buck",General,noun,E
ensandaigo,border of mat,General,noun,E
ensazi,become very exhausted,General,noun,E
ensekere,sty (in eye),General,noun,E
ensembukya,short-bladed spear,General,noun,E
ensenada,cast,General,noun,E
ensengo,fetters,General,noun,E
ensere,hippopotamus,Common Animals,noun,E
ensese,"dysentery, diarrhoea with blood",Health & Medicine,noun,E
ensibago,cane for bow string,General,noun,E
ensibyemu,type of potato,General,noun,E
ensiisira,temporary shelter,General,noun,E
ensindizi,"owl, sad, lonely person",Common Animals,noun,E
ensinika,grin showing teeth,General,noun,E
ensita,secret,General,noun,E
ensoborra,explanation,General,noun,E
ensoga,castor oil berry,General,noun,E
ensogasoga,castor oil plant,General,noun,E
ensohera,housefly,General,noun,E
ensole,"young dog, puppy",Common Animals,noun,E
ensombabyoma,silkworm,General,noun,E
ensondokozi,biting ant,General,noun,E
ensongo y'omutwe,"protruding, prominent forehead",General,noun,E
ensonjogo,tertiary syphilis,Health & Medicine,noun,E
ensonzi,small black fish,General,noun,E
ensoro,spring of water,General,noun,E
ensorrokano,assemblies,General,noun,E
ensubiirizi,imitator,General,noun,E
entaahi,swallow,Common Animals,noun,E
entanaki,vomit,General,noun,E
enteekateeka,one's opinions and ideas,General,numeral,E
enteere,being very tired,General,noun,E
ente-matako,a good female cow,Common Animals,noun,E
entenge,small beads,General,noun,E
ensunsunikizo,"extreme edge, unsafe place",General,noun,E
ensusu,flakes of skin,General,noun,E
enswa,white ants,General,noun,E
ensoha,water- jar,General,noun,E
ensolima,large type of rat,Common Animals,noun,E
ensombi,mud-fish,General,noun,E
ensondo,cape of land,General,noun,E
ensoni,"shame, embarrassment",General,noun,E
ensooki,insolent person,General,noun,E
ensorooza,collection,General,noun,E
ensubiiriza,imitation,General,noun,E
enswiga,black nightshade,General,noun,E
entabo n,"red clay, fertile soil",General,noun,E
entasumbuswa,an irreplaceable cow,Common Animals,noun,E
entembarusaka,a type of potatoes,General,noun,E
entetere,seeds of a pumpkin,General,noun,E
entiizano,borrowed things,General,noun,E
ensundi,"small red bird, wax-bill",General,noun,E
enyuma,behind,General,noun,E
enyungu,"pipe, earthenware, cooking-pot",General,noun,E
enzibira-busa,a cartapillas cacoon,General,noun,E
enziramira,python,Common Animals,noun,E
enziiki,burial fee,General,noun,E
enzira-kabi,a holy person,General,noun,E
enzirigi,muscular and strong,General,noun,E
enziransi,West wind,General,noun,E
enzonza-mutima,deep sorrow or bitterness,General,noun,E
erende,spoilt beer or porridge,General,noun,E
enzooro,full moon,General,noun,E
eraatiri,a pound,General,noun,E
erangi,colour,General,noun,E
eriiba,"dove, pigeon",General,noun,E
eriiso-ry'ensi,abyss,General,noun,E
erooro,thin or not fat,General,noun,E
eruusi,young female goat,Common Animals,noun,E
eryogero,bathroom,General,noun,E
esaasi,"sympathy, mercy, kindness",General,noun,E
esaara,prayer,General,noun,E
enyuguta,letter of the alphabet,Education And Learning,noun,E
enyumbu,mule,Common Animals,noun,E
enza,pubic Hair,General,noun,E
enzaarwa,"home-born, native, original",General,noun,E
enziika,strong feeling of hatred,General,noun,E
enzige,locust,Common Animals,noun,E
enziha,deep water,General,noun,E
enziku,gonorrhoea,General,noun,E
enzini,"singer, dancer",Art And Entertainment,noun,E
enzizi,wound,General,noun,E
ereka,shrub with much syrup,Health & Medicine,noun,E
eriigenda,"these days, nowadays",General,noun,E
enzooka,"appearance, view",General,noun,E
epipa,"barrel, pipe",General,noun,E
eri,which,General,noun,E
eriino,tooth,General,noun,E
eryanda,a dry cell,General,noun,E
eryato,a boat,General,noun,E
eryombera,season of weeding millet,General,noun,E
eruguru,"top, overthere",General,noun,E
eryana,childishness,General,noun,E
esaatumba,aheap of unorganised things,General,noun,E
esaati,shirt,General,noun,E
esaiso,upper grinding stone,General,noun,E
esasi,sparks,General,noun,E
esabwe,butter sauce,General,noun,E
esafuliya,saucepan,General,noun,E
esa,bandle of grass,General,noun,E
esande,type of a bird,General,noun,E
esenza,SW.cane rat,Common Animals,noun,E
esokondwa,caterpillar,Common Animals,noun,E
esusure,type of yellow bananas,General,noun,E
esuuka,bed sheets,General,noun,E
esirabo,common duiker,General,noun,E
esigara,cigarettes,General,noun,E
esimu,telephone,General,noun,E
esabbuuni,soap,General,noun,E
esafaali,"journey, tour",General,noun,E
esagama,blood,General,noun,E
esapuli,rosary,General,noun,E
esande,banana juice,General,noun,E
esarisari,SW.urine in droplets,General,noun,E
esojo,Spear grass (Heteropogon contortus),General,noun,E
esweta,sweater,General,noun,E
esiba,SW.section of a book,General,noun,E
esimooni,fifty cents,General,noun,E
esirimbi,whistle,General,noun,E
etaaba,"tobacco, cigeretts",General,noun,E
etabaaro,placenta: the afterbirth,General,noun,E
etabaaza,lantern,General,noun,E
etarabuusu,turkish hut,General,noun,E
etanka,tank,General,noun,E
evaaro/eveero,veil,General,noun,E
eveesiti,vest,General,noun,E
eyange,mine,General,noun,E
ezange,mine,General,noun,E
ezikeere,pelican,General,noun,E
etawaaza,See: ETABAAZA,General,noun,E
etuutu,"sweat, perspiration",General,noun,E
etundubaale,tarpauline,General,noun,E
evanjiri,the gospel,General,noun,E
eviini,wine,General,noun,E
ezaabbu,gold,General,noun,E
ezi,"those ones, which",General,noun,E
ekikonderezo,a curse,General,noun,E
ekikangi,thorn of palm tree,General,noun,E
ekikayaabu,fish: Salted fish,General,noun,E
ekikoba,peeled off skin,General,noun,E
ekikoijo,sugarcane,General,noun,E
ekikomo,"copper, large brass bracelet",General,noun,E
ekikondere,necklace of headwork,General,noun,E
ekikondo,milestone,General,noun,E
ekikongoijo,millipede,Common Animals,noun,E
ekikonko,empty maize cob,General,noun,E
ekikoori,eye blow,General,noun,E
ekikorongezo,a torch,General,noun,E
ekikorwa,an act,General,noun,E
ekikumu,toe or finger,General,noun,E
ekitindinda,"snail, slug",General,noun,E
ekitime,small piece of meat,General,noun,E
ekitimatima,the last,General,noun,E
ekitiiri,"anus, buttock",General,noun,E
ekiti,a piece of stick,General,noun,E
ekitere,fatty tail of sheep,Common Animals,noun,E
ekiteete,umoa grass,General,noun,E
ekiteekerezo,"idea, thought",General,noun,E
ekitoijo,an offering to God,General,noun,E
ekitoga,something young or imature,General,noun,E
ekitingwa,sexually loose,General,noun,E
ekiteete,lemon grass,General,noun,E
ekiteba,a clay water pot,General,noun,E
ekitentere,a young grasshopper,Common Animals,noun,E
ekitindiriro,millet drying rack,General,noun,E
ekiteetei,dress,General,noun,E
ekitenterezi,a kind of bird,General,noun,E
ekitereza,soft straight hair,General,noun,E
ekitiinisa,"glory, honour, respect, reverence",General,noun,E
ekitinti,a patched garmen,General,noun,E
ekitiyo,spade,General,noun,E
ekyata-muzinga,honey-eating animal,General,noun,E
ekyasa,century: a hundred years,General,noun,E
ekoona,corner: a sharp bend,General,noun,E
ekiziba,valley dam or pond,General,noun,E
ekiyengo,a small measuring basket,General,noun,E
ekitwaro,a big storage basket,General,noun,E
ekituzi,mushroom:a large size mushroom,General,noun,E
ekitumbwe,**unripe fruit.**,General,noun,E
ekisige,eye blows,General,noun,E
ekitooma,ficus tree,General,noun,E
ekitontome,poem,General,noun,E
ekyenda,"the stomach,intestine",General,noun,E
ekyemo,physical stature,General,noun,E
ekyemerro,stature,General,noun,E
ekyemeza,a self-propagated plant,General,noun,E
ekyekwaso,excuse,General,noun,E
ekyekurra,a crawling thing,General,noun,E
ekyegemera,a set-square,Mathematics,noun,E
ekyebu,"corner of cloth, skin",General,noun,E
ekyeera,albino,General,noun,E
ekyata,a heart burn,General,noun,E
ekyate,a crack,General,noun,E
ekyasa,piece of split firewood,General,noun,E
ekyasi,gap in the teeth,General,noun,E
ekyaro,"village, estate",General,noun,E
ekyarre,grass spread for cattle,Common Animals,noun,E
ekyaraani,sowing machine,General,noun,E
ekyara,"finger, toe",General,noun,E
ekyano,hollow infront of neck,General,noun,E
ekyanyuma,"post, stamp",General,noun,E
ekyange,mine,General,noun,E
eky'ensekuro,pestle,General,noun,E
ekyambu,river,General,noun,E
ekyalinga,"worthless person, good-for-nothing",General,noun,E
ekyambara,dog's collar,Common Animals,noun,E
ekyakyo,"flower,blossom",General,noun,E
"ekyahati, nitwija",drink,General,noun,E
ekyahati,today,General,noun,E
ekyahanyuma,"placenta, after birth",General,noun,E
ekyadundu,"pouch,crop",General,noun,E
ekyadaadi,"placenta, after birth",General,noun,E
ekyabuuramuti ekooti,"cart, rickshaw coat, jacket",General,noun,E
ekufuru,"lock, padlock",General,noun,E
ekooko,cocoa fruit,General,noun,E
ekondo,coronets,General,noun,E
ekizizi,swarm,General,noun,E
embaata,"duck, goose",Common Animals,noun,E
emanzi,"a hero, brave person",General,noun,E
emana,vagina,General,noun,E
emamba,"dawn, day break",General,noun,E
emambo,pegs,General,noun,E
emaaya,ostrich,Common Animals,noun,E
elobo,"pail, bucket",General,noun,E
ekyoya,"feather, hair",General,noun,E
ekyoto,"fireplace, hearth",General,noun,E
ekyose,hair bracelet,General,noun,E
ekyonzira,sacrifice,General,noun,E
ekyombo,"sailing ship, dhow",General,noun,E
ekyomuziro,forbidden thing,General,noun,E
ekyombeko,building,General,noun,E
ekyokurwanisa,weapon,General,noun,E
ekyokuhonga,offering,General,noun,E
ekyokujwara,"garment, cloth",General,noun,E
ekyokoora,poison given by witchdoctors,General,noun,E
ekyohyo,temptation,General,noun,E
ekyeyo,broom,General,noun,E
ekyezigolezo,"corner, turn, bend,curve",General,noun,E
ekyeyamura,yawn,General,noun,E
ekyeya,a level plain,General,noun,E
ekyetaago,a need,General,noun,E
ekyetebuko,an echo,General,noun,E
ekyesweko,"covering, blanket, sheet",General,noun,E
ekyesomeko,"coat, made-up garment, overal",General,noun,E
ekyesingo,self-will,General,noun,E
ekyesindiko,"self-confidence, self-assurance,leisurely, stately walk",General,noun,E
ekyesingiso,"loofah, sponge",General,noun,E
ekyesegenyu,strainer for water,General,noun,E
ekyeremye,"rebelliousness, disobedience",General,noun,E
ekyenyanja,fish,General,noun,E
ekyokyezo,a burning place,General,noun,E
eraihiriza,to stand on tiptoe,General,verb,E
eraoga,to announce oneself,General,verb,E
ereega,"to be taut, tightened",General,verb,E
erinduka,"to wince, start",General,verb,E
erora,to examine or seeoneself,General,verb,E
erabura,"to be insolent, inquisitive",General,verb,E
erozaroza,to pretend to search,General,verb,E
esansara,to scatter,General,verb,E
esereka,to hide oneself,General,verb,E
esiga,"to trust, rely on",General,verb,E
esiiga,to smear oneself,General,verb,E
esiikiriza,"to coveroneself, camouflage",General,verb,E
esiitara,"to stumble, trip",General,verb,E
esimba,to become surety,General,verb,E
esibiirra,to stick on; insist,General,verb,E
escra,to give water (cattle),Common Animals,verb,E
esenguJa,to settle on lees,General,verb,E
eseemura,to sneeze,General,verb,E
esama,to open the mouth,General,verb,E
esagura,to pillow one's self,General,verb,E
erya,raise ones grief,General,noun,E
eruuba,to mix with,General,verb,E
erimba,to hide,General,verb,E
erambira,to lick up one's,General,verb,E
erahiirra,to make a vow,General,verb,E
esingoleza,to sweep idly,General,verb,E
esobwa,to miss,General,verb,E
esoka,to gorge oneself,General,verb,E
esonsogora,"to plume feathers, preen",General,verb,E
esooboora,to slink off,General,verb,E
esorooza,"to assemble, come together",General,verb,E
esungunika,to keep to oneself,General,verb,E
eta,"to call, invite",General,verb,E
etaabya,intrude,General,noun,E
etabaga,splash about,General,noun,E
etabatabika,to be mixed up,General,verb,E
eteba,to dodge,General,verb,E
eteega,to gird oneself,General,verb,E
eteekaniza,"to get ready, prepare",General,verb,E
etendebeka,to balance oneself,General,verb,E
etiriiba,to skip,General,verb,E
etomera,go hunting alone,General,noun,E
etiriginya,to wriggle,General,verb,E
eterega,"to gambol, skip",General,verb,E
eteogeesa,to fidget,General,verb,E
etendiiga,"to skip, gambol",General,verb,E
etembeeka,"to presume, take upon",General,verb,E
etegya,"to securitise, examine, understand",General,verb,E
eteegura,to ungird oneself,General,verb,E
etanga,"to control oneself, refrain",General,verb,E
etaba,toentangle oneself,General,noun,E
esweka,to cover oneself,General,verb,E
esuusa,to swing oneself,General,verb,E
esungusura,go away alone,General,noun,E
esoroora,"to separate oneself, withdraw",General,verb,E
esokoora,"to clean, pick out",General,verb,E
etooratoora,"to be handy, skilful",General,verb,E
etuntllUI,"to worry, be anxious",General,verb,E
eturumbwijura,"to be lazy, dawdle",General,verb,E
eyahukaniza,"to separate oneself,exclude oneself",General,verb,E
eyamura,to yawn,General,verb,E
eyetera,to challenge,General,verb,E
eyiba,"to escape, slink off",General,verb,E
eyi.ita,to commit suicide,General,verb,E
eyongosa,to twist; go unwillingly,General,verb,E
eyorobya,"to insinuate oneself,fawn",General,verb,E
eyunguura,"to separate, disperse",General,verb,E
ezinda,to destroy oneself,General,verb,E
ezinguurra,to unwind oneself,General,verb,E
eyobyo,Spider plant,General,noun,E
eyagura,to scratch oneself,General,verb,E
etuuma,to crowd together,General,verb,E
eturubika,to huddle oneself up,General,verb,E
etunguurra,to slip off,General,verb,E
etooliikn,"to be skilful, romantic",General,verb,E
ebikoreso,1) materials. 2) utensils,General,noun,E
ebikooko,animals,General,noun,E
ebijwaro,"clothings, garments",General,noun,E
ebijaburiro,fomentations,General,noun,E
ebiino,large teeth,General,noun,E
ebihera,odd numbers,General,noun,E
ebicwanta,saliva,General,noun,E
ebicooli,maize plant,General,noun,E
ebicaani,campfire made for cows,General,noun,E
ebbeeseni,a basin,General,noun,E
ebbaibbuli,The Bible,General,noun,E
ebbahaasa,envelope,General,noun,E
ebibuuzo,examinations or tests,General,noun,E
ebicwanyagurika,**broken pieces**,General,noun,E
ebigereke,ebigereke,General,noun,E
ebigene,something done excessively,General,noun,E
ebigonzi,waves,General,noun,E
ebihaburo,pieces of advice,General,noun,E
ebihimba,beans,General,noun,E
ebihwazi,impaired vision,General,noun,E
ebiiga,swellings on cattle hips,Common Animals,noun,E
ebijaga,syphilis,Health & Medicine,noun,E
**ebijanjaaro**,beans,General,noun,E
ebijenge,water-logged ground,General,noun,E
ebitakuri,sweet potatoes,General,noun,E
ebihya,new things,General,noun,E
ebisingo,garden rubbish,General,noun,E
ebisigarira,left-overs,General,noun,E
ebisekule,food without salt,General,noun,E
ebisa,labour pains,Health & Medicine,noun,E
ebirwaniso,weapons,General,noun,E
ebirungo,spices,General,noun,E
ebirego,rumours,General,noun,E
ebiraatwa,a pair of shoes,General,noun,E
ebinyiga,saltless food or sauce,General,noun,E
ebinyangabo,edible mushrooms,General,noun,E
ebinyansi,"weeds, tall grass",General,noun,E
ebingonzi,water waves,General,noun,E
ebimira,mucus from the nose,General,noun,E
ebikya,neck,General,noun,E
ebikwato,"items touse, tools, implements",General,noun,E
ebikuti,millet husks,General,noun,E
ebikyenkya,pozzolan,General,noun,E
ebindi,others: the rest,General,noun,E
ebinyaanyindo,nasalised manner of speech,General,noun,E
ebinyoobwa,groundnuts,General,noun,E
ebinzaali,curry powder,General,noun,E
ekirahure,sw.1) spectacles. 2) glasses,General,noun,E
ebireju,beards,General,noun,E
ebirika,snow,General,noun,E
ebirungi,good things,General,noun,E
ebisosonkoro,empty match boxes,General,noun,E
ebisurugutururu,ear wax,General,noun,E
ekiigaana,shallow pool,General,noun,E
ekihwijo,"fern, air freshener",General,noun,E
ekihurro,creeper,General,noun,E
ekihukuzi,a mole,Common Animals,noun,E
ekihongole,shade for calves,General,noun,E
ekihoiga,bit of grass,General,noun,E
ekiho,"haze, mist, fog",General,noun,E
ekihika,"expectation, curiosity, longing for",General,noun,E
ekihiiso,fresh beans,General,noun,E
ekihangwa,"a creature, created thing",General,noun,E
ekihanga,valley,General,noun,E
ekihaha,a lung,General,noun,E
ekigwo,a fall,General,noun,E
ekigugu,smell of burning food,General,noun,E
ekigonzi,a wave,General,noun,E
ekigurukano,occasionally; not often,General,noun,E
ekihuurika,an absent minded person,General,noun,E
ekigwara,occasionally; not often,General,noun,E
ekigogo,banana fibre,General,noun,E
ekigono,the act of snoring,General,noun,E
ekigundu,the big one,General,noun,E
ekigwererezi,"accident, unexpected problem",General,noun,E
ekihangara,palate,General,noun,E
ekihaso,pneumonia,Health & Medicine,noun,E
ekihihi,"cold, dull weather",General,noun,E
ekihoiholya,butterfly,Common Animals,noun,E
ekijuju,tsetsefly,General,noun,E
ekihooya,"wound, sore",General,noun,E
ekihuguhugu,a bat,Common Animals,noun,E
ekihururwa,climbing plant,Nature & Environment,noun,E
ekihuumuro,"holiday,rest",General,noun,E
ekihyo,"large knife, machete, sword",General,noun,E
ekinyampo,"passing air, a fart",General,noun,E
ekinyamakeka,civet-ca,General,noun,E
ekinyabwoya,a woolly caterpillar,Common Animals,noun,E
ekinunko,bad smell,General,noun,E
ekintana,the queen termite,Governance And Administration,noun,E
ekiniga,anger,General,noun,E
ekingoleka,"an idiot, an imbecile",General,noun,E
ekinaga,cooking pot,General,noun,E
ekimiro,a deep voice,General,noun,E
ekimera,a growing plant,General,noun,E
ekimara,arrow,General,noun,E
ekikwato,household,General,noun,E
ekikwasi,safety pin,General,noun,E
ekikururuzo,"**track, trail**",General,noun,E
ekikunya,stump of a tree,General,noun,E
ekikungulima,a projecting thing,General,noun,E
ekikule,hunting-horn,General,noun,E
ekikugizo,title of honour,General,noun,E
ekikonkonamiti,woodpecker,General,noun,E
ekikonkomago,wood pecker,General,noun,E
ekikonkomi,large lizard,Common Animals,noun,E
ekikoonora,bull dozer,Common Animals,noun,E
ekikorwa,"deed, act",General,noun,E
ekikura,a large trench,General,noun,E
ekinuuko,stench: a bad smell,General,noun,E
ekilaaya,irish potato,General,noun,E
ekimeeri,friendship without blood- brotherhood,General,noun,E
ekinaabiro,bathroom,General,noun,E
ekingoora,crow,Common Animals,noun,E
ekinosi,protuberance above navel,General,noun,E
ekintu,a thing,General,noun,E
ekinyabaisiki,mushroom: an edible mushroom,General,noun,E
ekibazo,sentence: a complete statement,General,noun,E
ekibbaati,an old iron sheet,General,noun,E
ekibbiriiti,a match box,General,noun,E
ekibero,"thigh, lap",General,noun,E
ekibiriza,boiled meat,General,noun,E
ekibindi,clay or wooden bowl,General,noun,E
ekibunu,buttocks,General,noun,E
ekibwegurra,a hairy stinging caterpillar,Common Animals,noun,E
ekicoori,sw.cereal: maize cob,General,noun,E
ekicu,cloud,General,noun,E
ekibbaali,spirit shrine for twins,Culture And Tradition,noun,E
ekibiriiti,match box,General,noun,E
ekibira,forest,General,noun,E
ekibonwomwe,a shooting star,General,noun,E
ekibunda,a dull rainy day,General,noun,E
ekibwana,puppy: a young dog,Common Animals,noun,E
ekicooli,maize,General,noun,E
ekinyangondookyera,a snail,General,noun,E
ekinyege,fish-trap,General,noun,E
ekinyomo,a large brown ant,General,noun,E
ekinyonyi,bird,General,noun,E
ekinywa,"vein, artery",Biology,noun,E
ekinywansani,things,General,noun,E
ekipampagara,mud guard,General,noun,E
ekiranga,a broken pot,General,noun,E
ekipanga,"panga, matchet",General,noun,E
ekiragaano,"covenant, agreement",General,noun,E
ekirahuli,"glass, tumbler",General,noun,E
ekirali,wild,General,noun,E
ekiramukyo,"small present, remembrance",General,noun,E
ekinyamunsungusungu,crested eagle,Common Animals,noun,E
ekinyoobwa,groundnut,General,noun,E
ekinyumyo,festivity or feast,General,noun,E
ekinywabwino,blotting paper,General,noun,E
ekipaali,papyrus mat,General,noun,E
ekipande,"reading sheet, notice, card",General,noun,E
ekirandakwata,a useless person,General,noun,E
ekipiira,jerrycan,General,noun,E
ekirabyo,"flower, blossom",General,noun,E
ekirahiro,"oath, vow",General,noun,E
ekirale,a trail of men,General,noun,E
ekirangirro,"proclamation,anouncement",General,noun,E
ekireere,dry banana fibres,General,noun,E
embabazi,"sympathy,grace, kindness",General,noun,E
embambagya,"smart, clever person",General,noun,E
embaraasi,horse,Common Animals,noun,E
embasuko,spring of trap,General,noun,E
embaza,"speech, pronunciation, talking of",General,noun,E
embegede  emberra,fish with snout virgin,Common Animals,noun,E
embogo,buffalo,Common Animals,noun,E
embumbe,round shaped,General,noun,E
embunduguru,rounded or rotund object,General,noun,E
emboijana,a friendless person,General,noun,E
embomboza,"lonely person, vagrant",General,noun,E
emboni,pupil of the eye,Education And Learning,noun,E
embanza,beginning,General,noun,E
embatamo,extended flat bums,General,noun,E
embone,eyelids,General,noun,E
embaya,dry papyrus stalks,General,noun,E
emberenge,dried maize grains,General,noun,E
emboyi,"bully, tyrant",General,noun,E
embumbatizi,"sitting hen, broody hen",Common Animals,noun,E
emburara,jaraguá (Hyparrhenia rufa),General,noun,E
embwa embyara,a dog planting,Common Animals,noun,E
emeeza,table,General,noun,E
emera,"shape, appearance",General,noun,E
emigambire,"way of speaking, pronunciation",General,noun,E
embwakazi,bitch: a female dog,Common Animals,noun,E
emigaatwa,malnourished domestic animals,General,noun,E
embungu,a small boring beetle,General,noun,E
emburabura,"foreigner, homeless person",General,noun,E
emenge,blaze,General,noun,E
emibbwebbwe,half-cooked potatoes,General,noun,E
emigaramo,"idleness, leisure",General,noun,E
emitego,bowed legs,General,noun,E
embugo,bark cloth,General,noun,E
embunda,a dull day,General,noun,E
embuuru,sea: very large lake,General,noun,E
embuzi,a goat or sheep,Common Animals,noun,E
embyamyamu,a reclining chair,General,noun,E
emengo,grinning stones,General,noun,E
emerezi,self sown or planted,General,noun,E
emicungiro,dirt in the nail,General,noun,E
emirabanamu,bothersome problems,General,noun,E
emilyoni ikumi,ten million,General,noun,E
empande,Bambara nuts,General,noun,E
emilyoni,one billion,Mathematics,noun,E
eminwa,lips,General,noun,E
eminyeeto,the youth,General,noun,E
emirembe emitalibaine,peace,General,noun,E
emitalibaine,"problems , worries, difficultie",General,noun,E
emitegano,"business, hard work",General,noun,E
emirindi,tramping of many fee,General,noun,E
emitumanyuma,between the shoulder blades,General,adverb,E
emyetuno,"showing off, affectation, vanity",General,noun,E
empooza,"taxi levied, dues, customs",General,noun,E
empotole,undiluted sweet banana juice,General,noun,E
empuka,east wind,General,noun,E
empulirizo,small opening of cavity,General,noun,E
encumate,thick eye secretions,General,noun,E
encwekye,someone who dies childless,General,noun,E
empuruuturro,"sliding loop, noose, bow",General,noun,E
empuule,"unground millet, loose grain",General,noun,E
empuunisa,nasal sounds,General,noun,E
empwamaani,"invalid, weak, passive person",General,noun,E
empwerwa,utterly destitute person,General,noun,E
empwite,"very old person, senile",General,noun,E
ebitanga,spots: small round spots,General,noun,E
ebyahandiikirwe,scriptures: religious writings,General,noun,E
ebyobutegeki,politics: matters of politics,Politics And Current Affairs,noun,E
ebisigi,eyebrows,General,noun,E
ebitaara,car head lamps,General,noun,E
ebiteere,dried cassava,General,noun,E
ebyenda,"intestines, offals",General,noun,E
ebyondo,mud: soft sticky mud,General,noun,E
ebyohyo,roastings,General,noun,E
ebyoya,hair,General,noun,E
eduuka,"shop, business premise",General,noun,E
efirimbi,whistle,General,noun,E
ebitarira,scattered animal spots,General,noun,E
eboote,the aged,General,noun,E
ebyakwahwa,armpit hair,General,noun,E
ebyamaka,family matters,General,noun,E
ebyari,rags,General,noun,E
ebya Sitaani,evil acts,General,noun,E
ecupa,bottle,General,noun,E
edubu,Sear,General,noun,E
egaaju,a brown cow,Common Animals,noun,E
Egiigya,type of loan grass,General,noun,E
egomborra,sub-county,General,noun,E
egyambiya,machette,General,noun,E
ejoora,roll ofcloth,General,noun,E
eka,"a home, a homestead",General,noun,E
ekambi,hard working,General,noun,E
ekarwa,type of grass,Nature & Environment,noun,E
ekelezia,church,General,noun,E
ekibako,tomb,General,noun,E
ekibaara,ekibaara,General,noun,E
ekibanda,carpenter's shade,General,noun,E
egaali,bicycle,General,noun,E
egaragara,lizard,Common Animals,noun,E
egi,which,General,noun,E
egunga,a specie of grass,General,noun,E
ego mail,truly,General,noun,E
ehiira,porriedge: sour porridge,General,noun,E
ekaanyuma,behind the house,General,noun,E
ekalaamu,"pencil, writing instrument",General,noun,E
ekanisa,church,General,noun,E
ekirimi,flames of fire,General,noun,E
ekirego,a secret accusation,General,noun,E
ekiremba,a head- cloth,General,noun,E
ekiriisa,fertility/ nutrition,General,noun,E
ekirubi,a furnace,General,noun,E
ekirongooro,return present,General,noun,E
ekirungo,"seasoning, spice",General,noun,E
ekireego,taut string,General,noun,E
ekirenge,"hoof, foot",General,noun,E
ekirere,gourd of milk,General,noun,E
ekirumiko,a vessel cupping- hoi,General,noun,E
ekiromba,i protruding navel,General,noun,E
ekirooto,a dream,General,noun,E
ekirukirro,nickname,General,noun,E
ekirurumo,a low-pitched mumbling sound,General,noun,E
ekisaaru,a reedlike swamp grass,General,noun,E
ekisagiko,ornament: hair beads,General,noun,E
ekisa,labour pain,General,noun,E
ekizaaiiiro/ ekisaaru,"swamp, stream, river",General,noun,E
ekisabiko,herbal purgative,General,noun,E
ekisanju,whip,General,noun,E
ekisasaazi,spark (of fire),General,noun,E
ekisegu,sexual urge,General,noun,E
ekisengiijo,filter,General,noun,E
ekisense,"ragged edge, rag",General,noun,E
ekisanku,dry cow dung,Common Animals,noun,E
ekisensero,entrance: a posterior gate,General,noun,E
ekisinjo,rage: violent uncontrolled anger,General,noun,E
ekisore,puppy: a young dog,Common Animals,noun,E
ekisutama-hamwe,a traditional stool,General,noun,E
ekisaatu,"skin, hide",General,noun,E
ekisago,"a pillow,cushion",General,noun,E
ekisambizo ekisanuruzo,spur of cock comb,Common Animals,noun,E
ekisarazi,"numbness, cramp",General,noun,E
ekisebe,"beetle larva, grub",Biology,noun,E
ekisengeijo,strainer,General,noun,E
ekisamba,floating vegetation on water,General,noun,E
ekisonga,chest pain,General,noun,E
ekisorosoro,navel: a big navel,General,noun,E
ekisoma,fresh bean leaves,General,noun,E
ekisurugu,groundnut husk,General,noun,E
ekisizi,a plant disease,General,noun,E
ekisyarazi,stagnant water,General,noun,E
ekitaba,ditch,General,noun,E
ekitabaswa,a suit case,General,noun,E
ekitaka,a clod,General,noun,E
ekitaraariire,something that happens unexpectedly,General,noun,E
ekisiika,"partition,wall, room",General,noun,E
ekisindikwa,"turf, sod",General,noun,E
ekisinziro,heel,General,noun,E
ekisirya,"calabash, gourd",General,noun,E
ekisomabwire,a nightjar bird,General,noun,E
ekisombera,a very large basket,General,noun,E
ekisonko,sea shell,General,noun,E
ekisoonante,a kind of grass,Nature & Environment,noun,E
ekisunsuzo,a comb,General,noun,E
ekisweko,blister,General,noun,E
ekitanakya,"emetic, makesone vomit",General,noun,E
ekisire,obstinate person,General,noun,E
ekisooko,a locally made cigarette,General,noun,E
ekitabaraara,the guest of honour,General,noun,E
ekisiibo,fasting period,General,noun,E
ekisingolezo,a broom,General,noun,E
ekisumuruzo,"a key, an opener",General,noun,E
ekisuzi,"wildcat, bed bug",General,noun,E
ekisusu,"peel, husk, fore skin",General,noun,E
ekitaatnutoole,nonsense,General,noun,E
ekitabujuguta,civet-cat,Common Animals,noun,E
ekitakuli,potato,General,noun,E
ekitanake,heap of vomit,General,noun,E
ekitangaazo,a microscope,General,noun,E
endyakiro,mouse,Common Animals,noun,E
endyanga,"skinbag, leather bag",General,noun,E
enfuuzi,orphan,General,noun,E
engaba,"distribution, giving",General,noun,E
engambisa,vowels,General,noun,E
engano,"wheat flour,wheat",General,noun,E
enganja,white geranium,General,noun,E
engurumbanyi,untrust-worthy person,General,noun,E
endyaga,plenty of food,General,noun,E
eenimi,bull: male cattle,Common Animals,noun,E
enfaana,tapeworm,General,noun,E
enfunjo,papyrus for craft work,Art And Entertainment,noun,E
enfuuni,a worn out hoe,General,noun,E
enfumbi,swollen glands,General,noun,E
engabi,bushbuck,General,noun,E
engabwa,"general, commander, ambassador, representative",Military,noun,E
engagya,large spotted hyena,Common Animals,noun,E
engamba,"shell spoon,sea shell",General,noun,E
engambo,"dialect, speech,utterance or rumour",General,noun,E
enganga,loan meat,General,noun,E
enganjani,friend,General,noun,E
enganyi,"sorrow, sadness",General,noun,E
engasa,small delicious fish,General,noun,E
engazi,palm oil,General,noun,E
engendo,"travels, journeys",General,noun,E
engenzigenzi,type of beetle,General,noun,E
engingo,"shape, figure, joint",General,noun,E
engoga,open wound,General,noun,E
engombe,hoot,General,noun,E
engonero,secretion from the mouth,General,noun,E
engonzi,"love, affection",General,noun,E
engoro,reed,General,noun,E
engoto,nape of neck,General,noun,E
enguha,"tick, mite",General,noun,E
engumangane,"hard-hearted, obstinate",General,noun,E
engunu,gum (of teeth),General,noun,E
engururrumi,stunted child,General,noun,E
enguudo,"high road, street",General,noun,E
enguzi,bribe,General,noun,E
enio,"buttocks, bottom",General,noun,E
enjaza,reedbuck,General,noun,E
enjeru,"white sheep, cow",Common Animals,noun,E
engarukamu,way of answering,General,noun,E
engaase,sundried meat,General,noun,E
engenzi,traveller,General,noun,E
engiga,"notch, joint, point",General,noun,E
engo,leopard,Common Animals,noun,E
engobya,"cunning deceitful person, cheat",General,noun,E
engoma,"drum, throne",Governance And Administration,noun,E
engona,slime on stagnant water,General,noun,E
engondo,cuts on the body,General,noun,E
engonge,otter,General,noun,E
engoonyo,"camping-place, tennporary shelter",General,noun,E
engorombe,"stunted child, cow",Common Animals,noun,E
engoye,clothes,General,noun,E
engungumale,obstinate,General,noun,E
engundizi,weakling; long-lived person,General,noun,E
engwara,horn trumpet,General,noun,E
engweterano,from generation to generation,General,noun,E
enimi,bull,Common Animals,noun,E
enjaahi,"Indian hemp, opium, bhang",General,noun,E
enjabule,cropped ears,General,noun,E
enjagirizi,flatterer,General,noun,E
enjatu,destructive gale,Nature & Environment,noun,E
enjenga,many banana gardens together,General,noun,E
enjoga,water container,General,noun,E
enjoka,snake; internal pains,Common Animals,noun,E
enjoki,bees,General,noun,E
enjuba,blood pudding,General,noun,E
enjunza,jigger,General,noun,E
enkambi,restcamp,General,noun,E
enkali,urine,General,noun,E
enkango,"end goal, stopping-place",General,noun,E
enkenko,vinegar,General,noun,E
enkerebe,"dog-faced ape, baboon",Common Animals,noun,E
enkana,a neck swelling,General,noun,E
enjuza,twisted papyrus ropes,General,noun,E
enjwaranna,"way of clothing, attire",General,noun,E
enkaanaana enkaina,flowers donkey,Common Animals,noun,E
enkaka,"heart-burn, anthrax",General,noun,E
enkamba-be,"diligent, work hard",General,noun,E
enkangaasi,hoof,General,noun,E
enkanjaiga,times,General,noun,E
enkaranga,huge elephant,General,noun,E
enkarwa,leg trick in wrestling,General,noun,E
enkeeho,waning moon,General,noun,E
enkenyera,"groaning, discontent; pain, ache",General,noun,E
enkere,water frog,General,noun,E
enkerembe,"infant, baby",General,noun,E
entabukatabuka,"muddle, confusion, commotion",General,noun,E
entaka,"clod, sod",General,noun,E
entangize,time just after sunrise,General,noun,E
entaratazi,"wanderer, roamer",General,noun,E
enteerabwire,cock,Common Animals,noun,E
enteeraniza,a way of joining,General,noun,E
entemamuhoro,mantis,General,noun,E
enterebuki,"shirker, dodger",General,noun,E
entimbo,small royal drum,Governance And Administration,noun,E
entoijo,freshly churned cow ghee,Common Animals,noun,E
entongana,defence; apology; pleading,General,noun,E
entajumba,guinea fowl,General,noun,E
entama,mouthful,General,noun,E
entale,a lion,Common Animals,noun,E
entambu,"pace, short distance, strides",General,noun,E
entandikiro,"beginning, start, origin",General,noun,E
entangatangano,"cross-roads, junction",General,noun,E
entarutahu,walk very quickly,General,noun,E
entebe,chair,General,noun,E
entema,small calabash cup,General,noun,E
entenyi,trial by ordeal,General,noun,E
entimagizi,malachite king-fisher,Governance And Administration,noun,E
entimbure,mixed food,General,noun,E
entondo,small type of grasshopper,Common Animals,noun,E
entongole,kind of harp,General,noun,E
entoole,"water frog, stupid person",General,noun,E
entumba,a loud fart,General,noun,E
entulirra,self-sown potatoes,General,noun,E
entundwa,very lightcoloured millet,General,noun,E
entungo,sim-sim seeds,General,noun,E
entuuru,a wild cat,Common Animals,noun,E
enumi,bull: a male cow,Common Animals,noun,E
enyakibabi,a green coloured snake,Common Animals,noun,E
enturabusa,swollen gland,General,noun,E
enturro,"sourness, acidity",General,noun,E
entuuha,crested crane,Common Animals,noun,E
entuuyo,"state of perspiration, sweat",General,noun,E
entyabiri,a species of mushrooms,Biology,noun,E
enuuni,duodenum,General,noun,E
enyaani,coffee-berries,General,noun,E
enyabatimbo,silkworm,General,noun,E
enyahukana,difference,General,noun,E
enyakabara,native-born,General,noun,E
enyama,"meat, flesh, muscle",General,noun,E
enyamahamba,type of edible mushroom,General,noun,E
entumbi,a corpse of cattle,Common Animals,noun,E
entumbwe,calf,Common Animals,noun,E
entuumuuki,blankshot,General,noun,E
entuuru,a fall,General,noun,E
enusu,coin: metallic currency,Economics And Commerce,noun,E
enyamaiswa,an animal,General,noun,E
enturuba,"gurgle, bubble, slobber",General,noun,E
entuutu,cape goose berries,Common Animals,noun,E
entwe,ears of millet,General,noun,E
enwa,"hornet,wasps",Common Animals,noun,E
enyabisaaniko,evening star,General,noun,E
enyakibisi,fresh beans,General,noun,E
enyamagaro n,"pincers, pliers",General,noun,E
Eba,to be forgotten,General,verb,E
Ebabura,of his/her relative,General,noun,E
Ebiihabiiha,to deceive oneself,General,verb,E
Ebondoiga,to vomit (dog etc.),Common Animals,verb,E
Ebundaaza,to humble oneself,General,verb,E
Eceeba,to wear many clothes(woman),General,verb,E
Ecunda,to drag oneself along,General,verb,E
Efoora,to pretend to be,General,verb,E
"egaa rraamu,",to pluck up courage,General,verb,E
Ebaarra,to be cautious,General,verb,E
Ebabara,to beware,General,verb,E
Ebaganizaamu,to withdraw oneself,General,verb,E
Ebairuka,to be startled,General,verb,E
Ebeteka,to sit down carelessly,General,verb,E
Ebiihiirra,to boast groundlessly,General,verb,E
Ebiihiraniza,to provoke one another,General,verb,E
Ebiijagura,to belch,General,verb,E
ebin ga,to fly for refuge,General,verb,E
Ebumbiirra,to wrap oneself up,General,verb,E
Ebwa,to forget,General,verb,E
Ecencura,"to fully understand, comprehend",General,verb,E
Ecumiitiriza,to think deeply,General,verb,E
"ecundacu nda,",to rock oneself,General,verb,E
Ecuraniza,to sit properly,General,verb,E
Ecwacwana,"to writhe, wag, wriggle",General,verb,E
Edikya,to fall heavily,General,verb,E
Efaafaaniza,"to be dirty, slovenly",General,verb,E
Efuba,to hide,General,verb,E
Ega,to learn,General,verb,E
Egama,to starve,General,verb,E
Egambiirra,to exhort oneself,General,verb,E
Eganyira,to pity oneself,General,verb,E
Eganira,to leave off doing,General,verb,E
Egejageja,to malinger,General,verb,E
Egemba,to shave oneself,General,verb,E
Egemuliza,to fetch one's food,General,verb,E
Egesa,"to teach, educate",General,verb,E
Egiza,to pretend,General,verb,E
Egonyoorra,to stretch oneself,General,verb,E
Egurukya,to deny having done,General,verb,E
Ehaisa,"to flatter oneself, boast",General,verb,E
Ehakana,to deny knowledge of,General,verb,E
Ebengeka,to lean sideways,General,verb,E
Ehenyenga,forge,General,noun,E
Ehingahingisa,to be changeable,General,verb,E
Ehoima,To be quarrelsome,General,verb,E
Eganya,"to be lazy, weak",General,verb,E
Eganyiirra,become lazy,General,noun,E
Egarukamu,"to repent, reconcile",General,verb,E
Egegecrra,to handle carefully,General,verb,E
Egema,"to bend, be flexible",General,verb,E
Egendera,to take oneself off,General,verb,E
Egenya,To frown,General,verb,E
Egogeza,to be self,General,verb,E
Egonesa,to feign sleep,General,verb,E
Egoora,to enjoy oneself,General,verb,E
Ebaabira,to boast,General,verb,E
Ehara,"to scratch oneself, avoid",General,verb,E
Ehemura,to debase oneself,General,verb,E
Ehenya,to search diligently,General,verb,E
"eh.tita,",to work tirelessly,General,verb,E
Ehinguliriza,"to surround, go round",General,verb,E
Ehiringisa,to roll,General,verb,E
Ehonga,to dedicate oneself,General,verb,E
Ebooga,to republic an acquaintance,Politics And Current Affairs,verb,E
Ehoza,to lend,General,verb,E
Ehungura,to put on airs,General,verb,E
Ehuuga,to rinse,General,verb,E
Ebyohya,to change one's mind,General,verb,E
Ejuura,to undress oneself,General,verb,E
Ekanga,"to be indolent, lazy",General,verb,E
Ekaranduza,to clear the throat,General,verb,E
Ekeerreema,to reflect_ ponder,General,verb,E
Ekima,to bide,General,verb,E
Ekingira,to shut oneself in,General,verb,E
Ekonga,shrug the shoulders,General,noun,E
Ekopa,to buy on credit,General,verb,E
Ebotoora,to rub oneself,General,verb,E
Ehotora,To wind,General,verb,E
Ehugya,"to ignore, pretend",General,verb,E
Ehuuta,to walk very fast,General,verb,E
Ebyahyaniza,to fidget,General,verb,E
ejw eka,oneself,General,noun,E
Ekaakura,to scratch oneself,General,verb,E
"ekagu ra,","to taste(food) again, repeat",General,verb,E
Ekaguza,"to examine oneself, reflect",General,verb,E
Ekeehereza,to draw in stomach,General,verb,E
Ekcndura,to gird oneself tightly,General,verb,E
Ekilka,to be cross wise,General,verb,E
Ekooka,to retch,General,verb,E
Ekoonyera,to help oneself,General,verb,E
Ekubakuba,to become tangled,General,verb,E
Ekubirana,to take one's ease,General,verb,E
Ekugusa,to slip past,General,verb,E
Ekulingilrra,"to be round, spherical",General,verb,E
Ekumba,to join with others,General,verb,E
Ekumbya,to roll oneself,General,verb,E
Ekuusa,to rub oneself,General,verb,E
Ekwasa,to make excuses,General,verb,E
Emanya,"to be selfish, vain",General,verb,E
Emanyisa,to make oneself,General,verb,E
Emigiza,to squeeze oneself against,General,verb,E
Emogora,to make a grimace,General,verb,E
Emwa,to shave oneself,General,verb,E
Ena,All of me,General,noun,E
Enegura,to regain one's strength,General,verb,E
Enuuba,"to become miserable, unhappy",General,verb,E
Eoyini,"self, selves",General,noun,E
Epaoka,to be proud,General,verb,E
Eraga,"to vow, pledge, promise",General,verb,E
Ekubiriza,earnestly entreat,General,noun,E
Ekukumika,"to hide, escape",General,verb,E
Ekuliiriza,to take upon oneself,General,verb,E
Ekulingura,"to roll, wallow",General,verb,E
Ekuma,to sit nicely,General,verb,E
Ekuuma,to chew the cud,General,verb,E
Ekuuyuuya,to shade wings (termites),General,verb,E
Emaanyura,pull out one's hair,General,verb,E
Embi,Both,General,noun,E
Emererwa,To have pain,General,verb,E
Endereza,"to oppress, bully, afflict",General,verb,E
Eoka,"self, selves",General,noun,E
Eoyuma,behind,General,noun,E
Eragaza,to wipe oneself,General,verb,E
Empooka,survivor,General,noun,E
Empooza,"taxi levied, dues, customs",General,noun,E
Empugutani,"forgetful, scatterbrained person",General,noun,E
Empuka,east wind,General,noun,E
Empulirro,ear passage,General,noun,E
Empunu,"Pig, wild bear",Common Animals,noun,E
Emyerande,potatoes uprooted from runners,General,noun,E
Encwekye,someone who dies childless,General,noun,E
Empuruuturro,"sliding loop, noose, bow",General,noun,E
Empuunisa,nasal sounds,General,noun,E
Empwerwa,utterly destitute person,General,noun,E
Empya,way of burning,General,noun,E
Emyehurro,"conceit, boastfulness",General,noun,E
Emyekuniko,"pride, arrogance, unnecessary quietness",General,noun,E
Emyesungo,"cheeky, rudeness, perversity, affectation",General,noun,E
Empotole,undiluted sweet banana juice,General,noun,E
Empuku,weevil,General,noun,E
Empulirizo,small opening of cavity,General,noun,E
Empungira,sleeping-sickness,General,noun,E
Empurizana,Communication,General,noun,E
Emputa,wounded person,General,noun,E
Empuule,"unground millet, loose grain",General,noun,E
Empwamaani,"invalid, weak, passive person",General,noun,E
Empwite,"very old person, senile",General,noun,E
Empyo,crocodile,Common Animals,noun,E
Emyehaahiro,"boasting, selfishness",General,noun,E
Emyehembo,"conceit, boastfulness",General,noun,E
Emyekuzo,"conceit, boastful",General,noun,E
emyenda ya'bunyoro,"praise, self-exaltation, boasting",General,noun,E
Emyetuno,"showing off, affectation, vanity",General,noun,E
Emyombekere,"style of building, architecture",General,noun,E
Enaanaasi,pineapple,General,noun,E
Encampalya,withered breasts,General,noun,E
Encikinya,Flies,General,noun,E
Encompya,"untrustworthy, deceitful person, mischief-maker",General,noun,E
Encwangya,"tricky person, unreliable person",General,noun,E
Endaade,"large, long-legged cock",Common Animals,noun,E
Endaawa,a castrated bull,Common Animals,noun,E
Endagaano,"agreement, covenant, bargain",General,noun,E
Endagalika,"odd one, fallen thing",General,noun,E
Endahiro,"oath, vow, protestation",General,noun,E
Endale,wild yam,General,noun,E
Endangaazi,hartebeest,General,noun,E
Endeberwamu,"looking-glass, mirror",General,noun,E
Endebolebo,"border, edge",General,noun,E
Endambi,tapeworm,General,noun,E
Enamba,hole in the earth,General,noun,E
Enceke,"weakly person, invalid",General,noun,E
Encu,fish,General,noun,E
Encuro,a measure; time,General,noun,E
Endabukya,"sharp, clever person",General,noun,E
endamya,"worship, ritual",General,noun,E
Endebe,small bell-like ornament,General,noun,E
Endehwa,Fine,General,noun,E
Enderalera,lower part of abdomen,General,noun,E
Endigito,sound of running footsteps,General,interjection,E
Endiirakumara,a wild dog,Common Animals,noun,E
Endimi,"languages, tongues",General,noun,E
Endimiro,"cultivated plot, field",General,noun,E
Endobo,fish-hook,General,noun,E
endoboota z'engoye,bales of clothes,General,noun,E
Endogoya,donkey,Common Animals,noun,E
Endugirro,"start, origin",General,noun,E
Endurwa,"gall, gallbladder",General,noun,E
Endyabagole,type of banana,General,noun,E
Endwano,wars or conflicts,General,noun,E
Endegeya,weaver bird,General,noun,E
faabbiina,to work hard,General,verb,F
faakalimba,rubbish,General,noun,F
faraano,flannel,General,noun,F
fataalti,gun cup,General,noun,F
feekya,to snuffle,General,verb,F
feeza,silver,General,noun,F
firilji,refrigerator,General,noun,F
firimbi,whistle,General,noun,F
fooba,"to plait, interlace; tack",General,verb,F
footookeerra,"to be vacillating, unsteady",General,verb,F
footora,to squash,General,verb,F
fubeereza,"dismay, confound",General,noun,F
fubira,"to punish, frustrate",General,verb,F
fuguta,"to pump,blow (bellows)",General,verb,F
fukaana,to wrestle,General,verb,F
fuliiteza,"to choke, strangle",General,verb,F
fuma,"to prod, thrust",General,verb,F
fumbasa,to clasp,General,verb,F
fumbata,to embrance,General,verb,F
fumbatiza,to clasp,General,verb,F
fumuka,to be pierced through,General,verb,F
fumura,"to pierce, bore",General,verb,F
funda,"to be narrow, confined",General,verb,F
fundura,uncover,General,noun,F
funga,to fasten (e.g. button),General,verb,F
fungiirra,to hold up (clothes),General,verb,F
funguka,to be djluted,General,verb,F
fungura,to dilute,General,verb,F
furafura,"to disparage, run down",General,verb,F
furuka,emigration,Geography,noun,F
fuuhiza,to say God forbid,General,verb,F
faafa,carelessly,General,noun,F
fene,jack fruit,General,noun,F
fiifiifi,completely full,General,noun,F
fiizi,school fees,Education And Learning,noun,F
foomu,form,General,noun,F
furuweero,free wheel,General,noun,F
gaaju,brown cow,Common Animals,noun,G
gaali,train,General,noun,G
gaasa,to flatten dead meat,General,verb,G
gaasi,pith of papyrus,General,noun,G
gabura,to marry,General,verb,G
gadlsa,to torment,General,verb,G
gabiiraba,crested eagle,Common Animals,noun,G
galiba,"to become wide, widen",General,verb,G
galihire,"wide, thick",General,noun,G
galika,to open wide,General,verb,G
gamba,"to speak, say",General,verb,G
gambirana,to tell one another,General,verb,G
gambisibwa,to talk nonsense,General,verb,G
gana,to sing tales,General,verb,G
gangakya,(pf. -gangahize),General,noun,G
gangama,to have celebro-spinal-meningitis,General,verb,G
gangisa,"to treat cruelly, torture",General,verb,G
gangura,"to beat, flog",General,verb,G
ganikya,tell stories,General,noun,G
gaoja,be in favour,General,verb,G
ganyisa,to cause grief,General,verb,G
garaamiirra,throw the head back,General,verb,G
garangatana,"to clash together, clatter",General,verb,G
garuka,to return; as auxiliary,General,verb,G
garukamu,"answer, reply, do again",General,verb,G
garuliza,to do over again,General,verb,G
gasa,small tiger-fish,Common Animals,noun,G
gasani,tomb of King,Governance And Administration,noun,G
gaya,to despise,General,verb,G
gayaara,"to dawdle, loiter",General,verb,G
gazihya,to widen,General,verb,G
gema,to immunize,General,verb,G
gemba,to shave,General,verb,G
genda,"to go,depart, walk",General,verb,G
gendesa,"make to go, drive",General,verb,G
genya,"to frown, be wrinkled",General,verb,G
gereerra,"ooze, trickle",General,noun,G
gesa,"to reap, harvest",General,verb,G
gczihara,to become wise,General,verb,G
gira,"to do, act etc",General,verb,G
giza,to cause to do,General,verb,G
gobeza,"to defraud , betray",General,verb,G
goboorra,to double one's profit,General,verb,G
gobya,to act hypocritically,General,verb,G
goda,to bend curve,General,verb,G
godya,to walk with difficulty,General,verb,G
gogoro,talk through the nose,General,verb,G
gona,"to snore, purr",General,verb,G
gondesa,to make to love,General,verb,G
gondora,to dance vigorously,General,verb,G
gongoorra,to strip,General,verb,G
gonza,"to love, prefer",General,verb,G
goofu,golf,General,noun,G
goora,"to maim, damage, disparage",General,verb,G
gooro,goal,General,noun,G
gooroobya,terminate,General,noun,G
gorooba,to decline (sun),General,verb,G
gosa,to mount,General,verb,G
gu ba,to be very grubby,General,verb,G
guguna,to gnaw,General,verb,G
guha,to fetch (fire),General,verb,G
gujura,to gobble,General,verb,G
gulika,to be piled up,General,verb,G
gulikuurrra,remove a spell,General,noun,G
guliza,to sell for another,General,verb,G
gu mba,barren,General,noun,G
gumirirwa,constipation,General,noun,G
gunguru,"tema gunguru, utter,slander about",General,noun,G
gurukyagurukya,"to be doubtful,waver, hesitate",General,verb,G
gurumbuka,to go all together,General,verb,G
gurusa,to grow old (people),General,verb,G
gurusi,old males,General,noun,G
gusuka,"to be splintered, chipped",General,verb,G
gwa,to fall,General,verb,G
gwaga,to become immoral,General,verb,G
gwagwahara,to be filthy immoral,General,verb,G
gwerekererwa,to be susceptible,General,verb,G
gwereza,to take on board,General,verb,G
gwija,to behave fool ishly,General,verb,G
gwijagira,to sleep,General,verb,G
gwisaniza,to take by surprise,General,verb,G
gya,to go,General,verb,G
gai gai,with energy,General,noun,G
gaarubindi,"spectacles, sun glasses",General,noun,G
gafabusa,use your knowledge wisley,General,verb,G
gonja,plantain,General,noun,G
goona,all of them,General,noun,G
gufu,short,General,noun,G
gundu,"big, large",General,noun,G
gwo,"it, itself, in itself",General,noun,G
gwomwa,"probably, may be, from",General,noun,G
gwona,"all, all of it",General,noun,G
iba,"to steal, rob",General,verb,I
iba,husband,General,noun,I
ibaale,"stone,school slate",General,noun,I
ibabi,leaf,General,noun,I
ibabo,their husband,General,noun,I
ibainywe,your husband,General,noun,I
ibaltwe,our husband,General,noun,I
ibaiziro,carpenter's shop,General,noun,I
ibanja,debt,General,noun,I
ibanyowe,my husband,General,noun,I
ibara,"name, spot",General,noun,I
ibatirizo,font,General,noun,I
ibbango,hump,General,noun,I
ibebe,kestrel,General,noun,I
ibohoorra,sub county see Egomboorra,General,noun,I
ibumba,;potter 's clay,General,noun,I
ibumbakanwa,"be astonished, great surprise",General,verb,I
ibwa,", a verse",General,noun,I
iceeoyo,"pain in bones, rheumatism",General,noun,I
icumbiro,"cook house, .lcitcheo",General,noun,I
icumu,spear,General,noun,I
idinda,pleat,General,noun,I
idirisa,window,General,noun,I
idodoima,cape tomato,General,noun,I
iduli,; hemp seed;something tinny,General,noun,I
idwidwi,see amadwidwi,General,verb,I
ifo,down,General,noun,I
ifumbi,"swelling, abscess",General,noun,I
ifunza,swelling in the groin,General,noun,I
ifuro,"froth, foam, lather",General,noun,I
iga,make rain,General,noun,I
igata,"to press, massage",General,verb,I
igatira,; to press hard,General,noun,I
igesa,"harvest, reaping-time",General,noun,I
igosi,testicle,General,noun,I
igufa,bone,General,noun,I
igundu,"disobedience, self-will",General,noun,I
igura,"to open, unstop",General,verb,I
iguru,"sky, heaven",General,noun,I
igusa,to satify (with food),General,verb,I
lguulya,a dance,General,noun,I
iguurra,beat King's big drum,Governance And Administration,noun,I
iguurro,"see eduuka, shop",General,verb,I
ibali,"envy, jealousy, enmity, malice",General,noun,I
ihamba,solitude,General,noun,I
ihanga,"nation,distant country",Geography,noun,I
ibangwe,noon,General,noun,I
ihano,"wonder, marvel omen",General,noun,I
ihara,girlhood,General,noun,I
iharaazima,odour of wild animals,General,noun,I
iharamango,boneyard,General,noun,I
ihaya,;odour of the body,General,noun,I
ibe,"army, host. company, troop",Military,noun,I
iheehe,;greedy longing for food,General,noun,I
ibeesero,"forge, smithy",General,noun,I
ihembe,; horn; syphilitic swelling,General,noun,I
ihiga,cooking stone,General,noun,I
ihusizo,brewery,General,noun,I
ihonda,time for grindjng simsim,General,noun,I
ihongero,place of sacrifice,General,noun,I
iboojo,empty house,General,noun,I
ihunde,a very beautiful thing,General,noun,I
ihunga,"storm, tempest, gale",Nature & Environment,noun,I
ibungyo,"wand,blacksmith's sprinkler (isiza)",General,noun,I
ihuuga,white stripe,General,noun,I
ihwa,"thorn,prickle",General,noun,I
ibyoro,whetstone,General,noun,I
ijanja,dance of divine,General,noun,I
ijo,yesterday,General,noun,I
iju,ashes,General,noun,I
ijugo,bell,General,noun,I
ijuka,"remember, recollect, recall",General,noun,I
ijukya,to remind,General,verb,I
ijuza,to fill,General,verb,I
ikaali,"cunning, slyness,irony",General,noun,I
Ucaarra,to sit down,General,verb,I
lkara,"toremain , stay, delay",General,noun,I
ikarana,live or work together,General,noun,I
ikeerre,grapes,General,noun,I
ikengi,a slight squint,General,noun,I
ikenyera,groaning state,General,noun,I
ikilrraaniza,agree unarumously,General,noun,I
iko,"dirt, filth (of body)",General,noun,I
ikoita,wide iron leg ornament,General,noun,I
ikomamabanga,pomegranate,General,noun,I
ikomba,lick; a thorny creeper,General,noun,I
ikondere,trumpet,General,noun,I
ikongoro,long thorn of omukongora,General,noun,I
ikuratiro,a place of conference,General,noun,I
ikurugutiirro,trampled-down place,General,noun,I
ikuute,"a made road,street",General,noun,I
ikwenu,"openly, fearlessly (of speaking)",General,noun,I
ikya,"to respire, breathe",General,verb,I
ikyole,"look sideways, squinty",General,noun,I
imiro,prominent voice,General,noun,I
imura,continue a journey,General,noun,I
inama,to bow down,General,verb,I
inara,to be very poor,General,verb,I
ioara,to string,General,verb,I
inganiza,to make equal,General,verb,I
ingi,"many, much, abundant",General,noun,I
inoni,"white (china) clay, chalk",General,noun,I
inugangaine,"surliness, shunning",General,noun,I
inuka,to leave off work,General,verb,I
inunura,lift up your eyes(hearts),General,noun,I
inuunu,young plantain tree sucker,General,noun,I
inywenka,you yourselves,General,noun,I
inywero,drinking-trough,General,noun,I
ipaapaali,pawpaw fruit,General,noun,I
ipapa,wing,General,noun,I
ipeera,guava,General,noun,I
ipeesa,button,General,noun,I
ipipa,"keg, barrel, cask",General,noun,I
ira,to grow dark,General,verb,I
iragura,"to be black, dirty",General,verb,I
iraguurro,"clinic, divination center",Health & Medicine,noun,I
iraguza,"to blacken, dirten",General,verb,I
irali,squint,General,noun,I
irambi,"level place, plateau",General,noun,I
iramizo,place of worship,General,noun,I
iranga,lily,General,noun,I
iraro,madness,General,noun,I
irebe,water-lily,General,noun,I
irembo,gateway,General,noun,I
irenge,whistle,General,noun,I
irere,bracken,General,noun,I
irigi,"heat, mating season",General,noun,I
irima,digging season,General,noun,I
irima,to grow dark,General,verb,I
irobo,fish-hook see endobo,General,noun,I
irogo,"charm, spell",General,noun,I
iromba,protruding narvel,General,noun,I
ironde,metal dog-bell,Common Animals,noun,I
irooko,form of dismissal,General,noun,I
irubatiirro,trampled-down place,General,noun,I
irukana,to run together,General,verb,I
irungu,"uninhabited country, wilderness",Geography,noun,I
irwaniro,battle-field,Military,noun,I
irwarro,hospital,Health & Medicine,noun,I
irya,meal,General,noun,I
isa,to cause to kill,General,verb,I
Isaabarolerezi,Archbishop,General,noun,I
Isaabarongo,father to twins,General,noun,I
isabiro,place of prayer,General,noun,I
isamba,grey eagle; estate,Common Animals,noun,I
isambiro,football field,General,noun,I
isaoa,"to be like, resemble",General,verb,I
isaoo,"conjuring trick, magic",General,noun,I
isaosa,withered plantain leaves,General,noun,I
isasa,forge,General,noun,I
isasaazi,spark,General,noun,I
isasi,"lead, bullet,solder",General,noun,I
isaza,"county, province",General,noun,I
ise,his or her father,General,pronoun,I
isebo,their father,General,noun,I
isenkatibo,their paternal aunt,General,noun,I
isenkatiinywe,your paternal aunt,General,noun,I
isenkatiitwe,our paternal aunt,General,noun,I
isenkadnyowe,my paternal aunt,General,noun,I
isenkuru,his grandfather,General,noun,I
isenkurubo,their grandfather,General,noun,I
isenkurooyowe,my grandfather,General,noun,I
isenyowe,my father,General,noun,I
isezaara,father-in-law,General,noun,I
isibiko,sheepfold,General,noun,I
isiga,sowing time,General,noun,I
isiinywe,your father,General,noun,I
isiltwe,our father,General,noun,I
isiza,blacksmith 's sprinkler,General,noun,I
isobe,twin boy and girl,General,noun,I
isoke,hair,General,noun,I
isomba,jumping rat,Common Animals,noun,I
isomero,school,General,noun,I
isomo,lesson,General,noun,I
isonge,pelvic bone,General,noun,I
isongyo,hip joint,General,noun,I
isonjoora,woodcutter,General,noun,I
isoroolezo,place of assembly,General,noun,I
isumi,"knot, elbow (front)",General,noun,I
iswa,"long grass, scrub",General,noun,I
iswa,stool,General,noun,I
ita,"to slaughter, destroy",General,verb,I
itaagi,"branch, bough",General,noun,I
itafaali,brick,General,noun,I
itaka,earth soil,General,noun,I
itama,cheek,General,noun,I
itambiro,place of sacrifice,General,noun,I
itangatanganiro,"cross-roads, junctions",General,noun,I
iteberezo,"preaching-place, pulpit",General,noun,I
iteeranirizo,place where things join,General,noun,I
itegura,tile,General,noun,I
itembero,"step, stair, ladder",General,noun,I
itesi,speak softly drawl,General,noun,I
itiiri,flank (of an animal),General,noun,I
itikalya,red- winged francolin,General,noun,I
itima,"spite, ill-will, mischief",General,noun,I
itira,to smoke (milk vessels),General,verb,I
itojo,thistle,General,noun,I
itomo,game of guessing,General,noun,I
itonde,piece of charcoal,General,noun,I
itondo,a drop of water,General,noun,I
itongo,deserted place,General,noun,I
itumbi,midnight,General,noun,I
itumbiro,mortuary,General,noun,I
itundu,"side, flank",General,noun,I
itungo,"wealth, possessions, riches",General,noun,I
ituuti,heap of soil,General,noun,I
itwe,"small packet, twist",General,noun,I
itwe,"we, us",General,noun,I
itwena,all of us,General,noun,I
itwenka,"we ourselves, by ourselves",General,noun,I
iwe,"you, thee, thou",General,noun,I
iza,to lower(lamp wick),General,verb,I
izaaniro,"playground, playing-field",General,noun,I
izaara,gravid,General,noun,I
izaarro,"maternity home, obstetric ward",Health & Medicine,noun,I
iziba,"well, King's grave",Governance And Administration,noun,I
iziga,tears,General,noun,I
izike,"chimpanzee, monster, ogre",Common Animals,noun,I
izinga,island,Geography,noun,I
izira,"come for, come upon",General,verb,I
izomba,ring worm,General,noun,I
izooba,"sun, a day",General,noun,I
jaaza,pass of,General,noun,J
jabagira,"to bubble, seethe",General,verb,J
jabiza,to be excited,General,verb,J
jabuka,"to be chipped, broken",General,verb,J
jagajaga,"to walk stiffly, awkwardly",General,verb,J
jaguza,"to rejoice, celebrate",General,verb,J
jakura,to snatch from,General,verb,J
jamajama,"to jabbe r, babble",General,verb,J
jambura,java plum,General,noun,J
janjagurwa,talk irrelevantly,General,noun,J
jarabanga,"to spoil, treat carelessly",General,verb,J
jaragatana,to be spread about,General,verb,J
jeba,"to be moist, sodden",General,verb,J
jeebeeza,being left alone,General,noun,J
Jeera,"to roam, ramble",General,verb,J
jeerajeer,"to wander about, roam",General,verb,J
jega,to be loosely tied,General,verb,J
jegeja,to rain persistently,General,verb,J
jegejege,"adv., loosely",General,adverb,J
jegemera,to totter,General,verb,J
jejegurwa,"to be talkative, gossip",General,verb,J
jegya,to loosen,General,verb,J
jeija,to tell tales about,General,verb,J
jejuka,to be slightly burnt,General,verb,J
jenja,to spread rumours,General,verb,J
jenjeera,to wander about (insects),General,verb,J
jenjeka,to tie loosely,General,verb,J
jogeza,to chatter,General,verb,J
jogol ekana,to chatter,General,verb,J
jogolikana,see jol ekana,General,verb,J
juba,"adv., lately",General,adverb,J
juba,to get wet,General,verb,J
juba,to weed,General,verb,J
jubika,to soak,General,verb,J
jubya,"to make wet, damp",General,verb,J
juga,; to pay dowry,Culture And Tradition,noun,J
juguma,"to tremble, shiver",General,verb,J
jugumbya,"to moblize, shake",General,verb,J
jugunya,to throw away,General,verb,J
jumbutura,to raise one unexpectedly,General,verb,J
jumbuutukira,to scold severely,General,verb,J
junaaoizibwa,to be responsible,General,verb,J
jundeera,"to smouJder, glow",General,verb,J
junira,to rescue,General,verb,J
junjubura,to gnaw at voraciously,General,verb,J
junjumira,to buzz,General,verb,J
junjuruma,"to roar, hum",General,verb,J
junjuura,to buzz,General,verb,J
jura,; to decline (sun),General,noun,J
jurru,"adv., intensive with lazy",General,adverb,J
jurungutana,"to be slovenly, untidy",General,verb,J
juta,"plump, chubby (little child)",General,noun,J
juumara,to lie prone,General,verb,J
jwaha,to grow tired,General,verb,J
jwamba,to be dirty,General,verb,J
jwangana,"to be mixed, confused",General,verb,J
jwanganiza,; to mix togetber,General,noun,J
jwaza,to dress (another),General,verb,J
jweka,"to dress, adorn",General,verb,J
jwiga,to be hafry,General,verb,J
jwigwa,"to grow angry, bristle",General,verb,J
jurujuru,too lazy,General,noun,J
jwi,grab and squeeze painfully,General,noun,J
kaabagangara,small species of locusts,Biology,noun,K
kaabijwenge,variety of potatoes,General,noun,K
kaabubuukuume,old stock of beans,General,noun,K
kaako,elephant's trunk,General,noun,K
kaakura,to scratch hard,General,verb,K
kaamuje,squirrel,Common Animals,noun,K
kaamurali,chillies,General,noun,K
kaara,little finger,General,noun,K
kaarraamuka,to be strongly flavoured,General,verb,K
Kaaruziika,King's house,Governance And Administration,noun,K
kaasa,groin(inner side),General,noun,K
kaasi,"chip, slice",General,noun,K
kaana,little child,General,noun,K
kaninyowe,but it's me,General,noun,K
kaawa,coffee drink,General,noun,K
kaayaaya,to fry,General,verb,K
kabaale,pebble,General,noun,K
kabaata,syphilitic rash on nose,General,noun,K
kababi,leaf of a plant,General,noun,K
kabada,cupboard (eryahuurro),General,noun,K
kabandiize,"join . word, since",General,noun,K
kabara,"a little spot,speck",General,noun,K
kabba,bone under the eye,General,noun,K
kabbabbara,"to be stiff, hard",General,verb,K
kabbinura,foreg,General,noun,K
kaboba,disease of cattle,Common Animals,noun,K
kabonde,dark kind of salt,General,noun,K
kabumba,unifier,General,noun,K
kabumbulike,a round heavy thing,General,noun,K
kabunduguru,early morning about 5am,General,noun,K
kaberebenje,syphilitic eruption,General,noun,K
kabi,"hann, danger",General,noun,K
kabiga,"hot spring,hot bath",Nature & Environment,noun,K
kabiibi,small green caterpillar,Common Animals,noun,K
kabira,"brushwood,copse",General,noun,K
kabiri,"adv., twice",General,adverb,K
kabura,"to scourge, beat bard",General,verb,K
kabuyangaine,commotion,General,noun,K
kabwa,"small dog, puppy",Common Animals,noun,K
kabwibwi,early morning (=akabunduguru ),General,noun,K
kacamule,restlessness,General,noun,K
kacenkede,palmerwonn,General,noun,K
kacu,short space of time,General,noun,K
kacumu,"small spear, pen",General,noun,K
kacuucuuka,secondary syphilis,Health & Medicine,noun,K
kadebede,"bog, marsh",General,noun,K
kadengede(nge),slender person,General,noun,K
kadobo,"pail ,can, tinned container",General,noun,K
kafumbarume,ankle,General,noun,K
kafumbi,groin,General,noun,K
kaga,"to sniff scent, smell",General,verb,K
kagabu,"piebald,heifer or she-goat",Common Animals,noun,K
kagaligali,obliquely,General,noun,K
kagambigambi,"spokesperson, Master/Mistress of ceremony",General,noun,K
kagayangaine,"cynism, scornfulness",General,noun,K
kagega,small basket,General,noun,K
kagemo,"force,compulsion",General,noun,K
kagera,"small valley, dell",General,noun,K
kageso,sickle,General,noun,K
kageye,small colobus monkey,Common Animals,noun,K
kagigira,"threads of screw, etc",General,noun,K
kagasa,"important, key",General,noun,K
kagiriza,to perceive by smelling,General,verb,K
kagita,a white bean,General,noun,K
kagodo,pork (pig meat),Common Animals,noun,K
kagondo,calf with white sport,Common Animals,noun,K
kagujaguja,plant with edible berries,General,noun,K
kagusuuru,yellow bead,General,noun,K
kagutaguta,cocoon of silk worm,Biology,noun,K
kaguza,to ask a question,General,verb,K
kahanga,"skull;small valley, dell,ravine",General,noun,K
kaharo,dysmenorrheal,General,noun,K
kabeeka,gather up one's skirts,General,noun,K
kahehe,fine impalpable dust,General,noun,K
kahere,skin rash,General,noun,K
kagoro,roho ya kulinda ng'ombe,General,noun,K
kaho,slight mist,General,noun,K
kaho,green peas,General,noun,K
kahondo,a painful remark,General,noun,K
kahondoorro,urinary rheatus,General,noun,K
kahumbe,"badly grown, stunted child",General,noun,K
kahuma,little herdsman,General,noun,K
kahuuho,tail of a snake,Common Animals,noun,K
kahuukya,purple,General,noun,K
kahuumizi,small sparrow-hawk,Common Animals,noun,K
kahuura,mottled calf,Common Animals,noun,K
kahyemi,"grudge, grievance",General,noun,K
kabyo,"small knife, lancet, penknife",General,noun,K
kaiba,small dove or pigeon,General,noun,K
kaicuube,beat of the body,General,noun,K
kaifo,inner room,General,noun,K
kaigaramatu,species of inedible termite,Common Animals,noun,K
kaigura,"to ripen (beans,peas)",General,verb,K
Kalhabuleju,favourite wife,General,noun,K
Kaije,welcome,General,noun,K
kaikarakabiire,edible grasshoppers,General,noun,K
kaimeeme,"end of breastbone,stem cartilage",General,noun,K
kaioa,small hole,General,noun,K
kaikara,chwezi goddess of harvest,General,noun,K
kaikarakahire,type of edible grasshopper,Common Animals,noun,K
kainaabiri,storeyed house,General,noun,K
kainengere,shallow hole in ground,General,noun,K
kairimira,tum a somersault,General,noun,K
kairiringwa,whirlwind,Nature & Environment,noun,K
kairirizi,"twilight, dusk gloaming",General,noun,K
kaisabaisaba,asparagus fem,General,noun,K
kaisaleero,edible mushroom,General,noun,K
kaisildna,hiccup,General,noun,K
kairu,little peasant,General,noun,K
kaiso,"witness,sponsor",General,noun,K
kaisokondo,comer,General,noun,K
kaita,"to strike,heat severely",General,verb,K
kaitandara,a fluffy grass,General,noun,K
kaitango,a thorny creeper,General,noun,K
kaitantaahi,sacred spear,General,noun,K
kaituurra,to take off shoes,General,verb,K
kaizengeerro,"giddiness, dizziness",General,noun,K
kaizigoolezo,"giddiness, dizziness",General,noun,K
Kaizirookwera,King's throne,Governance And Administration,noun,K
kajagaarro,"excitement, commotion",General,noun,K
kajaiko,"love of visiting, roaming",General,verb,K
kajangu,"small cat, kitten",Common Animals,noun,K
kajanja,"restlessness, bad behaviour",General,noun,K
kajegejege,a small cent,General,noun,K
kaju,"hut, small house",General,noun,K
kajuma,"grain,pill, tabloid",Health & Medicine,noun,K
kaka,to force,General,verb,K
kakaikuru,a million,General,noun,K
kakamba,skin disease like scabies,Health & Medicine,noun,K
kakangazo,"restlessness, sharpness, excitement",General,noun,K
kakatika,force in,General,noun,K
kakama,little king/ruler,Governance And Administration,noun,K
kake muteere,I almost beat her,General,noun,K
kakekeeyo,sieve,General,noun,K
kakekere,"an clement, dissatisfaction",General,noun,K
kakiizi,side of a hill,General,noun,K
kakoko,chicken,Common Animals,noun,K
kakongoijo,ankle,General,noun,K
kakonko,"consumption, tuberculosis, phthisis",Health & Medicine,noun,K
Kakooba,small calabash cup,General,noun,K
kakorwa,weasel,General,noun,K
kakuba,a red bead,General,noun,K
kakumi,ten thousand,General,noun,K
kakura,to force open,General,verb,K
kakurababi,prominent cheek bone,General,noun,K
kakurasira,"pulsation , throb",General,noun,K
kakuuma,"angle, comer",General,noun,K
kakuurra,seed of the plant,General,noun,K
kakwatango,a thorny creeper,General,noun,K
kakwazo,hearty laughter,General,noun,K
kajaamu,"pencil, pea",General,noun,K
kaleba,small bowl for vegetables,General,noun,K
kaleeba,"colossal, huge",General,noun,K
kajegete,tiny packet,General,noun,K
kaleju,chin,General,noun,K
kalema,lent,General,noun,K
kalenge,thin leg,General,noun,K
kalibusuma,a well-known thief,General,noun,K
kalicumu,type of onion (garlic),General,noun,K
Kaliibbango,hunchback,General,noun,K
kakwanzi,little bead,General,noun,K
kalifuuha,lemon grass,General,noun,K
kaliitango,"fierce fight, fierce competition",General,noun,K
kalimi,"little tongue, nib,curse, abuse",General,noun,K
kalipeera,avocado,General,noun,K
kalituusi,eucalyptus tree,Nature & Environment,noun,K
kama,to milk,General,verb,K
kamanyiso,"sign, notice",General,noun,K
kambayaaya,"disturbance, upset, confusion",General,noun,K
kambu,"brook, rivulet",General,noun,K
kambura,"to cut sharply, rip,slice",General,verb,K
kamburumburu,"noise, up-roar, commotion",General,noun,K
kame,"rabbit, hare",Common Animals,noun,K
kamina,trigger,General,noun,K
kamara,one who is acomplished,General,noun,K
kamogo,"blemish, spot; vice",General,noun,K
kamutegengere,Whydah finch (bird species),Common Animals,noun,K
kamuura,"to squeeze out, wring",General,verb,K
kamyakengeye,stinging nettle,General,noun,K
kanaabiro,"small pot, washing bowl",General,noun,K
kanago,"giddleness, fall (from illness)",General,noun,K
kamurali,"pepper, chillies",General,noun,K
Kananura,Royal drum,Governance And Administration,noun,K
kanata,tongue- tie (infants),General,noun,K
kaneke,dark blue cotton cloth,General,noun,K
kaneoero,cheek bone,General,noun,K
kangaraza,to prick up ears,General,verb,K
kanguka,to die very suddenly,General,verb,K
kanigo,"difficulty in breathing, choking",General,noun,K
kanimi,"a little bull;grudge, grievance",Common Animals,noun,K
kanisa,"church, chapel",General,noun,K
kankabura,"to form, set (plantains)",General,verb,K
kankanika,"to compel, force",General,verb,K
kankaniza,"to scare, frighten",General,verb,K
kankoohoobo,species of termites,Biology,noun,K
kansumansuma,nibble,General,noun,K
kanura,"to kill suddenly,kill off",General,verb,K
kanwa,mouth,General,noun,K
kanyaanya,Little sister,General,noun,K
kanyaijungiro,variety of edible mushroom,General,noun,K
kanyama,heavy weight (slang!),General,noun,K
kanyamagita,ankle,General,noun,K
kanyamankogoto,tortoise,Common Animals,noun,K
kanyamanswale,imaginary bogey,General,noun,K
kanyambaara,variety of mushroom,General,noun,K
kanyambwa,"small swelling, boil",General,noun,K
kanyamufundo,plant with orange flowers,Nature & Environment,noun,K
kanyamulyaine,"tumult, uproar",General,noun,K
kanyamunya,wagtail,General,noun,K
kanyamutere,ground-squirrel,Common Animals,noun,K
kanyanaka,variety of mushroom,General,noun,K
kanyangaro,whistle through closed hands,General,noun,K
kanyankamba,clematis,General,noun,K
kanyankokora,grass like couch grass,General,noun,K
kanyansoro,small white mushroom,General,noun,K
kanyarubaju,side ways,General,noun,K
kanyenya,brownish- coloured sail,General,noun,K
kanyigitiro,"crease, fold (in skin)",General,noun,K
kanyonge,small chicken,Common Animals,noun,K
kanyonyi,little bird,General,noun,K
kanu,this one,General,noun,K
kapaapa,jolly-good fellow,General,noun,K
kapaipya,chatterbox,General,noun,K
kapapiro,"hurry,flurry, restlessness, curiosity",General,noun,K
kapimpina,chameleon,Common Animals,noun,K
kara,early,General,noun,K
karaakara,dry and harden,General,noun,K
karaako,"curse, misfortune",General,noun,K
karaba,to be thirsty (cattle),Common Animals,verb,K
karabaniza,"to hustle, flurry, fluster",General,verb,K
karadaa,mustard (tree),General,noun,K
karaga,to die suddenly,General,verb,K
karagalika,"crumb, fragment",General,noun,K
karagya,to kill instantly,General,verb,K
katall,scarlet cloth,General,noun,K
karandabaro,"chronic illness, etc",General,noun,K
karandira,perineum (male),General,noun,K
karandirizo,strip ground,General,noun,K
karaodura,scrape,General,noun,K
karanga,"to fry, roast",General,verb,K
karangatamza,to move things about,General,verb,K
karango,eat after fasting,General,noun,K
karanzi,open space,General,noun,K
kararansundl,a tiny brown bird,General,noun,K
karata,playing cards,General,noun,K
karomborombo,ritual,General,noun,K
karonkoronko,hereditary trait or weakness,General,noun,K
karorwaho,"symbol , sign",General,noun,K
karugu,"comer, angle",General,noun,K
karumanfuzi,"tiny biting fly, midge",General,noun,K
karunguurro,dizziness,General,noun,K
karuukaruukane,"hereditary custom, tradition etc",General,noun,K
karuusi,female kid or lamb,Common Animals,noun,K
kasambi,splint,General,noun,K
karuziika,king's palace,Governance And Administration,noun,K
kasaija,the man,General,noun,K
kasarabinywa,sparrow-hawk,Common Animals,noun,K
kasatu,"thrice, three times",General,noun,K
kasekokeera,"insincerity, hypocrisy",General,noun,K
kasekya,whydah finch,Common Animals,noun,K
kasiiriira,one hundred thousand,Mathematics,noun,K
kasiita,pustule,General,noun,K
kasinge,"respite, truce, peace",General,noun,K
kasira,"complete darkness, pitch darkness",General,noun,K
kasirimuko,"slope, declining, descending",General,noun,K
kasiro,silence,General,noun,K
kasolya,cross-pole of roof,General,noun,K
kasondaburo,uvula,General,noun,K
kasonga,"sharp point, shoot, sprout",General,noun,K
kasonko,small shell,General,noun,K
kasoono,"enticement,persuasion",General,noun,K
kasu,roof,General,noun,K
kasuku,parrot,General,noun,K
kasumi,"time, season; bud",General,noun,K
kasunsunkwanzi,royal crown,General,noun,K
kasuraibaaga,hombill,General,noun,K
kaswa,pure,General,noun,K
kataaga,armlet worn by bakonjo,General,noun,K
kataahiro,entrance,General,noun,K
kataama,lamb,Common Animals,noun,K
kataano,",five times",General,noun,K
katabyo,gourd ladle,General,noun,K
katale,market,General,noun,K
katantaro,avoidance,General,noun,K
katara,shelf; lintel,General,noun,K
kateba,small cooking pot,General,noun,K
kateeko,"net, web, hammock",General,noun,K
kateerarume,ankle,General,noun,K
katema,small calabash cup,General,noun,K
katentebuko,descent slope,General,noun,K
kateta,deaf and dumb person,General,noun,K
katiiko,infatuation,General,noun,K
katiinabaisiki,a mottled bean,General,noun,K
katikoomere,light brown grasshopper,Common Animals,noun,K
katondotondo,breast bone,General,noun,K
katongo,small bush,General,noun,K
katuku,reddish- coloured fowl,General,noun,K
katumburwa,a tall flowering grass,General,noun,K
katunda,"passion fruit, (grenadilla)",General,noun,K
katunguru,onion,General,noun,K
katunura,"to break, snap; devour",General,verb,K
katuragunyu,"gland, nodule",General,noun,K
katwaro,a packet,General,noun,K
kawaisimbi,odour of civet cat,Common Animals,noun,K
kawamutere,ground squirrel,Common Animals,noun,K
kawaruconco,lanky person,General,noun,K
kawarutege,see buwarutege,General,verb,K
kayenje,pipe- stem euphorbia,General,noun,K
kayukira,to storm at angrily,General,verb,K
kazini,lead singer of cmbandwa,Art And Entertainment,noun,K
kauka,god(spirit) to protect cattle,Common Animals,noun,K
kebera,"to examine,scrutinize, criticize,investigate",General,verb,K
kecura,"to cut quickly, snip",General,verb,K
keefubo,peace talks,General,noun,K
keeherilre,thin,General,noun,K
keehuguro,"concea lment, hiding",General,noun,K
keehya,"to diminish, lessen, reduce",General,verb,K
keekeeya,"to sieve, sift, separate",General,verb,K
keekera,to cackle,General,verb,K
keekerreema,to be dissatisfied,General,verb,K
keemeerraine,:commotion,General,noun,K
keerekeerra,to be too late,General,verb,K
keerekererwa,to be belated,General,verb,K
keererenva,to be late,General,verb,K
kekemeerra,to approach timidly,General,verb,K
keleziya,"church, chapel",General,noun,K
kena,"to escape, survive",General,verb,K
kenda,nine thousand,General,noun,K
kenenura,separate liquid,General,noun,K
kenkemuka,grow very thin; drain,General,verb,K
kenyera,to groan,General,verb,K
kele,very dry,General,noun,K
kemigisa,she has/brings luck,General,noun,K
kibaara,biting fly,General,noun,K
kibabi,green colour,General,noun,K
kibaju,ladle,General,noun,K
kibambo,"merchandise, packets for sale",General,noun,K
kibanda,flat wad of tobacco,General,noun,K
kibanja,"plot,site, piece of land",General,noun,K
kibaranguzo,strup,General,noun,K
kibaro,"calculation, mathematics",Mathematics,noun,K
kibaro,useless person,General,noun,K
kibbaali,spirit shrine,Culture And Tradition,noun,K
kibbo,spirillum tick,General,noun,K
kibbubbu,dumb person,General,noun,K
kibeba,biceps,General,noun,K
kibeede,"anything carried, parcel, litter",General,noun,K
kibero,thigh,General,noun,K
kibi,"evil, sin, guilt",General,noun,K
kibihizo,"offence, vexation",General,noun,K
kibindi,bowl (native),General,noun,K
kibebe,speckled hen,Common Animals,noun,K
kibingo,variety of potato,General,noun,K
kibingo,"large reed, elephant grass",General,noun,K
kiibira,forest,General,noun,K
kibiriiti,"matches, sulphur",Chemistry,noun,K
kifunjo,papyrus,General,noun,K
kigango,omugango,General,noun,K
kibogo,a black goat,Common Animals,noun,K
kibona,white cow,Common Animals,noun,K
kibonwomu,"shooting star, meteor",Astronomy And The Universe,noun,K
kiboya,"smell, scent",General,noun,K
kibu,tum time,General,noun,K
kibuga,"washing place, latrine",General,noun,K
kibunda,"dull rainy day, gloom",General,noun,K
kibunguurra,hairy stinging caterpillar,Common Animals,noun,K
kibunu,"buttocks, bottom",General,noun,K
kibweguurra,hairy caterpillar,Common Animals,noun,K
kibwetaabya,intruder,General,noun,K
kibwiga,pink balsam (impatiens),General,noun,K
kibuubi,cow with greyish colour,Common Animals,noun,K
kicooli,maize (Indian corn),General,noun,K
kicu,cloud,General,noun,K
kicu,space of time,General,noun,K
kicumbiro,kitchen,General,noun,K
kicumbwituka,half (liquids),General,noun,K
kicumucumu,a plant (leonotis nepetifolia),General,noun,K
kicumuro,glowing stick of fire,General,noun,K
kicunguro,ransom,General,noun,K
kicupa,bottle,General,noun,K
kicura,an old cow,Common Animals,noun,K
kicuro,"twitching, throbbing",General,noun,K
kicweka,"piece, part,portion",General,noun,K
kidanda,disease like plague,General,noun,K
kide,see ijugo,General,verb,K
kididi,a party (for amusement),General,noun,K
kidilddi,workmen's drum at 7:00a.m,General,noun,K
kidimu,broad- bladed hoe,General,noun,K
kidindimo,panic,General,noun,K
kidoli,"bed pan, baby cott",General,noun,K
kidongodongo,heron,Common Animals,noun,K
kidoomooro,"good measure, abundance",General,noun,K
kidubuka,thing with no bottom,General,noun,K
kiduukuru,wicker basket with lid,General,noun,K
kidwodwo,salt crust on ground,General,noun,K
kifamugimba,worthless person or thing,General,noun,K
kigare,spirit to protect cattle,Common Animals,noun,K
kifamatu,a deaf person,General,noun,K
kifamunwa,a dumb person,General,noun,K
kifu,"haze, fog",General,noun,K
kifu,stillborn child or animal,General,noun,K
kifuba,chest,General,noun,K
kifubiro,punishment,General,noun,K
kifufu,bruise,General,noun,K
kifumbatanjoka,large shiny lizard,Common Animals,noun,K
kifumuzo,drill (tool),General,noun,K
kifundikizo,"cover, stopper, lid",General,noun,K
kifundukuzo,opener,General,noun,K
kifundukwa,young mushroom,General,noun,K
kifunjo,"colon, large intestines",General,noun,K
kifuruka,deserted spot,General,noun,K
kigaaju,brownish-red colour,General,noun,K
kigadi,"ricksaw, cart, wheel barrow",General,noun,K
kigano,song (relating a story),General,noun,K
kiganzi,the favourite wife,General,noun,K
kigazlgazi,sit at ease,General,noun,K
kigeera,bateleur's eagle,Common Animals,noun,K
kigega,basket,General,noun,K
kigera,valley,General,noun,K
kigere,"footprint, foot",General,noun,K
kigigo,molar tooth,General,noun,K
kigiiko,spoon,General,noun,K
kigo,"fort, fenced enclosure",General,noun,K
kigogo,sisal,General,noun,K
kigoma,see kididi,General,verb,K
kigombe,reed fence (plaited crosswise),General,noun,K
kigondo,patch (on animal),General,noun,K
kigonzi,wave,General,noun,K
kigoonyo,"lodging place, camp, inn",General,noun,K
kigugu,smell of anything burning,General,noun,K
kigugu,very light-coloured millet (oburo),General,noun,K
kiguliguli,"idiot, stupid person",General,noun,K
kigurukamugongo,thrush,General,noun,K
kiguude,"mixed vegetables, pottage",General,noun,K
kigwagwa,"foolish, half-witted person",General,noun,K
kigwererezi,unforeseen events or items,General,noun,K
kigwo,"fall, hurl down",General,noun,K
kihaarra,herd alone,General,noun,K
kihaarro,pot scraper,General,noun,K
kihaata,bad luck,General,noun,K
kihagi,brave leader,General,noun,K
kihaha,lung,General,noun,K
kihahara,"light, shallow thing",General,noun,K
kihambaata,cooked food left over,General,noun,K
kihamira,muzzle for calf,Common Animals,noun,K
kihandagazi,wide road,General,noun,K
kihandiiko,"writing, inscription",General,noun,K
kihanga,"valley, dell, ravine",General,noun,K
kihange,created thing(by a person),General,noun,K
kihangwa,creature (of God),General,noun,K
kiharabaga,uninhabitable place; (see omugwagwa),General,noun,K
kihasaua,twin bananas etc,General,noun,K
kihebeba,stammerer,General,noun,K
kiheebwayo,"gift, offering, contribution",General,noun,K
kihebemukya,basket for winnowing,General,noun,K
kihebyo,"toilet leaf,toilet paper",General,noun,K
kihene,inside of eyelid,General,noun,K
kihengere,"bed-bug, large maggot",General,noun,K
kihenule,"uneasiness, unrest",General,noun,K
kihi,two handfuls (bands open),General,numeral,K
kihihi,cold dulI weather,General,noun,K
kihiima,prominent abdomen,General,noun,K
kihiitano,perspiration,General,noun,K
kihimba,bean,General,noun,K
kihimbaara,a blind person,General,noun,K
kihimbo,swelling of the thigh,General,noun,K
kihindi,"incomplete portion, half",General,noun,K
kihindi,of India,General,noun,K
kihobo,withered gourd,General,noun,K
kihoibolya,"butterfly, moth",Common Animals,noun,K
kihoihoro,thin light gourd; invalid,General,noun,K
kihoko,kind of potato,General,noun,K
kihondo,"mark, spot, stain",General,noun,K
kihongole,but for calves,General,noun,K
kihongomera,deserted house; hollow,General,noun,K
kihongwa,offering to a deity,Culture And Tradition,noun,K
kihonole,graze,General,noun,K
kihoozi,secretion of the eyes,General,noun,K
kihoole,"scratch, graze",General,noun,K
kihooya,"sore, ulcer",General,noun,K
kihorongole,a hollow scooped-out thing,General,noun,K
kihu,large swelling,General,noun,K
kihuka,insect,General,noun,K
kihukuzi,mole,Common Animals,noun,K
kihulizo,stethoscope,General,noun,K
kihumo,deserted anthill,Common Animals,noun,K
kihunaazi,"stupid, dull-witted person",General,noun,K
kihungyo,By-whisk,General,noun,K
kihuru,"orifice, aperture, hole, rent",General,noun,K
kihurugutu,rotten pulp of gourd,General,noun,K
kihuruka,dwarf,General,noun,K
kihuta,wound,General,noun,K
kihuuga,stripe,General,noun,K
kihuuguru,"shaven patch, bald patch",General,noun,K
kihuukya,purple colour,General,noun,K
kihuumuro,place of rest,General,noun,K
kihuuna,edible tuber,General,noun,K
kihuurru,any tomato,General,noun,K
kiju,bird 's nest,General,noun,K
kijugo,pan holder,General,noun,K
kijugumo,fever with rigours,General,noun,K
kijuma,"fruit, large berry, kernel",General,noun,K
kijumba,"bash, shrub",Nature & Environment,noun,K
kijumo,"abuse, reproach",General,noun,K
kijunde,bad smell,General,noun,K
kijunjumiirra,carpenter bee,Common Animals,noun,K
kijwaro,garment,General,noun,K
kikaaka,"big, strong person",General,noun,K
kikaali,King's or Chief's enclosure,Governance And Administration,noun,K
kikaatule,scratch,General,noun,K
kikaguzo,question,General,noun,K
kikaijo,sugercane,General,noun,K
kikaka,sugercane,General,noun,K
kikambuuro,ruin,General,noun,K
kikamuuro,mangle,General,noun,K
kikana,tendon; anger (slang),General,noun,K
kikande,deserted plantation,General,noun,K
kikango,threat,General,noun,K
kidkara,"black cow, hen, etc",Common Animals,noun,K
kikarakaata,"scale, bard skin",General,noun,K
kikarango,frying-pan,General,noun,K
kikeke,pumpkin,General,noun,K
kikere,"frog, toad",General,noun,K
kikingyo,"partition , veil",General,noun,K
kikoba,skin of human body,General,noun,K
kikohi,eyelid,General,noun,K
kikoikyo,riddle,Storytelling And Narratives,noun,K
kikoma,"we've cooked beans,etc",General,noun,K
kikombyo,"spoon, stirrer",General,noun,K
kikomo,large brass bracelet; copper,General,noun,K
kikompe,"cup, chalice",General,noun,K
kikondambogo,snake of puff-adder genus,Common Animals,noun,K
kikonde,fibre of plantain stem,General,noun,K
kikonderezo,curse,General,noun,K
kikongoijo,heel,General,noun,K
kikongoro,millipede,Common Animals,noun,K
kikonko,empty maize cob,General,noun,K
kikonko,Large lizard,Common Animals,noun,K
kikoodo,"bundle (of grain, etc.)",General,noun,K
kikoomi,"bonfire, burning rubbish heap",General,noun,K
kikoora,leaf of a plant,General,noun,K
kikoorro,"cough, sputum",General,noun,K
kikoosole,"scratch, wound, bruise",General,noun,K
kikopo,"cup, mug",General,noun,K
kikoro,"root of tree, source",General,noun,K
kikorondozo,sputum,General,noun,K
kikorwa,"act, deed, mystery",General,noun,K
kikugizo,title of honour,General,noun,K
kikukuuru,swarm of locusts,General,noun,K
kikule,hunting- hom,General,noun,K
kikumbi,odour of animals,General,noun,K
kikumi,one hundred,Mathematics,noun,K
kikumi n'emu,one hundred and one,Mathematics,numeral,K
kikumi n'ikumi,one hundred and ten,Mathematics,numeral,K
kikungwire,a bald person,General,noun,K
kikunku,stump of a limb,General,noun,K
kikunya,stump of a tree,General,noun,K
kikurunduzo,"track, trail, rut",General,noun,K
kikutiya,"tarpaulin, canvas",General,noun,K
kikuya,chimpanzee,Common Animals,noun,K
kikwaogara,counterfeit,General,noun,K
kikwasi,burr,General,noun,K
kikwato,"bundle, bunch",General,noun,K
kimagomago,restlessness,General,noun,K
kimanyiirraine,familiarity,General,noun,K
kimara,arrow;(see ekibombo),General,noun,K
kimazi,"shivering fit, rigor",General,noun,K
kimbaju,bruise; com,General,noun,K
kimera,"plant, growing thing",General,noun,K
kimilko,eat early (cattle),Common Animals,noun,K
kimuga,broken cooking pot,General,noun,K
kimuli,"reed, torch",General,noun,K
kimuli,comet,Astronomy And The Universe,noun,K
kimyasa,torch,General,noun,K
kina,"to gambol (calves, kids)",General,verb,K
kinaabiro,"basin, shower room",General,noun,K
kinaabo,blind-worm,General,noun,K
kinaana,eighty,General,noun,K
kakinaga,cooking pot,General,noun,K
kine,liver (obune),General,noun,K
kinga,"to close, shut,(door, window)",General,verb,K
kingida,"dwarf, deformed person",General,noun,K
kingoleka,see omutaami,General,verb,K
kingoora,crow,Common Animals,noun,K
kingu,to be open,General,verb,K
kingura,"to open (door, window)",General,verb,K
kiniga,anger,General,noun,K
kinaana num,eighty,General,noun,K
kinobi,the disliked wife,General,noun,K
kinoko,empty eye socket,General,noun,K
kinosi,protuberance above navel,General,noun,K
kintana,queen temite,Governance And Administration,noun,K
kintu,"a thing, item",General,noun,K
kinu,this one,General,noun,K
kinugwa,"despicable thing, abomination",Culture And Tradition,noun,K
kinunko,bad smell,General,noun,K
kinunuuro,ransom,General,noun,K
kinwanwa,cow's mouth,Common Animals,noun,K
kinyagukulima,"very large potatoes, etc",General,noun,K
kinyakumyora,screw-driver (see kinyororo),Transport,noun,K
kinyamagaga,crab,General,noun,K
kinyamakeka,civet-cat,Common Animals,noun,K
kinyamubyo,gladiolus,General,noun,K
kinyamunkaarra,Egyptian goose,Common Animals,noun,K
kinyamunkanga,large black stink- ant,General,noun,K
kinyamuntana,queen termite (= kintana.),Governance And Administration,noun,K
"kinyamunungu,",porcupine,Common Animals,noun,K
kinyamuruuta,mode of dressing hair,General,noun,K
kinyanruuta,water-scorpion,Common Animals,noun,K
kinyeerre,thin copper-wire bracelet,General,noun,K
kinyegeerra,"accuser, complainant, plaintiff",Legal And Law Matters,noun,K
kinyegererwa,defendant,Legal And Law Matters,noun,K
kinyegezi,tickling sensation in nose,General,noun,K
kinyina,placenta,General,noun,K
kinyinyiizi,spark,General,noun,K
kinyomo,large black ant,General,noun,K
kinyoobwa,ground-nut,General,noun,K
kinyorozi,larva found in water,Biology,noun,K
kinywa,"vein, artery, sinew",Biology,noun,K
kinywabwino,blotting-paper,General,noun,K
kinywibwa,drinkable liquid,General,noun,K
kinywiso,drinking-vessel,General,noun,K
kipaali,papyrus mat,General,noun,K
kinyegerra,"accuser, complainant",General,noun,K
kipaku,careless person,General,noun,K
kipampagara,mudguard,General,noun,K
kipande,"placard, sign post, reading-sheet",General,noun,K
kipimo,"weighing instrument, measurement",General,noun,K
kiraaro,cattle kraal,Common Animals,noun,K
kiraarre,bully,General,noun,K
kiraato,"shoes, sandles",General,noun,K
kirabo,"club, drinking-shop, pub",General,noun,K
kiragaano,"flower, blossom",General,noun,K
kirabyo,"covenant, agreement",General,noun,K
kiragiro,"command, order, commandment",General,noun,K
kirago,"mat,carpet",General,noun,K
kirabiro,"oath,vow",General,noun,K
kirahuli,"glass, tumbler",General,noun,K
kirali,tuber of orurali,General,noun,K
kirambi,"stripe, row of hair",General,noun,K
kiranda,creeper,General,noun,K
kirangiirro,proclamation,General,noun,K
kiraniza,make to overlap,General,noun,K
kiraso,arrow for bleeding cow,Military,noun,K
kirazi,wooden spoon,General,noun,K
kireego,"taut string, sinew, etc",General,noun,K
kirego,secret accusation,General,noun,K
kireguurro,a very large basket,General,noun,K
kirema,deformed or lame person,General,noun,K
kiremba,head- cloth,General,noun,K
kirembeerro,"lullaby, nursery rhyme",General,noun,K
kiremu,"patch of cloth, rag",General,noun,K
kirengabazaana,about 5 p.m,General,noun,K
kirengo,measure (of size),General,noun,K
kirigita,to tickle (e.g. throat),General,verb,K
kiriiranda,"greedy person, glutton",General,noun,K
kiriiririzi,very greedy person,General,noun,K
kirimwa,crops,General,noun,K
kiriki,what is it,General,noun,K
kiro,"night, day",General,noun,K
kirogorogo,bad witch doctor,Health & Medicine,noun,K
kirokooroko,dewlap,General,noun,K
kirongooro,return a present,General,noun,K
kirooto,dream,General,noun,K
kirukiirro,nick name,General,noun,K
kirumbu,"thigh, leg (of meat)",General,noun,K
kirumi,bug (generic term),General,noun,K
kirungo,"condiment, seasoning",General,noun,K
kirweyo,sheath for spear,General,noun,K
kisa,road bank,General,noun,K
kisa,labour pain,General,noun,K
kisaakusaaku,"adj., grey",General,adjective,K
kisabiko,herbal purgative,General,noun,K
kisago,"pillow, cushion",General,noun,K
kisaija,male,General,noun,K
kisaka,"thicket, bush,jungle",General,noun,K
kisalizo,pruning-knife,General,noun,K
kisambizo,spur of cock,Common Animals,noun,K
kisanju,switch,General,noun,K
kisanku,thing with no flavour,General,noun,K
kisanuruzo,comb,General,noun,K
kisarale,"an old potato, stale",General,noun,K
kisarazi,"numbness, cramp",General,noun,K
kisasaazi,spark,General,noun,K
kisasara,"cells of honeycomb, wax",General,noun,K
kisasi,porch,General,noun,K
kisazi,poor soil,General,noun,K
kisebe,"beetle larva, grub",Biology,noun,K
kisegeso,sieve,General,noun,K
kisegwe,skin causing itch,General,noun,K
kisekura,comb and arrange hair,General,noun,K
kisembo,"present, gift",General,noun,K
kisengiijo,"filter, strainer",General,noun,K
kisengo,raft,General,noun,K
kisensa,path of papyrus,General,noun,K
kisense,"ragged edge, rag",General,noun,K
kisenyi,opaque white bead,General,noun,K
kisezere,plant like stone-crop,General,noun,K
kisuka,"wall, room, partition",General,noun,K
kisiki,"log of wood, block",General,noun,K
kisikirl,holes left by jiggers,General,noun,K
kisindikwa,"a turf, sod",General,noun,K
kisingolezo,broom,General,noun,K
kisinziiro,heel,General,noun,K
kisirikuuku,"adj., black",General,adjective,K
kisirya,sparrow,Common Animals,noun,K
kisisa,pith of papyrus,General,noun,K
kisisani,"likeness, picture, statue, idol",General,noun,K
kisisi,"gourd, calabash",General,noun,K
kisisiimuka,watch of the niglll,General,noun,K
kiso,prow of a canoe,General,noun,K
kisoga,young custard tree,General,noun,K
kisoha,fish net,General,noun,K
kisokooro,young bean leaf,General,noun,K
kisole,"young dog, puppy",Common Animals,noun,K
kisomabwire,night-jar (bird),General,noun,K
kisomamabuli,see ekihungu,General,verb,K
kisombera,very large basket,General,noun,K
kisirukuuku,"black, dirty person/thing",General,noun,K
kisombwa,a yellow bean,General,noun,K
kisongezo,canine tooth,General,noun,K
kisoodo,fowl dropping,General,noun,K
kisooba,thorn of palm tree,General,noun,K
kisoorre,cleared land,General,noun,K
kisoro,animal,General,noun,K
kisorongo,tall gourd,General,noun,K
kisotoka,rinderpest,General,noun,K
kiso,round native hut,General,noun,K
kisuli,birds nest,General,noun,K
kisumi,excrescence,General,noun,K
kisumika,bud of flower,General,noun,K
kisumuruzo,"key, opener",General,noun,K
kisunsa,"pumpkin , gourd vine",General,noun,K
kisunsuzo,comb,General,noun,K
kisura,salt,General,noun,K
kisuyaga,sodomy,General,noun,K
kisuzi,wildcat; bed bug,General,noun,K
kisweko,placenta,General,noun,K
kisweswe,blister,General,noun,K
kitaahiro,skirt,General,noun,K
kitaasa,cymbal,General,noun,K
kitabujuguta,civet-cat,Common Animals,noun,K
kitaigi,unripe fruit esp. maize,General,noun,K
kitamba,wicker fish-trap,General,noun,K
kitambaara,"handkerchief, duster, tow",General,noun,K
kitamiiza,"strong drink, intoxicant",General,noun,K
kitamutoole,nonsense,General,noun,K
kitanakya,emetic,General,noun,K
kitanda,large bundle,General,noun,K
kitangaaza,"telescope, microscope",General,noun,K
kitara,"large double edged sword,bayonet",History And Historical Accounts,noun,K
kitara,Kingdom of Bunyoro,Governance And Administration,noun,K
kiteburo,"taunt, reproach, sarcasm",General,noun,K
kiteekerezo,"thought, idea, fancy, opinion",General,noun,K
kiteera,"Large ape, gorilla",Common Animals,noun,K
kiteeranjogera,little toddler,General,noun,K
kiteete,see eteete,General,verb,K
kiteezo,"bat, racquet, etc",Common Animals,noun,K
kitega,shallow hole; arm bracelet,General,noun,K
kitemamusanje,large field rat,Common Animals,noun,K
kitembe,a speckled hen,Common Animals,noun,K
kitembe,wild plantain tree,General,noun,K
kiteme,"clearing, open space",General,noun,K
kitentegcre,rough piece of barkcloth,General,noun,K
kitenterezi,a bird,General,noun,K
kitereza,long curly hair,General,noun,K
kiterezi,soft and curled hair,General,noun,K
kiteta,dumb person,General,noun,K
kiteteei,"dress, frock",General,noun,K
kitiime,small piece of meat,General,noun,K
kitiiri,anus,General,noun,K
kitikiisoke,hair comb,General,noun,K
kitimba,net,General,noun,K
kitindinda,"snail, slug (= kitamulinda)",General,noun,K
kitinti,patched garment,General,noun,K
kititi,half (of liquids),General,noun,K
kitiyo,spade,General,noun,K
kitobera,"young, cockerel",General,noun,K
kitogi,collar,General,noun,K
kitole,piece/ball of native soap,General,noun,K
kitondwa,outcast,General,noun,K
kitone,spot,General,noun,K
kitoogeerro,"recitation, poem",General,noun,K
kitoogo,"deserted,overgrown place, ruin",General,noun,K
kitonsa,large mushroom,General,noun,K
kitoole,lewdness,General,noun,K
kitoonyezi,"mark, spot, stain",General,noun,K
kitoroogo,premature birth (animals),General,noun,K
kitukumo,"shivering, trembling",General,noun,K
kitukura,a red hen,Common Animals,noun,K
kitumbisa,"leaven, baking powder",General,noun,K
kitundubazi,sluggish person or creature,General,noun,K
kitunga,"shallow pool, puddle",General,noun,K
kitunguhya,an unripe thing,General,noun,K
kitunguutano,"heat, perspiration",General,noun,K
kitungwa,property (e.g. cattle),Common Animals,noun,K
kituntu,"hillock, high ground",General,noun,K
kituru,blind eye,General,noun,K
kituuro,grave,General,noun,K
kitwaro,"anything carried, large bundle",General,noun,K
kitwarre,carrying litter,General,noun,K
kityeraju,harmless water snake,Common Animals,noun,K
kityokoro,"abundance, superfluity",General,noun,K
kiwabwaka,civet-cat,Common Animals,noun,K
kiwadeeri,"aperture, bole (= ekinyadeere)",General,noun,K
kiwakonga,crab,General,noun,K
kiyaga,gale,Nature & Environment,noun,K
kiyanja,"pond, pool",General,noun,K
kiyooro,"abundance, superfluity, excess",General,noun,K
kiyungiro,joint,General,noun,K
kizaaniro,"playground, playing field, stadium",Sports,noun,K
kizengeerra,tuming- sickness (of cattle),Common Animals,noun,K
kizibabo,coat,General,noun,K
kizigira,"areola, scar",General,noun,K
kizima,darkness (indoors),General,noun,K
kizimba,"swelling, tumour, boil",General,noun,K
kizimu,placenta (of animal),General,noun,K
kizina,song,General,noun,K
kizinda,destructive thing,General,noun,K
kizinga,island,Geography,noun,K
kizingo,"cripple, stunted person",General,noun,K
kobbabbara,"to become bard, emaciated",General,verb,K
kobora,"to chip, break off",General,verb,K
kodogadoga,to trap,General,verb,K
kobora,to cough,General,verb,K
kobya,"blink, wink",General,noun,K
koiga,"get thin, emaciated",General,noun,K
koija,"to be greedy, gluttonous",General,verb,K
koijogora,to peel badly,General,verb,K
koimiza,to wink at,General,verb,K
koimya,"to wink, twinkle",General,verb,K
kokoizira,"hoop, limp",General,noun,K
kokoora,to remove a scab,General,verb,K
kokoroma,to cluck,General,verb,K
koma,"to pick up, find",General,verb,K
komba,to lick up,General,verb,K
kome,"adj., chosen",General,adjective,K
komeetereza,"to charge, enjoin",General,verb,K
konda,to bite,General,verb,K
kondereza,to curse,General,verb,K
kondoma,to become emaciated,General,verb,K
kondoma,to squat,General,verb,K
konera,prune,General,noun,K
konga,to become dirty,General,verb,K
kooga,to shrug (the shoulders),General,verb,K
kongoizira,to hobble along,General,verb,K
konjogora,peel badly,General,noun,K
konkomoka,to descend a hill,General,verb,K
konkomora,to take downhill,General,verb,K
konkona,"to rap, knock, prod",General,verb,K
kono,"bullock, ox;(see also konwa)",Common Animals,noun,K
konona,to shed (tears),General,verb,K
konwa,reduce,General,noun,K
konyoga,to beat barkcloth,General,verb,K
koobooka,be very tired,General,verb,K
koohyangaine,peer influence,General,noun,K
kooka,to crow,Common Animals,verb,K
kookora,contract ekookoro,General,noun,K
kookoro,syphilitic septicaemia with abscesses,General,noun,K
kookuroorraaho,"sign, copy, pattern, example",General,noun,K
koome,fire for cattle,Common Animals,noun,K
koorra,to cough,General,verb,K
koorrooma,"to curse, utter curses",General,verb,K
koosora,to pinch hard,General,verb,K
kootakoota,to stoop from infinnity,General,verb,K
kooti,coat; Court oflaw,General,noun,K
ko kataito,it is small,General,noun,K
koona,all of it,General,noun,K
kooto,large,General,noun,K
koowe,"int., welcome!",General,interjection,K
kooya,feather (small),General,noun,K
kora,"to make, do, work",General,verb,K
koraho,to touch,General,verb,K
korokoota,to tickle (throat),General,verb,K
korokootwa,foreg,General,noun,K
koroza,to make to cough,General,verb,K
kozesa,"to use, employ",General,verb,K
Krisimaasi,"Christmas, or Noel (Noweli)",General,noun,K
Kristo,Christ,General,noun,K
kuba,"to fold up,wrap,bind",General,verb,K
Kubi,badly,General,adverb,K
kubira,"examine, cross-examine",General,noun,K
kubirana,to fold together (clothes),General,verb,K
kubisa,to drink a draught,General,verb,K
kugira,be with/possess,General,verb,K
kubaba,to burn,General,verb,K
kubamba,to crucify,General,verb,K
kubandwa,to worship spirits,General,verb,K
kubanza,to begin,General,verb,K
kubalirra,to estimate,General,verb,K
kubarraana,agree on a share,General,noun,K
kubatiza,to baptize,General,verb,K
kubaza,to talk,General,verb,K
kubazaamu,to multiply see,General,verb,K
kubaziira,to sew,General,verb,K
kubemba,to spread materials carefully,General,verb,K
kubi,badly,General,noun,K
kubiihirwa,unhappy,General,noun,K
kubinga,"to expel, send away",General,verb,K
kuboha,to tie or bind,General,verb,K
kubona,to see/look at,General,verb,K
kubonwa,to be seen,General,verb,K
kubyamisiriza,soothe someone to sleep,General,noun,K
kucekeca,to dance,General,verb,K
kubunga,"pay a visit, travel",General,verb,K
kwemaramara,loiter,General,noun,K
kubungisa,get visitors,General,noun,K
kubuurra,"unfold, unroll",General,noun,K
kufuro,Jock padlock,General,noun,K
kujajara,to grow stout,General,verb,K
kuju,knee,General,noun,K
kuka,"to pile up, hoard",General,verb,K
kukumika,"conceal, bide",General,noun,K
kuburanganiza,to destabilize/confuse see,General,verb,K
kuburuga,to stir,General,verb,K
kubuzabaza,to confuse,General,verb,K
kubyamira,to sleep on,General,verb,K
kubyara,to plant,General,verb,K
kucamuka,boiling (especially of liquids),General,noun,K
kucanda,prolonged suffering,General,noun,K
kucugura,have diarrhoea,General,noun,K
kucumba,to cook,General,verb,K
kucumbagira,to limp,General,verb,K
kucumikira,make fire,General,noun,K
kucungira,block water (dam),General,noun,K
kucura ebigere,to come to menopause,General,verb,K
kufa amaiso,to be blind,General,verb,K
kufa amatu,to be deaf,General,verb,K
kufa ebigere,to be impotent,General,verb,K
kufa omunwa,to be dumb,General,verb,K
kufuka ebimira,to blow the nose,General,verb,K
kufunda,"to be narrow, small",General,verb,K
kufunga,to lock or screw,General,verb,K
kufunguka,become cool or dilute,General,noun,K
kufunya,to drive animals,General,verb,K
kufunza,"fold (sleeves, trousers)",General,noun,K
kufura,to have excessive pride,General,verb,K
kufurunguka,to be diluted,General,verb,K
kugaga,cold food going bad,General,noun,K
kugaigahara,to become very rich,General,verb,K
kugangama,to be stiff,General,verb,K
kuganyira,to forgive/pardon,General,verb,K
kugarukamu,to reply or answer,General,verb,K
kugarukanganamu,to reconcile,General,verb,K
kugarukira,to repeat an action,General,verb,K
kugasa,to be useful,General,verb,K
kugasira,to be useful to,General,verb,K
kuhambiriza,to immunise,General,verb,K
kugenderra,"to intend, do purposely",General,verb,K
kugera,to flow,General,verb,K
kugesa,to harvest,General,verb,K
kugeya,to back bite,General,verb,K
kugoba,to get profit,General,verb,K
kugobeza,"to betray, deceive",General,verb,K
kugona,to snore,General,verb,K
kugosa,mating of birds,General,noun,K
kugota,"to surround, besiege",General,verb,K
kugumizaamu,to continue,General,verb,K
kugunura,to open wide,General,verb,K
kugurukyagurukya,to doubt,General,verb,K
kugururuma,have stunted growth,General,noun,K
kuguza,to sell,General,verb,K
kugwagwahara,to be foolish,General,verb,K
kugwagwana,to be settled,General,verb,K
kugwijagira,to be asleep,General,verb,K
kuha,to give out,General,verb,K
kuhaaguka,to quench one's thirst,General,verb,K
kuhaaka,to call,General,verb,K
kuhaata,to peel,General,verb,K
kuhaba,to lose one's way,General,verb,K
kuhaihalikya,to keep under fear,General,verb,K
kuhandiika,to write,General,verb,K
kuhangaara,to live long,General,verb,K
kuhanika,to hang up,General,verb,K
kuhanuura,"discuss, agree, decide",General,noun,K
kuhara,to scratch,General,verb,K
kuharagata,to scrape off,General,verb,K
kuharara,to be worried,General,verb,K
kuhebebera,to stammer,General,verb,K
kuheenengwa,to play about,General,verb,K
kuhehemukya,to winnow,General,verb,K
kuhenda,cause to break,General,noun,K
kuhereeruka,to be the last,General,verb,K
kuhiga,to search into,General,verb,K
kuhigika,to support,General,verb,K
kuhigiza,make room for,General,noun,K
kuhiiga,to hunt,General,verb,K
kuhiiganiza,to persecute,General,verb,K
kuhiisa,make ready,General,noun,K
kuhikiiriza,to fulfil,General,verb,K
kuhimba,to lift up/to carry,General,verb,K
kuhimbaaara,to be blind,General,verb,K
kuhindukahinduka,to keep changing,General,verb,K
kuhinduka,"to change, to turn",General,verb,K
kuhinga,to exchange,General,verb,K
kuhingika,to pile up,General,verb,K
kuhoha,to wither/fade,General,verb,K
kuhoma,"to smear, to plaster",General,verb,K
kuhonga,to sacrifice/to beign withering,General,verb,K
kuhongaka,drop off,General,noun,K
kuhonoka,"wear off, peel off",General,verb,K
kuhotoka,to wither/fade,General,verb,K
kuhotora,"twist, stir",General,noun,K
kuhulirikana,not hearing properly(misquote),General,noun,K
kuhuliriza,to listen to,General,verb,K
kuhumbuuka,"to resurrect, regain life",General,verb,K
kuhuna,"be surprised, dumb- founded",General,verb,K
kuhunga,collect from the air,General,noun,K
kuhungira,"be drowsy, dose",General,verb,K
kuhuuba,to swing,General,verb,K
kuhuumira,to knock down,General,verb,K
kuhuura,to thresh beans,General,verb,K
kuhwehweterra,to whisper,General,verb,K
kuhwezuka,that which is visible,General,noun,K
kuhwita,to become very aged/senile,General,verb,K
kuhyanja,to tell lies,General,verb,K
kujaakaara,to spread,General,verb,K
kujenjegura,be torn to shreds,General,verb,K
kucencebuka,say everything about someone,General,verb,K
kujerega,to tease,General,verb,K
kujuga kujuna,"to save, to rescue",General,verb,K
kujunaana,"to hold responsible, blame",General,verb,K
kujunda,to rot,General,verb,K
kujuuka,to run mad,General,verb,K
kujuumara,to lie up-side down,General,verb,K
kujwangana,to mix,General,verb,K
kujwara,to dress up,General,verb,K
kujwigwa,to be persistently stubborn,General,verb,K
kukaga,to smell,General,verb,K
kukakaara,to become very dry,General,verb,K
kukamuura,to squeeze out,General,verb,K
kukana,to tie very tightly,General,verb,K
kukanda,to knead,General,verb,K
kukanga,"to startle, frighten",General,verb,K
kukanika,to repair,General,verb,K
kukanuka,to die suddenly,General,verb,K
kukanya,to increase,General,verb,K
kukaranga,to roast,General,verb,K
kukebera,"to examine, to stud",General,verb,K
kukeerererwa,to be late,General,verb,K
kukenenura,to drain,General,verb,K
kukenga,to understand,General,verb,K
kukiina,to talk sarcastically,General,verb,K
kukomba,to lick,General,verb,K
kukomeetereza,to testify strongly,Legal And Law Matters,verb,K
kukomerra,to gather,General,verb,K
kukona,to be under cooked/under-done,General,verb,K
kukookooba,take without permission,General,noun,K
kukookora,to get cancer,Health & Medicine,verb,K
kukoporra,to copy out,General,verb,K
kukora,to work,General,verb,K
kukorra,(i)to cough (ii) work,General,verb,K
kukuhya,homosexuality,General,noun,K
kukuna,to entertain a visitor,General,verb,K
kukunga,"to howl, to scream",General,verb,K
kukungana,to quarrel,General,verb,K
kukungura,to bring bad luck,General,verb,K
kukurra,"to pull, to drag",General,verb,K
kukurungutana,to be deceitful,General,verb,K
kukuta,to crawl,General,verb,K
kukuuba,"to rub, massage",General,verb,K
kukuuta,to scrub,General,verb,K
kukyotora,to pinch by twisting,General,verb,K
kulaawa,to castrate,General,verb,K
kulaaya,to become a prostitute,General,verb,K
kulebaleba,to be loose,General,verb,K
kuleebaleeba,peeping,General,noun,K
kulega,"report, acuse",General,noun,K
kuleka,"stop, leave alone, abandon",General,verb,K
kulengaho,to try,General,verb,K
kulengesaniza,to compare,General,verb,K
kuli,"there, over there",General,noun,K
kuliltira,Jag behind,General,noun,K
kulima,to dig,General,verb,K
kulinguza,to peep,General,verb,K
kulya enguzi,to take a bribe,General,verb,K
kumbya,roll,General,noun,K
kumukumu,"adv., one after another",General,adverb,K
kumama,to spread powdery substances,General,verb,K
kumangalikwa,unsettled/without shame/behaving indecently,General,noun,K
kumanya,"to know, to realize",General,verb,K
kumanyirra,to recognize,General,verb,K
kumiga,"to press, to squeeze",General,verb,K
kumiisa,to sprinkle,General,verb,K
kumiisa amaizi,to splash/sprinkle water,General,verb,K
kumira,to swallow,Common Animals,verb,K
kumirwa ensi,to disappear suddenly,General,verb,K
kurnorna,to rust,General,verb,K
kumuliikana,"shine, glitter, sparkle",General,noun,K
kumwa,to shave,General,verb,K
kumwegerrakumwa,to smile,General,verb,K
kumyokera,to deputize,General,verb,K
kunaaba,to wash,General,verb,K
kunagaija,to be careless with,General,verb,K
kundi,differently,General,noun,K
kungana,to quarrel,General,verb,K
kunguza,to howl,General,verb,K
kunkuniza,to absolutely refuse,General,verb,K
kuneka,to dress very elegantly,General,verb,K
kuneguka,dancing joyfully,General,noun,K
kuniga,"to choke, strangle",General,verb,K
kunihira,to hope for,General,verb,K
kunoba,"to hate, dislike",General,verb,K
kunu,"adv., here",General,adverb,K
kunuguna,to suckle (for puppies),General,verb,K
kununka,to smell badly,General,verb,K
kunura,"to be nice, tasty",General,verb,K
kunyaara,to urinate,General,verb,K
kunyampa,to fart,General,verb,K
kunyeeta,to grow fat/big,General,verb,K
kunywa,to drink,General,verb,K
kunywa etaaba,to smoke,General,verb,K
kunywegera,to kiss,General,verb,K
kupakira,"to pack, to load",General,verb,K
kupama,to defecate,General,verb,K
kupangisa,"hire, pay a fare",General,noun,K
kupika,to pump,General,verb,K
kupima,"to measure, weigh",General,verb,K
kuraanyuuka,to be elastic,General,verb,K
kurabuka,to give out gifts,General,verb,K
kuragara,drop down,General,noun,K
kuraguza,to consult a witch-doctor,Health & Medicine,verb,K
kurahira,"promise, swear",General,noun,K
kuraiha,"to be tall, long",General,verb,K
kurambura,to inspect,General,verb,K
kuramya,"to worship, adore",General,verb,K
kuranda,"to creep, smoothen timber",General,verb,K
kuranga,to announce,General,verb,K
kurangaana,to spread,General,verb,K
kurangirra,"to proclaim, declare",General,verb,K
kurara,to get some cracks,General,verb,K
kuraranga,"to scatter, get scattered",General,verb,K
kuroga,to bewitch,General,verb,K
kuronda,"to keep quarrelling, grumbling",General,verb,K
kuroza,to taste,General,verb,K
kurra,to cry,General,verb,K
kuru,"old, important, adult",General,noun,K
kurubiriza,"to hurry, hasten",General,verb,K
kurubura,to drag a Jong,General,verb,K
kurugusa,to intrude,General,verb,K
kurugutiirra,to trample down,General,verb,K
kuruha,to grow tired,General,verb,K
kururna,to bite,General,verb,K
kurungi,"welll, fine",General,noun,K
kurungutaniza,"to deceive, worry",General,verb,K
kuruubiriza,"to hurry, hasten",General,verb,K
kurwana,"to fight, struggle",General,verb,K
kusa,to grind,General,verb,K
kusakaara,"to thatch, roof",General,verb,K
kusama,bleeding an animal,General,noun,K
kutaikya,"adv., unceasingly",General,adverb,K
kutiya,sisal sack,General,noun,K
kutu,ear,General,noun,K
kuubya,to commit sodomy,General,verb,K
ku1mya,to climb(hill),General,verb,K
kuurruuka,to drag oneself along,General,verb,K
kuusa,climb (tree) hugging trunk,General,noun,K
kusaraho,to cut off,General,verb,K
kusasura,to pay one's dues,General,verb,K
kuseega,to become poor,General,verb,K
kuseegura,to use vulgar language,General,verb,K
kuseenya,to collect firewood,General,verb,K
kuseera,to overcharge,General,verb,K
kuseereera,to float,General,verb,K
kuseesirra,"to irrigate, to wet",General,verb,K
kusembera,to get Holy communion,General,verb,K
kusenda,to banish from family/clan,General,verb,K
kusendekereza,"accompany, escort",General,noun,K
kusengya,a dog being pregnant,Common Animals,noun,K
kusenya,"to serve, to harvest",General,verb,K
kusera,act of night dancing,General,noun,K
kusereka,to hide,General,verb,K
kusesemwa,to feel nausea,General,verb,K
kusiba,"to tie, lock up",General,verb,K
kusiika,to fry,General,verb,K
kusiikooma,to resist work,General,verb,K
kusiima,"to appreciate, to thank",General,verb,K
kusika,to pull,General,verb,K
kusinda,groan in pain,General,noun,K
kusinduka,to be uprooted,General,verb,K
kusindura,to uproot,General,verb,K
kusingura,to conquer,General,verb,K
kusisana,to resemble,General,verb,K
kusisiimura,to wake someone up,General,verb,K
kusitama,to squat,General,verb,K
kusoba,to be wrong,General,verb,K
kusoberwa,"to be baffled, confused",General,verb,K
kusoga,"develop, redevelop",General,noun,K
kusoha,to fish,General,verb,K
kusoma,"to read ,attend church/school",General,verb,K
kusongora,to extract/harvest,General,verb,K
kusookooma,to resisst work,General,verb,K
kusorooza,"to collect, gather together",General,verb,K
kusuliza,to whistle,General,verb,K
kusumbuusa,to compensate,General,verb,K
kusuubura,to trade,General,verb,K
kuswaza,to bring shame,General,verb,K
kutaagura,to tear,General,verb,K
kutaahira,go into (a hole),General,verb,K
kutabaara,going to war,General,noun,K
kutabaijuka,"to stumble, to stagger",General,verb,K
kutaisura,to release,General,verb,K
kutanaka,to vomit,General,verb,K
kutangaana,to meet,General,verb,K
kuteeba,"score, aim well, guess",General,noun,K
kuteekaana,to settle,General,verb,K
kuteera ekyoya,to whistle,General,verb,K
kuteesa,to discuss,General,verb,K
kuteerwa,to be beaten,General,verb,K
kutega,to set a trap,General,verb,K
kuteraniza,"unite, reconcile, add up(math)",General,noun,K
kutemba,to climb,General,verb,K
kutendeka,"initiate, train",General,noun,K
kutengeeta,"to shake, to wobble",General,verb,K
kutigita,to tickle,General,verb,K
kutiina,"to fear, to respect",General,verb,K
kutimba,to decorate,General,verb,K
kutorna,to guess,General,verb,K
kutuma,to send,General,verb,K
kutumba,to swell,General,verb,K
kutunguruka,to become unthreaded,General,verb,K
kutunguutana,to sweat,General,verb,K
kutuntura,to be worried,General,verb,K
kutunuka,to protrude,General,verb,K
kuturka,to go out,General,verb,K
kutuuba,to be greedy,General,verb,K
kutuutuka,"perspire, sweat",General,noun,K
kutwara,"take, carry, rule, administer",General,verb,K
kuvuga,"to drive, steer",General,verb,K
kuvuruga,"to confuse, to disorganize",General,verb,K
kuvuyanga,"stir up, muddle",General,noun,K
kuyomba,to make noise,General,verb,K
kuyoora,to scoop,General,verb,K
kuyunga,to join,General,verb,K
kuyuuya,to swing,General,verb,K
kuzaana,"to play, to joke",General,verb,K
kuziguza,to polish with,General,verb,K
kuziha,to swim,General,verb,K
kuziikura,to exhume,General,verb,K
kuzika,to be dirty,General,verb,K
kuzimba,to swell,General,verb,K
kuzina,"to sing, to dance",General,verb,K
kuzinga,to roll up,General,verb,K
kuzingirra,entangle,General,noun,K
kuzingiza,"to wind round, entangle",General,verb,K
kuziza,"forbid, be forbidden",General,noun,K
kuzonzoora,"to discover, to invent",General,verb,K
kuzoora,"invent, find, discover",General,noun,K
kwaba,be cracked,General,verb,K
kwatilrra,"to clasp, to support",General,verb,K
kwaya,choir,General,noun,K
kwekwenuka,to laugh heartily,General,verb,K
kwenyuka,to run uphill,General,verb,K
kwaga,to melt,General,verb,K
kwalika,to lay eggs,General,verb,K
kwamuza,"to shout, yell",General,verb,K
kwana,bear fruit/yield crops,General,noun,K
kwandaara,loitering,General,noun,K
kwangana,to leave a husband,General,verb,K
kwanirra,to groan,General,verb,K
kwanjurra,"to spread out, unfold",General,verb,K
kwanunkura,"accept, receive, answer",General,noun,K
kwanura,remove from,General,noun,K
kwarra,to mulch banana plantation,General,verb,K
kwatura,"to confess, pronounce",General,verb,K
kwaturra,to hatch,General,verb,K
kweba,to be forgotten,General,verb,K
kwebaza,to thank,General,verb,K
kwebiijagura,to belch,General,verb,K
kwebwa,to forget,General,verb,K
kweculika,to be steep,General,verb,K
kweculikaho,have a nap,General,noun,K
kwecuma,to be clean,General,verb,K
kwecumiikirra,to smoke,General,verb,K
kwecumiitiriza,"to think deeply, analyze",General,verb,K
kwecwaho,"to escape, separate oneself",General,verb,K
kwegarukamu,to change one's mind,General,verb,K
kwegendereza,to take care,General,verb,K
kwegesa,to teach,General,verb,K
kwegonoza,to wash down food,General,verb,K
kwegonza,to have good time,General,verb,K
kwegumya,to take courage,General,verb,K
kwehakana,to deny knowledge,General,verb,K
kwehanuuza,"consult, inquire",General,noun,K
kwehonga,"to enlist, dedicate oneself",General,verb,K
kwehuuga,gargle,General,noun,K
kwejuna,to save oneself,General,verb,K
kwekanga,to be taken unawarenes,General,verb,K
kwekunkumura,shake itself,General,noun,K
kwekurra,to crawl along,General,verb,K
kwekwasa,to make petty excuses,General,verb,K
kwekwata,to be selfish,General,verb,K
kwema,to rebel,General,verb,K
kwemera,to stand surety,General,verb,K
kwemanyaho,"to be proud, conceited",General,verb,K
kwemerra,to stand,General,verb,K
kwemigiza,to squeeze oneself in,General,verb,K
kwemulika,to shed light,General,verb,K
kwenaganaga,to be slrewn about,General,verb,K
kwendereza,to bully,General,verb,K
kwenjeera,"drift along, loiter",General,noun,K
kwenyanyaiha,being hesitant or selective,General,noun,K
kwenyigiriza,squeeze oneself through,General,noun,K
kwera,to be white,General,verb,K
kwerabyamu,showing off,General,noun,K
kwerengekerra,balance on one's head,General,noun,K
kwesama,to open one's mouth,General,verb,K
kweseemura,to sneeze,General,verb,K
kwesemeza,to be selfish,General,verb,K
kwesiga,to trust,General,verb,K
kwesiimisa,to be proud of,General,verb,K
kwesohoka,to fart,General,verb,K
kwesorooza,to assemble,General,verb,K
kweta,to call,General,verb,K
kwetanga,to have self control,General,verb,K
kwetantara,"stand offish, avoid",General,noun,K
kweteera,"change behaviour, repent",General,noun,K
kwetengeneka,to balance oneself,General,verb,K
kwetegereza,to understand,General,verb,K
kwetiriginya,to wriggle,General,verb,K
kwetomboita,to complain angrily,General,verb,K
kwetulega,to work hard,General,verb,K
kwezi,"moon, a month",General,noun,K
kweyamura,to yawn,General,verb,K
kweyuuya,to swing,General,verb,K
kweziringura,to wriggle,General,verb,K
kwiba,to steal,General,verb,K
kwigara,to block,General,verb,K
kwigata,"to press, massage",General,verb,K
kwihamu enda,"cause miscarriage, abort",General,noun,K
kwihura,to serve food,General,verb,K
kwijuka,"to recall, remember",General,verb,K
kwimukiriza,to incite,General,verb,K
kwimama,"to bend, bow down",General,verb,K
kwinara,to become destitute,General,verb,K
kwinika,to pull down,General,verb,K
kwirra,to come near,General,verb,K
kwo,"it, itself, in itself",General,noun,K
kwokwo,"adv., truly, really",General,adverb,K
kweyiita,to commit,General,verb,K
kwokya,to be hot,General,verb,K
kwoleka,"to show, demonstrate",General,verb,K
kwoma,to get dry,General,verb,K
kwombeka,to build,General,verb,K
kwomya,to make dry,General,verb,K
kwonka,"to sackle, feed",General,verb,K
kwonka,"only, merely",General,noun,K
kwotoka,see kwomoka,General,verb,K
kyaburamuti,"cart, rickshow",General,noun,K
kyadaadi,"placenta, afterbirth",General,noun,K
kyadundu,"pouch, crop (birds)",General,noun,K
kyabanyuma,"placenta, afterbirth",General,noun,K
kworoberra,to be very soft,General,verb,K
kworoora,to bring up,General,verb,K
kwotera,fumigate,General,noun,K
kyaka,"thirst, craving for drink",General,noun,K
kyakoohaa,prolapse of rectum,General,noun,K
kyakyo,"flower, blossom",General,noun,K
kyalaani,sewing-machine,General,noun,K
kyamahaoo,"wonder, marvel, miracle",General,noun,K
kyambara,dog's collar,Common Animals,noun,K
kyambu,river,General,noun,K
kyanda,"dry season, drought, summer",Nature & Environment,noun,K
kyasi,"cleft wood, board; cartridge",General,noun,K
kyata,heartburn,General,noun,K
kyate,crack,General,noun,K
kyatika,a broken thing,General,noun,K
kyaira,after a long time,General,noun,K
kyamutwaranindora,small make shift hut,General,noun,K
kyanika,a kind of potato,General,noun,K
kyapa,sign post/ type,General,noun,K
kyara,"a finger, toe",General,noun,K
kyaro,"village, estate, the country",Geography,noun,K
kyarre,grass spread for cattle,Common Animals,noun,K
kyarubumbi,of a porter,General,noun,K
kyaruhembo,south west wind,General,noun,K
kyebaganizo,separation,General,noun,K
Kyebambe,usurper,General,noun,K
Kyegemba,a bald person,General,noun,K
kyegemera,set-square,Mathematics,noun,K
kyeru,a white hen,Common Animals,noun,K
kyesembyo,bandage for covering anklets,General,noun,K
kyesero,watering place (for cattle),Common Animals,noun,K
kyesiitazo,"cause of stumbling, offence",General,noun,K
kyesindiko,"self-confidence, self-assurance",General,noun,K
kyesingiso,"loofah, sponge",General,noun,K
kyesingo,self -will,General,noun,K
kyesomeko,made-up garment for wearing,General,noun,K
kyesweko,"covering, blanket, sheet",General,noun,K
kyetaago,need,General,noun,K
kyetebuko,"answer, echo",General,noun,K
Kyetunda,"daring, ventu.resome person",General,noun,K
Kyetwara,independent person,General,noun,K
kyeya,level plain,General,noun,K
kyeyamuro,yawn,General,noun,K
kyezigooro,"comer, tum, bend, curve",General,noun,K
kyegemba,a bald person,General,noun,K
kyeginga,"freak,clown",General,noun,K
kyeginga,thing of unusual shape,General,noun,K
kyegoora,crow,Common Animals,noun,K
kyehuuro,very heavy rain,Nature & Environment,noun,K
kyekuurra,creeping thing,General,noun,K
kyekwasa,excuse,General,noun,K
kyekyemuka,to laugh heartily,General,verb,K
kyemanyiikirizo,"sign, symbol",General,noun,K
kyemeza,"selfsown plant, etc",General,noun,K
kyemo,stature,General,noun,K
kyeoa,"to curse, abuse",General,verb,K
kyenda,ninety,General,noun,K
kyenju,sweet banana; yellow colour,General,noun,K
kyenserikora,a bird,General,noun,K
kyenuurra,to withdraw a curse,General,verb,K
kyenyuma,placenta,General,noun,K
Kyera,Albino,General,noun,K
kyeramaino,thorn of omweramai,General,noun,K
kyerekeerra,to break,General,verb,K
kyererezi,"clearness,brightness, a clear space",General,noun,K
kyetaahya,an intruder,General,noun,K
kyetunda,prostitute,General,noun,K
kyetwara,"independent person, carefree",General,noun,K
kyo,"it, itself, in itself",General,noun,K
kyobuhangwa,"cultural, customary thing, natural",General,noun,K
kyogi,spear head,General,noun,K
kyokoora,"disobedient, insolent person;bully",General,noun,K
kyokubonga,offering,General,noun,K
kyokuroorraabo,an example,General,noun,K
kyokurwanisa,weapon,General,noun,K
kyokwesweka,"covering, blanket,sheet, beddings",General,noun,K
kyokwombekesa,building material,General,noun,K
kyoma,"Iron,anything made of iron",General,noun,K
kyombeko,"building, structure",General,noun,K
kyakyombosa,"sailing ship, dhow",General,noun,K
kyomuziro,"forbidden thing, taboo, totem",Culture And Tradition,noun,K
kyomwitaka,mineral,General,noun,K
kyona,all of it,General,noun,K
kyonka,"but, and yet, although",General,noun,K
kyonzira,sacrifice,General,noun,K
kyose,hair bracelet,General,noun,K
kyosi,missing a day,General,noun,K
kyoto,"hearth,fireplace",General,noun,K
kyotora,to pinch hard,General,verb,K
kyoya,feather,General,noun,K
kyozi,black cow,Common Animals,noun,K
leero,"today, this time",General,noun,L
llinu,this one,General,noun,L
lubanga,chwezi god of healing,Culture And Tradition,noun,L
lyo,"it, itself, in itself",General,noun,L
maakisi,marks,General,noun,M
maama,Mother,General,noun,M
maanyuka,to get moulted,General,verb,M
maapu,see ekisisani kye 'ensi,General,verb,M
maarumi,"maternal uncle, mother's brother",General,noun,M
maasa,kind of inedible grass-hopper,General,noun,M
maau,my mother;see nyinanyowe,General,noun,M
maawe,my mother; see foreg,General,pronoun,M
maaya,ostrich,Common Animals,noun,M
maazaara,my mother-in-law,General,noun,M
mabaale,for stones,General,noun,M
mabbaati,corrugated iron sheets,General,noun,M
mabbango,bowed head and shoulders,General,noun,M
mabeere,"; breast,tits",General,noun,M
mabega,"shoulders, back",General,noun,M
mabeho,fresh air,General,noun,M
mabingo,"reeds, elephant grass",General,noun,M
mabwa,like a dog,Common Animals,noun,M
macalya,"savouries, delicacies",General,noun,M
macande,simsim,General,noun,M
macu,asthma; bronchitis,Health & Medicine,noun,M
macunda,"churned milk, butter milk",General,noun,M
macwacwa,"wisdom , cunning, craft",General,noun,M
macwanta,"saliva, spittle",General,noun,M
madaara,"stairs, ladder, steps",General,noun,M
madinda,pleats;xylophone,General,noun,M
maduguru,kind of potato (red),General,noun,M
madwidwi,see amadudu foreg,General,verb,M
mafakubi,"dung, feaces, stools, excrement",General,noun,M
magabali,kind of potato,General,noun,M
magadi,"ete z'am., yolked oxen",Common Animals,noun,M
magado,"trouble,tonnent, grief",General,noun,M
magaga,difficulty,General,noun,M
maganga,urine of cattle,Common Animals,noun,M
mnganyi,"grief, sadness, sorrow, remorse",General,noun,M
magaro,over fiowings (of grain),General,noun,M
magaro,"pincers, pliers",General,noun,M
magaruka,return journey,General,noun,M
magana,a lot,General,noun,M
mageege,see enyawaawa,General,verb,M
magenda,"going, out ward journey",General,verb,M
magesa,"reaping, harvest",General,noun,M
magita,"; oil, butter,grease",General,noun,M
magezi,"intelligent, bright,wisdom,cleverness, wits, skill",General,noun,M
magoba,"profits, usury",General,noun,M
magoonoka,descent,General,noun,M
maguli,large granaries,General,noun,M
mabaiga,digging (of potatoes),General,noun,M
mabaiso,praise,General,noun,M
mahanga,nations,General,noun,M
mahano,"wonders, marvels",General,noun,M
mahenange,syphilitic bone pains,General,noun,M
mahera,"pus, matter",General,noun,M
mahiiso,ripening (of beans etc.),General,noun,M
mahinda,name given to hyena,Common Animals,noun,M
mabiriita,"whiz, purr",General,noun,M
mahuli,eggs,General,noun,M
mahunge,north-west wind,General,noun,M
mabuurre,news paper,General,noun,M
mahuurru,small royal drums,General,noun,M
maherre ga isansa,very light skinned,General,noun,M
maibaibani,";excitement, agitation, admiration, etc",General,noun,M
maija,"coming back, returning",General,noun,M
maijukuru,joke with elder relations,General,noun,M
mairo,"mile, estate, allotment",General,noun,M
maiso,"eyes, face",General,noun,M
maitakisimba,",speak unkindly of",General,noun,M
maizi,water,General,noun,M
majabali,"frayed, jagged edges",General,noun,M
majagaate,"hair (of lions, etc.)",General,noun,M
majahiisirizo,"adomrnent, fancy looking",General,noun,M
majabya,"decoration, adornment, exaggeration",General,noun,M
majaliga,beetle with scarlet stripes,General,noun,M
majanjeka,tie loosely,General,noun,M
majooba,"red stitching, embroidery",General,noun,M
maka,"homes,homestead",General,noun,M
makaasi,scissors,General,noun,M
makale,weep without shedding tears,General,noun,M
makamo,"curdled milk, junket",General,noun,M
makara,charcoal,General,noun,M
makazi,behave like a woman,General,noun,M
makendu,waist,General,noun,M
makilsankya,a temporary thing,General,noun,M
makiza,advantage,General,noun,M
makonezi,syphilitic bone pains,General,noun,M
makongoora,kind of thom bush,General,noun,M
makooti,round shoulders,General,noun,M
makooto,insolence,General,noun,M
makuuma,; round shoulders,General,noun,M
makuumuule,rudeness; untruthfulness,General,noun,M
makuute,roads,General,noun,M
makanika,mechanic (Eng),General,noun,M
makumi abiri,twenty,General,noun,M
makumi asatu num,thirty,General,noun,M
makumi ataano num,fifty,General,noun,M
makumi ana num,fourty,General,noun,M
malegyo,rain drops off thatch,General,noun,M
malekaane,"calico, heavy cotton cloth",General,noun,M
malere,bracken,General,noun,M
malla,same,General,noun,M
maligisa,"over doing, exaggeration",General,noun,M
maliioi,"harlot, prostitutes",General,noun,M
maili,"very, a lot",General,noun,M
malikubu,boots,General,noun,M
malyo,"cunning, craft, skillfulness",General,noun,M
mama,to sprinkle,General,verb,M
mamba,"dawn, dayspring",Common Animals,noun,M
mamba,mud fish,Common Animals,noun,M
mambu,;cross (see kambumeeri.),General,noun,M
mamiirra,to sprinkle on,General,verb,M
mana,vagina,General,noun,M
manamba,mines,General,noun,M
mamaino,thank you,General,noun,M
mananu,truly,General,noun,M
mananukwo,"truly, in reality",General,noun,M
manda,"bot charcoal, coals",General,noun,M
mandigaadi,mud guard,General,noun,M
manduguya,mumps,Health & Medicine,noun,M
mangengere,"whine, moan, be discontented",General,noun,M
mankwahwa,see nkwahwa,General,verb,M
manogo,tunnels made by termites,General,noun,M
manvuuli,umbrella,General,noun,M
manyali,semen,General,noun,M
manyaoungi,swindle,General,noun,M
manyazi,; damp cold,General,noun,M
manyegera,ascent,General,noun,M
manyiirra,"to recognize, to notice",General,verb,M
manzamba,cartridge-belt,General,noun,M
manzi,"brave person, hero",General,noun,M
mapapa,wings,General,noun,M
mapeera,guava tree,General,noun,M
mapeesa,buttons,General,noun,M
mapipa,"barrels, casks",General,noun,M
mara,why!,General,noun,M
mara,bowels,General,noun,M
mara,";to finish, end",General,noun,M
maraika,angel,General,noun,M
marali,"cross - eyes, squint",General,noun,M
marambi,foot of bed,General,noun,M
marogo,"chann, spells",General,noun,M
marwaniro,battle field,Military,noun,M
masa,cow dung,Common Animals,noun,M
masa,"emptiness, nothing",General,noun,M
masabbaaho,Mahommedan rosary,General,noun,M
masamasa,"to shine, glitter",General,verb,M
masamba,see ; mpinga,General,verb,M
masaoda,latex of rubber tree,General,noun,M
masanga,"; ivory, tusk",General,noun,M
masanju,"leafy twigs, foliage",General,noun,M
masano,"magic, conjuring tricks",General,noun,M
masasaazi,; sparks,General,noun,M
masasi,bullets,General,noun,M
maseege,"; poverty, destitution",General,noun,M
masinde,garden prepared for planting,General,noun,M
masirimuko,"descent, slope, descend",General,noun,M
masonge,; pelvic bones,General,noun,M
masongyo,hip joint,General,noun,M
masu,"; loneliness, solitude",General,noun,M
masumi,knots,General,noun,M
marumi,"maternal uncle, mother's brother",General,noun,M
masununu,fresh milk,General,noun,M
masuya,east coast fever (=amakebe),General,noun,M
maswale,birds of prey,Biology,noun,M
mata,;milk;bows,General,noun,M
mataagi,branches of a tree,General,noun,M
mataagi,palm Sunday,General,noun,M
matako,"cow's vagina, Vulva",Common Animals,noun,M
matatisi,"runner, postman",General,noun,M
matamatuka,"to be restless, fidgety",General,verb,M
matandiiko,"harness, saddle",General,noun,M
matanga,; patches (on cattle),Common Animals,noun,M
mate,on all fours,General,noun,M
matehe,wild cardamom,General,noun,M
matembane,inbreeding or self pollination,Biology,noun,M
matemburruuka,descent,General,noun,M
matojo,thistles,General,noun,M
matole,a fish like engege,General,noun,M
matu,cars,General,noun,M
matuga,hydrocele,General,noun,M
matugunda,medlar/Vangueria infausta fruits,General,noun,M
matuldra,"to scold, forcibly, abuse",General,verb,M
masabaho,mohammedan rosary,General,noun,M
matalisi,"runner, postman, office messenger",General,noun,M
matama,she has big cheeks,General,noun,M
mayenje,a dotted cow,Common Animals,noun,M
mawe,"expresses surprise, admiration etc",General,noun,M
mazaarwa,birthday,General,noun,M
mayugi,winding road,General,noun,M
mazima,it is true,General,noun,M
mazimakwo,"truly, certainly, just so",General,noun,M
mbaale,game played with engusuuru,General,noun,M
mbaale,a red cow,Common Animals,noun,M
mbaate,"duck, goose",Common Animals,noun,M
mbagani,cross-roads,General,noun,M
mbaganiza,"difference, change",General,noun,M
mbaizi,"axe, adze",General,noun,M
mbalilri,"miser, stingy person",General,noun,M
mbambagya,"; smart, clever person",General,noun,M
mbanda,chest (of animal),General,noun,M
mbanza,beginning,General,noun,M
mbaraasi,horse,Common Animals,noun,M
mbarangi,; small sloth,General,noun,M
mbaruka,secondary syphilis,Health & Medicine,noun,M
mbasuko,spring of trap,General,noun,M
mbaya,dry papyrus stalks,General,noun,M
mbaza,"speech, talking, pronunciation",General,noun,M
mbaziira,"sewing,method of sewing",General,noun,M
mbega,"spy,detective",General,noun,M
mbege,"half, piece",General,noun,M
mbegede,; fish with snout,Common Animals,noun,M
mbere,where,General,noun,M
mberenge,dned head of maize,General,noun,M
mberya,tares,General,noun,M
mbibo,seeds for planting,General,noun,M
mbil,grave,General,noun,M
mbilbi,hidden anger,General,noun,M
mbilkire,chief of herd,General,noun,M
mbilra,bananas for making beer,General,noun,M
mboga,herb like omubwiga; vegetables,General,noun,M
mbogo,buffalo,Common Animals,noun,M
mbobera,"small packet, (of salt)",General,noun,M
mboijana,"friendless, lonely person",General,noun,M
mbomboza,"; lonely person, vagrant",General,noun,M
mboneko,new moon,General,noun,M
mbooi,pupil of the eye,Education And Learning,noun,M
mboota,; dust rubbish; =runyota,General,noun,M
mboro,penis,General,noun,M
mboyi,"; bully, tyrant",General,noun,M
mbumbuli,"; shapeless, plump thing",General,noun,M
mbunda,a dull day,General,noun,M
mbundira,"slow, inactive person",General,noun,M
mbundu,gun = emundu,General,noun,M
mbuojami,stay-at home,General,noun,M
mbuubi,dark-grey cow,Common Animals,noun,M
mburabugyo,"; poor, homeless person",General,noun,M
mburabura,see =mburabule,General,verb,M
mburabuzi,she goat =mbude,Common Animals,noun,M
mbwairuma,variety of plantain,General,noun,M
mbwakati,a bitch,General,noun,M
mbyamwamu,reclining chair,General,noun,M
mbyara,mode of planting,General,noun,M
mbyo,newly dug grave,General,noun,M
meda,"to run, discharge (eyes)",General,verb,M
meeri,steamer or ship,General,noun,M
meeya,mayor,Governance And Administration,noun,M
meeza,table,General,noun,M
mekuka,"to burn brightly, blaze",General,verb,M
memba,member,General,noun,M
memememe,delicately =megemege,General,noun,M
meoge,blaze,General,noun,M
mera,"shape, appearance",General,noun,M
mercera,to live long,General,verb,M
mere,self-sown,General,noun,M
mibwebwe,"half raw potatoes, etc",General,noun,M
micungiro,dirt in the nails,General,noun,M
micwere,judgements way of spitting,General,noun,M
migaramo,"leisure, idleness",General,noun,M
migendere,style of walking,General,noun,M
migongo,; iron sheet rib,General,noun,M
miikize,"breathing, respiration",General,noun,M
miimilna,to keep secret,General,verb,M
miisani,mission,General,noun,M
minwa,"lips, unmashed cooked plantains",General,noun,M
minya,lizard,Common Animals,noun,M
minyago,"prey, plunder, booty",Biology,noun,M
minyeeto,puberty,General,noun,M
mirambi,; foot of bed,General,noun,M
mirambikirizo,foreg,General,noun,M
mireju,moustache;bleeding from the nose,General,noun,M
mirera,"cheer, applaud",General,noun,M
mirere,lips (used by peasants),General,noun,M
mirindi,trampling of many feet,General,noun,M
miringisa,"to bolt down, gulp",General,verb,M
mirundi,calf muscle,Common Animals,noun,M
misiri,Egypt,General,noun,M
mitalibaioe,"business, worries",General,noun,M
mitalibano,see foreg,General,verb,M
mitarabanda,pair of woodell clogs,General,noun,M
miteeraoire,joining,General,noun,M
mitegano,businesses,General,noun,M
mitego,traps,General,noun,M
miteso,petting,General,noun,M
mitumaanyuma,between the shoulder-blades,General,noun,M
moga,to spin a top,General,verb,M
mogoka,to be chipped,General,verb,M
mogora,to chip,General,verb,M
moka,"; to bark,growl",General,noun,M
mondo,serval-cat,Common Animals,noun,M
moogi,"sharpness,edges",General,noun,M
mooya,"feathers,hair, fur",General,noun,M
moso,left,General,noun,M
moto,motto,General,noun,M
motoka,motor-car,General,noun,M
mpaama,"poor soil, hard'earth",General,noun,M
mpaano,reciprocal gift,General,noun,M
mpaaraki,Uganda kob = mpara,General,noun,M
mpaho,at least,General,noun,M
mpairimi,male dog,Common Animals,noun,M
mpaka,"argument, strife, dispute",General,noun,M
mpale,"knickers, trousers, shorts, drawers",General,noun,M
mpambiri,one who uses force,General,noun,M
mpambo,seeds of gourds,General,noun,M
mpamo,"mourn, lament",General,noun,M
mitwaro ikumi num,one hundred thousand,Mathematics,noun,M
mitwaro ebiri num,twenty thousand,General,noun,M
mitwaro makumi abiri num,two hundred thousand,General,noun,M
miyonga,"mud, dirt, darkness, blackness",General,noun,M
mpanangan,advice,General,noun,M
mpande,;groundnut;peanut,General,noun,M
mpandiika,"writing, script",General,noun,M
mpandiiko,"letter, missive, inscription",General,noun,M
mpango,King's large drum,Governance And Administration,noun,M
mpaouura,"advice, counsel",General,noun,M
mpara,Uganda Kob,General,noun,M
mparangani,quarrelsome person,General,noun,M
mparano,"enmity, jealousy competition, rivalry",General,noun,M
mpata,constipation,General,noun,M
mpatani,contract,General,noun,M
mpatanizo,fork (of tree),General,noun,M
mpedya,bridemaid,General,noun,M
mpeera,"wage, pay, reward",General,noun,M
mpeere,service,General,noun,M
mpeesi,a new hoe,General,noun,M
mpekenyu,"gristle,cartilage",General,noun,M
mpenabere,firm breasts (not pendant),General,noun,M
mpere,bed-bug; see also ebisud,General,noun,M
mperekezi,maids (in marriage),General,noun,M
mpero,"end, limit, boundary",General,noun,M
mpeta,ring,General,noun,M
mpetezi,sluggard,General,noun,M
mpi,slap,General,noun,M
mpibi,flatulence,General,noun,M
mpiigani,"enemity, persecution",General,noun,M
mpiirwa,lucky person,General,noun,M
mpimbaale,"a blind cow,etc",Common Animals,noun,M
mpindura,"change, alteration",General,noun,M
mpooka,survivor,General,noun,M
mpooli,absence of prepuce,General,noun,M
mpoorro,see ilroo,General,verb,M
mpooza,"tax levied, dues, customs",General,noun,M
mpingo,handcuffs,General,noun,M
mpirima,"dagger, dirk",General,noun,M
mpisi,hyena,Common Animals,noun,M
mponderane,see enkuratane,General,verb,M
mpora mpora,"little by little, slowly",General,noun,M
mporoma,variety of plantain (embiira),General,noun,M
mpucuzi,gobbler,General,noun,M
mpuge,"absent minded, forgetful person",General,noun,M
mpugi,see foreg,General,verb,M
mpugutani,"forgetful, scatter- brained person",General,noun,M
mpuku,weevil,General,noun,M
mpuliirro,ear passage,General,noun,M
mpunda,"haff, stubble,(see musunga,)",General,noun,M
mpuoe,silent or dull person,General,noun,M
mpungi,north wind,General,noun,M
mpungira,sleeping sickness,General,noun,M
mpuno,"pig, wild boar",Common Animals,noun,M
mpuruuturuzo,see mpuruutuuff,General,verb,M
mpuroutuorro,"sliding loop, noose, bow",General,noun,M
mputa,a wounded person,General,noun,M
mpuuhlra,"moth,caterpillar",Common Animals,noun,M
mpuumuro,; resting place,General,noun,M
mpuunahuni,"dense, slow, or deliberate.person",General,noun,M
mpwabwoba,"; insolent, quarrel-some person",General,noun,M
mpwabwogo,peace lover,General,noun,M
mpwamaani,invalid,General,noun,M
mpwaogule,"courageous, clever person (=oulabukya)",General,noun,M
mpwaoyi,the Coast(Mombasa),General,noun,M
mpwerwa,utterly destitute person,General,noun,M
mpya,burning,General,noun,M
mpyangya,"scandalmonger, busybody",General,noun,M
mpyo,crocodile,Common Animals,noun,M
mubaagi,"butcher, flayer",General,noun,M
mubabo,groove round milk-pot,General,noun,M
mubaizi,"carpenter,joiner",General,noun,M
mubambago,fill to the brim,General,verb,M
mubangizi,"helper, supporter",General,noun,M
mubazi,speaker,General,noun,M
mubazi,medicine,General,noun,M
mubaztiro,seam,General,noun,M
mubazilzi,"sewer,tailor",General,noun,M
mubembo,disease of cattle; nettlerash,Common Animals,noun,M
mubiihi,liar,General,noun,M
mubiihibiihi,"dissembler, cheat",General,noun,M
mubiikira,aton,General,noun,M
mubiito,Prince,Governance And Administration,noun,M
mubiitokati,Princess,Governance And Administration,noun,M
mubindo,loin cloth,General,noun,M
mubingi,"one who chases, driver",Transport,noun,M
mubingwa,outcast = mucwibwa,General,noun,M
mubirigi,Belgian,General,noun,M
mubirikirizi,"accuser,tell-taler",General,noun,M
mubobwa,"prisoner,captive",General,noun,M
mubombo,"disease of cattle,mange",Common Animals,noun,M
mubongoya,"gentle, quiet, polite person",General,noun,M
mubu,"mosquito, gnat",Common Animals,noun,M
mubule,"deceased person,the late",General,noun,M
mubuli,sting (of bees),General,noun,M
mubumbi,potter,General,noun,M
mubungi,"caller, visitor, guest",General,noun,M
mubuyi,; bone setter nurse,Health & Medicine,noun,M
mubwera,";a thorny, busby tree",General,noun,M
mubwibwibwi,potatoes not fully cooked,General,noun,M
mubwiga,a herb like spinach,General,noun,M
mubyazi,";sower, planter",General,noun,M
mucaca,"fastidious, lazy person, dandy",General,noun,M
mucacazi,"loafer, idler",General,noun,M
mucanzi,torturer,General,noun,M
muceeri,rice,General,noun,M
mucence,"patchwork gannent,kilt",General,noun,M
muconco,"stick-insect; tall, slender person",General,noun,M
mucoomi,a clumsy person,General,noun,M
mucucu,long hair (generally curled),General,noun,M
mucumbi,"cook, baker, chef",General,noun,M
mucunguuba,orange,General,noun,M
mucunguzi,redeemer,General,noun,M
mubohwa,"prisoner, jailed or captive",General,noun,M
mucwa,the king's council house,Governance And Administration,noun,M
mucwacwa,"cute, cunning person",General,noun,M
mucwangya,"cunning, crafty person",General,noun,M
mucwe,gravy,General,noun,M
mucwezi,"legendary hero, god deity",Culture And Tradition,noun,M
mucwibwa,"outcast, disowned person",General,noun,M
mudaaki,"German, Dutchman",General,noun,M
nmdaali,medal,General,noun,M
mudalizi,embroiderer of edali!,General,noun,M
mudanguzi,drunkard,General,noun,M
mudidi,something in plenty,General,noun,M
mudomadoma,; foolish person,General,noun,M
mudumu,"jug, gun-barrel",General,noun,M
muduumi,"herald, interpreter",General,noun,M
muduupi,"traitor, liar",General,noun,M
muduuzi,"mocker,jeerer, scoffer",General,noun,M
mufaakati,widow,General,noun,M
mufaalisi,mattress,General,noun,M
mufukaani,wrestler,General,noun,M
mufundi,"expert workman, artisan, mechanic",General,noun,M
mufuoguro,milk diluted with water,General,noun,M
mufuranyi,woollen garment = efaraano,General,noun,M
mufuohi,;jealous husband or wife,General,noun,M
mugaaniizi,"mocker, jeerer",General,noun,M
mugaate,"bread, loaf",General,noun,M
mugabi,"generous, bountiful person",General,noun,M
mugabo,"share, part",General,noun,M
mugambi,"discussant, speaker, spokesperson",General,noun,M
mugambisibwa,"gossip, chatterbox",General,noun,M
mugambizi,"speaker, preacher; evangelist",General,noun,M
mugaoda,native of Buganda,General,noun,M
mugaogama,cerebral spinal meningitis,General,noun,M
muganjano,"friendship, intimacy",General,noun,M
muganyi,mourner,General,noun,M
muganyizi,"pitiful, merciful person",General,noun,M
mugara,"feeble,weak, lazy person",General,noun,M
mugaraasi,"dawdler, laggard",General,noun,M
mugarama,a large thorny tree,General,noun,M
mugaso,"worth, use, profit, advantage",General,noun,M
mugayaaro,"idleness,laziness",General,noun,M
mugayangano,"scorn, contempt, cynicism",General,noun,M
mugayi,scorner,General,noun,M
mugayo,"; scorn, contempt",General,noun,M
mugayuki,"docile,obedient person",General,noun,M
mugembi,barber,General,noun,M
mugeoge,leper,General,noun,M
mugeoyi,";visitor,guest, stranger",General,noun,M
mugeozi,"brother; walker, traveler, pilgrimer",General,noun,M
mugenzigeozj,wanderer,General,noun,M
mugeozo,"custom, way",General,noun,M
mugera,small valley,General,noun,M
mugere,kick,General,noun,M
mugesi,reaper,General,noun,M
mugeyi,backbiter,General,noun,M
mugezi,"wise, clever, gifted person",General,noun,M
mugezi,"stoon water, flood, torrent",General,noun,M
mugezigezi,"sharp, clever, crafty person",General,noun,M
mugiini,"rest house, inn",General,noun,M
mugimba,bunch of plantains,General,noun,M
mugisa,"blessing, good luck",General,noun,M
mugenyi,"visitor, stranger",General,noun,M
mugo,"; Queen, consort",Governance And Administration,noun,M
mugobabazimu,see -omugobaiswa,General,verb,M
mugoma,drummer,General,noun,M
mugomboli,bolt,General,noun,M
mugomborozi,sub-county chief =oweegomboorra,Governance And Administration,noun,M
mugomo,group,General,noun,M
mugomoko,stoutness,General,noun,M
mugongoonyi,mid-rib of plantain leaf,General,noun,M
mugonya,crease,General,noun,M
mugoonyi,"traveller, sojourner, lodger",General,noun,M
mugoorra,"first leaf of plantains,etc",General,noun,M
mugoyi,"rower, paddler, boatman; stirre",General,noun,M
mugumiisiriza,patient person,General,noun,M
mugurumbuko,moving crowd,General,noun,M
mugurusi,;old man,General,noun,M
mugurwa,"slave, bond servant",General,noun,M
muguuda,rich person,General,noun,M
muguza,"seller, trader, merchant",Economics And Commerce,noun,M
muguzi,buyer,General,noun,M
mugwagwa,"stupid, half-witted person",General,noun,M
mugwamabeere,see omutatembwa,General,verb,M
mugwara,trumpeter,General,noun,M
mugwenyu,illness of dogs; mange,General,noun,M
mugwesi,"testator, executor",General,noun,M
mugwetwa,"heir, legatee",General,noun,M
mugwijagizi,sleeper,General,noun,M
muhaagi,see iguta,General,verb,M
muhaata,coccyx,General,noun,M
muhaba,"foolish, half-witted person",General,noun,M
muhabo,small back entrance,General,noun,M
mubakani,"contendant, disputant, competitor",General,noun,M
muhako,udder,General,noun,M
muhama,"root,depth; veneral disease",General,noun,M
mubambuzi,"abductor, seducer",General,noun,M
mubambwa,"captive, prisoner of war",General,noun,M
muhana,large ditch,General,noun,M
muhanda,"path, road, way",General,noun,M
muhandiiki,"writer, clerk, scribe,secretary",General,noun,M
muhangaazima,rainbow,General,noun,M
muhangi,creator,General,noun,M
muhangirizi,; false accuser,General,noun,M
muhanguuko,"sudden, unexpected occurrence",General,noun,M
muhanuuzi,"counsellor, adviser",General,noun,M
muhara,"daughter, usually umarried,virgin",General,noun,M
muharani,"rival, competitor",General,noun,M
muhate,"bully, oppressor, spiteful person",General,noun,M
muhayani,rival,General,noun,M
muhazi,"tanner,dresser of hides",General,noun,M
muhebebezi,"stammerer, stutterer",General,noun,M
muheeki,carrier (on the back),General,noun,M
muheereza,"servant, waiter, attendant, minister",General,noun,M
muheerre,"copper, iron, bracelet",General,noun,M
muheesi,"smith, blacksmith",General,noun,M
muheoderezi,"unfair judge, slanderer",General,noun,M
muhendero,bottom rim of basket,General,noun,M
mubendo,"number, price, value, amount",General,noun,M
mubende,Milicia excelsa,General,noun,M
muberya,first ripe millet (oburo),General,noun,M
muhesi,backbiter,General,noun,M
muhetezi,"sluggard, one who oversleeps",General,noun,M
mubezi,"deceased person, the late",General,noun,M
muhi,"giver, donor",General,noun,M
mubiiganizi,persecutor,General,noun,M
muhiigi,bunter,General,noun,M
muhiirwa,fortunate person,General,noun,M
muhiisa,brewer,General,noun,M
muhildriire,saint,General,noun,M
muhikirwa,prime minister,Politics And Current Affairs,noun,M
muhimbo,"great joy, gladness, pleasure",General,noun,M
mubindi,kind of red cassava,General,noun,M
muhindi,lndiao,General,noun,M
muhinduki,"convert, proselyte",General,noun,M
muhinduzi,"interpreter, translator",General,noun,M
muhinguzi,"passer-by, wayfarer",General,noun,M
muhito,"tribulation, weariness, plague",General,noun,M
muhingo,god of war,General,noun,M
muhogo,"cassava,manioc",General,noun,M
muhomo,plaster,General,noun,M
mubondezi,follower,General,noun,M
mubongi,one who offers sacrifices,General,noun,M
muhoogozi,"cheat, extortioner, daylight thief",General,noun,M
muboorro,a forest tree,Nature & Environment,noun,M
muhoozi,avenger,General,noun,M
muhora,tree resembling wild fig,General,noun,M
muhubya,lady at leisure,General,noun,M
muhugutani,"absent-minded, inattentive person",General,noun,M
muhuburu,unhealthy fatness,General,noun,M
mubulizi,"listener, bearer, obedient person",General,noun,M
muhunda,"iron spike, ferrule",General,noun,M
muhunguki,honoured visitor,General,noun,M
muhuro,"distaste,disgust, abhorrence",General,noun,M
muburunguso,pestle,General,noun,M
mubuta,wounded person,General,noun,M
muhuumizi,"wanderer, vagrant,unwelcome visitor",General,noun,M
mubuumuza,comforter,General,noun,M
muhuuru,"bachelor,spinster, deserted husband",General,noun,M
muhuuzi,thresher,General,noun,M
muhwerekereza,"destroyer,extenninator",General,noun,M
muhwi,"invalid, stengthless person",General,noun,M
muhyangya,"traitor, misch ief maker",General,noun,M
muhyemi,"grumbler, murmurer",General,noun,M
muhyo,knife,General,noun,M
mujamijami,"babbler, chatter-box, silly person",General,noun,M
mujanjaazi,"wanderer, loafer",General,noun,M
mujara,; hungry person,General,noun,M
mujeezi,"wanderer, vagabond",General,noun,M
mujega,"awkward, clumsy person",General,noun,M
mujonjoozi,"gossip, talebearer",General,noun,M
mujuba,bellows,General,noun,M
mujulizi,"witness, martyr",General,noun,M
mujumbi,wet morning,General,noun,M
mujumi,"abuser, railer, blasphemer",General,noun,M
mujunga,tassel,General,noun,M
mujungu,"white person, European",General,noun,M
mujuoi,Saviour,General,noun,M
mujuuli,flower of maize,General,noun,M
mujwahi,; tired person,General,noun,M
mujwaro,"apparel, clothing",General,noun,M
mujwigo,very hairy,General,noun,M
muka,wife,General,noun,M
muka,; at home,General,noun,M
mukaaftiri,"heathen, pagan",General,noun,M
mukaaga,"; six;dowry,bride price",Culture And Tradition,noun,M
mukaaka,my grandmother,General,noun,M
mukaali,intelligent person,General,noun,M
mukago,bloodbrother hood,General,noun,M
mukaguza,"questioner, examiner",General,noun,M
mukaikuru,old woman,General,noun,M
mukama,water scorpion,Common Animals,noun,M
mukami,milkman,General,noun,M
mukamwana,daughter-in-law,General,noun,M
mukandu,scratch (on the body),General,noun,M
mukaro,"; dried meat, biltong",General,noun,M
mukazi,";woman , wife",General,noun,M
mukebe,"tin,container, can",General,noun,M
mukebezi,"examiner, critic",General,noun,M
mukeeto,"steward, agent, treasurer",General,noun,M
mukiiouuki,"selfish, disagreeable, unkind person",General,noun,M
mukimbi,leering person,General,noun,M
mukindo,wild date palm,General,noun,M
mukira,tail,General,noun,M
muko,son-inlaw,General,noun,M
mukoba,"substance, thickness",General,noun,M
mukogoto,a tall timber tree,General,noun,M
mukoizi,glutton,General,noun,M
mukokoro,young plantain trees,General,noun,M
mukokozl,beater (in hunting),General,noun,M
mukolyo,foundation stick of fence,General,noun,M
mukome,chosen one,General,noun,M
mukomi,"one who chooses, voter",General,noun,M
mukonde,stem of plaintain,General,noun,M
mukondere,one who plays,General,noun,M
mukongoora,; a prickly shrub,Nature & Environment,noun,M
mukooi,; giant senecio,General,noun,M
mukoojo,native of Bukonjo,General,noun,M
mukono,arm; handwriting,General,noun,M
mukonwa,eunuch,General,noun,M
mukoonyezi,"; helper, supporter, benefactor",General,noun,M
mukoranga,blue plantain eater,General,noun,M
mukoro,catfish,Common Animals,noun,M
mukoro,"ceremony, function",General,noun,M
mukoroogi,King's milkman,Governance And Administration,noun,M
mukoza,"overseer, headman",General,noun,M
mukozi,"maker, workman, labourer",General,noun,M
muk,Christian,General,noun,M
mukubizi,one who examines witnesses,General,noun,M
mukugiro,"border, edge",General,noun,M
mukuku,miser,General,noun,M
mukumirizi,King 's door keeper,Governance And Administration,noun,M
mukundi,navel; boss of shield,General,noun,M
mukungo,a loud cry,General,noun,M
mukungu,"shore, coast",General,noun,M
mukunyu,wild figtree,General,noun,M
mukunzi,"; lover, paramour",General,noun,M
mukura,"trench, channel",General,noun,M
mukuru,"elder, superior, great one",General,noun,M
mukurunduzo,"track, rut",General,noun,M
mukurungutaniza,mischief-maker,General,noun,M
mukusu,mahogany tree,Nature & Environment,noun,M
mukuuhya,sodomite,General,noun,M
mukuutu,;long knife,General,noun,M
mukuza,guardian,General,noun,M
mukwatangabu,"gallant, brave,heroic",General,noun,M
mukwatirizi,supporter,General,noun,M
mukwatirizo,pledge,General,noun,M
mukwatizi,"helper, an assistant",General,noun,M
mukwatwa,"captive, prisoner",General,noun,M
mukwcbebe,rat track,Common Animals,noun,M
mukwebeya,see foreg,General,verb,M
mukono gaamu,a miserly person,General,noun,M
mukuzanfuuzi,orphan protector,General,noun,M
mukuzimu,"underneath, below the ground",General,noun,M
mukuru w'omugongo,specially recogonised elder,General,noun,M
mukyanganuki,;joyful person,General,noun,M
mulebezi,a lazy person,General,noun,M
muleesi,"bringer, proposer",General,noun,M
mulege,cow bell,Common Animals,noun,M
mulegi,"accuser, talebearer",General,noun,M
mulehe,greedy person,General,noun,M
muleju,beard,General,noun,M
mulekerwa,freed man,General,noun,M
mulema,"lame person, cripple",General,noun,M
mulemi,ruler,General,noun,M
mulera,unripe plan tains,General,noun,M
mulere,tree fem,General,noun,M
mulezi,nurse (of child),Health & Medicine,noun,M
muli,"cannibal, eater, devourer",General,noun,M
muligirwa,"pleasant person, attractive",General,noun,M
mullikana,shine,General,noun,M
muliiririzi,"greedy, selfish person",General,noun,M
muliisa,shepherd,General,noun,M
mulimba,sailor,General,noun,M
mulimi,"digger, cultivator",General,noun,M
mulindi,foot stamp,General,noun,M
mulinga,brass,General,noun,M
mulingiri,"grave, serious, unsociable person",General,noun,M
mulingo,"; kind, sort, species",General,noun,M
mulinzi,"keeper, preserver, guardian",General,noun,M
mulyakuzi,"defrauder,cheater",General,noun,M
mulyo,right hand,General,noun,M
mumanyi,; an acquaintance,General,noun,M
mumanyisa,"teacher, exponent",Education And Learning,noun,M
mumirambi,foot of bed,General,noun,M
mumlro,"windpipe, gullet trachea",General,noun,M
mumizi,"; gobbler, fast eater",General,noun,M
mumogo,net for catching fish,General,noun,M
mumogora,King's executioner,Governance And Administration,noun,M
mumuliki,torch bearer,General,noun,M
mumya,stinging-nettle,General,noun,M
mumwi,; barber,General,noun,M
munaana,eight,General,noun,M
munaara,"survey beacon, tower, flagstaff",General,noun,M
munaga,water pot,General,noun,M
munaginagi,"prodigal person, reckless, squanderer",General,noun,M
munanasi,guider of the blind,General,noun,M
munanu,"trustworthy, faithful person",General,noun,M
munazi,date palm,General,noun,M
muneni,"eater, biter;extravagant person, spendthrift",General,noun,M
muneno,very cold,General,noun,M
mungereza,Englishman,General,noun,M
mungu,boring beetle (=embungu),General,noun,M
muniara,immature bunch of plantains,General,noun,M
munigo,act of strangling,General,noun,M
muniibwanyonyi,self-sown plant or tree,General,noun,M
muniiniiro,"; pleasure, gladness, rejoicing",General,noun,M
muno,very much,General,noun,M
munobi,hater,General,noun,M
muoogi,"picker, gatherer",General,noun,M
muntu,person,General,noun,M
munuka,in this country,Geography,noun,M
muouuou,"plantain sucker, shoot",General,noun,M
munwa,"lip, beak",General,noun,M
munwekanweki,"sycophant, mean flatterer,par.isite",General,noun,M
munya,lizard,Common Animals,noun,M
munyaarra,crack,General,noun,M
munyago,"spoil, plunder, booty",General,noun,M
muoyagwa,captive,General,noun,M
munyaibanja,debtor,General,noun,M
munyaihali,; an envious person,General,noun,M
munyaihanga,"one of another nation,stranger",Geography,noun,M
munyaitima,"spiteful person, mischief-maker",General,noun,M
munyakantu,"hot tempered, quarrelsome person",General,noun,M
munyakyaro,";countryman, rustic, villager",General,noun,M
munyalizi,"pricking, tingling sensation",General,noun,M
munyampara,headman,General,noun,M
munyamyekuniko,; proud person,General,noun,M
munyanjara,hungry person,General,noun,M
muoyankomo,prisoner,General,noun,M
muoyanzigwa,"; enemy, adversary",General,noun,M
munyarwanju,; lastivious person,General,noun,M
munyeerre,mongoose,General,noun,M
munyeete,"stout person,adolescent",General,noun,M
munyeeto,stoutness,General,noun,M
munyegezi,"accuser, complainant, prosecutor",Legal And Law Matters,noun,M
munyigi,"disagreeable, morose, gloomy person",General,noun,M
munyiginya,handsome man,General,noun,M
muoyiginyakati,very bearuiful woman,General,noun,M
munyiri,bulrush,General,noun,M
muoyoga,small potato,General,noun,M
munyole,", tiny water-worm",General,noun,M
munyuoguza,to rinse,General,verb,M
munyunka,bulrush,General,noun,M
munyuuke,";cured hide, leather",General,noun,M
muoywi,drinker,General,noun,M
mupaapaali,", papaw tree",General,noun,M
mupagasa,"hired workman, porter;also mupakasa",General,noun,M
mupangisa,tenant,General,noun,M
mupecra,; guava tree,General,noun,M
mupiira,"rubber, ball, mackintosh, etc",General,noun,M
mupunnga,rice = muceeri,General,noun,M
muraazi,"; lodger, visitor",General,noun,M
murabyo,lightening,General,noun,M
muragirizi,"instructor, commander, demonstrator",Military,noun,M
murago,"promise, convenant",General,noun,M
muragurwa,one who consults oracles,General,noun,M
muraguzi,"seer,diviner, soothsayer, divining doctor",Health & Medicine,noun,M
muragwangoma,deposed King,Governance And Administration,noun,M
murambuzi,inspector,General,noun,M
murami,worshipper,General,noun,M
muramuzi,"judge , arbitrator",General,noun,M
murandabaro,illness like sleeping sickness,General,noun,M
murangwa,"well known person, famous",General,noun,M
murarangi,"spendthrift, prodigal",General,noun,M
murasagaaju,copper,General,noun,M
murasi,"archer, rifleman, enemy",General,noun,M
muraza,hunt without killing,General,noun,M
murofu,"slovenly, dirty person",General,noun,M
murogo,"; wizard, witch, magician",General,noun,M
murombe,"cold, damp",General,noun,M
murongo,twin,General,noun,M
murongooti,"mast, flagstaff",General,noun,M
muronzi,tracker,General,noun,M
muroobe,loin cloth,General,noun,M
muroosi,dreamer,General,noun,M
murozi,a large tree,General,noun,M
murubata,a shrub,Nature & Environment,noun,M
murubiki,;man who beats iron,General,noun,M
murubiko,stone hammer,General,noun,M
muruka,parish,General,noun,M
murundo,heap,General,noun,M
murungi,"good, beautiful person",General,noun,M
murungiki,"pilot, streesman",General,noun,M
mururuma,species of winged termite,Common Animals,noun,M
mururuma,rectum,General,noun,M
munda,inside,General,noun,M
munu,in here,General,noun,M
munume,chwezi god of weather,Culture And Tradition,noun,M
munyanzigwa,"enemy, foe",General,noun,M
mururumi,fierce person,General,noun,M
murusuura,soldier of Kabalega,Military,noun,M
muruuturuutu,"copper sulphate, bluestone",General,noun,M
murwaire,a sick person,General,noun,M
murwani,"fighter, warrior",Military,noun,M
musaara,"wage, pay, salary",Economics And Commerce,noun,M
musabirizi,beggar,General,noun,M
musagasi,beater (in hunting)= omukokot),General,noun,M
musagiki,"supporter, witness",General,noun,M
musagizi,;a restless person,General,noun,M
musaija,"; man, husband",General,noun,M
musakaazi,thatcher,General,noun,M
mosaic,"; crack, cut",General,noun,M
musambi,"kicker, football player",Sports,noun,M
musana,"daylight, sunlight",General,noun,M
musanda,wild rubber tree,General,noun,M
musandaazi,"jester, joker, tease",General,noun,M
musanja,hollow stemmed grass,General,noun,M
musanju,seven,General,noun,M
musaraba,the cross,General,noun,M
musaruzi,"carver,engraver",General,noun,M
musazi,one who cuts,General,noun,M
museege,"poor person, beggar",General,noun,M
museegu,player of ekiseega,General,noun,M
museeguzi,"shameless, indecent, impudent person",General,noun,M
museenyi,one who fetches firewood,General,noun,M
museezi,"swindler, exorbitant salesman",General,noun,M
musehenyi,native midwife,Health & Medicine,noun,M
museke,bamboo,General,noun,M
musekerezi,"mocker, scorner, scoffer",General,noun,M
musekesa,"entertaining, amusing person",General,noun,M
musembe,"penis (cattle, goats, etc.)",Common Animals,noun,M
musemeza,"cleaner, refiner",General,noun,M
musendekereza,escort,General,noun,M
musendwa,"outcast, exile",General,noun,M
musengiijo,"strainer, filter",General,noun,M
musenyi,sand,General,noun,M
muserikale,"soldier, policeman",Military,noun,M
museruzi,seeker,General,noun,M
musigazi,"young man, youth",General,noun,M
musigi,sower,General,noun,M
musigwa,"caretaker, steward, deputy, agent",General,noun,M
musiisi,"sinner, transgressor",General,noun,M
musiitale,ruled line,General,noun,M
musikano,brace (tool),General,noun,M
muslki,"earthquake, = musisa",Nature & Environment,noun,M
mosimangi,silent and stupid person,General,noun,M
musindo,stamp the foot,General,noun,M
musinga,unbaked pot;pig-iron,Common Animals,noun,M
musingolez,sweeper,General,noun,M
musingurwa,", conquered one, captive",General,noun,M
musinguzi,conqueror,General,noun,M
musino,clitoris,General,noun,M
musiraamu,"Mohammedan, Moslem",General,noun,M
musisa,earthquake; = musiki,Nature & Environment,noun,M
musisi,very large calabash,General,noun,M
musito,skewer,General,noun,M
musiweosi,"; citizen , indigenous",General,noun,M
musizi,incense tree,General,noun,M
musobya,transgressor,General,noun,M
musoga,castor oil plant,General,noun,M
musohi,fisherman,General,noun,M
musoina,marrow,General,noun,M
musokerezi,"liar, mischief-maker",General,noun,M
musokoora,marrow,General,noun,M
musomboozi,"thief, plunderer",General,noun,M
musombwa,Arab,General,noun,M
musomesa,teacher,Education And Learning,noun,M
musomi,"reader, scholar, pupil, studen",Education And Learning,noun,M
musomo,";study, leaming,course of reading",General,noun,M
musonde,sub clan of Bakunmgu,General,noun,M
musonde,a syphilitic,General,noun,M
mosongoorro,King's gateway,Governance And Administration,noun,M
musono,"design, style or fashion",General,noun,M
musoonono,coly bird,General,noun,M
musoro,"tax, tribute",General,noun,M
musoromi,picker,General,noun,M
musorooza,collector,General,noun,M
musu,"edible rat, cane-rat",Common Animals,noun,M
musubbaho,", wax candle",General,noun,M
musubyo,milk of second milking,General,noun,M
musuma,"thief,greedy person",General,noun,M
musumaali,nail,General,noun,M
musumba,herdsman. hired shepherd,General,noun,M
musumiikirizi,leader of singing soloist,Art And Entertainment,noun,M
musungi,"onlooker, spectator, bystander",General,noun,M
musunsi,=omusunga foreg,General,noun,M
musuraibaaga,common hombill,General,noun,M
musuti,tail of a bird,General,noun,M
musuubuzi,"trader, merchant",Economics And Commerce,noun,M
musuuhuuki,"; exile, emigrant",General,noun,M
muswa,"pile, heap",General,noun,M
muswagirizi,flatterer,General,noun,M
muswale,; raffia palm,General,noun,M
muswezi,bridegroom,General,noun,M
muswija,fever,General,noun,M
mutaabi,"neighbour, fellow, companion",General,noun,M
mutaami,"bungler, clumsy person",General,noun,M
mutaano,"boundary, border",General,noun,M
mutabuzi,see omutabi,General,verb,M
mutahi,drawer of water,General,noun,M
mutamiizi,drunkard,General,noun,M
mutanda,; strip of cloth,General,noun,M
mutangirizi,one who welcomes guests,General,noun,M
mutango,"fine, propitiatory gift",General,noun,M
mutarabanda,wooden clog,General,noun,M
mutebezi,"preacher, speaker",General,noun,M
mutebitebi,"beguiler, one who persuades",General,noun,M
muteekaniza,"planner, organiser",General,noun,M
muteeraniza,peacemaker,General,noun,M
muteesweka,mottled pink bean,General,noun,M
muteezi,strike,General,noun,M
mutegeki,planner,General,noun,M
mutego,trap,General,noun,M
mutehimbwa,"iron bar, crow-bar",Common Animals,noun,M
mutembeya,", pedlar, merchant, hawker",Economics And Commerce,noun,M
mutembi,"climber, rider",General,noun,M
mutemezi,"planter (of maize, etc.)",General,noun,M
mutemi,; feller of trees,General,noun,M
mutemu,murderer,General,noun,M
mutendeki,"instructor, lecturer, teacher",Education And Learning,noun,M
mutendekwa,"; pupil, student",Education And Learning,noun,M
muti,tree,General,noun,M
mutigi,"stubborn, obstinate, forward person",General,noun,M
mutiini,"coward,one easily frightened",General,noun,M
mutiiri,a tiny brown bird,General,noun,M
mutiiza,lender,General,noun,M
mutima,see mutuma,General,verb,M
mutimbo,Royal drums (entimbo),General,noun,M
mutini,; fig tree,General,noun,M
muto,"child, young person",General,noun,M
mutoma,barkcloth tree,General,noun,M
mutongani,plaintiff,Legal And Law Matters,noun,M
mutonganirizi,"advocate, intercessor, pleader",Legal And Law Matters,noun,M
mutongi,creditor,General,noun,M
mutongwa,debtor,General,noun,M
mutooro,"grandeur, fine clothes",General,noun,M
mutoorokati,native of Tooro (woman),General,noun,M
mutoozi,one who persuades cow,Common Animals,noun,M
mutuju,ranger,General,noun,M
mutumba,heavy load,General,noun,M
mutumbi,"corpse, carcass",General,noun,M
mutumwa,"messenger, apostle",General,noun,M
mutuntuzi,troubler,General,noun,M
mutuubo,voracity,General,noun,M
mutuumo,"heap, pile",General,noun,M
mutwa,pygmy,General,noun,M
mutwaro,bundle,General,noun,M
mutwazi,"carrier, driver",Transport,noun,M
mutwe,"head, chapter, topic",General,noun,M
mutyagiro,"favouritism, partiality",General,noun,M
mutyo,thank you,General,noun,M
muumuuta,to mumble,General,verb,M
muunya,to munch slowly (child),General,verb,M
muunyiirra,to trample down,General,verb,M
musanju num,seven,General,noun,M
mittwaro gumu num,ten thousand,General,noun,M
mwamba,a rectangular house,General,noun,M
mwenda num,nine,General,noun,M
mwene,clans mate,General,noun,M
mwijukuru,grandson,General,noun,M
mwisiki,girl,General,noun,M
mwisiramu,"mohammedan, Moslem",General,noun,M
mwitanzige,Lake Albert,General,noun,M
mwo,"there, inside there",General,noun,M
mwojo,"boy, son",General,noun,M
mwoyo arukwera,Holy Spirit (Anglican Version),General,noun,M
muunyu,good white salt,General,noun,M
muurro,fire,General,noun,M
muyaajwa,a partly dried thing,General,noun,M
muyaga,"wind, stonn",General,noun,M
muyamba,file,General,noun,M
muyebe,pleuro-pneumonia (of cattle),Health & Medicine,noun,M
muyembe,mango tree,General,noun,M
muyonaani,Greek,General,noun,M
muzaabbibbu,grape vine,General,noun,M
muzaahi,emigrant,General,noun,M
muzaana,"female slave, servan1 maid",General,noun,M
muzaani,"player, competitor (in sports)",General,noun,M
muzaano,"game, amusement, sport",General,noun,M
muzeituuni,olive tree,General,noun,M
muzi,small root,General,noun,M
muzigaijo,first-born,General,noun,M
muzigiso,drumstick,General,noun,M
muzigiti,mosque,General,noun,M
muzigu,enemy,General,noun,M
muzihi,swimmer,General,noun,M
muzihyo,drumstick,General,noun,M
muziiki,wisdom tooth,General,noun,M
muziisa,back tendon,General,noun,M
muzinga,"cannon, large gun",General,noun,M
muzioga,"swarm, flock; cylindrical hive",General,noun,M
muziogo,"roll (e.g. of paper),scroll",General,noun,M
muzini,"dancer, singer",Art And Entertainment,noun,M
munmsa,choir master,General,noun,M
muzinzi,"raider, murderer",General,noun,M
muzirakugwa,fragile thing,General,noun,M
mwa,to shave,General,verb,M
mwagara,to overflow (solids),General,verb,M
mwagaza,fill to overflowing,General,noun,M
mwahi,beater (in hunting),General,noun,M
mwahuko,tiny bunch of plantains,General,noun,M
mwahule,clergyman,General,noun,M
mwahuzi,"steward, one who stores",General,noun,M
mwali,; unbaked cooking-pot,General,noun,M
mwamba,native of Bwamba,General,noun,M
mwambi,arrow; cartridge,General,noun,M
mwambura,King's laundry-man,Governance And Administration,noun,M
mwamura,Kings laundry man,General,noun,M
mwamuzi,ferryman,General,noun,M
mwana,"child, young",General,noun,M
mwandaazi,"idler, loiterer",General,noun,M
mwandara,"flat stone, rock",General,noun,M
mwaoga,"ravine, deep valley",General,noun,M
mwanguhi,"quick, rash person",General,noun,M
mwanjuki,lascivious person,General,noun,M
mwara,flesh of thigh,General,noun,M
mwaransi,piece of level ground,General,noun,M
mwayi,", marauder, raider",General,noun,M
mwebembezi,"; leader, guide",General,noun,M
mwega,learner beginner,Education And Learning,noun,M
mwegeerra,"smile faintly, smile shyly",General,noun,M
mwegeerra,careful person,General,noun,M
mwegcreko,"cloak, cape",General,noun,M
mwegesa,"teacher,catechist. tutor, master",Education And Learning,noun,M
mwegcsakati,"mistress,a female teacher",Education And Learning,noun,M
mwegesibwa,"pupil, disciple",Education And Learning,noun,M
mwegeswa,scholar,General,noun,M
mwegi,"learner,student",Education And Learning,noun,M
mwegingi,clown,General,noun,M
mwegombo,lascivious person,General,noun,M
mwehaahizi,"boaster, braggart",General,noun,M
mwebulizi,proud person. conceited person,General,noun,M
mwekambi,deligent person,General,noun,M
mweko,"girdle, belt",General,noun,M
mwekomakomi,pilterer,General,noun,M
mwekuniki,"proud , scornful person",General,noun,M
mwemi,"; rebel, traitor",General,noun,M
mweoagiro,cloak,General,noun,M
mwenda,"bountiful , generous person",General,noun,M
mwenda,native lovers,General,noun,M
mwendcrezi,"oppressor, bully",General,noun,M
mwengenge,shinny,General,noun,M
mwenyanya,discomfort,General,noun,M
mwenyumirizi,"; boaster, braggart",General,noun,M
mwenyumiza,=foreg,General,noun,M
mwereerra,"shave round (spot, wound)",General,noun,M
mweremi,"rebel, independent person, renegade",General,noun,M
mwerengeerro,"bullying, illtreatment",General,noun,M
mwerengcrezi,"bully, scornful person",General,noun,M
mwerinzi,"modest, careful, sober-minded person",General,noun,M
mweru,"plenty, abundance, cheap",General,noun,M
mwesa,sneeze,General,noun,M
mwescngcrezi,suppliant,General,noun,M
mwesengcze,tenant,General,noun,M
mwesezi,one who waters cattle,Common Animals,noun,M
mwesigwa,"faithful, trustworthy person",General,noun,M
mwetaahirizi,"intruder, interloper",General,noun,M
mwetabi,"busybody, i nterfering person",General,noun,M
mwetebeekezi,"good-natured, easy-going person",General,noun,M
mwetecgero,sash,General,noun,M
mwetcgereza,sensible person,General,noun,M
mwetoozitoozi,a handy person,General,noun,M
mwetunturo,"; anxiety,worry",General,noun,M
mwetweki,"carrier, porter",General,noun,M
mweyoleki,one who shows off,General,noun,M
mwezi,moonlight,General,noun,M
mwibi,";thief, robber",General,noun,M
mwibizi,diver,General,noun,M
mwiga,rainmaker,General,noun,M
mwigi,rain maker,General,noun,M
mwigo,"stick, rod, walking-stick",General,noun,M
mwiguranda,; first born,General,noun,M
mwiguto,"satisfaction(of food), repletion",General,noun,M
mwihuki,toothless person,General,noun,M
mwijooro,salt water,General,noun,M
mwijukya,one who reminds,General,noun,M
mwijuzo,"deluge, flood",General,noun,M
mwikaJirizi,one who outstays welcome,General,noun,M
mwikiriza,"believer, follower",General,noun,M
mwimi,"miserly, selfish, grudging person",General,noun,M
mwimukirizi,agitator,General,noun,M
mwinazi,unlucky person,General,noun,M
mwinuzi,"entertainer, host",General,noun,M
mwirima,darkness,General,noun,M
mwiriza,whistle,General,noun,M
mwiruki,"runner, fugitive",General,noun,M
mwiseruganda,relative,General,noun,M
mwisi,murderer,General,noun,M
mwogo,"fordable river, landing-place, harbour",Transport,noun,M
mwohi,tempter,General,noun,M
mwoboza,lender,General,noun,M
mwohozi,borrower,General,noun,M
mwobya,=omwohi,General,noun,M
mwoki,one who roasts; incendinary,General,noun,M
mwokya,King's head cook,Governance And Administration,noun,M
mwoleki,instructor,General,noun,M
mwoleko,"show, exhibition",General,noun,M
mwombeki,builder,General,noun,M
mwomi,"disobliging, disagreeable person",General,noun,M
mworoozi,"guardian, nurse",Health & Medicine,noun,M
myalikya,streak,General,noun,M
myankya,streak,General,noun,M
myayo,"loot, plunder (esp. food)",General,noun,M
myeduudo,bad behaviour,General,noun,M
myegiragizo,pretence,General,noun,M
myebaahiro,boasting,General,noun,M
myehembo,conceit,General,noun,M
mycbuurro,"conceit, pride",General,noun,M
myekuniko,"pride, arrogance",General,noun,M
myekuzo,conceit,General,noun,M
myenyumizo,"pride, self exaltation, boasting",General,noun,M
myeteegere,to fasten; gamboling,General,verb,M
nnaba,to wash partially,General,verb,N
naabisa,to wash partially with,General,verb,N
naaho,bullock,Common Animals,noun,N
nabbi,"prophet, messenger of God",General,noun,N
naijora,small sickle = noijoro,General,noun,N
naka,species of edible termites,Biology,noun,N
naku,"need, trouble, grief, sorrow",General,verb,N
nabo,"and they, and them",General,noun,N
nabwo,but also,General,noun,N
nabyo,"and they, and them",General,noun,N
nago,"and they, and it",General,noun,N
nagwo,and it,General,noun,N
nahabweki,"and so, therefore",General,noun,N
nainywe,and you,General,noun,N
naitwe,and us,General,noun,N
naiwe,and you,General,noun,N
nako,and it,General,noun,N
nakwo,and it,General,noun,N
nakyo,and it,General,noun,N
nalyo,and it,General,noun,N
na hati hoona,even now,General,noun,N
naasi,nurse,Health & Medicine,noun,N
narwo,and it,General,noun,N
natwo,and it,General,noun,N
nawe,and him/he,General,noun,N
nazo,"and they, and them",General,noun,N
nanaasi,pineapple,General,noun,N
nanasa,to make red,General,verb,N
nangwa,"to refuse, no",General,verb,N
ncompya,"untrustworthy, mischief maker",General,noun,N
ncooyooyo,; slender beautiful woman,General,noun,N
ncu,fish,General,noun,N
"ncurrura,","loose faeces, dung",General,noun,N
ncuro,=ensirabo,General,noun,N
newa,judgment,General,noun,N
ndaade,"large, long legged cock",Common Animals,noun,N
ndaaro,"habitation ,dwelling place",General,noun,N
ndaawa,castrated bull,Common Animals,noun,N
ndabukya,"sharp, clever person",General,noun,N
ndagaano,"bargain, coaveaant, agreement",General,noun,N
ndabi,francolin,General,noun,N
ndabiro,"oath, vow, protestation",General,noun,N
ndaji,edible tubers,General,noun,N
ndambi,tapewonn,General,noun,N
ndamya,"worship, ritual",General,noun,N
ndanda,talk without stopping,General,noun,N
ndaogaazi,hartebeest; also enyemera,General,noun,N
ndawe,heat haze,General,noun,N
ndahura,will i hear again,General,noun,N
ndaula,god of small-pox,General,noun,N
ndayampunu,royal quiver (Pal),General,noun,N
ndebolebo,"; border, edge",General,noun,N
ndeeberwamu,"looking glass, mirror",General,noun,N
ndeeso,forked stick,General,noun,N
ndege,small bell-like ornament,General,noun,N
ndegeya,"weaver, finch, chatterbox",Common Animals,noun,N
ndegu,; large basket,General,noun,N
ndehwa,fine,General,noun,N
ndemu,axe. see ndyamiti,General,noun,N
ndeogo,measure (of capacity),General,noun,N
nderajera,lower part of abdomen,General,noun,N
ndere,"pipe, flute",General,noun,N
ndere,early crop,General,noun,N
ndibaliba,flowers of omuko,General,noun,N
ndigito,sound of running footsteps,General,interjection,N
ndii Takumara,; wild dog,Common Animals,noun,N
ndimaawa,lime(fruit),General,noun,N
ndimi,languages; tongues,General,noun,N
ndimiro,"cultivated plot,field",General,noun,N
ndimu,lemon,General,noun,N
ndindiro,see ekirindiro,General,verb,N
ndobo,fish -hook,General,noun,N
ndobo,tackle; free,General,noun,N
ndobo,bucket,General,noun,N
ndobonva,church dues,General,noun,N
ndoci,barbel,General,noun,N
ndogo,variety of barkcloth,General,noun,N
ndokwa,shoot,General,noun,N
ndolerezi,one who watches expectantly,General,noun,N
ndolerwamu,"looking-glass, mirror",General,noun,N
ndoma,see omudomadoma,General,verb,N
ndongo,"guitar, musical instrument",Art And Entertainment,noun,N
ndubatira,snare for catching birds,General,noun,N
ndugaho,"first-hand information, true report",General,noun,N
ndugiirro,"start, origin",General,noun,N
ndurwa,;gall-bladder,General,noun,N
nduuka,green pigeon,General,noun,N
nduupe,conspirator,General,noun,N
ndwara,"sickness,disease, illness, ailment",General,noun,N
ndwidwi,"strong stick, club",General,noun,N
ndya,manner of eatting,General,noun,N
ndyabunuunu,honey-sucker,General,noun,N
ndyaga,plenty of food,General,noun,N
negena,to shake about,General,verb,N
negiijuka,to be thoroughly cooked,General,verb,N
negiiijura,to cook thoroughly,General,verb,N
negura,to nod (head),General,verb,N
nerobe,inedible bitter gourd juice,General,noun,N
nena,"to bite, chew",General,verb,N
nencza,"to be gloomy, morose",General,verb,N
nengaoenge,species of cow parsley,Common Animals,noun,N
nengere,wheelbarrow,General,noun,N
nengo,"slop, descent",General,noun,N
nfaana,tapeworm,General,noun,N
nfuli,absence of prepuce,General,noun,N
nfumbi,"swollen glands, lymph node",General,noun,N
nfundo,; calf (of leg),Common Animals,noun,N
nfunjo,papyrus,General,noun,N
nfuuzi,orphan,General,noun,N
ngabi,bushbuck,General,noun,N
ngabu,shield,General,noun,N
ngabwa,"general, commander, ambassador,representative",Military,noun,N
ngahi,"oar, racket",General,noun,N
ngaija,see engarabi,General,verb,N
ngaitwa,fine,General,noun,N
ngamba,;shell spoon,General,noun,N
ngambo,"dialect, speech, utterance",General,noun,N
ngamira,camel,General,noun,N
nganda,"class, tribes, clans",General,noun,N
nganda,handful (of grass. etc.),General,noun,N
nganga,lean meat,General,noun,N
nganikyo,"fables, stories",General,noun,N
ngaoja,white geranium,General,noun,N
nganjaoi,friend,General,noun,N
ngano,wheat,General,noun,N
nganzi,"favourite, beloved one",General,noun,N
ngaraate,skin mat,General,noun,N
ngaro,hand; palm ;fingers,General,noun,N
ngarukamu,"answer, reply",General,noun,N
nge,"shame, disgrace; scorpion",Common Animals,noun,N
nge,"my, mine",General,noun,N
ngemeko,clay bottle,General,noun,N
ngenda,"gait, pace, walk",General,noun,N
ngendo,"travels,journeys",General,noun,N
ngenzi,"traveler; friend, brother",General,noun,N
ngenzigenzi,species of beetle,Biology,noun,N
ngeyangaoi,backbiter,General,noun,N
ngezi,"running water, stream current",General,noun,N
ngiga,"notch,joint",General,noun,N
ngiri,wart-hog,General,noun,N
ngo,leopard,Common Animals,noun,N
ngoga,open wound,General,noun,N
ngoma,drum,General,noun,N
ngombe,see igotero,General,verb,N
ngondo,cow with white spots,Common Animals,noun,N
ngongababara,why dab finch,Common Animals,noun,N
ngonge,otter,General,noun,N
ngonzi,love,General,noun,N
ngoto,nape of neck,General,noun,N
ngu,that,General,noun,N
nguha,"tick, mite",General,noun,N
nguli,"grainery, barn, store",General,noun,N
ngumba,barren woman or animal,General,noun,N
ngundiizi,"weakling,long-lived person",General,noun,N
ngunu,"gum, resin",General,noun,N
nguudo,"high road,street",General,noun,N
nguzi,bribe,General,noun,N
ngwara,"horn , trumpet",General,noun,N
ngweta,will testament,General,noun,N
ngwetano,"property left, legacy",General,noun,N
ngweterano,=foreg,General,noun,N
niga,";to strangle, choke",General,noun,N
nibiraku,";to hope,expect, think",General,noun,N
nibisa,"to over satisfy, surfeit",General,verb,N
nihiza,to promise,General,verb,N
nihya,be over satisfied,General,verb,N
niiniirwa,=foreg,General,noun,N
niinuuka,to be finely ground,General,verb,N
niinuura,; to grind finely,General,noun,N
nikikafuuhe,", God forbid",General,noun,N
nikyo,that is why,General,noun,N
nimi,bull,Common Animals,noun,N
nio,"anus, buttocks, bottom",General,noun,N
niobora,"insult, abuse bitterly",General,noun,N
nionioza,to bully excessively,General,verb,N
njaahi,"Indian hemp, opium",General,noun,N
njabule,cropped ears,General,noun,N
njagirizi,flatterer,General,noun,N
njara,"hunger, famine",General,noun,N
njaza,reed buck,General,noun,N
njeode,"slender,delicate person",General,noun,N
njenga,many plantain gardens together,General,noun,N
njeru,white sheep,Common Animals,noun,N
njiri,gospel (=evanjin'),General,noun,N
njobe,marsh antelope,Common Animals,noun,N
njogeza,annlet,General,noun,N
njojo,elephant,General,noun,N
njoka,"snake, worm",Common Animals,noun,N
njokambi,bad temper,General,noun,N
njoki,bees,General,noun,N
njooje,small earthenware bottle,General,noun,N
njora,screw thread,General,noun,N
nju,; house; grey hair,General,noun,N
njuba,; blood pudding,General,noun,N
njubu,hippopotamus,Common Animals,noun,N
njugaoo,=mukaaga,General,noun,N
njugute,baked plantain,General,noun,N
njunza,jigger,General,noun,N
njura,rain,General,noun,N
njuuro,nakedness,General,noun,N
njwabi,invalid,General,noun,N
njwara,"way of clothing, attire",General,noun,N
nkwanzi,beads,General,noun,N
nibiha/nigaha,which,General,noun,N
njuna,help,General,noun,N
nka,"adv., about",General,adverb,N
nka,"like, as",General,noun,N
nkaaga,sixty,General,noun,N
nkaanaana,flower sheath of plantain,General,noun,N
nkaarra,"lines, rows, queues",General,noun,N
nkaina,"; donkey, ass",Common Animals,noun,N
nkaito,"sandal, shoe",General,noun,N
nkaka,"biliousness, jundice, bile, anthrax",General,noun,N
nkali,urine,General,noun,N
nkambi,rest camp,General,noun,N
nkampa,"stockings, punees",General,noun,N
nkandttro,"rake, puller(comb), for hair",General,noun,N
nkangaasi,hoof,General,noun,N
nkango,"end. goal, stopping-place",General,noun,N
nkanja,grey cow,Common Animals,noun,N
nkanjaiga,times,General,noun,N
nkara,black cow or ewe,Common Animals,noun,N
nkarabo,dark-grey cow,Common Animals,noun,N
nkaranga,; a huge elephant,General,noun,N
nkende,"grey monkey, brown verlvet",Common Animals,noun,N
nkeoyera,"groaning,discontent, dissatisfaction; pain, ache",General,noun,N
nkenzi,a tall flowering grass,General,noun,N
nkere,water-frog,General,noun,N
nkerebe,"dog faced ape, baboon",Common Animals,noun,N
nkerekere,flower-sheath of plantain,General,noun,N
nkerembe,"infant, baby",General,noun,N
nkerenge,black and red cow,Common Animals,noun,N
nkero,nozzle of bellows,General,noun,N
nkiirri,yoke of oxen,Common Animals,noun,N
nkima,small grey monkey,Common Animals,noun,N
nkinga,; septum (of nose),General,noun,N
nkini,"grudging spirit, vexation, annoy",General,noun,N
nkinuuki,"rude, unsociable, unkind person",General,noun,N
nkinzo,needle,General,noun,N
nkirate,coccyx,General,noun,N
nkiratima,"pulse, heart beat",Biology,noun,N
nkizi,";spinal cord, fright,terror panic",General,noun,N
nkobe,north-east wind,General,noun,N
nkohi,eyelashes,General,noun,N
nkojo,scar,General,noun,N
nkoko,"fowl, hen",Common Animals,noun,N
nkokoromi,cock,Common Animals,noun,N
nkolimbo,"pigeon pea, = entendiigwa",General,noun,N
nkolyo,"; feeble, worthless person",General,noun,N
nkoma,black Colobus monkey,Common Animals,noun,N
nkombabwaliko,swarm of bees,General,noun,N
nkombe,ram; solid millet porridge,Common Animals,noun,N
nkomo,stocks,General,noun,N
nkooda,stem of mushroom,General,noun,N
nkone,expression of pity,General,interjection,N
nkone,half-cooked food,General,noun,N
nkonera,variety of plantain,General,noun,N
nkonge,stamp of tree,General,noun,N
nkongooro,small wooden milk pot,General,noun,N
nkongootera,"back of bead, occupant",General,noun,N
nkongoro,false or delayed pregnancy,Health & Medicine,noun,N
nkoni,pipe-stem euphorbia,General,noun,N
nkonkomerezi,woodpecker,General,noun,N
nkonkomoko,"descent, slope",General,noun,N
nkonkonamuti,see nkonkomerezi,General,verb,N
nkono,retained membranes of placenta,General,noun,N
nkonwa,"castrated bull, ram, etc",Common Animals,noun,N
nkonyamango,=omwarro,General,noun,N
nkooku kiri,as it is,General,noun,N
nkoorraana,"good relation, working together",General,noun,N
nkoorro,cough,General,noun,N
nkorakole,; cane for plaiting,General,noun,N
nkoroogi,King's milking cows,Governance And Administration,noun,N
nku,firewood,General,noun,N
nkubebe,worker termites,General,noun,N
nkubiti,"strength, vigour",General,noun,N
nkukuni,flea,General,noun,N
nkukuuru,candelabra euphorbia,General,noun,N
nkule,; horn trumpet,General,noun,N
nkumba,white millet,General,noun,N
nkumbititi,"crowd, abundance of people",General,noun,N
nkuna,"entertaining, hospitality",General,noun,N
nkunda,; red-tailed cercopitheque (monkey),Common Animals,noun,N
nkunga,red-tailed colobus monkey,Common Animals,noun,N
nkungani,strife. quarrel,General,noun,N
nkunuukizi,hang nail,General,noun,N
nkura,rhinoceros,Common Animals,noun,N
nkurakutu,; glands behind ear,General,noun,N
nkurambi,stunted person or thing,General,noun,N
nkurugusi,intruder,General,noun,N
nkurungo,blue bird plantain-eater,General,noun,N
nkurungu,"cheat, swindler, crafty person",General,noun,N
nkusi,stupid person,General,noun,N
nkuuku,", pigeon peas",General,noun,N
nkaunuoki,"rude,unsociable, unkind person",General,noun,N
nkuya,a large ape,Common Animals,noun,N
nkwa,shoulder blade,General,noun,N
nkwabwa,armpit,General,noun,N
nkwakwa,clap,General,noun,N
nkwali,quail,General,noun,N
nkwaoguza,"smart, sharp person",General,noun,N
nkwasi,"gum, glue",General,noun,N
nkwikwi,",sticks for firewood",General,noun,N
nkwinva,species of biting ant,Biology,noun,N
noba,to hate,General,verb,N
nobi,"dislike, enemity, hatred",General,noun,N
noga,"to pick, pluck",General,verb,N
noijoro,=foreg,General,noun,N
nombe,a soft red clay,General,noun,N
nondwa,tree with edible fruits,General,noun,N
nooo,"nail, claw",General,noun,N
noobwakubaire,"although, despite the fact",General,noun,N
nooha,who is it?,General,noun,N
nsaagi,"surplus,profits, abundance; unit",General,noun,N
nsaano,"flour, powder",General,noun,N
nsaasi,illness,General,noun,N
nsahu,"bag, pocket, sack",General,noun,N
nsakwa,food money,General,noun,N
nsama,grey cow,Common Animals,noun,N
nsambu,"field after harvest, stubble",General,noun,N
nsandaigo,border of mat,General,noun,N
nsara,cow with loose horns,Common Animals,noun,N
nsaso,brand made of grass,General,noun,N
nsasura,payment,General,noun,N
nsatu,three of them,General,noun,N
nsazi,"exhaustion , extreme thirst",General,noun,N
nseege,poor person,General,noun,N
nscegu,pipe.flute,General,noun,N
nsecnene,edible grasshoppers,General,noun,N
nseeri,"yonder, across the valley",General,noun,N
nseesekarwa,=foreg,General,noun,N
nseka,way of laughing,General,noun,N
nsekera,outer sty (on eye),General,noun,N
nseko,"laughter, fun",General,noun,N
nsembukya,short bladed spear,General,noun,N
nsemcrano,see ekisomerano,General,verb,N
nsemere,"dear one, beloved",General,noun,N
nsendwa,exile,General,noun,N
nsenge,giant hog,General,noun,N
nsengo,fetters,General,noun,N
nsere,hippopotamus,Common Animals,noun,N
nsese,dysentery,Health & Medicine,noun,N
nsesemi,nausea; vomit,General,noun,N
nsezi,miserable person,General,noun,N
nsibago,cane for bow-string,General,noun,N
nsibiko,trip in wrestling,General,noun,N
nsigo,kidney; seeds,General,noun,N
nsiisira,"; booths, camp, hut",General,noun,N
nsiiso,upper grindstone,General,noun,N
nsimbi,"cowry shell, money",General,noun,N
nsimbyemu,variety of potato,General,noun,N
nsindirirwa,muzzle loader,General,noun,N
nsinduro,full moon when rising,General,noun,N
nsinganto,"youth, young generation",General,noun,N
nsinika,grin,General,noun,N
nsiojo,cold chisel,General,noun,N
nsirabu,oribi,General,noun,N
nsirali,; wanned-up food,General,noun,N
nsisana,"shape, appearance",General,noun,N
nsita,secret,General,noun,N
nso,"; knee-cup,patella",General,noun,N
nsobi,"; mistake, error",General,noun,N
nsoboorra,explanation,General,noun,N
nsoga,castor-oil berry,General,noun,N
nsohera,house fly,General,noun,N
nsole,"young dog, puppy",Common Animals,noun,N
nsoli,bulbul,General,noun,N
nsombabyoma,silkworm,General,noun,N
nsombi,mud-fish,General,noun,N
nsonambere,insect that eats plantains,General,noun,N
nsondo,cape (of land),General,noun,N
nsondokozi,biting ant (causes swelling),General,noun,N
nsoogo,prominent forehead,General,noun,N
nsongora,young homed animal,General,noun,N
nsoni,"shame, modesty. shyness",General,noun,N
nsonjogo,; tertiary syphilis,Health & Medicine,noun,N
nsooki,insolent person,General,noun,N
nsookoomi,=usooki,General,noun,N
nsoorrookana,assemblies,General,noun,N
nsorooza,"collection,collecting",General,noun,N
nsorosozi,small venomouse ant,General,noun,N
nsubiirizi,"imitator, imitation",General,noun,N
nsuku,; red duiker,General,noun,N
nsundu,"pimple, wart",General,noun,N
nsungamirizi,"hanger-on, parasite",General,noun,N
nsunsunikizo,"extreme edge, unsafe place",General,noun,N
nsusu,flakes of skin,General,noun,N
nsuubuuki,"refugee,fugitive, exile, foreigner, emigrant",Geography,noun,N
nswa,termites(a favorite delicacy),General,noun,N
ntaabusule,"well bom, nice-looking person",General,noun,N
ntaahi,swallow,Common Animals,noun,N
ntaama,sheep,Common Animals,noun,N
ntaama,fool,General,noun,N
ntaamusule,see entabusule,General,verb,N
ntaaru,homeless,General,noun,N
ntabaazi,flamingo,General,noun,N
ntabuguguna,"; mean,stingy person",General,noun,N
ntabukatabuka,"muddle, confusion, commotion",General,noun,N
ntagabwa,light wire bracelet,General,noun,N
ntajumba,guinea fowl,General,noun,N
ntaka,"; clod, sod",General,noun,N
ntale,lion,Common Animals,noun,N
ntama,mouth full of water,General,noun,N
ntamanya,"oh, I see!",General,noun,N
ntambu,"pace, short distance",General,noun,N
ntamu,"Thomas Kob,island",Geography,noun,N
ntamujuguta,civet cat = kitabujuguta,Common Animals,noun,N
ntamusiya,umbrella (archaic),General,noun,N
ntanaki,vomitus,General,noun,N
ntandiko,"beginning, start, origin",General,noun,N
ntaogatangano,"cross roads,junction",General,noun,N
ntangize,time after sunrise,General,noun,N
ntaratazi,"wanderer, roamer",General,noun,N
ntasi,"spy, scout",General,noun,N
ntazi,wanderer,General,noun,N
ntebe,chair,General,noun,N
ntebeza,way of preaching,General,noun,N
nteebereza,"conjecture forecast,, weather forecast",General,noun,N
nteekaniza,"preparation, arrangement",General,noun,N
nteeko,"settle, proper place, socket",General,noun,N
nteenyi,; trial by ordeal,General,noun,N
nteeraniro,"joint, junction",General,noun,N
nteeraniza,"; addition, joining",Mathematics,noun,N
ntegeka,"; preparation, plan, arrangement",General,noun,N
ntego,enema,General,noun,N
ntema,small calabash cup,General,noun,N
ntemamuhoro,mantis,General,noun,N
ntembotembo,ascent,General,noun,N
ntende,very large bundle,General,noun,N
ntcngeetera,below,General,noun,N
ntiikalya,red winged fraocolin,General,noun,N
ntimagizi,malachite kingfisher,Common Animals,noun,N
ntimbe,curtain,General,noun,N
ntomi,fist,General,noun,N
ntondo,small species of grasshopper,Common Animals,noun,N
ntongana,"defence, apology, plea",Legal And Law Matters,noun,N
ntongani,"evidence, complaint",General,noun,N
ntongoole,;kind of harp,General,noun,N
ntoole,water frog; stupid person,General,noun,N
ntoto,chronic ache or pain,General,noun,N
ntulege,zebra,Common Animals,noun,N
ntuli,knob,General,noun,N
ntuliirra,; self-sown potatoes,General,noun,N
nturabusa,swollen gland,General,noun,N
nturatule,see oruturatule,General,verb,N
nturuba,"bubble, slobber",General,noun,N
nturumu,"; languid, slothful person",General,noun,N
ntutumi,see ekiisamiitwatu,General,verb,N
ntuuhu,; crested crane,Common Animals,noun,N
ntuuke,metaphoric name of dogs,General,noun,N
ntuumo,heap,General,noun,N
ntuuro,"heaviness, weight",General,noun,N
ntuutu,cape gooseberries,General,noun,N
ntuuyo,"perspiration, sweat",General,noun,N
ntwiga,giraffe,Common Animals,noun,N
ntyagi,walk/move fast,General,noun,N
nuga,to treat with contempt,General,verb,N
nuho,that is where;thisis where,General,noun,N
nuliirirwa,"to be itched, irritated",General,verb,N
nunda,maraboustork,General,noun,N
nunka,"to smell upleasant, stink",General,verb,N
nunkiriza,"to sniff, smell",General,verb,N
nura,plant with edible tubers,General,noun,N
nuuma,=zigisa (hair),General,noun,N
nuuni,pancreas,General,noun,N
nuwe,", it is he/she",General,noun,N
nuza,"sweeten, flavour",General,noun,N
nvunya,undiluted bananas juice (ensande),General,noun,N
nwa,hornet,Common Animals,noun,N
nwekanweka,"to flatter, fawn on",General,verb,N
nukwo kwona,and then,General,noun,N
nukwonu,and so,General,noun,N
nweri,chritmas day,General,noun,N
nya,wise man,General,noun,N
nyaakura,to grab,General,verb,N
nyaani,"coffee berry, = omwani",General,noun,N
nyaanya,tomatoes,General,noun,N
nyaata,eat without relish,General,noun,N
nyabakazi,variety of plantains (nyamuunyu),General,noun,N
nyabansasana,; twin bananas,General,noun,N
nyabatimbo,silkworm,General,noun,N
nyabisaaniko,evening star,General,noun,N
nyaburanyowe,hopeless me,General,noun,N
nyabwara,smell of the fingers,General,noun,N
nyabwigutaine,insect like cricket,Common Animals,noun,N
nyabwino,bleeding from the gum,General,noun,N
nyabukana,difference,General,noun,N
nyaigoro,afternoon about 4 p.m,General,noun,N
nyakaabu,sister of a female,General,noun,N
nyakaanyu,your sister,General,noun,N
nyakabanda,variety of potato,General,noun,N
nyakabara,"native born , aborigine",General,noun,N
nyakairagura,type of edible banana,General,noun,N
nyakanyama,stiffness of tbe limb,General,noun,N
nyakarabyo,edible leaves of eteke,General,noun,N
nyakeeragu,variety of plantain,General,noun,N
nyaklyonga,a large cow,Common Animals,noun,N
nyama,"meat, Aesb,muscle",General,noun,N
nyamasaza,district,General,noun,N
nyamagaro,"pincers,pliers",General,noun,N
nyamagoye,albino,General,noun,N
nyamahamba,Species of edible mushroom,Biology,noun,N
nyamaiswa,"wild beast, animal",General,noun,N
nyamakeka,; civet cat,Common Animals,noun,N
nyamambubira,mason wasp,Common Animals,noun,N
nyamandondoli,foreg,General,noun,N
nyamankogoto,"turtle, tortoise",Common Animals,noun,N
nyamantoogaoira,variety of convolvulus,General,noun,N
nyambu,back ribs (of animal),General,noun,N
nyambukiro,ford,General,noun,N
nyamisana,during the day,General,noun,N
nyampa,to pass wind,General,verb,N
nyamugongoro,mask,General,noun,N
nyamulere,"flute,pipe",General,noun,N
nyamulimi,ant bear,General,noun,N
nyamumbubi,spider,General,noun,N
nyamunkanga,ant; type of bird,General,noun,N
nyamunkoya,species of edible termite,Common Animals,noun,N
nyamunsimbi,", civet cat",Common Animals,noun,N
nyamunuogu,porcupine,Common Animals,noun,N
nyamwenga,stiffness of the limbs,General,noun,N
nyamyarro,Royal stool,General,noun,N
nyaoa,"calf, heifer",Common Animals,noun,N
nyamutukura,very light skinned,General,noun,N
nyamyaro,royal stool,General,noun,N
nyapimpina,chameleon,Common Animals,noun,N
nyangoromora,south-east wind,General,noun,N
nyapogo,royal bow,General,noun,N
nyarutere,variety of plantain,General,noun,N
nyaso,shell spoon,General,noun,N
nyaswiswi,wagtail,General,noun,N
nyatika,"cleft,crack",General,noun,N
nyawaawa,; green ibis,General,noun,N
nyawaraju,chameleon,Common Animals,noun,N
nyarwa,spirit to protect cattle,Common Animals,noun,N
nyeena,all of me,General,noun,N
nyeenya,"to hypnotize, bewitch",General,verb,N
nyeesa,"fatten, bring up",General,noun,N
nyeete,", fat , stout,plump",General,noun,N
nyega,to spin a top,General,verb,N
nyege,"top,rattle",General,noun,N
nyegera,to climb,General,verb,N
nyegezo,court fee,General,noun,N
nyehaahizi,"; boaster, braggart",General,noun,N
nyemera,hartebeest,General,noun,N
nyenga,"dross, slag",General,noun,N
nyenje,cockroach,Common Animals,noun,N
nyenka,myself,General,noun,N
nyenkya,morning,General,noun,N
nyereero,moon in last quarter,General,noun,N
nyetooratoozi,see mwetoozitoozi,General,verb,N
nyetwezi,"bandy man, craftsman",General,noun,N
nyikiriza,"belief,creed",General,noun,N
nyikya,respiration,General,noun,N
nyinaarumiinywe,your maternal uncle,General,noun,N
nyina,his or her mother,General,pronoun,N
nyinabo,their mother,General,noun,N
nyinabwenge,mistress of the house,General,noun,N
nyinainywe,our mother,General,noun,N
nyinanyowe,my mother,General,noun,N
nyinaitwe,our mother,General,noun,N
nyinarumibo,their maternal uncle,General,noun,N
nyinarumiitwe,; our maternal uncle,General,pronoun,N
nyinaruminyowe,my maternal uncle,General,noun,N
nyinazaara,his/her mother-in-law,General,noun,N
nyindo,nose; loop,General,noun,N
nyinenda,"womb, uterus",General,noun,N
nyinenju,mistress of the house,General,noun,N
nyinenka,family head,General,noun,N
nyinenkuru,his/her paternal/maternal grandmother,General,noun,N
nyinenkurunyowe,my grandmother,General,noun,N
nyinenkurwinywe,your grandmother,General,noun,N
nyinentoitwe,our maternal aunt,General,noun,N
nyinentonyowe,", my maternal aunt",General,pronoun,N
nyinyimbwa,"to become morose, scowl",General,verb,N
nyiraguju,latrine,General,noun,N
nyoko,your mother,General,noun,N
nyokoromi,your meternal uncle,General,noun,N
nyokozaara,your mother-in-law,General,noun,N
nyokwenkuru,your grandmother,General,noun,N
nyokwento,your maternal aunt,General,noun,N
nyolya,; tiny water frog,General,noun,N
nyombeka,"style of building, architecture",General,noun,N
nyomyo,"post, pole, pillar",General,noun,N
nyondo,hammer,General,noun,N
nyonge,"young hen, pullet",Common Animals,noun,N
nyongezo,extra,General,noun,N
nyoonya,"to be stunted, undersized",General,verb,N
nyoora,"strangle, twist",General,noun,N
nyoroza,to choke growth,General,verb,N
nyoro,son of a chief,General,noun,N
nyowe,"I, me",General,noun,N
nyu,"your, yours",General,noun,N
nyubura,to peel off (skin),General,verb,N
nyuguta,letter of the alphabet,Education And Learning,noun,N
nyukura,to pull up forcibly,General,verb,N
nyuma,"adv., behind",General,adverb,N
nyumbu,mule,Common Animals,noun,N
nyumirwa,to be pleased with,General,verb,N
nyumisiza,to commend,General,verb,N
nyumiza,"to praise, exalt",General,verb,N
nyumya,to converse,General,verb,N
nyungu,pipe; earthenware cookingpot,General,noun,N
nyunkura,to suck dry,General,verb,N
nyuunya,to suck,General,verb,N
nyuunyuguza,to suck juicy things,General,verb,N
nyuunyuura,"to pull tightly, stretch",General,verb,N
nyuunyuuzi,star,General,noun,N
nywana,to make blood-brother-hood,General,verb,N
nywanta,"; teat, nipple",General,noun,N
nywegera,to kiss,General,verb,N
nywenyweogera,to be sweet,General,verb,N
nywibwa,be drinkable,General,verb,N
nza,; pubic bair,General,noun,N
nzigamira,see nziramira,General,verb,N
nzige,locust,Common Animals,noun,N
nzigu,"vengeance,ranacour",General,noun,N
nziha,deep water,General,noun,N
nziiki,burial fee,General,noun,N
nziikeere,pelican,General,noun,N
nziku,gonohorrea,General,noun,N
nzini,"singer, dancer",Art And Entertainment,noun,N
nzinwa,taxes,General,noun,N
nzirabahuma,variety of plantain,General,noun,N
nzirago,see enyitano,General,verb,N
nziramira,python,Common Animals,noun,N
nziriga,"speed, swift.ness",General,noun,N
nziro,"soot, black pots",General,noun,N
nzito,maggot,General,noun,N
nzooka,"appearance, view",General,noun,N
nzooro,full moon,General,noun,N
obu,when,General,noun,O
obubaagi,being extravagant,General,noun,O
obubaani,incense,General,noun,O
obubaizi,carpentry,General,noun,O
obucancabari,tarters,General,noun,O
obucureera,calmness,General,noun,O
obucureezi,humility,General,noun,O
obucwekacweka,small pieces,General,noun,O
obufa-matu,deafness,General,noun,O
obufu,foolishness,General,noun,O
obufu,a cow dung,Common Animals,noun,O
obufuki,coldness,General,noun,O
obufuki,lacking affection or enthusiasm,General,noun,O
obufumu,witchcraft,Culture And Tradition,noun,O
obufunda,narrowness,General,noun,O
obufundi,artisanship,General,noun,O
obufura,hospitality,General,noun,O
obufute,breach delivery,General,noun,O
obufuuhi,jealousy,General,noun,O
obugabe,kingship,General,noun,O
obugabe,freedom or liberty,General,noun,O
obugambiro,freedom of speech,General,noun,O
obuganga,gun powder,General,noun,O
obugangaazi,disobedience,General,noun,O
obugangaazi,stiffness,General,noun,O
obugimu,manure,General,noun,O
obugomoke,fatness,General,noun,O
obugoro,snuff,General,noun,O
obugoora,bitter/mock tomatoes,General,noun,O
obugumi,hardness,General,noun,O
obugumi,being mean; not generous,General,noun,O
obugumira-naku,perseverance,General,noun,O
obugwage,peace,General,noun,O
obugwairaro,madness,General,noun,O
obugwizi,feeling tickled,General,noun,O
obugega,foolishness,General,noun,O
obugeya,a sensitive plant,General,noun,O
obuhamahama,secrets,General,noun,O
obuhambwe,black tree ants,General,noun,O
obuhandiiki,secretarial work,General,noun,O
obuhanganguke,exile,General,noun,O
obuhangu,expertise,General,noun,O
obuhatamo,shelter,General,noun,O
obuheehe,sorghum husks,General,noun,O
obuhikiro,reception,General,noun,O
obuhingura,hump,General,noun,O
obuhonda-mabaare,quarry,General,noun,O
obuhuumuriro,a place for resting,General,noun,O
obujagujagu,being cunning and tricky,General,noun,O
obujabara,bitter berries,General,noun,O
obujenjemere,laziness,General,noun,O
obujunja,"laces, tussels",General,noun,O
obujunza,ornaments,General,noun,O
obujurizo,punctuation marks,General,noun,O
obukamba,riverblindness,General,noun,O
obukire,wealth,General,noun,O
obukoro,groups,General,noun,O
obukubuuzi,colonialisation,General,noun,O
obukumiirizi,guarding,General,noun,O
obukungu,chieftainship,General,noun,O
obukunguutwa,residue,General,noun,O
obukurura,black jack seeds,General,noun,O
obukuumeeme,being extremely dry,General,noun,O
obukuutu,insolence,General,noun,O
obukwatiro,handle,General,noun,O
obumanyi,expertise,General,noun,O
obumare,mastitis,General,noun,O
obumwe,unity,General,noun,O
obunabi,prophecy,General,noun,O
obunafu,laziness,General,noun,O
obunaku1a,specified time,General,noun,O
obunaku,poverty,General,noun,O
obunanuke,contentment,General,noun,O
obunanuke,relief,General,noun,O
obundi,next time,General,noun,O
obundi,perhaps,General,noun,O
obundinoobundi,sometimes,General,noun,O
obunena,roasted or fried legumes,General,noun,O
obunono,roof top,General,noun,O
obuntu,compassion,General,noun,O
obunuzi,pleasant taste,General,noun,O
obunyaata,scarcity of sauce,General,noun,O
obunyaasi,grass,General,noun,O
obunyabwenge,wisdom,General,noun,O
obunyadiini,religiousness,General,noun,O
obunyakantu,selfishness,General,noun,O
obunyakare,long ago,General,noun,O
obunyamurera,flutes,General,noun,O
obunyangarara,cracks,General,noun,O
obunyantabo,mushrooms,General,noun,O
obunyarara,stripes,General,noun,O
obunyarume,athletes foot,General,noun,O
obunyugwita,sensations associated with orgasm,General,noun,O
obunywani,friendship,General,noun,O
obuporiisi,police profession,General,noun,O
oburaakaare,echo,General,noun,O
oburaara,feebleness,General,noun,O
oburaare,mishap,General,noun,O
oburaaro,accomodation,General,noun,O
oburabo,passage,General,noun,O
oburagarikira,crumbs,General,noun,O
oburagi,stupidity,General,noun,O
oburagwa,will,General,noun,O
oburahuzi,bullying,General,noun,O
oburaingwa,length,General,noun,O
oburaingwa,height,General,noun,O
oburamaazi,long life,General,noun,O
oburamuzi,judicial profession,General,noun,O
oburanga,resemblence,General,noun,O
oburanga,servitude,General,noun,O
oburangura,trachoma,Health & Medicine,noun,O
oburare,home desertion,General,noun,O
oburari,trail,General,noun,O
obureeberezi,diocese,General,noun,O
obureeberezi,help,General,noun,O
obureebero,vintage point,General,noun,O
obureebya,betrayal,General,noun,O
obureemeezi,weight,General,noun,O
oburefure,wet,General,noun,O
obureju,beards,General,noun,O
oburema,disability,General,noun,O
oburenge,excessively,General,noun,O
oburenge,in breech birth,General,noun,O
oburengerwa-izooba,west,General,noun,O
oburera-ngaro,laziness,General,noun,O
oburezi,baby sitting,General,noun,O
oburiba,heaviness,General,noun,O
oburibatiro,available space,General,noun,O
oburiga,dried starch food,General,noun,O
oburiho,cash,General,noun,O
oburiisa,a parish,General,noun,O
oburiisizo,grazing land,General,noun,O
oburiite,almost impossible,General,noun,O
oburikwera,holiness,General,noun,O
oburindi,fire-making sticks,General,noun,O
oburingaaniza,justice,General,noun,O
oburinzi,defence,General,noun,O
oburo,finger millet,General,noun,O
oburo,millet bread,General,noun,O
oburo,millet garden,General,noun,O
oburofa,dirt,General,noun,O
oburogo,charm,General,noun,O
oburomborombo,complaints,General,noun,O
oburondo,type of mushrooms,General,noun,O
oburondogozi,insenity,General,noun,O
oburondogozi,moral decay,General,noun,O
oburooro,chicken fleas,Common Animals,noun,O
oburugo,source or origin,General,noun,O
oburugwa-izooba,East,General,noun,O
oburuhe,fatigue,General,noun,O
oburuhuukiro,a resting place,General,noun,O
oburungi,goodness,General,noun,O
obururuma,water falls,General,noun,O
oburwaire,sickness,General,noun,O
oburwani,tendency of fighting,General,noun,O
oburyambuzi,moustache,General,noun,O
oburyangatanisa,embezzlement,General,noun,O
oburyarya,deceit,General,noun,O
obusaasi,pain,General,noun,O
obusaasingo,particles,General,noun,O
obuseeri,across,General,noun,O
obusenzi,dullness of mind,General,noun,O
obusaagure,sw.menopause,General,noun,O
obusaariizi,bitterness,General,noun,O
obusaho,doctor,Health & Medicine,noun,O
obusahuzi,looting,General,noun,O
obusaija,"manhood, penis, male genital",General,noun,O
obusakuruke,curdled milk,General,noun,O
obusambani,fornication,General,noun,O
obusazi,madness,General,noun,O
obuseese,morning,General,noun,O
obusekere,millet,General,noun,O
obusema,igonarance,General,noun,O
obusenda-bagenyi,high cheek bornes,General,noun,O
obusoboorozi,authority or power,General,noun,O
obusomesa,the teaching profession,General,noun,O
obusomesa,religious leadership,General,noun,O
obusongoke,enlightened though tutelage,General,noun,O
obusugaane,possessing,General,noun,O
obusuma,theft,General,noun,O
obusuma,being mean,General,noun,O
obusuuru,"tribute, ground rent",General,noun,O
obuswere,marriage,General,noun,O
obusibuko,origin,General,noun,O
obusinde,small tills,General,noun,O
obusinguzi,success or victory,General,noun,O
obusinge,peace,General,noun,O
obusinzi,habitual intoxication,General,noun,O
obusiri,hook worms,General,noun,O
obusiru,inability to understand,General,noun,O
obusuzi,bed bugs,General,noun,O
obusya,Newness,General,noun,O
obutaahi,neighbourliness,General,noun,O
obutaahiro,entrance,General,noun,O
obutaaho,shelter or dwelling place,General,noun,O
obutaanyure,trachoma,Health & Medicine,noun,O
obutahurira,being obstinate and stubborn,General,noun,O
obutahurira,deafness,General,noun,O
obutaijuka,failure to remeber,General,noun,O
obutaisa,hard working,General,noun,O
obutakura,retarded growth,General,noun,O
obutamanya,ignorance,General,noun,O
obutare,iron ore,General,noun,O
obutariza,bracelets,General,noun,O
obutatiina,fearlessness,General,noun,O
obutatiina,failure to respect,General,noun,O
obutasi,espionage,General,noun,O
obuteeka,orderlineess,General,noun,O
obuteerante,a grass specie,General,noun,O
obutegeki,governance,General,noun,O
obutegeki,regime,General,noun,O
obutemu,murder,General,noun,O
obutesi,pampering,General,noun,O
obutiini,fear or cowardice,General,noun,O
obutingwa,sodomy/homosexuality,General,noun,O
obutingwa,being promiscuous,General,noun,O
obutiti,coldness,General,noun,O
obutitizi,feeling coldness,General,noun,O
obutojo,chickenpox,Health & Medicine,noun,O
obutondogozi,abnormality,General,noun,O
obutongore,doing something officially,General,noun,O
obutooka,period of germination,Biology,noun,O
obutoosa,always,General,noun,O
obutungi,wealth,General,noun,O
obutunguru,onions,General,noun,O
obuturuturu,dawn,General,noun,O
obutuuku,pumpkins,General,noun,O
obutuura,settlement,General,noun,O
obutuura,usual way of life,General,noun,O
obutuura,grave,General,noun,O
obutuzi,mushrooms,General,noun,O
obutwa,poison,General,noun,O
obutwariro,container,General,noun,O
obutwire,often times,General,noun,O
obuyoobe,small groups,General,noun,O
obuzaare,kinship,General,noun,O
obuzahambuki,acting as a rogoue,General,noun,O
obuzaire,parenthood,General,noun,O
obuzigu,enmity,General,noun,O
obuzimba,being swollen,General,noun,O
obuzimya-kwezi,eclipse of the moon,Astronomy And The Universe,noun,O
obuzinio,bones showing below hips,General,noun,O
obuzinzi,bandity,General,noun,O
obuzire,useless,General,noun,O
obuzo,a place of refuge,General,noun,O
obwabe,headache,General,noun,O
obwagi,desparate need,General,noun,O
obwagimba,sorghum covers,General,noun,O
obwahati,currently,General,noun,O
obwaku,echo,General,noun,O
obwamaraaya,prostitution,General,noun,O
obwambere,long ago,General,noun,O
obwambure,a feeling of emptiness,General,noun,O
obwami,chieftainship,General,noun,O
obwamusinja,evidence for prosecution,Legal And Law Matters,noun,O
obwana,childhood,General,noun,O
obwanga,nicotine,General,noun,O
obwangacuucu,small oblong shaped beads,General,noun,O
obwangane,mutual hatred,General,noun,O
obwangu,haste,General,noun,O
obwasiisi,bonus,General,noun,O
obwasimba,axe,General,noun,O
obwasingo,household refuse,General,noun,O
obwatamatako,firstborn child,General,noun,O
obwato,boat,General,noun,O
obwatumba,something very huge,General,noun,O
obwebembezi,leadership,General,noun,O
obwecuriko,resting place,General,noun,O
obwegamo,shelter,General,noun,O
obwegendesereza,care,General,noun,O
obweisemwe,brotherhood,General,noun,O
obwekanasi,peevishness,General,noun,O
obwekuumo,cud,General,noun,O
obwemi,height,General,noun,O
obwenge,knowledge,General,noun,O
obwereere,infancy,General,noun,O
obwerinzi,security or defence,General,noun,O
obweteeka,not a big herd,General,noun,O
obweteeka,small scattered homesteads,General,noun,O
obwetunuke,determination,General,noun,O
obwezigooro,round about,General,noun,O
obweziriki,courage,General,noun,O
obwibi,theft,General,noun,O
obwigura-nda,the firstborn child,General,noun,O
obwijuranda,digestion,General,noun,O
obwijwire,in full,General,noun,O
obwijwire,in detail,General,noun,O
obwimba,supericial relationship,General,noun,O
obwimi,meanness,General,noun,O
obwina,small openings,General,noun,O
obwinazi,malice,General,noun,O
obwira,haste,General,noun,O
obwira-kabiri,eclipse of the sun,Astronomy And The Universe,noun,O
obwire,"time, period of time",General,noun,O
obwiririmba,cloud overcast,General,noun,O
obwiriza,thatch,General,noun,O
obwirungu,shrines,General,noun,O
obwitane,intense mutual hatred,General,noun,O
obwitsi,murder,General,noun,O
obwo,then,General,noun,O
obwo,those,General,noun,O
obwo,yet,General,noun,O
obwoba,fear,General,noun,O
obwogo,anguish,General,noun,O
obwoki,honey,General,noun,O
obwombeki,the building profession,General,noun,O
obwomooma,utter dryness or thirst,General,noun,O
obwongo,brain,General,noun,O
obwongo,mental ability,General,noun,O
obworozi,guardianship,General,noun,O
obwose,an ornament or bracelet,General,noun,O
obwotero,fireplace,General,noun,O
oga,to take bath,General,verb,O
ogeza,wash someone or something,General,verb,O
ogu,this one,General,noun,O
ogwaha iguru,illness of children,General,noun,O
oha,whom?,General,noun,O
ohern,"to excite, urge on",General,verb,O
ohoka,to be upset,General,verb,O
ohora,"to lend, advance money",General,verb,O
oheze,to tempt,General,verb,O
oiriirwota,"to lend, advance money",General,verb,O
okaamanyota,kind of potatoes,General,noun,O
okereza,to set light,General,verb,O
okiisize,goodmorning,General,noun,O
oku,There,General,noun,O
okubaaga,slaughter,General,noun,O
okubaaga,surgery,Health & Medicine,noun,O
okubaasa,to be able,General,verb,O
okubaasika,to be possible,General,verb,O
okubaba,to sting,General,verb,O
okubabura,to singe,General,verb,O
okubaga,to construct a framework,General,verb,O
okubaganisa,to separate,General,verb,O
okubaganuka,to split,General,verb,O
okubagara,to weed,General,verb,O
okubaija,to do carpentry,General,verb,O
okubaka,to catch something mid-air,General,verb,O
okubaka,to conceive,General,verb,O
okubakuka,to hasten,General,verb,O
okubakura,to snatch,General,verb,O
okubamba,to crucify,General,verb,O
okubamba,to peg out,General,verb,O
okubambaara,to be mad,General,verb,O
okubambaaza,to stiffen,General,verb,O
okubambaitura,to lift with haste,General,verb,O
okubambarika,to flatter,General,verb,O
okubambira,to stand still,General,verb,O
okubambuura,to unpeg,General,verb,O
okubanda,to come unexpectedly,General,verb,O
okubandaara,to calm down,General,verb,O
okubandagira,to lose one's way,General,verb,O
okubandama,to collapse,General,verb,O
okubandamira,to collapse against,General,verb,O
okubandiza,to come first,General,verb,O
okubandura,to strike hard,General,verb,O
okubanduura,to salvage,General,verb,O
okubanga,to brandish,General,verb,O
okubanganisa,to doubt,General,verb,O
okubangira,to help or support,General,verb,O
okubangura,to successfully train someone,General,verb,O
okubanguuza,to abort a blow,General,verb,O
okubanza,to begin,General,verb,O
okubara,to count,General,verb,O
okubaragura,to crack with intent,General,verb,O
okubariirira,to estimate,General,verb,O
okubaruka,to burst,General,verb,O
okubasa,to catch,General,verb,O
okubasura,to slap,General,verb,O
okubatama,to slump any how,General,verb,O
okubatika,to plant seedlings,General,verb,O
okubatiza,to baptise,General,verb,O
okubatuka,to stand up quickly,General,verb,O
okubatura,to be very hot,General,verb,O
okubatuura,transplanting,General,noun,O
okubayuura,to remove fat,General,verb,O
okubaza,to do multiplication,Mathematics,verb,O
okubaza,to talk,General,verb,O
okubaziira,to sew,General,verb,O
okubeebeesa,to soothe,General,verb,O
okubeeherera,to deliberately accuse falsely,General,verb,O
okubeera,to assume someone's responsibility,General,verb,O
okubeguka,to break apart,General,verb,O
okubeiha,to lie,General,verb,O
okubendegera,to grow very old,General,verb,O
okuberenga,to break up,General,verb,O
okubereza,to eat slowly,General,verb,O
okubesuka,to break suddenly,General,verb,O
okubibuura,to resow,General,verb,O
okubiiha,to look sickly,General,verb,O
okubiihirwa,to get annoyed,General,verb,O
okubiihiza,to make someone annoyed,General,verb,O
okubiika,to keep,General,verb,O
okubika,a cock to crawl,Common Animals,noun,O
okubimba,to be disabled,General,verb,O
okubimba,to produce froth,General,verb,O
okubindigiza,to hide,General,verb,O
okubinga,to expell,General,verb,O
okubira,to froth,General,verb,O
okubira,to boil,General,verb,O
okubiraguza,to be shiny,General,verb,O
okubirika,to be sodden,General,verb,O
okubiririra,saturate with water,General,noun,O
okubisikara,to be undercooked,General,verb,O
okubituura,to sharpen the horns,General,verb,O
okubobeeza,to steam food,General,verb,O
okubohoorora,to untie,General,verb,O
okuboigora,to bark,General,verb,O
okubombooka,to get unstuck,General,verb,O
okubombooka,to peel off,General,verb,O
okubomborekana,to clatter,General,verb,O
okubonabona,to suffer,General,verb,O
okubonda,to be soft,General,verb,O
okubonereza,to punish,General,verb,O
okuboora,to despise,General,verb,O
okuborooga,to yell,General,verb,O
okubota,to be soft,General,verb,O
okubotora,to speak openly,General,verb,O
okubugutana,to be disorganised,General,verb,O
okubukaara,comfort,General,noun,O
okubumbama,to become narrower,General,verb,O
okubundabunda,to move while bending,General,verb,O
okubundama,to bend low,General,verb,O
okubungurura,to defecate,General,verb,O
okubungeza,to hawk,Common Animals,verb,O
okubunuza,to be naked,General,verb,O
okubunza,to hawk or peddle,Common Animals,verb,O
okuburabura,to disappear,General,verb,O
okuburabuza,to confuse,General,verb,O
okubusukana,to be uncoordinated,General,verb,O
okubuura,to report,General,verb,O
okubuuririza,to investigate or examine,General,verb,O
okubuuza.,to ask a question,General,verb,O
okubuuzibwa,to be asked,General,verb,O
okubuuzibwa,to sit an examination,Education And Learning,verb,O
okubuyabuya,to loiter,General,verb,O
okubuyanga,to leave in suspense,General,verb,O
okubuza-amaiso,to disappear without trace,General,verb,O
okubuzya,to spread a message,General,verb,O
okubwaguza,to suck,General,verb,O
okubwanabwana,to be disorganised,General,verb,O
okubweijana,to work alone,General,verb,O
okubwerabwera,to be shy,General,verb,O
okubweza,to expose someone's lies,General,verb,O
okubyama,to sleep,General,verb,O
okubyamirira,to delay in bed,General,verb,O
okubyamirira,to persist,General,verb,O
okubyara,to plant,General,verb,O
okucaabiika,to gulp,General,verb,O
okucaca,to slice,General,verb,O
okucamuka,to overheat,General,verb,O
okucanga,to shuffle,General,verb,O
okuceba,to mash,General,verb,O
okucebeeka,to become humble,General,verb,O
okuceceka,to be silent,General,verb,O
okucecemba,to slice,General,verb,O
okucecera,to night dance,General,verb,O
okucencura,to sieve,General,verb,O
okucenya,to burn,General,verb,O
okucenyuka,to be red hot,General,verb,O
okucereba,to rust,General,verb,O
okucerembura,to sever,General,verb,O
okucerembura,to mince,General,verb,O
okucokora,to peck,General,verb,O
okuconcana,ticking of a clock,General,noun,O
okuconcoboza,to become a destitute,General,verb,O
okuconya,to confer with secretly,General,verb,O
okuconya,to hatch a plot,General,verb,O
okucooboora,to express oneself idiomatically,General,verb,O
okucoocoora,to slice something,General,verb,O
okucooka,to decorate,General,verb,O
okucooka,to select,General,verb,O
okucucuka,to repent,General,verb,O
okucucumwa,to feel feverish,General,verb,O
okucugura,to have diarrhoea,General,verb,O
okucukura,to scrach or burrow,General,verb,O
okucuma,to clean,General,verb,O
okucumanga,to beat intensely,General,verb,O
okucumbacumba,to gather before rain,General,verb,O
okucumbagira,to limp,General,verb,O
okucumbuuka,to go up,General,verb,O
okucumika,to set ablaze,General,verb,O
okucumitiriza,to cogitate,General,verb,O
okucumunkuza,to unblock,General,verb,O
okucuncurama,to lean side ways,General,verb,O
okucundana,flirting,General,noun,O
okucungura,to redeem,General,verb,O
okucungura,to recover,General,verb,O
okucungura,to rescue,General,verb,O
okucunyiirira,to glitter,General,verb,O
okucuraanira,to make a reed-wall,General,verb,O
okucureera,to be calm,General,verb,O
okucurikanisa ebigambo.,To twist words,General,verb,O
okucurira,to mourn for,General,verb,O
okucuriza,to whistle,General,verb,O
okucuusya,to wean,General,verb,O
okucwa engingo,to develop segments,General,verb,O
okucwa ensusa,to break virginity,General,verb,O
okucwa,to divide into pieces,General,verb,O
okucwa-amaizi,to dilute,General,verb,O
okucwa-bugufu,to shorten,General,verb,O
okucwa-busa,to undermine,General,verb,O
okucwacwagura,to chop,General,verb,O
okucwa-engondo,to tatoo,General,verb,O
okucwa-eryera,to glance,General,verb,O
okucwana,to mutually terminate friendship,General,verb,O
okucwekereza,to destroy,General,verb,O
okucwera,to spit,General,verb,O
okucwijura,to strip bare,General,verb,O
okudabura,to double,General,verb,O
okudabura,to repeat,General,verb,O
okudiba,failure to get market,General,noun,O
okuduumira,to command,General,verb,O
okuduura,to boast,General,verb,O
okufa,to cease to exist,General,verb,O
okufaho,to care,General,verb,O
okufayo,to be concerned,General,verb,O
okufeera,to die for,General,verb,O
okufeerwa,to miss,General,verb,O
okufiisa,to be bereaved,General,verb,O
okufiisa,to waste or squander,General,verb,O
okufooka,to dye,General,verb,O
okufootooka,to be soft,General,verb,O
okufooza,to search,General,verb,O
okufuba,to strive for something,General,verb,O
okufubira,to punish,General,verb,O
okufuka,to get cold,General,verb,O
okufukaana,to wrestle,General,verb,O
okufukama,to kneel,General,verb,O
okufukunkuka,to fade,General,verb,O
okufumbata,to embrace or cuddle,General,verb,O
okufumura,to piece through something,General,verb,O
okufumura,to break out,General,verb,O
okufundamira,to be restricted,General,verb,O
okufungura,to dilute a liquid,General,verb,O
okufungura,to water down,General,verb,O
okufuniza,to snort,General,verb,O
okufunya,"to fold paper, cloth",General,verb,O
okufunyara,to become creased,General,verb,O
okufunyika,to fold something,General,verb,O
okufunza,to abbreviate,General,verb,O
okufuruka,to migrate,General,verb,O
okufutana,to chew,General,verb,O
okufuuhirira,to spray,General,verb,O
okufuura,to pluck off,General,verb,O
okufuzibwa,to be calmed down,General,verb,O
okugaara,be stiff,General,verb,O
okugaasanura,to seperate things forcefully,General,verb,O
okugaba,to give,General,verb,O
okugaija,to grow fat,General,verb,O
okugambuka,to talk too much,General,verb,O
okugambuka,to gossip,General,verb,O
okugana,to tell a foktale,General,verb,O
okuganda,to ward tobacco,General,verb,O
okuganda,to weather,General,verb,O
okuganda,to feel hungry,General,verb,O
okugangaara,to become hard hearted,General,verb,O
okugangaara,to be unmoving,General,verb,O
okugangaijura,to frighten someone,General,verb,O
okugaruura,to open something wide,General,verb,O
okugaya,to despise,General,verb,O
okugaya,to communicate,General,verb,O
okugingirira,"to forge documents, money",General,verb,O
okugira,to say,General,verb,O
okugoba,to win a game,General,verb,O
okugoboza,to suckle,General,verb,O
okugoga,to walk majestically,General,verb,O
okugomeererwa,to have constipation,General,verb,O
okugomoora,to transform,General,verb,O
okugona,to snore,General,verb,O
okugongera,to yell or moan,General,verb,O
okugonjoora,to correct a mistake,General,verb,O
okugonya,to be malleable,General,verb,O
okugooka,to work for nothing,General,verb,O
okugootooka,to work very hard,General,verb,O
okugotomera,to drink fast,General,verb,O
okugoya,to mingle,General,verb,O
okugufuhara,to become short,General,verb,O
okugumaanya,to endure,General,verb,O
okugumba,to keep quiet,General,verb,O
okugumisiriza,to be patient,General,verb,O
okugumizamu,to move on,General,verb,O
okuguna,to be stunted,General,verb,O
okugungira,to block the way,General,verb,O
okugunja,to compose songs,General,verb,O
okugunjuka,to be civilised,General,verb,O
okugunura,to open eyes widely,General,verb,O
okugura,to buy,General,verb,O
okuguraagurusa,to doubt,General,verb,O
okuguruka,to jump,General,verb,O
okugurukira,to jump at something,General,verb,O
okuguuriima,to be rebelious,General,verb,O
okuguza,to sell,General,verb,O
okuguza,to borrow,General,verb,O
okugwa-empihi,to experience indigestion,General,verb,O
okugwage,to feel good,General,verb,O
okugwana,equality,General,noun,O
okugwa-omunda,the act of embracing,General,noun,O
okugwejegera,to fall asleep,General,verb,O
okugwengagwenga,to flatter someone,General,verb,O
okugwera,to waylay someone,General,verb,O
okugwera-orubaju,to side with someone,General,verb,O
okugwera-orubaju,to be partial,General,verb,O
okugega,to fool someone,General,verb,O
okugegema,to creak,General,verb,O
okugegena,to filter,General,verb,O
okugema,to compel,General,verb,O
okugema,to immunise,General,verb,O
okugemeka,to grow,General,verb,O
okugenda,to leave,General,verb,O
okugenderera,to do something intentionally,General,verb,O
okugengera,"to advise, or counsel",General,verb,O
okugerega,to redicule someone,General,verb,O
okugereka,to levy tax,General,verb,O
okugezaho,to try,General,verb,O
okuha,to give,General,verb,O
okuhaaga,to be satisfied,General,verb,O
okuhaaha,to disparage,General,verb,O
okuhaahaana .,to harass,General,verb,O
okuhaahagira,to breathe very fast,General,verb,O
okuhaahuuza,to sway while walking,General,verb,O
okuhaanisa,to barter,General,verb,O
okuhaasa,to be adamant,General,verb,O
okuhaasirira,to purify or cleanse,General,verb,O
okuhaata,to peel,General,verb,O
okuhaaza,to finish milking,General,verb,O
okuhabura,to advise,General,verb,O
okuhabura,to guide or direct,General,verb,O
okuhaburira,to prune,General,verb,O
okuhabuuka,to find the way,General,verb,O
okuhabuza,to ask for direction,General,verb,O
kuha-emikono,to support,General,verb,O
okuhaga,to inflate or swell,General,verb,O
okuhagara,to sharpen,General,verb,O
okuhaguka,to become detached,General,verb,O
okuhaha,to panic,General,verb,O
okuhaisa,to praise,General,verb,O
okuhakanisa,to contradict,General,verb,O
okuhamba,to rape,General,verb,O
okuhamira,to stick on something,General,verb,O
okuhamisiriza,to stress a point,General,verb,O
okuhampuza,to be indecent,General,verb,O
okuhanda,to become rough,General,verb,O
okuhanda-bunaku,to work hard,General,verb,O
okuhandiika,to write,General,verb,O
okuhanga,to create,General,verb,O
okuhanga-amaiso,to stare,General,verb,O
okuhangaara,to live long,General,verb,O
okuhangahanga,to be creative,General,verb,O
okuhangirira,to repair,General,verb,O
okuhanguka,to come unexpectedly,General,verb,O
okuhangusa,widen or to enlarge,General,noun,O
okuhanguuka,to become archaic,General,verb,O
okuhanguuka,to become unfashionable,General,verb,O
okuhanika,to raise something,General,verb,O
okuhanuura,to discuss something,General,verb,O
okuhanvuura,to defaecate,General,verb,O
okuhanza,(of animals) to feed,General,verb,O
okuhara,to scratch,General,verb,O
okuharaatwa,to play about,General,verb,O
okuharahaaza,to make someone restless,General,verb,O
okuharahara,to make an attempt,General,verb,O
okuharambura,to do shoddy work,General,verb,O
okuharira,to crave for something,General,verb,O
okuhayana,to compete,General,verb,O
okuhaza,to be disobedient,General,verb,O
okuhebeba,to stammer,General,verb,O
okuheeheeta,to woo a woman,General,verb,O
okuheekuura,to kill a person,General,verb,O
okuheereza,to give,General,verb,O
okuheereza,to serve,General,verb,O
okuhempura,to become stunted,General,verb,O
okuhemuka,to be embarassed,General,verb,O
okuhemura,to embarrass someone,General,verb,O
okuhemurana,to be a disgrace,General,verb,O
okuhenda,to break something,General,verb,O
okuhendeka,to get broken,General,verb,O
okuhenduura,to insult someone,General,verb,O
okuhenengera,to fall over something,General,verb,O
okuhenuza,to laugh excessively,General,verb,O
okuhera,to scold someone,General,verb,O
okuhesurana,to insult one another,General,verb,O
okuhigika,to support,General,verb,O
okuhigima,to grunt,General,verb,O
okuhiiga,to hunt,General,verb,O
okuhiiganisa,to persecute,General,verb,O
okuhiirwa,to be lucky,General,verb,O
okuhika,to get something right,General,verb,O
okuhikiirira,to be righteous,General,verb,O
okuhikiiriza,to fulfil,General,verb,O
okuhikirwa,to be a victim,General,verb,O
okuhimbisa,to praise,General,verb,O
okuhinduka,to change,General,verb,O
okuhinduka,to convert,General,verb,O
okuhinga,to dig or cultivate,General,verb,O
okuhingaana,to exchange,General,verb,O
okuhingikana,to over-lap,General,verb,O
okuhingiza,to register,General,verb,O
okuhinguza,make someone pass something,General,verb,O
okuhinintuka,to gush out,General,verb,O
okuhirima,to fall down,General,verb,O
okuhiringisa,to make something roll,General,verb,O
okuhiringita,to roll,General,verb,O
okuhiringuza,to make something roll,General,verb,O
okuhiriza,to invoke evil spirits,General,verb,O
okuhoha,to become very soft,General,verb,O
okuhoma,to plaster,General,verb,O
okuhombanya,to shrivel up,General,verb,O
okuhompoora,to undress in public,General,verb,O
okuhona,(of cereals) to overgrow,General,verb,O
okuhonda,to hit or knock,General,verb,O
okuhonda,to pound,General,verb,O
okuhondeeza,to oversleep,General,verb,O
okuhoobeera,"to hug, to embrace",General,verb,O
okuhoora,to pay tax,General,verb,O
okuhoora-enzigu,to revenge,General,verb,O
okuhoorera,roaring,General,noun,O
okuhora,to cool,General,verb,O
okuhorogoma,panting,General,noun,O
okuhoroota,to lose weight,General,verb,O
okuhota,moral decay,General,noun,O
okuhotora,to twist,General,verb,O
okuhotora,to return something,General,verb,O
okuhuba,to be greedy,General,verb,O
okuhugusa,to be greedy,General,verb,O
okuhuguura,to clarify something,General,verb,O
okuhujeera,to wheeze restlessly,General,verb,O
okuhuma,to become blind,General,verb,O
okuhumaana,to become a leper,General,verb,O
okuhumagiza,to close one's eyes,General,verb,O
okuhumba,to gather wild berries,General,verb,O
okuhumbata,to swarm around,General,verb,O
okuhumbuuka,to resurrect,General,verb,O
okuhumbya,to pray for someone,General,verb,O
okuhumbya,to wink eyes,General,verb,O
okuhumiriza,to close on's eyes,General,verb,O
okuhumiza,to close the eyes,General,verb,O
okuhumuura,to open eyes,General,verb,O
okuhunama,to decorate,General,verb,O
okuhundama,to grow thin,General,verb,O
okuhundika,to cause starvation,General,verb,O
okuhunduuka,to lose lusture,General,verb,O
okuhunduura,to make something fade,General,verb,O
okuhunduuza,to renovate,General,verb,O
okuhungungwa,to wander,General,verb,O
okuhungura,to shake the buttocks,General,verb,O
okuhungutuka,to lose some senses,General,verb,O
okuhunjagara,to have a nap,General,verb,O
okuhunyahunya,to flee from danger,General,verb,O
okuhurikiza,to listen,General,verb,O
okuhurira,to hear,General,verb,O
okuhurizana,to keep in touch,General,verb,O
okuhurubuka,to move secretly,General,verb,O
okuhururuka,to grow thin,General,verb,O
okuhururura,to starve,General,verb,O
okuhururwa,to be in pain,General,verb,O
okuhuruutuka,to happen very fast,General,verb,O
okuhuruutuka,to rush,General,verb,O
okuhuruutura,to scare someone,General,verb,O
okuhutaara,to be injured,General,verb,O
okuhuuba,to swing,General,verb,O
okuhuugiza,to feel dizzy,General,verb,O
okuhuugiza,to hide,General,verb,O
okuhuuha,to blow,General,verb,O
okuhuuha,to chase something away,General,verb,O
okuhuukura,to gulp,General,verb,O
okuhuukura,to eat food greedily,General,verb,O
okuhuuma,to hoot,General,verb,O
okuhuumuza,to retire someone,General,verb,O
okuhuuna,to grunt,General,verb,O
okuhuunagira,to grunt in bewilderment,General,verb,O
okuhuura,to thresh,General,verb,O
okuhuurikana,to confuse two things,General,verb,O
okuhwa,to get finished,General,verb,O
okuhwaho,to be completely finished,General,verb,O
okuhwaho,to be amnihilated,General,verb,O
okuhwama,to hesitate,General,verb,O
okuhwamu,to get finished,General,verb,O
okuhwanaho,to be separated,General,verb,O
okuhwaziira,to lose concentration,General,verb,O
okuhwehura,to whisper to somebody,General,verb,O
okuhwekera,to dose,General,verb,O
okuhwera,to help or assist,General,verb,O
okuhwerekerera,to be destroyed completely,General,verb,O
okuhwerera,to dissolve,General,verb,O
okuhwerera,to die down,General,verb,O
okuhwerera,to wear out,General,verb,O
okuhwerera,to be dispersed,General,verb,O
okuhwita,to grow very old,General,verb,O
okujaakara,to spread about,General,verb,O
okujaayana,to wander,General,verb,O
okujabajaba,to do something haphazzardly,General,verb,O
okujabanga,to make untidy,General,verb,O
okujabiirira,to be shabby,General,verb,O
okujabuza,to walk in water,General,verb,O
okujagaata,to be hairly,General,verb,O
okujagaata,to have many leaves,General,verb,O
okujagajaga,to be restless,General,verb,O
okujagarara,to be excited,General,verb,O
okujagura,to notch the ear,General,verb,O
okujaguza,to celebrate,General,verb,O
okujajama,to feel comfortable,General,verb,O
okujajura,to do things haphazardly,General,verb,O
okujandura,to snatch,General,verb,O
okujanduura,take something by surprise,General,verb,O
okujanjaara,to spread,General,verb,O
okujanjamura,(of flowers) to unfold,General,verb,O
okujarajara,to loiter,General,verb,O
okujeema,to disobey,General,verb,O
okujega,to be loose,General,verb,O
okujenga,to become sodden,General,verb,O
okujenjereka,to tie something loosely,General,verb,O
okujerenga,to weave neatly,General,verb,O
okujiriiza,to be very angry,General,verb,O
okujojora,to dilute a drink,General,verb,O
okujongoma,to become very soft,General,verb,O
okujoroga,to piss,General,verb,O
okuju,knee,General,noun,O
okujuba,to fish,General,verb,O
okujuga,to pay bride price,Culture And Tradition,verb,O
okujugisa,to charge something dearly,General,verb,O
okujugutirira,to make fire,General,verb,O
okujujuuka,to grow very fat,General,verb,O
okujukaana,to compete,General,verb,O
okujuma,to insult,General,verb,O
okujumbura,to discover,General,verb,O
okujurira,to testify,Legal And Law Matters,verb,O
okujurira,to appeal,General,verb,O
okujuumagira,to be naive,General,verb,O
okujuumara,to be overturned,General,verb,O
okujuyajuya,to do something haphazardly,General,verb,O
okujuyanga,to disorganise,General,verb,O
okujwa,to bleed,General,verb,O
okujwa,to shine,General,verb,O
okujwagura,to separate,General,verb,O
okujwanga,to mix,General,verb,O
okujwekera,to represent,General,verb,O
okukaabuuza,to rustle,General,verb,O
okukaakaara,to be strong,General,verb,O
okukaanyuka,to move slowly,General,verb,O
okukaka,to compel,General,verb,O
okukamba,to become rough,General,verb,O
okukambiika,to camp,General,verb,O
okukambuka,to lose roof,General,verb,O
okukambuka,to become emanciated,General,verb,O
okukambuura,to demolish a structure,General,verb,O
okukamuuka,to be partially dry,General,verb,O
okukanagira,to breath with difficulties,General,verb,O
okukananga,to hit repeatedly,General,verb,O
okukanda,to knead with hands,General,verb,O
okukangarana,to be startled,General,verb,O
okukanjakanja,to chew something,General,verb,O
okukankabura,to dismember,General,verb,O
okukankama,to shout,General,verb,O
okukaraga,to sign one's name,General,verb,O
okukaragata,to tickle,General,verb,O
okukarangura,to repeat a performance,General,verb,O
okukatuka,to snap,General,verb,O
okukiikama,to take a detour,General,verb,O
okukimba,to mock,General,verb,O
okukiniika,to be sarcastic,General,verb,O
okukinura,to consume everything,General,verb,O
okukinura,to kill suddenly,General,verb,O
okukira,to give birth,General,verb,O
okukiriirira,to survive narrowly,General,verb,O
okukiruuka,to recover from sickness,General,verb,O
okukocakocora,to break into pieces,General,verb,O
okukohekana,to snatch,General,verb,O
okukokoosa,to cause shriveling,General,verb,O
okukomaga,to make backcloth,General,verb,O
okukombatana,to shrivel,General,verb,O
okukomooka,to originate from somewherey,General,verb,O
okukomya,to blink,General,verb,O
okukondaharira,to weaken,General,verb,O
okukondakonda,to swing or dangle,General,verb,O
okukootooka,to move very slowly,General,verb,O
okukopa,to imitate or copy,General,verb,O
okukora,to be employed,General,verb,O
okukoraho,to disapoint someone,General,verb,O
okukoraho,to touch on there,General,verb,O
okukorobora,to chip in,General,verb,O
okukoroza,to cause to cough,General,verb,O
okukoroza,to make someone cough,General,verb,O
okukubuura,to unfold something,General,verb,O
okukubuura,to cause to return,General,verb,O
okukubuura,to win territory miltary,General,verb,O
okukumba,to walk majestically,General,verb,O
okukumira,to protect,General,verb,O
okukumpanya,to defraud,General,verb,O
okukungika,to team up,General,verb,O
okukuriiriza,to exaggulate,General,verb,O
okukwatanisa,to bring together,General,verb,O
okumogora,to wean a baby,General,verb,O
okunaga,to lose something,General,verb,O
okunaga-omukono,to throw arms about,General,verb,O
okunanuura,to run so fast,General,verb,O
okunihiira,to feel zealous,General,verb,O
okunoga,to pluk tea leaves,General,verb,O
okunogoora,to make clay pots,General,verb,O
okunona,to beat,General,verb,O
okunona,to hit something sharply,General,verb,O
okunungurirwa,to taste awful,General,verb,O
okunuubuka,to sustain an abrasion,General,verb,O
okunuuka,to smell badly,General,verb,O
okunyaanyuka,to walk away shamelessly,General,verb,O
okunyabangura,to cane repeatedly,General,verb,O
okunyabura,to whip or lash,General,verb,O
okunyangara,to improve a little,General,verb,O
okunyankura,to snatch,General,verb,O
okunyanyaata,to be deliberately unaudible,General,verb,O
okunyeenya,to shake something lightly,General,verb,O
okunyegera,to go a slope,General,verb,O
okunyimbuka,to move slowly,General,verb,O
okunyohoka,to pay attention,General,verb,O
okunyohwa,to have goose-flesh,Common Animals,verb,O
okunyongota,to crawl,General,verb,O
okunyurura,to pull,General,verb,O
okunywana,to make friends,General,verb,O
okunyweisa,to score a goal,Sports,verb,O
okupaaza,to guess,General,verb,O
okupanga,to pile,General,verb,O
okupeerereza,to investigate,General,verb,O
okupiipa,to shiver,General,verb,O
okupinga,to refuse,General,verb,O
okuponga,to be proud,General,verb,O
okupukura,to stab,General,verb,O
okuraama,to make a will,General,verb,O
okuraata,to brag,General,verb,O
okuraatuura,(slang for) to beat,General,noun,O
okuraaya,to indulge in prostitution,General,verb,O
okuraaza entabire,to fallow,General,verb,O
okuraaza,to put off fire,General,verb,O
okuraaza,to host a visitor,General,verb,O
okuraaza,to postpone an action,General,verb,O
okuraba,to go via,General,verb,O
okuraba,to faint,General,verb,O
okurabamu,to pass through,General,verb,O
okurabanaho-empyor,passing each other inadvertently,General,noun,O
okuraga,to bid farewel,General,verb,O
okwezirikura,Usage: Ankole. See:okWEZIRIKURURA,General,verb,O
okwezigurusa,to walk around. Var:okwezigurusa,General,verb,O
okwezengereza,to turn around. See:okUZEngeRERA,General,verb,O
okweyayamura,to yawn,General,verb,O
okweyanjura,to introduce oneself. See:okWANJURA,General,verb,O
okwetumisiriza,See: okWETUMIRIZA,General,verb,O
okwetigita,to shake oneself,General,verb,O
okwetegerezana,to understand each other,General,verb,O
okwetebeekanisa,See: okWETEGUURA,General,verb,O
okwetabura,to mix,General,verb,O
okwesingiza,praising oneself. See:okUSINGIZA,General,verb,O
okwesika,to pull oneself,General,verb,O
okwesiisibiriza,[okwesisibaniza] v. See:okWESISIBANISA,General,noun,O
okwesiimirana,to boast of something,General,verb,O
okweshweka,See: okusweKA,General,verb,O
okwesemeza,to enjoy oneself,General,verb,O
okwesemba,to bandage oneself. See:okuseMBA,General,verb,O
okwesasura,to pay oneself. See:okusasura,General,verb,O
okwesanja,to find room,General,verb,O
okwesaanya,to be disgusted,General,verb,O
okweringirika,to make yourself clean,General,verb,O
okwereeta,to come voluntarily,General,verb,O
okwereera,to water,General,verb,O
okwerabwa,to catch a glance,General,verb,O
okwera,to be ripe,General,verb,O
okwenyungutuka,to pour half way,General,verb,O
okwenyigiriza,To squeeze oneself through,General,verb,O
okwenootoora,See: okWENAAMUURA,General,verb,O
okweniaguriza,to escape,General,verb,O
okwengerera,to over rippen,General,verb,O
okwemereza,to spread,General,verb,O
okwemererwa,to have pheumonia,General,verb,O
okwekuringirira,to sweet talk someone,General,verb,O
okwekunda,to be selfish,General,verb,O
okwekunangura,rolling one self,General,verb,O
okwekubirana,See: okWEKUBA,General,verb,O
okwekuba,to fold oneself,General,verb,O
okwekoma,to dress smartly,General,verb,O
okwekeita,to compesate oneself. See:okUKEITA,General,verb,O
okwekambiika,to emphasise,General,verb,O
okwejunisa,to use something,General,verb,O
okwejugumbura,to get annoyed quickly,General,verb,O
okweijusa,to remind oneself. See:okWIJUKA,General,verb,O
okwehiringisa,to roll oneself. See:okUHIRINGISA,General,verb,O
okwehimbisa,to praise oneself. See:okUHIMBISA,General,verb,O
okwehigika,to squeeze oneself,General,verb,O
okwehena,to punish oneself,General,verb,O
okwehanduura,See: okWEHAGANYURA,General,verb,O
okwehandiikisa,to have oneself registered,General,verb,O
okwehandiika,to register oneself,General,verb,O
okwehakuura,See: okWEHAGANYURA,General,verb,O
okwegumya,to endure a condition,General,verb,O
okwegonooza,See:okUGONOOZA,General,verb,O
okwegombeza,to favour oneself,General,verb,O
okweganya,See: okWEGANDA,General,verb,O
okwegamba,to report oneself,General,verb,O
okwecwendeeka,to humble oneself,General,verb,O
okwecwamu,to divide into groups,General,verb,O
okwecuukuura,to abuse your body,General,verb,O
okwecurenga,to be work hard,General,verb,O
okwecamura,behave childly,General,verb,O
okwebwa,to forget,General,verb,O
okwebisa,to hide yourself,General,verb,O
okwebiringita,See: okWEBIRIKA,General,verb,O
okwayaya,to be helpless,General,verb,O
okwaya,to loot or plunder,General,verb,O
okwatura,to hatch the chicks,General,verb,O
okwatuka,to be audible,General,verb,O
okwatirira,to cut open,General,verb,O
okwatayata,See: okWAKA,General,verb,O
okwatana,to be divided,General,verb,O
okwata-amabanga,to disclose secrets,General,verb,O
okwaruka,to hatch out,General,verb,O
okwanura,to slap someone heavilly,General,verb,O
okwanjuruza,to open something widely,General,verb,O
okwanjura,to finish grinding,General,verb,O
okwanja,to spread something,General,verb,O
okwanika,to declare publically,General,verb,O
okwangusa,to do something hurriedly,General,verb,O
okwangaasana,to gilter,General,verb,O
okwanduuka,to dry up,General,verb,O
okwandaguza,to walk hurriedly,General,verb,O
okwana,to start flowering,General,verb,O
okwamuza,to shout loudly,General,verb,O
okwamuuka,to stop raining,General,verb,O
okwakiirirwa,See: okUTAKIIRIRWA,General,verb,O
okwahukira,to begin to graze,General,verb,O
okwagagara,to sit at ease,General,verb,O
okwabaaba,to complain,General,verb,O
okwaba,to burst,General,verb,O
okuzunguza,to shake something. Var:okujunguza,General,verb,O
okuziruura,the act of reconciling,General,verb,O
okuzirura,to deter a taboo,Culture And Tradition,verb,O
okuzirazira,to be undecided,General,verb,O
okuzingama,to become paralyzed,General,verb,O
okuzinda,to attack. See: okUTAAHIRIRA,General,verb,O
okuzimu,deep underground,General,noun,O
okuzimbagarira,to become problematic,General,verb,O
okuzimba,to overcharge,General,verb,O
okuzika,to become very dirty,General,verb,O
okuzika,to overgrow,General,verb,O
okuzigirira,to strangle something,General,verb,O
okuziga,to paint something black,General,verb,O
okuzeetama,to sit vagarantly,General,verb,O
okuzaara-akantu,phr. to cause trouble,General,noun,O
okuzaahuuka,to return from exile,General,verb,O
okuzaagarara,to get disorganised,General,verb,O
okuyangayanga,to become morning,General,verb,O
okuyaayuuka,to be a hooligan,General,verb,O
okuvuyanga,to disorganise things. See:okUVURUGA2,General,verb,O
okuvunuura,to dilute something concentrated,General,verb,O
okuvumba,to beg for alcohol,General,verb,O
okuviigiiza,to fill to capacity,General,verb,O
okutwaririra,See: okUTWARIRANA,General,verb,O
okutwara,to become pregnant,General,verb,O
okutuutuuba,to move while bending,General,verb,O
okutuunagurikwa,See: okUTUUNAGIRA,General,verb,O
okuturubiza,See: okUTURIZA. Var:okuturiza,General,verb,O
okuturaniza,"to mixSee: KUJWAnza, KUCANGANYA",General,verb,O
okutura,to accuse,General,verb,O
okutunuura,See: okUTUBURA,General,verb,O
okutungura,to have fever,General,verb,O
okutungama,to be steep,General,verb,O
okutunenga,to tie tightly,General,verb,O
okutunda,to sell. Etym: [<Luganda.okutunda>],General,verb,O
okutunatuna,to become fat,General,verb,O
okutumbuza,to move while naked,General,verb,O
okutumba,to swell,General,verb,O
okutukurinkana,See: okUTUKURA,General,verb,O
okutugunjuka,to be sharp,General,verb,O
okusibaaza,to stagger,General,verb,O
okusiba,to undertake birth control,General,verb,O
okusiba,to plait hair,General,verb,O
okutoroka,See: okWENIAGURIZA,General,verb,O
okutoora,to subtract from,General,verb,O
okutoora,to trap an animal,General,verb,O
okutoora,to dress finely,General,verb,O
okutoonyoka,to make dry,General,verb,O
okutoonyerera,to drizzle: rain lightly,Nature & Environment,verb,O
okutonza,to feel sorrow,General,verb,O
okutonyogoka,"to ooze, usually blood",General,verb,O
okutontomera,See: okUTONTOMA,General,verb,O
okutontoheza,failure to hatch,General,verb,O
okutonda,to form a foetus,General,verb,O
okutokooza,to dirten something,General,verb,O
okutojoka,to be understanding,General,verb,O
okutobya,to make something wet,General,verb,O
okutobeka,See: okUTOBERA,General,verb,O
okutinda,to make a bridge,General,noun,O
okutimbuuka,See: okUTIMBUURA,General,verb,O
okutimba,to dig up holes,General,verb,O
okutibita,to shake,General,verb,O
okutibagana,to be very soft,General,verb,O
okutereburuka,to fall,General,verb,O
okuterebuka,to loose hope,General,verb,O
okutera-embari,to grind millet badly,General,verb,O
okutenzatenza,to shake something repeatedly,General,verb,O
okutenganya,to shake,General,verb,O
okutemba,(for kings) to sleep,General,verb,O
okuteganguza,See: okWANZIRIRA,General,verb,O
okutega okutu,to listen,General,verb,O
okuteeranizibwa,to be joined together,General,verb,O
okuteeba,to guess. See: okUTEEBEREZA,General,verb,O
okutaraiga,to refuse something completely,General,verb,O
okutanga,to pay a fine,General,verb,O
okutandaara,to make something horizontal,General,verb,O
okutamira,See: okURYA,General,verb,O
okutamika,to start grinding millet,General,verb,O
okutambara,to abuse without cause,General,verb,O
okutamba-ikono,to interfere. See:okUTAMBAARIRA,General,verb,O
okutamba,to offer sacrifice,General,verb,O
okutamaga,to write without aim,General,verb,O
okutabuka,to be mad temporarily,General,verb,O
okutabangura,to make water dirty,General,verb,O
okutabana,to scramble for something,General,verb,O
okutabakara,to get spoilt,General,verb,O
okutabaguza,to hurry,General,verb,O
okutabagura,to disorganise,General,verb,O
okutabaara,to go to war,General,verb,O
okutaayaaya,to visit,General,verb,O
okutaataana,to scatter,General,verb,O
okutaara,See: BUTANDU,General,verb,O
okutaanuuka,See: okUTAANA,General,verb,O
okutaahira,to enter into something,General,verb,O
okutaaha,to go deep,General,verb,O
okutaaha,to go home,General,verb,O
okutaagura,to tear,General,verb,O
okutaaguka,to get torn,General,verb,O
okutaagiira,See: okUTAAGATAAGA,General,verb,O
okutaaga,to cry for help,General,verb,O
okusora,to run very fast,General,verb,O
okusomooza,to underlook someone,General,verb,O
okusaha,to advise someone,General,verb,O
okusa,(of rain) to stop,General,verb,O
okusosora,to favour someone,General,verb,O
okusoorera,to weed,General,verb,O
okusoora,See: okusoRA,General,verb,O
okusooka,See: okusokA,General,verb,O
okusiza,to cool temperature,General,verb,O
okusita,to pin something,General,verb,O
okusirimuka,to move downwards,General,verb,O
okusirika,to keep quiet,General,verb,O
okusiriitana,to wrestle,General,verb,O
okusiributuka,to run very quickly,General,verb,O
okusiraara,to feel hungry,General,verb,O
okusinura,to sit indecently,General,verb,O
okusinsimuka,to wake up,General,verb,O
okusingirira,See: okUSIITIRIRA,General,verb,O
okusingiisira,to stand on toes,General,verb,O
okusindirira,to bring ill luck,General,verb,O
okusindikiriza,to push forward,General,verb,O
okusindama,to fall on something,General,verb,O
okusina,to control running stool,General,verb,O
okusimbuza,to lift the foot,General,verb,O
okusimbarara,to stand stiff,General,verb,O
okusimantura,to be smart,General,verb,O
okusimaatuka,to slide off,General,verb,O
okusikora,to be abusive,General,verb,O
okusikora,to beg persistently,General,verb,O
okusikirira,to bring ill luck,General,verb,O
okusikira,to inherit,General,verb,O
okusikasikana,to fight for something,General,verb,O
okusikankura,to pull something violently,General,verb,O
okusikamiriza,to kneel,General,verb,O
okusikambura,to take forcefully,General,verb,O
okusiisikara,to get spoilt,General,verb,O
okusiimuura,to rub off something,General,verb,O
okusiibayo,to delay somewhere,General,verb,O
okusiiba,to spend a day,General,verb,O
okusibuura,to say good bye,General,verb,O
okusibukana,to walk while staggering,General,verb,O
okuswerwa,to be married,General,verb,O
okuswekura,See: okusuUKURA,General,verb,O
okuswara,to be a shamed,General,verb,O
okusuyuura,SW. treating the mumps,Health & Medicine,noun,O
okusuukuura,SW. See:okusuURUURA,General,noun,O
okusubika,SW. to wrap,General,verb,O
okusubagura,SW. to tell lies,General,verb,O
okusororoka,to be straight,General,verb,O
okusora,to pay tax,General,verb,O
okusonda,"to contribute, to solicit",General,verb,O
okusomera,to abuse someone,General,verb,O
okusombooka,to move slowly,General,verb,O
okusoma,to be well educated,General,verb,O
okusohoorora,to pull out threds,General,verb,O
okusohooroka,to sneak out,General,verb,O
okusoha,to catch fish,General,verb,O
okusobya,to make a mistake,General,verb,O
okusinyooka,to be sarcastic,General,verb,O
okusiisa,to commit a sin,General,verb,O
okusiisa,to waste,General,verb,O
okusigisa,to make porridge,General,verb,O
okusenya,SW. to collect firewood,General,verb,O
okuseneneka,SW. to flow gently,General,verb,O
okusendekeza,SW. See: okuseNDekeREZA,General,noun,O
okusendasenda,SW. to attract,General,verb,O
okusemeza,to operate on someone,General,verb,O
okusemera,SW. to be pleasant,General,verb,O
okusemba,to dress a wound,General,verb,O
okuseesura,SW. to be open,General,verb,O
okuseenya,SW. to collect firewood,General,verb,O
okusebuka,SW. to sprout again,General,verb,O
okusatura,SW. to split,General,verb,O
okusarara,SW. to be numb,General,verb,O
okusanjuura,SW. to enlarge,General,verb,O
okusangwa,SW. to be found,General,verb,O
okusambana,SW. to commit adultery,General,verb,O
okusamata,SW. to catch something,General,verb,O
okusamaara,SW. to starve,General,verb,O
okusabagiza,SW. to make noise,General,verb,O
okuseera-aha-muyaga,to labour for nothing,General,verb,O
okusaarumba,to walk slowly,General,verb,O
okuryebura,to cut off something,General,verb,O
okuruuza,to be lustful,General,verb,O
okurundaana,to gather things together,General,verb,O
okurumbaara,to block view,General,verb,O
okurumbaara,to stand out,General,verb,O
okurumbaara,to bulge,General,verb,O
okurosora,See: okURosoORA,General,verb,O
okurongooza .,to suck dry,General,verb,O
okurokombwa,to feel nausea,General,verb,O
okurofakara,See: okUROFAHARA,General,verb,O
okuriraana,to neighbour with someone,General,verb,O
okuringaaniza,to make things equal,General,verb,O
okurindura,to stop guarding something,General,verb,O
okurindagira,to be totally blind,General,verb,O
okurinda,to wait for something,General,verb,O
okurimbiika,to be handled together,General,verb,O
okurimanganya,to trick: being cunning,General,verb,O
okuriituura,to hack thoroughly,General,verb,O
okuriima,to court (a girl),General,verb,O
okuriika,to be edible,General,verb,O
okuriija,to fbe edible,General,verb,O
okuriibwa,to feel abdominal pain,General,verb,O
okuriha,"to be tired, exhauseted",General,verb,O
okuriba,See: okUDIBA. Var: okudiba,General,verb,O
okurerema,to float,General,verb,O
okurenza,to pass on something,General,verb,O
okurenza,to exaggerate,General,verb,O
okurengeta.,to dangle something,General,verb,O
okurengerana,to lose hope,General,verb,O
okurenga,to weigh out capacity,General,verb,O
okurembeka,See: okUHEMBEKA,General,verb,O
okuregeza,SW.Usage: Nkole. See: okUREGEZA,General,noun,O
okuregeka,SW. See: okUREEKA,General,noun,O
okureetsa,to smoke,General,verb,O
okureereeta,to dangle,General,verb,O
okureeka,to harvest rain water,General,verb,O
okureeberwamu,to be transparent,General,adjective,O
okuraza,to fallow,General,verb,O
okurangaara,to echo,General,verb,O
okurangaanwa,to be famous,General,verb,O
okuramuza,to bargain or huggle,General,verb,O
okuramukanya,See: okURAMUKANISA,General,verb,O
okuramatikana,See: okURAMATIKA,General,verb,O
okuraiha,to become taller,General,verb,O
okurahusa,to do things quickly,General,verb,O
okurahuka,to move quickly,General,verb,O
okuragiiza,to make incessant demands,General,verb,O
okuragarika,to drop and scatter,General,verb,O
okuraga2.,to bid farewel,General,verb,O
okurabira,to give a present,General,verb,O
oruturuturu,See: OBUTURUTURU,General,noun,O
orukuuruuru,skin rash,General,noun,O
omwenge,illuminations: things that glitter,General,noun,O
omwambari,See: ABAMBARI,General,noun,O
omuziga,See: AMAZIGA,General,noun,O
omutonezi,See: OMUTONEZI,General,noun,O
omuserebenganyi,See: EKISEREBEGANYI,General,noun,O
omusambani,n.See:ensambani,General,noun,O
omuramuuro,wrought,General,noun,O
omugogo,column,General,noun,O
omuceeri,See: KATARA,General,noun,O
omuceceko,silence: being very quite,General,noun,O
omubyamo,See: KABOHE 2,General,noun,O
omunda,"in, inside",General,noun,O
omunkoko,cock-crow,Common Animals,noun,O
omutooro kaswa,tru native of Tooro,General,noun,O
omya,to dry,General,verb,O
ona,the whole of something,General,adjective,O
oogera,"to increase, add, continue",General,verb,O
ongosa,"to spin, twist thread",General,verb,O
onka,"only, self, selves",General,noun,O
onkya,to suckle,General,verb,O
onyini,"vry self, selves",General,noun,O
okwekuriiriza,See: okWEKUZA,General,verb,O
okwecenenkuriza,See: okUROOBA,General,verb,O
okwa kana,See: NYABIHeke,General,noun,O
okuzomba,to suffer from ringworms,General,verb,O
okuyungurura,See: okUNYUNGURURA,General,verb,O
okuyenga,See: okUJENGA2,General,verb,O
okutungeza,See: okUTUMBIIKA,General,verb,O
okutooza,See: okURAARIRIZA,General,verb,O
okutootera,burning heavily,General,verb,O
okutoorereza,See: okURAARIRIZA,General,verb,O
okutangiriza,See: okUHEMBEKA,General,verb,O
okutaara,to be in search,General,verb,O
okusaakaara,See: okURAAKAARA,General,verb,O
ow'obusoboorozi,a person with authority,General,noun,O
owaishe-butaka,on the ground,General,noun,O
oturo,sleep,General,noun,O
orobera,to be obedient,General,verb,O
orobya,to soften,General,verb,O
orwondo,muddy water,General,noun,O
orwiso,a bad scaring eye,General,noun,O
orweju,sturbornness,General,noun,O
orutuuha,a long necked gourd,General,noun,O
orutabago,a wooden dish,General,noun,O
orusongosongo,half boiled milk,General,noun,O
orurenga-myambi,a striped rat,Common Animals,noun,O
orurembo,See: EKIBUGA,General,verb,O
orunyoga,a fertilised stigma,General,noun,O
orumanyo,conjuring stick,General,noun,O
orukuuto,See: ORUGUUTO,General,verb,O
orukuraijo,See:OMUKURAIJO,General,verb,O
orukanga-booro,drizzle.See:ORUHUUNYIRIRA,Nature & Environment,noun,O
orujurajura,drizzle. See: ORUHUUNYIRIRA,Nature & Environment,noun,O
oruhuunyirira,drizzle,Nature & Environment,noun,O
oruhurahure,a bad smell,General,noun,O
oruhunda .,certain swamp grass,General,noun,O
oruhumbwe,food mould. See: ORUHUMBU,General,noun,O
oruhoso,pointed iron digging tool,General,noun,O
oruherere,a plant species,Nature & Environment,noun,O
oruhenda,a bushy forest,General,noun,O
oruhembo,area around a homestead,General,noun,O
oruhembe,new moon,General,noun,O
oruhaburizo,[oruhaburizo]See: ORUHABYO,General,noun,O
orugezigezi,See: ORUGEZI,General,verb,O
orugoyi,See: ORUGOYE,General,verb,O
orugaga.,spiral wire bracelet,General,noun,O
orucuucu,dust,General,noun,O
orucurabembe,high jumb,General,noun,O
orucu,mist. See: ORUHO,General,noun,O
orubwa,insolence,General,noun,O
orububura,tethering-rope,General,noun,O
orubindi,a large milk pot,General,noun,O
orubazi,timber used for roofing,General,noun,O
orubanda,an ancient hero,General,noun,O
orubabo,Fire flames,General,noun,O
oruba,a bundle of firewood,General,noun,O
orikwera,the holy one,General,adjective,O
omwoyo-orikwera,holly spirit,General,noun,O
omworo,a poor person,General,noun,O
omwonyo-gwa-muha,a medicinal tree species,Nature & Environment,noun,O
omwonore,being naked,General,noun,O
omwoga,talent,General,noun,O
omwituzi,funnel.s,General,noun,O
omwirukazi,a mwiru female person,General,noun,O
omwino,elephant task,General,noun,O
omwinaro,See: okWINARA,General,verb,O
omwihwakati,niece. See: OMWIHWA,General,noun,O
omweyera,a rat's track,Common Animals,noun,O
omweyayamuro,See: OMWEMAMURO,General,verb,O
omwesamuro,See: OMWESYAMURO,General,verb,O
omweto,vocation. See: ORWETO,General,noun,O
omweteyeki,an indepent minded person,General,noun,O
omwesungo,See: OMWESHUNGI,General,verb,O
omweryo,See: OMWEHURIRO,General,verb,O
omweremwa,See: OMWEGANDE,General,verb,O
omwenyi-musaija,a medicinal plant,General,noun,O
omwemanyo,See: OMWEHURIRO,General,verb,O
omwema,God parent. See: OMUZAIRE,General,noun,O
omweharanganyo,unnecessary noise,General,noun,O
omweyenge,See: OMWegeMURE,General,verb,O
omweyenderezi,a careful person,General,noun,O
omwegirage,a conceited person,General,noun,O
omwegande,a lazy person,General,noun,O
omwate,millet or sorghum cake,General,noun,O
omwatangabo,end of an arrow,General,noun,O
omwanya,instead of,General,noun,O
omwanya,period of time,General,noun,O
omwanjuki,absent minded person,General,noun,O
omwangaazimu,See: OMWANGANZIMA,General,verb,O
omwanda,untideness,General,adjective,O
omwami,"Mr, master, husband chief",General,noun,O
omwaka,new harvest,General,noun,O
omuzirimuko,a short visit paid,General,noun,O
omuzingoonya,banana leaves',General,noun,O
omuzingangoma,king: a traditional ruler,Governance And Administration,noun,O
omuzindi,a heap of dung,General,noun,O
omuzigo,room:one roomed house,General,noun,O
omuzambaaro,astate of confusion,General,noun,O
omuyovu,a tree species,Nature & Environment,noun,O
omuvumba,saliva of the cow,Common Animals,noun,O
omutyobero,avery tall person,General,noun,O
omuturika,a tree species,Nature & Environment,noun,O
omutunda,plant of passion fruits,General,noun,O
omutunda,a heap of millet,General,noun,O
omutoha,bean's soup. See: OMUNIINO,General,noun,O
omutiba,a brick making tray,General,noun,O
omutara,cattle disease,Health & Medicine,noun,O
omutambo,The usefulness of something,General,noun,O
omutakaatako,See:OMUHAKO,General,verb,O
omutabungwa,a coffee plant,General,noun,O
omutaari,spear: a long spear,General,noun,O
omusaza,tall thorn-tree,General,noun,O
omusoomi,dancer: one who dances,General,noun,O
omusisa,a bunch of bananas,General,noun,O
omusingasinga,aplant species,General,noun,O
omusinga,newly unbaked pot,General,noun,O
omusimbi,alluvial soils,General,noun,O
omusikuzi,untrustworthy person,General,noun,O
omusunguru,a grass specie,General,noun,O
omusumiko,anus. See: OMWOYO,General,noun,O
omusooro,young millet stalks,General,noun,O
omusomesa-kati,mistress: a female teacher,Education And Learning,noun,O
omusobya,plant species,Nature & Environment,noun,O
omusitamirizi,a person who outstays,General,noun,O
omusenguro,thump: a heavy blow,General,noun,O
omuseese,a tree species,Nature & Environment,noun,O
omuse,See: OMUSA,General,verb,O
omusarakanda,a grass species,Nature & Environment,noun,O
omusanana,a Kinyarwanda traditional dress,General,noun,O
omusamato,See: EKISAMATO,General,verb,O
omusaabo,plant: a tree species,Nature & Environment,noun,O
omuserebende,a brand new car,General,noun,O
omuruura,alarm. See: OMURANGA,General,noun,O
omurundi,shin,General,noun,O
omurundi,multiplication table,Mathematics,noun,O
omuroba,the duck's excrets,Common Animals,noun,O
omureetsa .,name of a comet,Astronomy And The Universe,noun,O
omureebuuzo,being curious,General,noun,O
omuraso,something done very quickly,General,noun,O
omurangara,a tree specie,General,noun,O
omurande,passion fruits,General,noun,O
omurambuure .,something very long,General,adjective,O
omurambi,See:EMIRAMBI,General,verb,O
omurabanamu,See: EMIRABANAMU,General,verb,O
omunzaani,See: MINZAANI,General,verb,O
omunyururu,See:OMUNYORORO,General,verb,O
omunyongororwa,earth warm,General,noun,O
omunyoma,See: OMUNYANA,General,verb,O
omunyinya,accacia tree,General,noun,O
omunyige,smashed food especially bananas,General,noun,O
omunyigimbo,to walk slowly,General,verb,O
omunyegezi,pins and needles,General,noun,O
omunyara,premature bunch of matooke,General,noun,O
omunyaruganda,See: OMUNYAMUKAGO,General,verb,O
omunyanziika,See:OMUNYANZIGU,General,verb,O
omunyanzigu,someone who likes revenging,General,noun,O
omunyansi,indigenous person. See: OMUTAKA,General,noun,O
omunyangara,premature bunch of matooke,General,noun,O
omunyanda,See:OMUNYAMURURU,General,verb,O
omunyabwira,See:OMUNYABWANGU,General,verb,O
omunya,basket fibre,General,noun,O
omunugi,the person who dislikes,General,noun,O
omunoofooki,See:OMUNAFU,General,verb,O
omumbya,a certain grass specie,General,noun,O
omukebezi,[omukebezi]: See:OMUGOROZi,General,noun,O
omukwodyo,[omukwodyo]: a tactiful person,General,noun,O
omukunyu,muddy sediments in beer,General,noun,O
omukungasebeya,a grass specie,General,noun,O
omukooto,half cooked or ripe,General,noun,O
omukongorani,a prickly shrub,Nature & Environment,noun,O
omukobe,a tree specie,General,noun,O
omukiiki,participant in the meeting,General,noun,O
omukankaana,See:OMUJWIGA,General,verb,O
omuka,at home,General,noun,O
omujuguto,a piece of stick,General,noun,O
omuhuuhe,"long-nosed, long-tailed rat",Common Animals,noun,O
omuhuuhe,pure liquid,General,noun,O
omuhuhe,milk with no froth,General,noun,O
omuhongi,someone who offers sacrifices,General,noun,O
omuhingura,a medicinal tree specie,General,noun,O
omuhimba,a blade of spear,General,noun,O
omuhiire,one who blesses people,General,noun,O
omuheekera,See: RWEBANDIRA,General,verb,O
omuhe,a medical plant,General,noun,O
omugeto,a sharp long object,General,noun,O
omuguruzi,See: OMUGWEZI. Pl: abaguruzi,General,verb,O
omugobe,cowpea leaves,General,noun,O
omugatwa,Minister,General,noun,O
omugarura,wild plant,Nature & Environment,noun,O
omugano,protected spring,General,noun,O
omuganda,bundle e.g of firewood,General,noun,O
omufa-igesa,a tree species,Nature & Environment,noun,O
omucuku,fatility loose of anything,General,noun,O
omucu   n. sauce.,sauce,General,noun,O
omububuuro,pimple,General,noun,O
omubire,flesh alcohol,General,noun,O
omubimba-ifuro,a medicinal plant specie,General,noun,O
omubeya,very young maize,General,noun,O
omubanda,flute,General,noun,O
omubanda,a new blandy car,General,noun,O
omubabo,a decoration,General,noun,O
okwotera,CELEBRATIONS,General,noun,O
okworobya,to soften something,General,verb,O
okwongesereza,to add on something,General,verb,O
okwongotoka,to be burnt completely,General,verb,O
okwongoboka,to grow thin,General,verb,O
okwongoboka,SLAVERY,General,noun,O
okwomeka,to witness falsely,General,verb,O
okwomankana,OWNERSHIP,General,noun,O
okwokera,to weld a metal,General,verb,O
okwohoka,to be upset,General,verb,O
okwoga,to pass through something,General,verb,O
okwoboora,to abuse someone severely,General,verb,O
okwo,that way,General,preposition,O
okwitwa,to be killed,General,verb,O
okwitirana,meet,General,noun,O
okwita-omwaku,to eat unsatisfactorily,General,verb,O
okwirukirira,SUPPORTERS,General,noun,O
okwirukanga,[okwirukanga]RUNNING,General,noun,O
okwiruka,to run,General,verb,O
okwirirayo,to extend further,General,verb,O
okwiraguza,to make something dirty,General,verb,O
okwinuka,OPTIONAL,General,noun,O
okwinikiza,to tell ancient stories,General,verb,O
okwinamuka,to stand upright,General,verb,O
okwinamuka,to retire from work,General,verb,O
okwikaza,to do baby sitting,General,verb,O
okwikarira,to wrestle down someone,General,verb,O
okwikaara,DETERMINATION,General,noun,O
okwihurira,to serve someone food,General,verb,O
okwihura,to serve food,General,verb,O
okwihura,to pay a debt,General,verb,O
okwigirira,See: okWIGIRA. Learning,General,verb,O
obubi,"badness, bad behaviour, ill-motive",General,noun,O
obuceke,"weakness, sickness",General,noun,O
obudoma,foolishness,General,noun,O
obugara,laziness,General,noun,O
obugazi,width,General,noun,O
obugenyi,party,General,noun,O
obugoigo,"sisal thread, sisal plant",General,noun,O
obugufu,shortness,General,noun,O
obugumba,"barrenness, sterility",General,noun,O
obugumiisiriza,"patience, perseverance",General,noun,O
obugumu,"hardness, firmness, strength",General,noun,O
obuguuda,"wealth, richness, riches",General,noun,O
obugyo,options,General,noun,O
obuheereza,service,General,noun,O
obuhemu,"shame, disgrace",General,noun,O
obuhere,"scabies, skin rash",Health & Medicine,noun,O
obuhoogozi,"corruption, extortion, cheating, plundering",General,noun,O
obuhoro,left over food,General,noun,O
obuhulizi,obedience,General,noun,O
obuhumbe,millions and millions,General,noun,O
obuhuumurro,resting place,General,noun,O
obujulizi,"evidence, witnessing",General,noun,O
obujune,"sorrow, sadness",General,noun,O
obuwarro bw'enkwanzi,ankles,General,noun,O
obukama,kingdom,Governance And Administration,noun,O
obuke,fewness,General,noun,O
obukerembe,"babyhood, earliest infancy",General,noun,O
obukiizi bwemoso,the left side,General,noun,O
obuko,relationship through marriage,General,noun,O
obukoonyezi,"help, assistance",General,noun,O
obukugu,"skill, experience, knowledge",General,noun,O
obukurra,"black jack, seeds",General,noun,O
obukwataine,relationship,General,noun,O
obukwenda,"formal message, apostle ship",General,noun,O
obulemeezi,"problem, difficulty, challenge",General,noun,O
obulemi,"rule, administration, leadership, governance",General,noun,O
obulemu,"war, battle, a fight",Military,noun,O
obulenge,thin legs,General,noun,O
obulimi,"cultivation, agriculture, farming",General,noun,O
obulinzi,"care, guardianship, protection",General,noun,O
obulyo,right hand / side,General,noun,O
obumanyirizi,"experience, knowledge, skills",General,noun,O
obumanzi,"braverly, courage, boldness, valour",General,noun,O
obumu,"unity ,singular",General,noun,O
obundi,"may be, sometimes",General,noun,O
obundi n'obundi,from time to time,General,noun,O
obunkenke,toes,General,noun,O
obunkoohooho,small inedible white ants,General,noun,O
obura,"length, height",General,noun,O
oburaira,"length, height",General,noun,O
oburo,millet,General,noun,O
oburyo,usefulness,General,noun,O
obusa,animal dung,General,noun,O
obusaalizi,"pain, bitterness, sorrow, grief",General,noun,O
obuta,"spleen ,bow",General,noun,O
obutabarwa,trillions,General,noun,O
obutagasi,warmth,General,noun,O
obutamiizi,drunkenness,General,noun,O
obutandwa,accident,General,noun,O
obuterre,slippery ground,General,noun,O
obutiitiizi,"cowardice, timidity",General,noun,O
obuto,"childhood, youth",General,noun,O
obutunda,passion juice,General,noun,O
obutyabiri,small grey edible mushrooms,General,noun,O
obuyambi,"aid, assistance",General,noun,O
obuyonjo,"neatness, smartness, cleanliness",General,noun,O
obusagiki,"support, assistance",General,noun,O
obusatu,the Trinity,General,noun,O
obuseegu,immoral talk,General,noun,O
obusesega,"drizzle, little rain",Nature & Environment,noun,O
obusiraamu,Islam,General,noun,O
obuso,forehead,General,noun,O
obusobozi,"authority, powers, ability",General,noun,O
obusuma,"theft, being a robber",General,noun,O
obusumi,"time, period",General,noun,O
obusura,sexual organs,General,noun,O
obuzaire,"period after birth, parenthood",General,noun,O
obuzarraanwa,"traditional, inheritance",General,noun,O
obwakaiso,evidence,General,noun,O
obwange,mine,General,noun,O
obwecumi,"neatness, smartness, cleanliness",General,noun,O
obwegese,level of education attained,General,noun,O
obwekambi,"hard work, determination, zeal",General,noun,O
obwenda,generosity,General,noun,O
obwereme,"rebelliousness, disobedience",General,noun,O
obwesige,"trustworthiness, confidence, inspiring",General,noun,O
obwingira,cave,General,noun,O
obwomeezi,"life, health",General,noun,O
ofiisa,officer,General,noun,O
ofiisi,office,General,noun,O
ogwange,mine,General,noun,O
oiro,oil lubricant,General,noun,O
okucuga,fuck,General,noun,O
okuheekura,to kill,General,verb,O
okuhuma,cacophony,General,noun,O
oleka,"to show, exhibit",General,verb,O
okutalika,move purposefully,General,noun,O
omba,"to rustle (asgras, reeds)",General,verb,O
ombeka,"to build, perform",General,verb,O
ombera,to weed,General,verb,O
ombi,both,General,noun,O
ombya,to rustle or rattle,General,verb,O
omeezi,"alive, strong, well",General,noun,O
omerenva,to be constipated,General,verb,O
omereza,"to convict, falsely accuse",General,verb,O
omesereza,to dry thoroughly,General,verb,O
omuli,"eater, devourer",General,noun,O
omubiito,prince,Governance And Administration,noun,O
omubiitokati,princess,Governance And Administration,noun,O
omucucu,long hair generally curled,General,noun,O
omuculeezi,quiet person,General,noun,O
omucumbi,"a cook, baker",General,noun,O
omucunguuha,"orange fruit, orange",General,noun,O
omucunguuwa,orange,General,noun,O
omucunguzi,"liberator, saviour",General,noun,O
omucwacwa,"a cute, cunning person",General,noun,O
omucwe,"gravy, stew from meat",General,noun,O
omucwi,tracker in hunting,General,noun,O
omucwi w'emisango,"ba magistrate, judge",Legal And Law Matters,noun,O
omudalizi,embroiderer,General,noun,O
omudanguzi,drunkard,General,noun,O
omudiikoni,deacon,General,noun,O
omudomadoma,foolish person,General,noun,O
omuduma,"jug, gun-barrel",General,noun,O
omuduumi,"interpreter, commander",Military,noun,O
omuduumizi,commander,Military,noun,O
omuduupi,liar,General,noun,O
omufaalisi,mattress,General,noun,O
omufalisaayo,Pharisee,General,noun,O
omufu w'omutima,reckless,General,noun,O
omufu w'amatu,deaf person,General,noun,O
omufu w'omunwa,dumb person,General,noun,O
omufukaani,wrestler,General,noun,O
omufuuhi,jealous husband or wife,General,noun,O
omugaati,bread,General,noun,O
omugabi,"a generous, bountiful person",General,noun,O
omugabo,share,General,noun,O
omugaiga,rich person,General,noun,O
omugambizi,"speaker, preacher",General,noun,O
omuganda,a native of Buganda,General,noun,O
omugangamo,cerebro-spinal mening it is,General,noun,O
omuganjano,"friendship, intimacy",General,noun,O
omuganyi,mourner,General,noun,O
omuganyizi,pitiful. merciful person,General,noun,O
omugara,"feeble, weak, lazy person",General,noun,O
omugaragara,king's or chiefs servant,Governance And Administration,noun,O
omugarama,thorny tree,General,noun,O
omugayaaro,"illness, laziness, reluctance",General,noun,O
omugayangano,"scorn, contempt, cynicism,despising others",General,noun,O
omugayuki,"docile, obedient person",General,noun,O
omugenyi,"a visitor, guest, stranger",General,noun,O
omugenzigenzi,wanderer,General,noun,O
omugenzo,"custom, way, tradition",General,noun,O
omugera,small river,General,noun,O
omugere,a kick,General,noun,O
omugezigezi,"sharp, clever, crafty person",General,noun,O
omugigi,catechism instructions before confirmation,General,noun,O
omugo,a Queen-consort,Governance And Administration,noun,O
omugobeza,"a betrayer, traitor, deceiver",General,noun,O
omugobya,"hypocrite, deceiver, cheat",General,noun,O
omugogo,stem of a banana,General,noun,O
omugole,bride or bridegroom,General,noun,O
omugoma,drummer,General,noun,O
omugombole,a bolt,General,noun,O
omugomborozi,chief of a sub-county,General,noun,O
omugongo,back,General,noun,O
omugonya,"crease, fold",General,noun,O
omuguwiraro,mad person,General,noun,O
omugumiisiriza,patient person,General,noun,O
omugurusi,an old man,General,noun,O
omugusa,"Pl: emigusa, sorghum",General,noun,O
omuguuda,a rich person,General,noun,O
omuguzi,buyer,General,noun,O
omugwagwa,"tupid, halfwitted person",General,noun,O
omugwara,trumpeter,General,noun,O
omuhama,a root,General,noun,O
omuhambo,general term for charms,General,noun,O
omuhanda,"path, road, way, track",General,noun,O
omuhandiiki,"writer, clerk, scribe, secretary",General,noun,O
omuhangazima,a rainbow,General,noun,O
omuhanuuzi,"counsellor, advisor",General,noun,O
omuhara,"daughter, girl",General,noun,O
omuharani,"rival, competitor",General,noun,O
omuhebebezi,"a stammerer, stutterer",General,noun,O
omuheesi,"smith, blacksmith",General,noun,O
omuhenderezi,slanderer,General,noun,O
omuhendo,"number, price, value, amount",General,noun,O
omuherre,"copper, iron, bracelet",General,noun,O
omuhesi,backbiter,General,noun,O
omuhetezi,a sluggard,General,noun,O
omuhi,"the giver, donor",General,noun,O
omuhiiganizi,persecutor,General,noun,O
omuhiisa,the brewer,General,noun,O
omuhikirwa,prime minister,Politics And Current Affairs,noun,O
omuhimbo,"great joy, gladness, pleasure",General,noun,O
omuhinduki,"convert, prosely",General,noun,O
omuhinduzi,"interpreter, translator",General,noun,O
omuhinguzi,"a passer-by, way-farer",General,noun,O
omuhinyo,illness like sleeping sickness,General,noun,O
omuhito,"tribulation, weariness, suffering",General,noun,O
omuhogo,cassava,General,noun,O
omuhonde,salt,General,noun,O
omuhoole,"disobedient, insolent, quarrelsome person",General,noun,O
omuhora,tree resembling wild fig,General,noun,O
omuhugutani,"absent-minded, inattentive person",General,noun,O
omuhuhuru,unhealthy fatness,General,noun,O
omuhungu,"spendthrift, wasted, good-for nothing",General,noun,O
omuhunguki,"a passer-by, visitor",General,noun,O
omuhuro,"distaste, disgust, abhorrence",General,noun,O
omuhurunguso,pestle,General,noun,O
omuhuumi,the one who hums,General,noun,O
omuhuuru,"bachelor, spinster, abandoned husband",General,noun,O
omuhwerekereza,a destroyer,General,noun,O
omuhwiw'ensoni,"shameless, insolent person",General,noun,O
omuhyangya,"traitor, deceitful",General,noun,O
omuhyemi,"grumbler, murmurer",General,noun,O
omuhyo,knife,General,noun,O
omujaaja,african bassil,General,noun,O
omujato,the eve to Empango,General,noun,O
omujanjaazi,"wanderer, loafer",General,noun,O
omujara,a hungry person,General,noun,O
omujeezi,"wanderer, vagabond",General,noun,O
omujugusi,a blower of bellows,General,noun,O
omujugusi w'amakara,one who makes charcoal,General,noun,O
omujulizi,"witness, martyr",General,noun,O
omujumi,"abuser, railer, blasphemer",General,noun,O
omujunaani,the one who accuses,General,noun,O
omujungu,"a White man, European",General,noun,O
omujuni,saviour,General,noun,O
omujuuli,flower of maize,General,noun,O
omujwahi,tired person,General,noun,O
omujwaara kondo,coronet wearer,General,noun,O
omujwaro,"apparel, clothing",General,noun,O
omusuga,prince,Governance And Administration,noun,O
omujwera,princess,Governance And Administration,noun,O
omukaafiiri,"heathen, pagan",General,noun,O
omukaaga,"six, dowry",Culture And Tradition,noun,O
omukaguzi,"a interrogator, examiner",General,noun,O
omukairirizi,at night fall,General,noun,O
omukaiso,"a martyr, witness",General,noun,O
omukaka,stalk of millet,General,noun,O
omukamwana,daughter-in-law,General,noun,O
omukaro,dried meat,General,noun,O
omukazi,"woman, wife",General,noun,O
omukeeto,"steward, treasurer",General,noun,O
omukiinuuki,"selfish, disagreeable, unkind person",General,noun,O
omukinjaagi,butcher,General,noun,O
omuko,son-in-law,General,noun,O
omukogoto,a tall timber tree,General,noun,O
omukoizi,glutton,General,noun,O
omukokozi,beater in hunting,General,noun,O
omukono,"arm, handwriting",General,noun,O
omukoonyezi,"helper, supporter, benefactor",General,noun,O
omukoroogi,the king's milk man,Governance And Administration,noun,O
omukoza,"overseer, headman",General,noun,O
omukozi,"maker, workman, labourer",General,noun,O
omukugiro,border,General,noun,O
omukugu,expert,General,noun,O
omukulingo,pig iron,Common Animals,noun,O
omukumirizi,keeper,General,noun,O
omukundi,navel,General,noun,O
omukungo,loud cry,General,noun,O
omukungu,wild fig tree,General,noun,O
omukunzi,lover,General,noun,O
omukurundizo,track,General,noun,O
omukurungutaniza,"tell tale, mischief-maker",General,noun,O
omukusu,mahogany tree,Nature & Environment,noun,O
omukuuhya,"sodomite, homesexual",General,noun,O
omukuza,guardian,General,noun,O
omukwatirizo,pledge,General,noun,O
omukwatwa,"prisoner, captive",General,noun,O
omukwebebe,rat truck,Common Animals,noun,O
omuleesi,"bringer, proposer, author",General,noun,O
omulegi,"accuser, talebearer",General,noun,O
omuleju,beard,General,noun,O
omulekerwa,freed man,General,noun,O
omulema,"lame person, cripple, disabled",General,noun,O
omulemi,ruler,General,noun,O
omulera,applaud of happiness,General,noun,O
omulere,a tree fernl,General,noun,O
omulezi,"babysitter, nurse of child",Health & Medicine,noun,O
omuliiririzi,"greedy, selfish person",General,noun,O
omulimba,"sailor, fisherman",General,noun,O
omulinga,brass,General,noun,O
omulingo,"kind sort, species",General,noun,O
omulinzi,"guard, keeper, guardian",General,noun,O
omuliti,rope for catching animals,General,noun,O
omulizi,one who weeps,General,noun,O
omulyakuzi,"defrauder, cheat",General,noun,O
omulyango,"doorway, entrance",General,noun,O
omulyoni gumu,one million,Mathematics,noun,O
omumaiso,"infront of, ahead",General,noun,O
omumananu,"truly, infact",General,noun,O
omumizi,"gobbler, fast eater",General,noun,O
omumogo,net for catching fish,General,noun,O
omumogoro,king's executioner,Governance And Administration,noun,O
omumuliki,torch bearer,General,noun,O
omumwi,barber,General,noun,O
omumya,stinging-nettle,General,noun,O
omunaana,eight,General,noun,O
omunaara,"tower, flagstaff",General,noun,O
omunanasi,guide of the blind,General,noun,O
omunanu,"trustworthy, faithful person",General,noun,O
omunazi,date-palm,General,noun,O
omuneno,anything very cold,General,noun,O
omuniibwanyonyi,self-sown plant or tree,General,noun,O
omuniiniiro,"pleasure, gladness, rejoicing",General,noun,O
omuniongorozi,earthworm,General,noun,O
omuniongorro,earth worm,General,noun,O
omuntu,"person, man",General,noun,O
omununuzi,"redeemer, saviour",General,noun,O
omunwa,"mouth, lip opening, beak",General,noun,O
omunya,"a man of, native",General,noun,O
omunyaa,lizard,Common Animals,noun,O
omunyaalizi,"pricking, tingling sensation",General,noun,O
omunyago,"spoil, plunder, booty",General,noun,O
omunyagwa,captive,General,noun,O
omunyalbanja,debtor,General,noun,O
omunyaihanga,one of another nation,Geography,noun,O
omunyairoho,thirsty person,General,noun,O
omunyampara,headman,General,noun,O
omunyanjara,hungry person,General,noun,O
omunyankomo,prisoner,General,noun,O
omunyanzigwa,"enemy, adversary",General,noun,O
omunyarra,broken or jagged surface,General,noun,O
omunyeeto,"adolescent, the youth",General,noun,O
omunyegerezi,"accuser, complainant, prosecutor",Legal And Law Matters,noun,O
omunyerre,mongoose,General,noun,O
omunyiri,bulrush,General,noun,O
omunyole,tiny water-worm,General,noun,O
omunyuke,"cured hide, leather",General,noun,O
omunywani,friend,General,noun,O
omunywi,drinker,General,noun,O
omupagasa,"hired workman, porter",General,noun,O
omupiira,"ball, rubber, rain-coat",General,noun,O
omuraiha,tall person,General,noun,O
ow'omukono mura,a thief,General,noun,O
omurabyo gw'enkuba,lightning,General,noun,O
omuragirizi,"instructor, commander",Military,noun,O
omurago,"promise, covenant",General,noun,O
omurambuzi,inspector,General,noun,O
omurami,worshipper,General,noun,O
omuramu,brother or sister -in-law,General,noun,O
omurandabaro,an illness like sleepingsickness,General,noun,O
omurangi,"announcer, prophet",General,noun,O
omurarangi,"a spendthrift, prodigal",General,noun,O
omurasagaaju,copper,General,noun,O
omurasi,"archer, rifleman",General,noun,O
omurofu,"slovenly, dirty person",General,noun,O
omuroleerezi,Bishop.COU,General,noun,O
omurolerezi,"overseer, inspector, guardian",General,noun,O
omurongooti,"mast, flag-staff",General,noun,O
omuronzi,tracker,General,noun,O
omuroobe,loin cloth,General,noun,O
omurro,fire,General,noun,O
omumbata,shrub which cures cough,Nature & Environment,noun,O
omurubiko,stone hammer,General,noun,O
omuruka,sub-parish,General,noun,O
omuruki,"weaver, spinner, knitter",General,noun,O
omurundo,"heap, mass",General,noun,O
omurungi,"good, beautiful person",General,noun,O
omurungiki,"pilot, steersman",General,noun,O
omurusuura,soldier of king Kabalega,Military,noun,O
omuruturutu,"copper, sulphate, bluestone",General,noun,O
omurwaire,"patient, a sick person",General,noun,O
omunvani,"fighter, warrior",Military,noun,O
omurwiririzi,at night fall,General,noun,O
omusa,"shore, bank",General,noun,O
omusaara,"wage, salary",Economics And Commerce,noun,O
omusagasi,beater,General,noun,O
omusagiki,supporter,General,noun,O
omusago,sticks of bedstead,General,noun,O
omusaija,"man, husband",General,noun,O
omusalaba,a cross,General,noun,O
omusale,"crack, cut",General,noun,O
omusambi,"kicker, football player",Sports,noun,O
omusami,maker of barkcloth mallets,General,noun,O
omusana,"day light, sunlight",General,noun,O
omusanda,wild rubber tree,General,noun,O
omusandaazi,"joker, jester, humorous person",General,noun,O
omusanga,ivory,General,noun,O
omusanja,"tall, hollow-stemmed grass",General,noun,O
omusanju,seven,General,noun,O
omusaruzi,"carver, engraver",General,noun,O
omusazi,one who cuts,General,noun,O
omuseege,poor person,General,noun,O
omuseenyi,one who collects firewood,General,noun,O
omuseke,bamboo,General,noun,O
omusekesa,"entertaining , amusing person",General,noun,O
omusema,"stupid, ignorant person, fool",General,noun,O
omusembezi,one who serves food,General,noun,O
omusemezi,"cleaner, refiner,surgeon",Health & Medicine,noun,O
omusendwa,"outcast, exile",General,noun,O
omusengijo,"filter, strainer",General,noun,O
omusenyi,sand,General,noun,O
omusigazi,"young man, youth",General,noun,O
omusiihani,"adulterer, fornicator",General,noun,O
omusiisi,"sinner, transgressor",General,noun,O
omusiita,member of Basiita clan,General,noun,O
omusiitale,ruled line,General,noun,O
omusinga,"unbaked pot, pig-iron",Common Animals,noun,O
omusingolezi,sweeper,General,noun,O
omusingurwa,"the conquered one, captive",General,noun,O
omusinguzi,"the conqueror, victor, winner",General,noun,O
omusino,clitoris,General,noun,O
omusisa,earthquake,Nature & Environment,noun,O
omusisi,very large calabash,General,noun,O
omusizi,incense tree,General,noun,O
omusobya,transgressor,General,noun,O
omusoga,castor-oil plant,General,noun,O
omusohi,a fisherman,General,noun,O
omusoina,marrow,General,noun,O
omusorooza,tax collector,General,noun,O
omusu,"edible rat, cane-rat",Common Animals,noun,O
omusubbaaho,candle,General,noun,O
omusugusa,young banana tree,General,noun,O
omusulirizi,"thrifty, economical, careful person",General,noun,O
omusuma,"thief, greedy person",General,noun,O
omusumaali,"nail,screw",General,noun,O
omusundo,leech,General,noun,O
omusunga,inner husk of millet,General,noun,O
omusuraibaaga,common horn-bill,General,noun,O
omusuti,tail of a bird,General,noun,O
omusuubuzi,"rader, merchant, business person",Economics And Commerce,noun,O
omusuuhuuki,"exile, refugee",Geography,noun,O
omuswahirizi,mocker,General,noun,O
omuswale,raffia palm,General,noun,O
omuswija,"fever, malaria",Health & Medicine,noun,O
omutaahi,"neighbour, fellow, companion",General,noun,O
omutabi,mixer,General,noun,O
omutahi,neighbour,General,noun,O
omutamizi,drunkard,General,noun,O
omutango,"fine, propitiatory gift",General,noun,O
omutasumbuuswa,irreplaceable thing,General,noun,O
omutebezi,"preacher, evangelist",General,noun,O
omuteehimbwa,"iron bar, crow-bar",Common Animals,noun,O
omuteeko,"heap, pile, share, part",General,noun,O
omuteeranizi,peacemaker,General,noun,O
omuteesweka,mottled pink bean,General,noun,O
omuteezi,"striker, player",General,noun,O
omuteezi w'ejaara,gambler,General,noun,O
omutegaine,"trouble, worry",General,noun,O
omutegano,business,General,noun,O
omutembeeya,"peddler, merchant",Economics And Commerce,noun,O
omutembi,"climber, rider",General,noun,O
omutemi w'emiti,feller of trees,General,noun,O
omutendeki,"instructor, teacher, initiator",Education And Learning,noun,O
omutere,tail of a sheep,Common Animals,noun,O
omuti,"tree, piece of wood",General,noun,O
omutigi,"stubborn, obstinate, person",General,noun,O
omutiini,coward,General,noun,O
omutiiri,tiny brown bird,General,noun,O
omutiizi,lender,General,noun,O
omutimba,salt water,General,noun,O
omutoma,barkcloth tree,General,noun,O
omutonganirizi,"advocate, intercessor, pleader",Legal And Law Matters,noun,O
omutongi,creditor,General,noun,O
omutongwa,debtor,General,noun,O
omutulika,"a mean, stingy person",General,noun,O
omutuma,"heart, mind",General,noun,O
omutumbi,"corpse, carcass",General,noun,O
omutumwa,"messenger, apostle",General,noun,O
omutuntuzi,trouble causer,General,noun,O
omuturuturu,"copper sulphate, bluestone",General,noun,O
omutuubo,"voracity, greed",General,noun,O
omutuumo,"heap, pile",General,noun,O
omutwaro,"bundle, ten thousand",General,noun,O
omutyagiro,"favouritism, partiality",General,noun,O
omuunyo,salt,General,noun,O
omuunyu,good white salt,General,noun,O
omuvugi,driver,Transport,noun,O
omuyaajwa,partly dried things,General,noun,O
omuyebe,pleura-pneumonia,Health & Medicine,noun,O
omuyembe,mango fruit/tree,General,noun,O
omuyonaani,a Greek,General,noun,O
omuzaana,"female slave, servant, maid",General,noun,O
omuzaano,"game, amusement, sport, play",General,noun,O
omuze,habit,General,noun,O
omuzeituni/omuzaituuni,olive tree,General,noun,O
omuzigaijo,first born child,General,noun,O
omuzigiso,drum stick,General,noun,O
omuzihi,swimmer,General,noun,O
omuziiki,one who buries another,General,noun,O
omuzini,"dancer, singer",Art And Entertainment,noun,O
omuzinisa,collector of market dues,General,noun,O
omuzinzi,"raider, murderer",General,noun,O
omuzirakugwa,fragile thing,General,noun,O
omuzisa,back tendon,General,noun,O
omuzizima,large pumpkin,General,noun,O
omwabo,at their place,General,noun,O
omwabyo,at their place,General,noun,O
omwagwo,at its place,General,noun,O
omwahuko,tiny bunch of bananas,General,noun,O
omwahule,"clergyman,'pastor, priest C.O.U",General,noun,O
omwaka,year,General,noun,O
omwako,at its place,General,noun,O
omwali,unbaked cooking-pot,General,noun,O
omwalyo,at its place,General,noun,O
omwambi,"arrow, cartridge",General,noun,O
omwambuzi,ferryman,General,noun,O
omwamura,the king's laundry-man,Governance And Administration,noun,O
omwandaazi,"idler, loiterer",General,noun,O
omwandara,flat stone or rock,General,noun,O
omwanga,"ravine, deep valley",General,noun,O
omwangaara,house without partitions,General,noun,O
omwange,at my place,General,noun,O
omwanguhi,"quick, rash person",General,noun,O
omwani,coffee shrub or berry,Nature & Environment,noun,O
omwanya,"space, room, opportunity, leisure",General,noun,O
omwanyu,at your place,General,noun,O
omwatwo,at their place,General,noun,O
omwawe,at your place,General,noun,O
omwayi,"marauder, raider, petty thief",General,noun,O
omwayo,at its place,General,noun,O
omwazo,at their place,General,noun,O
omwe,at his place,General,noun,O
omwebembezi,"guide, leader",General,noun,O
omwega,"learner, beginner",Education And Learning,noun,O
omwegendereza,careful person,General,noun,O
omwegereko,"cloak, robe",General,noun,O
omwegesa,teacher,Education And Learning,noun,O
omwegesibwa,"learner, pupil, disciple, scholar",Education And Learning,noun,O
omwegingi,clown,General,noun,O
omwehaahizi/ omwepanki,"boaster, braggart, selfish",General,noun,O
omwehulizi,"proud person, conceited person",General,noun,O
omwekambi,"diligent person, hard working",General,noun,O
omweko,"girdle, belt",General,noun,O
omwekomakomi,"pilferer, thief",General,noun,O
omwekuniki,"proud, scornful person",General,noun,O
omwemi,"rebel, traitor",General,noun,O
omwendereza,"oppressor, bully",General,noun,O
omwenyumirizi,"boaster, one who appreciates",General,noun,O
omwenzi,sex minded person; lustful,General,noun,O
omwepiskopi,bishop,General,noun,O
omwereme,"rebel, disobedient person",General,noun,O
omwerengerezi,"bullying, scornful person",General,noun,O
omwerengerro,"bullying, ill treatment",Health & Medicine,noun,O
omwerinzi,"modest, careful, sober-minded person",General,noun,O
omweru/omwero,"plenty, abundance, cheapness",General,noun,O
omwesengerezi,suppliant,General,noun,O
omwesengeze,self styled tenant,General,noun,O
omwesigwa,"faithful, trustworthy person",General,noun,O
omweso,boardgame with beads,General,noun,O
omwetaahirizi,"intruder, interloper",General,noun,O
omwetabi,"busy body, interfering person",General,noun,O
omwetebeekezi,"good-natured, easy-going person",General,noun,O
omweteegero,sash or belt,General,noun,O
omwetegereza,sensible person,General,noun,O
omwetoozitoozi,a handy person,General,noun,O
omwetweki,"carrier, porter",General,noun,O
omweyoleki,one who shows off,General,noun,O
omwezigorro,round about,General,noun,O
omwezo,harvest big harvest,General,noun,O
omwibi,"thief, robber",General,noun,O
omwifooro,salt water,General,noun,O
omwigazi w'amatu,deaf person,General,noun,O
omwigi w'enjura,rain-maker,General,noun,O
omwigo,"stick, walking-stick, rod",General,noun,O
omwiguranda,first born,General,noun,O
omwiguto,"satisfaction, repletion",General,noun,O
omwihuki w'amaino,toothless person,General,noun,O
omwijukuru,"descendant, grandchild",General,noun,O
omwijukya,the one who reminds,General,noun,O
omwijuzo,"deluge, flood",General,noun,O
omwika,"smoke, air, gas, breath",General,noun,O
omwikalirizi,the one who outstays,General,noun,O
omwimi,"miserly, selfish, grudging person",General,noun,O
omwimukirizi,agitator,General,noun,O
omwirima,"darkness, problems",General,noun,O
omwiru,"servant, peasant",General,noun,O
omwirurubaale,"bondservant, slave",General,noun,O
omwiruki,"runner, fugitive",General,noun,O
omwisi,"a killer, a murderer",General,noun,O
omwogo,"fordable river, landing-place, harbour",Transport,noun,O
omwoki,one who roasts; incendiary,General,noun,O
omwoleko,"show, exhibition",General,noun,O
omwoma,metal bar,General,noun,O
omwomi,"disobliging, disagreeable person",General,noun,O
omwoyo,"spirit, soul",General,noun,O
orubaale,hailstone,General,noun,O
orubabi,banana leaf,General,noun,O
orubabu,hot thing,General,noun,O
orubaju,side,General,noun,O
orubingo,"elephant grass, Pennisetum-Purpureum",General,noun,O
orubiga,hot spring,Nature & Environment,noun,O
orudaaki,German language,General,noun,O
orufaransa,French language,General,noun,O
orufumo,proverb,Storytelling And Narratives,noun,O
orugagara,spiral wire bracelet,General,noun,O
orugambo,"rumours, baseless talk",General,noun,O
oruganikyo,"a story, a tale",General,noun,O
orulera,umbilical,General,noun,O
orumbugu,"couch grass, guinea grass",General,noun,O
orungereza,English language,General,noun,O
orunyaanya,tomato,General,noun,O
orunyankore,language of the Banyankore,General,noun,O
orunyoro,language of the Banyoro,General,noun,O
orupapura,paper,General,noun,O
orugendo,"journey, trip",General,noun,O
orugingo,joint,General,noun,O
orujogera,ankle bell,General,noun,O
orugonjo,a banana plantation,General,noun,O
orugoro,water reed,General,noun,O
orugoye,cloth,General,noun,O
oruguhyo,piece of broken pot,General,noun,O
oruhago,bladder,General,noun,O
oruhanda,journey,General,noun,O
oruhanga,skull,General,noun,O
oruhara,bald head,General,noun,O
oruharo,public labour in shifts,General,noun,O
oruhazi,red ant,General,noun,O
oruheeburaniya,Hebrew,General,noun,O
oruheke,"grain ,bead for rosary",General,noun,O
oruhitna,language of the Bahima,General,noun,O
oruho,mist,General,noun,O
oruhororo,language of the Bahororoai,General,noun,O
oruhu,"skin, hide leather",General,noun,O
oruhumbo,mould,General,noun,O
oruhunda,swamp grass,General,noun,O
orujamani,German language,General,noun,O
orujapaani,Japanese language,General,noun,O
oruju,grey hair,General,noun,O
orukaiga,thicket with thorns,General,noun,O
orukarra,line,General,noun,O
orukiga,language of the Bakiga,General,noun,O
orukingi,curtain,General,noun,O
orukoba,"belt, rubber straps",General,noun,O
orukohe,eye-lash,General,noun,O
orukohi,eye-lash,General,noun,O
orukomera,fence,General,noun,O
orukoole,type of pea,General,noun,O
orukorooto,big black ant,General,noun,O
oruku,stick of firewood,General,noun,O
orukumu,finger,General,noun,O
orukurato,"meeting, council",General,noun,O
orukusa,permission,General,noun,O
orukuuku,pigeon pea,General,noun,O
oruro,millet grain,General,noun,O
orusa,permission,General,noun,O
orusansabagi,backyard of the house,General,noun,O
oruseke,"sucking vessel, straw",General,noun,O
oruseru,measles,Health & Medicine,noun,O
orusiika,inner room,General,noun,O
orusoga,castor oil tree,General,noun,O
orusoma,school term,Education And Learning,noun,O
orusozi,"hill, mountain",General,noun,O
orusu,roof,General,noun,O
orutaali,altar,General,noun,O
orutambo,stride. step,General,noun,O
orutimbe,curtain,General,noun,O
orutooro,language of the Batooro,General,noun,O
oruyonaani,Greek,General,noun,O
oruyudaaya,Hebrew,General,noun,O
oruzaaro,"birth, getting children, production",General,noun,O
oruzige,locust,Common Animals,noun,O
oruzito,a maggot,General,noun,O
orwakyo,"lowers, flowering stage",General,noun,O
orwange,mine,General,noun,O
orwato/orwatu,presence of many people,General,noun,O
orwemanyiisirize,familiarity,General,noun,O
orwemo,living room,General,noun,O
orwerere,"plain place, clear ground",General,noun,O
orweto,vocation,General,noun,O
orwezo,"bountiful harvest, fertility",General,noun,O
orwigi,door,General,noun,O
orwitale,Italian language,General,noun,O
orwogootooto,burning embers,General,noun,O
otaasane,goodbye,General,noun,O
otyo muno!,thank yuo very much,General,noun,O
otyo!,tell me,General,noun,O
owaamagezi,"wise, cleverperson",General,noun,O
owaamasano,"wonder-worker, conjurer, magician",General,noun,O
owaamaseege,poor person,General,noun,O
owalegalege,deep down,General,noun,O
owanyina,brother or sister,General,noun,O
owaanyuma,placenta after birth,General,noun,O
owente,"cattle keeper, herdsman",Common Animals,noun,O
owihali,jelous/bad hearted,General,noun,O
owibanja,debtor,General,noun,O
owiisaza,county chief,Governance And Administration,noun,O
owiltomo,"marksman, goodshot",General,noun,O
owoomurubuga,city dweller,General,noun,O
owoomuruganda,"relation, kinsman",General,noun,O
owoomuruka,parish chief,Governance And Administration,noun,O
owoomwihanga,citizen,General,noun,O
otakincwa,walking hurriedly and excitedly,General,noun,O
owekitinisa,prime minister,Politics And Current Affairs,noun,O
ow'igomborra,sub-county chief,Governance And Administration,noun,O
ow'isaza,county chief,Governance And Administration,noun,O
ow'omuruka,parish chief,Governance And Administration,noun,O
ow'oruganda,a clans person,General,noun,O
paap,pope,General,noun,P
paapai,intensive with,General,noun,P
paipya,"to chatter, speak carelessly",General,verb,P
Pakasa,to work for wages,Economics And Commerce,verb,P
pukonyo,See: MAISHO-ANA,General,noun,P
poosi,a sip of something,General,adjective,P
pata,hinge,General,noun,P
pamba,cotton,General,noun,P
pampa,"to deny, refuse",General,verb,P
pamparana,to meet unexpectedly,General,verb,P
pangisa,"to rent, hire",General,verb,P
paku,quickly and roughly,General,noun,P
pakupaku,quickly roughly,General,noun,P
papamuka,"to flap wings, flutter",General,verb,P
pataasi,chisel,General,noun,P
peepeepe,to be very bitter,General,verb,P
pekenya,"to gnaw, crunch",General,verb,P
piipiza,to fan,General,verb,P
pima,"to measure, weigh",General,verb,P
pipira,"to shake, shiver, tremble",General,verb,P
piripiri,pepper,General,noun,P
poliisi,police,General,noun,P
poositoofiisi,post office,General,noun,P
poso,food/ maize flour,General,noun,P
puku,"unaware, suddenly unexpectedly",General,noun,P
pukunapuku,unexpected visitor,General,noun,P
pukupuku,intensive with,General,noun,P
pumpu,"fright, terror, panic",General,noun,P
puucura,to pluck,General,verb,P
peterooli,petrol,Transport,noun,P
piki-piki,motorcycle,Transport,noun,P
pipa,barrel,General,noun,P
poopoopo,enchery dark,General,noun,P
pulaani,plan,General,noun,P
puku na puku,at once and unexpected,General,adverb,P
ibura,see .omubara,General,verb,Q
kibiogo,elephant grass. Pennies-Wm purpureum,General,noun,Q
kifunj,"-, papyrus. Cyp erus·papyn",General,noun,Q
mucence,otnugeye,General,noun,Q
mugando,Acacia stenoca1pa. See orugaodo,Nature & Environment,noun,Q
mugarama,large thorny tree,General,noun,Q
mugwamabere,Fagara spp. See omutatembwa,General,noun,Q
mubangabagenzi,omunywamaizi,General,noun,Q
muhogo,cassava,General,noun,Q
muhorro,", a forest tree",Nature & Environment,noun,Q
mubotora,teganotaenia ara!Tacea. See omultamagwenjojo,General,noun,Q
muhumbulya,Chrysosphyllum albidum. See onmruuru,General,noun,Q
mujana,a tree resembling omubimba,General,noun,Q
mukanaga,Hymenocardia acida. See omutabwankubebe,General,noun,Q
mukooga,Borassus tlabellifer,General,noun,Q
mukogoto,Pterygota.sp. See omukoko,General,noun,Q
mukoma,Desplatzia sp.(undescribed). Glyphana lateriflora,General,noun,Q
mukomakahanga,", =fo reg",General,noun,Q
mukunga,Balanites Wilsoniana. See orukoyo,General,noun,Q
mukusu,Mahogany. Entandrophragma angolense,Nature & Environment,noun,Q
mulere,tree fem. Cyathea dregei,General,noun,Q
muma,Mimusops sp,General,noun,Q
munyankwasi,Symphonia gabonensis.See cnkwasi,General,noun,Q
museke,bamboo. Arudianaria alpina,General,noun,Q
muswale,raffia palm,General,noun,Q
mwani,wild coffee. Coffea eugniodes.C.Rubusta,General,noun,Q
mweramaino,any long straigbt-spined acacia,Nature & Environment,noun,Q
mwikalirwangeye,Mahogany.Enrandraphragma cylindrium,Nature & Environment,noun,Q
raagira,to live on,General,verb,R
raaka,leave a curse,General,noun,R
raara,"to sit on(eggs), brood",General,verb,R
raaruka,come to an end,General,verb,R
raatiri,pound (pound),General,noun,R
raaza,"track to lair, reconnoitre",General,noun,R
rabukya,"to be sharp, smart",General,verb,R
ragaana,"to covenant together, agree",General,verb,R
raganiza,"to promise, covenant with",General,verb,R
ragara,"to drop, fall",General,verb,R
raha,to sound,General,verb,R
rahira,"to swear, vow",General,verb,R
rahukiriza,to do very quickly,General,verb,R
rabura,to provoke,General,verb,R
raiba,"to be high, tall",General,verb,R
raira,long,General,noun,R
ramba,lick,General,noun,R
rambaara,to attack,General,verb,R
rambiira,to lie down,General,verb,R
rambuura,stretch out,General,noun,R
ramukya,"to salute, greet",General,verb,R
randagataniza,to spin out,General,verb,R
randuka,"to be torn, broken",General,verb,R
rangaalika,to knock over,General,verb,R
rangaana,spread,General,noun,R
rangi,"colour, dye, paint",General,noun,R
rangira,to announce to,General,verb,R
ranjura,to tear,General,verb,R
rarama,to look up,General,verb,R
rarangya,to scatter.waste,General,verb,R
raruka,; to be independent,General,noun,R
rasa,"to draw bow,shoot at",General,verb,R
leeba,to see far off,General,verb,R
leeguka,"to unstring, get loose",General,verb,R
leenya,to shine,General,verb,R
leero,"so, now, well",General,noun,R
lega,to accuse secretly,General,verb,R
legeka,"fix, ready for grinding",General,noun,R
lehera,to compensate,General,verb,R
lehesa,to fine,General,verb,R
lemagana,"to be equal, draw",General,verb,R
lembeerra,"to comfort, soothe",General,verb,R
lemeeza,to make heavy burden,General,verb,R
lengasiniza,to compare with,General,verb,R
lengiija,"to be suspended, hang",General,verb,R
lengiiza,dangle,General,noun,R
lengwa,pass. of lenga,General,noun,R
lerembuka,to be turned up,General,verb,R
lerembura,to turn up,General,verb,R
lerembya,to be satsified,General,verb,R
libatiira,"to trample, tread",General,verb,R
ligasa,to lick,General,verb,R
liikana,"to play, frolic, spar",General,verb,R
liraine,"to share, be partners",General,verb,R
liri,silk,General,noun,R
liisa,"to feed, herd",General,verb,R
liiso likooto,creator,General,noun,R
lima,"to dig, to cultivate",General,verb,R
liroba,"to cover up, protect",General,verb,R
limbuura,"to find out, discover",General,verb,R
lindiirra,to wait for,General,verb,R
lindiriza,"to keep waiting, wait",General,verb,R
linguza,"to peep, peer",General,verb,R
liriira,weep over,General,noun,R
liza,to make weep,General,verb,R
rihango,scared royal spear,General,noun,R
riiba,"dove, pigeon",General,noun,R
riina,"den, hole",General,noun,R
riino,tooth,General,noun,R
riizi,iziga,General,noun,R
rofu,"dirty, filthy",General,noun,R
rogoisibwa,"to gossip, chatter",General,verb,R
rohooka,to be quenched,General,verb,R
roboora,to quench (thirst),General,verb,R
rokana,to choke,General,verb,R
roleereza,"gaze, stare",General,noun,R
roleka,to be visible,General,verb,R
rolekana,to be transparent,General,verb,R
romba,grow,General,noun,R
ronda,"to blame unceasingly, quarrelsome",General,verb,R
rondogora,to walk wanderingly,General,verb,R
rondogorwa,to gossip,General,verb,R
ronza,to follow a trail,General,verb,R
rooka,to pulsate,General,verb,R
roole,lorry,General,noun,R
roorraana,"to be clear, transparent",General,verb,R
roota,to dream,General,verb,R
rora,"to see, behold, find",General,verb,R
roronga,to be left alone,General,verb,R
roza,to tatse,General,verb,R
rra,"to weep, cry",General,verb,R
rubaasi,ramrod,General,noun,R
rubab,plantain leaf,General,noun,R
rubaju,side rib,General,noun,R
rubanga,the mucwezi oftwins,General,noun,R
rubazo,"conversation, speech",General,noun,R
rubbaaho,"board, plank,desk",General,noun,R
rubengo,"lower milestone, grand stoe",General,noun,R
rubiga,water of bot spring,General,noun,R
rubiika,new house,General,noun,R
rubingo,"reed, elephant grass",General,noun,R
rubogo,black he-goat,Common Animals,noun,R
ruboho,small packet (of salt.),General,noun,R
rubu,a tum,General,noun,R
rububa,"stubble, straw of oburo",General,noun,R
rububi,cream on scalded milk,General,noun,R
rubugo,barkcloth,General,noun,R
rubungo,requent and unauthorized vists,General,noun,R
rubuubi,light- grey bull,Common Animals,noun,R
rucaca,"multitude, abundance, great quantity",General,noun,R
ruceenyo,rheeumatism,General,noun,R
rucencede,"young locust, hopper",Common Animals,noun,R
rucooli,a skin disease,Health & Medicine,noun,R
rucumite,handful,General,noun,R
rucwamba,a couch creeping grass,General,noun,R
rucwanta,salivation,General,noun,R
rudengadenga,long legged lanky person,General,noun,R
rufu,death,General,noun,R
rufumo,"wise saying, parable, proverb",Storytelling And Narratives,noun,R
rufunjo,papyrus,General,noun,R
rufuruuto,thick wire bracelet,General,noun,R
rugaaju,See: GAAJU,General,noun,R
rugaatwa,cathedral,General,noun,R
rugali,"weaker, tray for winnowing",General,noun,R
rugambo,"rumour, chatter, empty talk",General,noun,R
ruganda,"tribe, clan, family",General,noun,R
rugembo,razor,General,noun,R
rugendero,rat track,Common Animals,noun,R
rugendo,"juorney, voyage, march",General,noun,R
rugeso,reaping-knife,General,noun,R
rugiga,joint,General,noun,R
rugisa,wooden charm,General,noun,R
rugobante,lesser bustard,General,noun,R
rugogo,packet containing medicine,General,noun,R
rugogoma,something very big,General,adjective,R
rogonjo,garden of plantains,General,noun,R
rugubyo,"potsherd, crock",General,noun,R
rugusuuru,clocynth,General,noun,R
ruguudo,"main road, street",General,noun,R
ruha,"to become exhausted, faint",General,verb,R
ruhaho,species of edible termite,Common Animals,noun,R
ruhambo,seed of gourd(pumpkin),General,noun,R
ruhanuura,"advise, counsel, conference",General,noun,R
ruhara,baldness,General,noun,R
ruhaso,forked iron stick,General,noun,R
ruhiihi,see kihiihi,General,verb,R
ruhiira,grass fire,General,noun,R
ruhimbo,divining rod,General,noun,R
rubindo,"needle, bodkin, pipe cleaner",General,noun,R
rubinduki,"mottled, goal",General,noun,R
ruhindura,change,General,noun,R
ruhinyo,"stretcher, litter, bier",General,noun,R
ruho,haze,General,noun,R
ruhogo,reddish brown bull,Common Animals,noun,R
ruhonderaniize,"talk rapidly, successively; chatter",General,verb,R
ruhongole,but for goats,General,noun,R
ruhu,"skin, hide",General,noun,R
rubuka,very small white worm,General,noun,R
ruhule,"shamelessness, carelessness, rudeness",General,noun,R
ruhumbo,"mould, mouldness",General,noun,R
rukara,black bull or ram,Common Animals,noun,R
rukaruka,to hand on traditon,General,verb,R
rukerenge,pinkish-coloured bull,Common Animals,noun,R
rukingyo,"curtain, diaphragm",General,noun,R
rukizi,spinal cord,General,noun,R
ruko,cluster of plantains,General,noun,R
rukohi,eyelash,General,noun,R
rukomera,"fence, barricade",General,noun,R
rukoni,species of euphorbia,Biology,noun,R
rukonkomoko,"slope of hill, descend",General,noun,R
rukoroza,very strong tobacco,General,noun,R
rukozi,a tall flowering grass,General,noun,R
ruku,"stick of firewood, logs",General,noun,R
rukube,packet (tired round.),General,noun,R
rukubo,"fold, pleat",General,noun,R
rukujajara,very stout person,General,noun,R
rukujuju,"roughness, erecthair or bristles",General,noun,R
rubuule,grain of millet,General,noun,R
rubuura,mottled grey bull,Common Animals,noun,R
ruhyora,light of patch skin,General,noun,R
rujai,egg plant,General,noun,R
rujagaate,very hairy ram,Common Animals,noun,R
rujegeju,continous ram,Common Animals,noun,R
rujegere,"chain, fetter",General,noun,R
rujeru,white ram,Common Animals,noun,R
rujogeza,name given to chatterbox,General,noun,R
ruju,grey hair,General,noun,R
rujungu,european language,General,noun,R
ruka,"to weave, plait, knit",General,verb,R
rukaaga,six hundred,General,noun,R
rukaaka,species of reed,Biology,noun,R
rukaarra,"line, row, verse",General,noun,R
rukaca,"scabies, dry skin rush",Health & Medicine,noun,R
rukaiga,nearly ripe pod,General,noun,R
rukanaakana,dewlap,General,noun,R
rukande,"camp, booth",General,noun,R
rukanduzo,rake,General,noun,R
rukanga,work of the house,General,noun,R
rukuuku,mange (of dogs),General,noun,R
rukukuuru,euphorbia,General,noun,R
rukumu,"finger, small potatoes",General,noun,R
rukungu,bull with no horns,Common Animals,noun,R
rukurato,"coucil, assembly, committee, conference",General,noun,R
rukuubiso,potters polisher,General,noun,R
rukuubo,passage,General,noun,R
rukuunya munzigu,sorrel,General,noun,R
rukuute,road,General,noun,R
rukwakwa,very severe scabies,Health & Medicine,noun,R
rukyakya,early morning,General,noun,R
rulebuzo,potter's polisher,General,noun,R
rulengo,"measurement, size",General,noun,R
rulera,umbilical cord,General,noun,R
rulimi,"tongue, language, accent",General,noun,R
rulinga,"wire, bracelet",General,noun,R
rulya,meal,General,noun,R
rulyo,"tribe, lineage",General,noun,R
ruma,bite,General,noun,R
rumaga,dragon fly,General,noun,R
rumba,"to be overgrown, attack",General,verb,R
rumboto,nightjar,General,noun,R
rumbugu,couch grass,General,noun,R
rumika,bleed by cupping,General,noun,R
rumira,to be gritty (food),General,verb,R
rumooma,giagantic,General,noun,R
rumuli,reed torch,General,noun,R
rumura,to give antidote,General,verb,R
runaana,eight hundred,General,noun,R
runaku,; stinging centipede,Common Animals,noun,R
runduka,reach out to,General,noun,R
rungereza,"English, language",General,noun,R
rungika,"anchor to steer, pilot",General,noun,R
runwa,"beak, bill",General,noun,R
runyaanya,tomato,General,noun,R
runyamalya,honey guide,General,noun,R
runyonyi,"large bird, peacock",Common Animals,noun,R
runyota,glowing embers,General,noun,R
runywero,drinking place for cattle,Common Animals,noun,R
rupapura,"paper, page",General,noun,R
rupiya,"rupee, florin",General,noun,R
rura,small intestine,General,noun,R
rurali,yam,General,noun,R
ruramago,"expedition, campaign, pilgrimage",General,noun,R
rurumuka,to rush together,General,verb,R
rurunkana,to be greedy,General,verb,R
rurusu,"salivation, watering of mouth",General,noun,R
rusabazi,side of house,General,noun,R
rusaka,"bush, shrub",Nature & Environment,noun,R
rusaniya,metal tray,General,noun,R
rusanja,seven hundred,General,noun,R
rusaro,"cut, rank (soldiers)",Military,noun,R
rusaya,"cheek, jaw",General,noun,R
rusenene,edible grasshopper,Common Animals,noun,R
ruseizere,species of termite,Common Animals,noun,R
ruseke,"pipe, tube",General,noun,R
rusengo,fetter of reeds,General,noun,R
rusense,scrotum,General,noun,R
rusenyi,"sandy, plain, gravel",General,noun,R
ruseru,measles,Health & Medicine,noun,R
rusiika,"wall, reed partition",General,noun,R
rusiina,brown bull,Common Animals,noun,R
rusinsa,unripe ear of millet,General,noun,R
rusoma,term,General,noun,R
rusondoigo,rain is drizzling,General,noun,R
rusooga,new moon,General,noun,R
rusooro,species of termite,Common Animals,noun,R
rusozi,"hill, mountain",General,noun,R
rusu,odour of the body,General,noun,R
rusullzo,whistle,General,noun,R
rusungu,see kisungu,General,verb,R
rusunsu,"crest, comb (of cock)",Common Animals,noun,R
rususu,skin,General,noun,R
rusuzi,wildcat,General,noun,R
rusweko,dusk,General,noun,R
ruswiga,vegetable,General,noun,R
rutabaaro,"expedition,journey; see tabaara",General,noun,R
rutaiki,white termtes,General,noun,R
rutambaisiga,nightjar(bird),General,noun,R
rutambi,"Lamp wick, tape",General,noun,R
rutenga,species of flying termites,Biology,noun,R
rutimba,dark brown bull,Common Animals,noun,R
rutindo,bridge,General,noun,R
rutumbwa,a tall flowering grass,General,noun,R
rotunda,"tuft, crest",General,noun,R
rutunga,puddle pool,General,noun,R
rutuuha,bird with long neck,General,noun,R
rutuutu,gooseberry,General,noun,R
rutwango,handle of shield,General,noun,R
rutwe,ear of millet,General,noun,R
ruuba,to mix,General,verb,R
ruula,ruler,General,noun,R
ruuru,pearl,General,noun,R
ruusi,female kid or lamb,Common Animals,noun,R
ruyenje,a spotted bull,Common Animals,noun,R
Ruyumbu,kind of song,General,noun,R
ruza,pubic hair,General,noun,R
ruzaaro,See: OruZAARO,General,noun,R
ruzige,locusts,General,noun,R
ruzinduko,early start on ajourney,General,noun,R
ruzingo,"cripple, stunted person",General,noun,R
rwabya,large winged ant,General,noun,R
rwadoka,lanky person,General,noun,R
rwa hyomere,inferior salt,General,noun,R
rwakaarraamire,inferior salt,General,noun,R
rugaba,God: the almighty,General,noun,R
ruhinda,dark brown he-goat,Common Animals,noun,R
rukaaga num,six hundred,General,noun,R
rukidi,the naked one,General,noun,R
rukirabasaija,greater than all men,General,noun,R
rukoroto,long line of animals,General,noun,R
rukumi n'ebibiri,one thousand two hundred,Mathematics,numeral,R
rukumi n'ekikumi,one thousand one hundred,Mathematics,numeral,R
rukumi n'emu,one thousand and one,Mathematics,numeral,R
rukumi,one thousand: 1000,Mathematics,noun,R
rumoma mahanga,attacker of nations,General,noun,R
ryari,when,General,adverb,R
rweziringa,thorn apple,General,noun,R
rweiguuga,a very big thing,General,noun,R
rwebandira,rebel. See: OMUHEEKYERA,General,noun,R
rwanyamusanda,See: ENJUBU,General,noun,R
rwakipumpuru,a serious cattle disease,Health & Medicine,noun,R
rwakibikindi,See: KIBIKINDI,General,noun,R
rwaheeru,God forbid,General,interjection,R
ruuha,which one,General,adjective,R
rutaromba,one who perseveres,General,noun,R
rutanyohoka,a cautious person,General,noun,R
rutangirira-bagyenyi,phr. a lazy person,General,noun,R
rutahikwa-mutozo,a large burrowing beetle,General,noun,R
rutahikwa-mutoozo,a molar tooth,General,noun,R
rutaari,See: RITAARI,General,noun,R
rusamaitu,See: KASHAMAITU,General,noun,R
ruriiya,that over there,General,pronoun,R
ruraka,See: MAHUMAHU,General,noun,R
runkunku,a habitual thief,General,noun,R
runcumite,one who gossips,General,noun,R
rukungu,a hornless bull,Common Animals,noun,R
rujwa-mireju,nasal bleeding,General,noun,R
rujuga,Adam's apple,General,noun,R
ruhondeeza,a slow lazy person,General,noun,R
ruhima-rwa-ndongo,a grasshopper specie,Common Animals,noun,R
ruhenure,abuses which include curses,General,noun,R
ruhega,famine,General,noun,R
ruhaya,a male goat,Common Animals,noun,R
ruharaatwa,one who plays about,General,noun,R
ruhamireeka,finger millet specie,General,noun,R
ruhaata,an old monkey,Common Animals,noun,R
rugungu,See: AKAHIMBA,General,noun,R
rucunya,a shiny person,General,noun,R
rucumu,a controversial figure,General,noun,R
rubosta,coffee specie,General,noun,R
rubarara,something very big,General,adjective,R
rubambansi,His magesty,General,noun,R
riya,the other one,General,adverb,R
ritaari,altar: a holy table,General,noun,R
rimu,it's there,General,adverb,R
riho,it is there,General,adjective,R
reero,then/so that,General,conjunction,R
raingwa,long,General,adjective,R
raijaraija,a part time job,General,noun,R
rahi,where?,General,adverb,R
ruwenzori,mountians of the moon,General,noun,R
rwakacaanya,large spieces of locust,Common Animals,noun,R
rwakipumpuli,disease of cattle,Common Animals,noun,R
rwamba,blood of dead animals,General,noun,R
rwana,"to fight, struggle, contend",General,verb,R
rwangaara,house without partitions,General,noun,R
rwanganga,clear open space,General,noun,R
rwangaratete,open space,General,noun,R
rwaniirra,to tight for,General,verb,R
rwanjale,in public,General,noun,R
rwanyamurabya,kind of dance,General,noun,R
rwasa,bull with white forehead,Common Animals,noun,R
rwatika,"crack, crevice",General,noun,R
rwebagyo,afternoon,General,noun,R
rwegati,third finger,General,noun,R
rwemanyisirizo,familiarity,General,noun,R
Rwempondo,Masindi Port,General,noun,R
rwenda,four hundred,General,noun,R
rwetamo,"repugnance, antipathy, disgust",General,noun,R
rwigi,door,General,noun,R
rwiguzo,pipe cleaner,General,noun,R
rwinamo,fee given to soothsayer,General,noun,R
rwoho,wooden basin,General,noun,R
rwokyo,burn,General,noun,R
rwoma,wire,General,noun,R
rwomere,barren ground,General,noun,R
rworo,silence,General,noun,R
rwoya,"steam, breath, air, perspiration",General,noun,R
lyakura,"to cheat, defraud",General,verb,R
lyalyata,irritate,General,noun,R
lyesalyesa,"to entice, persuade",General,verb,R
lyo,self-standing pron. for nouns,General,noun,R
ryahuurro,"store, treasury, granary",General,noun,R
ryambukiro,ford,General,noun,R
ryana,insolence;cheek,General,noun,R
ryaniko,airing-ground,General,noun,R
ryato,"canoe, boat",General,noun,R
ryegero,"class, school",General,noun,R
ryegesezo,class,General,noun,R
ryesereko,biding-place,General,noun,R
ryogero,"washing-pl ace, bathroom",General,noun,R
ryokezo,oven,General,noun,R
ryozi,edible gourd,General,noun,R
rwitamahanga,the scourge of nations,General,noun,R
saabu,mud,General,noun,S
saagiira,to remain over,General,verb,S
saagya,spread,General,noun,S
saaha,to clear jungle,General,verb,S
saaka,", black jacl.enyabarasana",General,noun,S
saama,"make ensaamo (barkcloth, mallets)",General,verb,S
saaniika,to patch old clothes,General,verb,S
saara,to be bitter,General,verb,S
saarra,"to cut off, prune",General,verb,S
saati,shirt,General,noun,S
saba,"to ask for, pray",General,verb,S
sabbaabo,target mark,General,noun,S
sabbuuni,soap,General,noun,S
sabiriza,"to beg, pester, bother",General,verb,S
safuliya,saucepan,General,noun,S
saganiza,to make rustle,General,verb,S
sagika,"to support, steady",General,verb,S
sahaani,"plate, dish",General,noun,S
sai,nothing as a reward,General,noun,S
sajwa,"barren cow,etc",Common Animals,noun,S
sakaara,thatch,General,noun,S
sakambura,to take off thatch,General,verb,S
sakurruuka,to come off (thatch),General,verb,S
sakuurra,"to unthatch, strip",General,verb,S
saluriza,to treat unjustly,General,verb,S
salika,o be cracked (skin),General,noun,S
sama,to bleed,General,verb,S
sambagana,to kick ooe another,General,verb,S
sambura,"to root up, stubble",General,verb,S
sambuorra,"unravel,unpick",General,noun,S
sambuuruuka,"to become undone,unraveled",General,verb,S
sandaara,"to sport, frolic,jest,joke",General,verb,S
sandaaza,"to tease,joke with",General,verb,S
sangiirra,to cover,General,verb,S
sansara,to scatter,General,verb,S
sanuurra,solve string trick,General,noun,S
sapeeho,"hat, helmet",General,noun,S
sapuli,rosary,General,noun,S
sara,to cut,General,verb,S
sarura,"carve, engrave",General,noun,S
sasangura,"to smash, bruise, crumble",General,verb,S
sasura,"to repay, compensate",General,verb,S
satu,three,General,noun,S
satura,to gnaw,General,verb,S
sayiri,barley,General,noun,S
sebenguka,to be smashed up,General,verb,S
seeguruka,to become well off,General,verb,S
seenya,to collect firewood,General,verb,S
seereera,"float, hover",General,noun,S
seesega,to fall gently (rain),General,verb,S
seetura,drive (cattle) to pasture,Common Animals,noun,S
sega,vulture,Common Animals,noun,S
segeeto,divining-rod,General,noun,S
segenyuka,mash,General,noun,S
segya,"to move away,push along",General,verb,S
sehenya,to act as midwife,Health & Medicine,verb,S
sekeerraana,to jest,General,verb,S
sekura,"pond, crush",General,noun,S
semaaniini,calico (second quality),General,noun,S
sembuurra,"to uncover, undo,unwind",General,verb,S
sengesa,to engage (a servant),General,verb,S
sengiija,"to strain, filter",General,verb,S
sengujura,"to smash, beat hard",General,verb,S
senguka,migrate,General,noun,S
sengura,to take away captive,General,verb,S
sensebura,to tear into strips,General,verb,S
sente,money,General,noun,S
seraseza,"wag (tongue), shuffie(feet)",General,noun,S
serebeza,to overcook,General,verb,S
serumbeeti,European drum,General,noun,S
sesemwa,"to retch, feel sick",General,verb,S
setaani,"evil spirit, demon",General,noun,S
sibika,; to tether,General,noun,S
sibuurra,to untether,General,verb,S
sibwa,beer three days old,General,noun,S
sibya,to use for tying,General,verb,S
sigaza,"to refuse, grudge",General,verb,S
siiburuka,break a fast,General,noun,S
siigasiiga,to entreat,General,verb,S
siibana,to commit adultery,General,verb,S
siihura,to cause to fade,General,verb,S
siika,to fry,General,verb,S
siikooma,"to be stubborn, obstinate",General,verb,S
siikura,make walls or partitions,General,verb,S
slikuuka,"be rough (lake, sea)",General,verb,S
siiriiza,"to scorch, char, burn",General,verb,S
siisa,"to do wrong, sin;spoil",General,verb,S
siisiisi,extremely black,General,adjective,S
siisikara,to become spoiled,General,verb,S
sikaafu,scarf,General,noun,S
sikina,hiccup,General,noun,S
sikinyiza,"to shake about, waggle",General,verb,S
sikira,to attack again. recur,General,verb,S
sikoko,turkey,Common Animals,noun,S
sikuka,to be pulled forcibly,General,verb,S
sikura,to pull forcibly,General,verb,S
sima,to beckon,General,verb,S
simbira,to leave with (pledge),General,verb,S
sindika,"push, send away",General,noun,S
sinduka,to be uprooted,General,verb,S
singa,honour,General,noun,S
singisa,to wear many necklaces,General,verb,S
singura,to overcome,General,verb,S
singwa,"to fail, be defeated",General,verb,S
siraamoka,to tum to Mohammedan,General,verb,S
siraasa,slasher,General,noun,S
siriita,"to rub hard, press",General,verb,S
sirika,to prevent,General,verb,S
sirimuka,to descend,General,verb,S
sirimura,"to lower, bring down",General,verb,S
sisaniza,"to liken to, compare",General,verb,S
sisiima,"to scrape, cure (hides)",General,verb,S
sisiimuka,"to awake, recover consciousness",General,verb,S
sisiimura,"to waken, rouse",General,verb,S
sitenseni,"round about, junction",General,noun,S
situka,to break out (rash),General,verb,S
siza,cool,General,noun,S
soba,"to be wrong, defective",General,verb,S
sobera,"to baffle, perplex",General,verb,S
soberaniza,(pf.soberaniize); = foreg,General,noun,S
sobeza,"perplex, disappoint",General,noun,S
soboka,"to be possible, manageable",General,verb,S
sobozesa,to enable,General,verb,S
sodooka,sit down comfortably,General,noun,S
sokasoka,"to urge on, incite",General,verb,S
sokisi,socks,General,noun,S
somangana,"to wrangle, henpeck",General,verb,S
sombooka,to go in crowds,General,verb,S
someekeerra,"to repair, thatch",General,verb,S
someka,"to insert, slip in",General,verb,S
somesa,"to teach, conduct service",General,verb,S
somoorra,bear fruits (beans),General,noun,S
somya,to drink with accompanment,General,verb,S
sondera,"to weaken, sap strength",General,verb,S
sondokora,"to disturb,worry, bully",General,verb,S
sonjoora,to chop up,General,verb,S
soobooka,to creep away,General,verb,S
sookooma,to be insolent,General,verb,S
soomi,with no horns (animal),General,noun,S
soonereza,"to do slowly, persuade",General,verb,S
soonoora,to take away quietly,General,verb,S
soorrookana,"to assemble, gather together",General,verb,S
soronga,to walk single file,General,verb,S
sorooza,"to collect, gather together",General,verb,S
soza,to collect taxes,General,verb,S
subiiriza,"to imitate, mimic",General,verb,S
suka,"impoverish, degrade",General,noun,S
sukaali,sugar/sweet banana,General,noun,S
sukirana,to be angry,General,verb,S
sukuma,to knock out,General,verb,S
sukumara,"to be lonely, solitary",General,verb,S
Sukuukuru,Christmas day,General,noun,S
sukuunira,to have swollen cheeks,General,verb,S
suliza,to whistle,General,verb,S
sumba,herd cattle (for wages),Economics And Commerce,noun,S
sumuurra,"to open, unlock, unie",General,verb,S
suna,to pinch,General,verb,S
sungamiriza,to gaze at longingly,General,verb,S
sunsa,to toss,General,verb,S
sununura,"to make ill, demoralize",General,verb,S
supu,soup,General,noun,S
suruuru,pick axe,General,noun,S
sosuuka,to peel off(eg skin.),General,verb,S
suugisa,exile,General,noun,S
suukuka,"to uncover, revealed, open",General,verb,S
suukura,"to uncover, expose, reveal",General,verb,S
suuleeba,"to dangle, hang, suspend",General,verb,S
suurra,uncover,General,noun,S
suusa,pass form. suuswa,General,noun,S
suusi,foetal dung(of animals.),General,noun,S
suusuuba,to be suspended,General,verb,S
swenkati,your paternal aunt,General,noun,S
swera,marry,General,noun,S
swerana,to marry,General,verb,S
swerangana,marry (of two people),General,noun,S
swerwa,to be married,General,verb,S
sweza,to cause to marry,General,verb,S
sabbiiti,day of worship,General,noun,S
sande,Sunday,General,noun,S
seminti,cement,General,noun,S
siina,dark brown,General,adjective,S
siira,"banana, red in color",General,noun,S
sikuukururu,Christmas,General,noun,S
sineema,cinema,General,noun,S
siringi,shilling,Economics And Commerce,noun,S
sirupande,a pole placed across,General,adjective,S
sirisiri,a very black colour,General,adjective,S
siriri,very black,General,noun,S
sikuukuru,See: NOHIRI,General,noun,S
siisi,very black,General,adjective,S
soimwe,refering to many,General,noun,S
sinta,may be,General,interjection,S
semba  obureku,a banana specie,General,noun,S
shana,may be or perhaps,General,conjunction,S
samaitu,See: KASHAMAITU,General,noun,S
senturumwa,See: SENTURUMA,General,noun,S
seeri-mayanja,See: NSEERI-MAYANJA,General,noun,S
seeri,See: NSEERI,General,noun,S
switi,sweet,General,noun,S
taaba,tobacco,General,noun,T
taagataagura,"to tear inpieces, devour",General,verb,T
taabirirwa,"be sulky, sullen",General,verb,T
taahirwa,to have guests/visitors,General,verb,T
taamura,to tear,General,verb,T
taano,five,General,noun,T
taara,"lantern, lamp",General,noun,T
tabaarra,to fetch,General,verb,T
tabaarukya,welcome,General,noun,T
tabanganiza,to mix together,General,verb,T
tabika,"; to mix,join together",General,noun,T
tabya,to create a wrangle,General,verb,T
tadooba,small kerosene lamp,General,noun,T
taga,"to be happy, carefree",General,verb,T
tagaija,"to be frolicsome, gay",General,verb,T
tagasa,"to beat, warm up",General,verb,T
taiga,to go many times,General,verb,T
taito,small,General,noun,T
taliga,to be busy,General,verb,T
tambikiza,stride,General,noun,T
tamiro,"drunkenness,intoxication",General,noun,T
tanaka,to vomit,General,verb,T
tananuka,inconvincible,General,noun,T
tandaaza,to spread (e.g. cement),General,verb,T
tandama,"to stand astride,kneel withlegsapart",General,verb,T
tangs,"to forbid, stop, prevent",General,verb,T
tangaana,to meet,General,verb,T
tanukiira,to pick a quarrel,General,verb,T
tarantuka,to stagger,General,verb,T
taruka,to trip up,General,verb,T
tata,to spy on,General,verb,T
teba,"hox, call without reason",General,noun,T
tebeza,"to inform, tell, preach",General,verb,T
tebya,"converse, narrate, tell news",General,noun,T
teebeereza,"to guess, speculate",General,verb,T
teebwa,be confinned (church rite),General,verb,T
teega,to gird(another),General,verb,T
teekaniza,"to prepare, make ready",General,verb,T
teekera,to sharpen {knife),General,verb,T
teekereza,"to think, consider, suppose",General,verb,T
teerangana,to beat one another,General,verb,T
teereerra,stir up urge,General,noun,T
teerereza,"to deny, oppose, contradict",General,verb,T
teete,lemon grass,General,noun,T
tegeekaniza,to make an attempt,General,verb,T
tegeijuka,to grow luxuriantly,General,verb,T
tegereza,to wait for expectantly,General,verb,T
teka,"to be level, straight",General,verb,T
televizoni,television,General,noun,T
tematemura,to tear to pieces,General,verb,T
tembeeka,to accuse falsely,General,verb,T
tengeneka,"; to steady, balance",General,noun,T
tenta,to roll,General,verb,T
tereekeriire,"level, smooth, straight,flat",General,noun,T
tereekeerra,"to be straight, flat,level",General,verb,T
tereekereza,to make level,General,verb,T
terenganiza,"to lie, talk deceitfully",General,verb,T
teruteru,very slippery,General,noun,T
tetera,to give,General,verb,T
tigita,to tickle,General,verb,T
tiikuruka,to grow tired of,General,verb,T
tiima,"chop small, mince",General,noun,T
tiitiira,"to cheep, twitter",General,verb,T
tiitiiro,"very small, wee",General,noun,T
tiiza,"to lend, borrow (notmoney)",General,verb,T
timbun,to beat,General,verb,T
tintima,"to shake about, waddle",General,verb,T
tintimya,to frighten,General,verb,T
tira,water(as potatoes.),General,noun,T
tiriiha,"play, gamble, caper",General,noun,T
toboka,"speak irrationally, talk randomly",General,verb,T
togatoga,to walk about naked,General,verb,T
togolekwa,to speak incoberently,General,verb,T
togonyora,"to crush, squash",General,verb,T
togota,to bubble (when boiling),General,verb,T
toija,till,General,noun,T
toka,to shout,General,verb,T
toko,to shout,General,verb,T
tokomera,t. bubble with beat,General,noun,T
tondera,"to explain, tell all",General,verb,T
tondooka,"split open (beans, peas)",General,noun,T
tonganiirra,to plead for another,General,verb,T
tontera,"dive, down, descend",General,noun,T
tontorrooma,"to gmmble, murmur",General,verb,T
toonyeerra,to drizzle,Nature & Environment,verb,T
toorra,"to weed (bean, millet)",General,verb,T
toorwa,"to be lewd, lascivious",General,verb,T
toroogo,still-born child or animal,General,adverb,T
torotoro,stand erect,General,noun,T
totatota,"to relapse, grow weak",General,verb,T
tugunduka,to protrude,General,verb,T
tugunjuka,to be squashed,General,verb,T
tugunya,"to tread on, squash",General,verb,T
tuka,"to defame, run down",General,verb,T
tukiriza,"to pester, importune",General,verb,T
tooro,sister to a chief,General,noun,T
twenka,only us,General,adjective,T
twena,all of us,General,adjective,T
turiya,those ones,General,adjective,T
tubura,a certain plant specie,General,noun,T
tsoi-tsoi,birds sound/singing,General,adjective,T
tikwo,not so?,General,conjunction,T
tayaari,to be ready,General,adjective,T
tuku,parrot 's taH,General,noun,T
tukuma,"to tremble, shiver",General,verb,T
tukumira,shiver particularly of fever,General,noun,T
tukura,to be red,General,verb,T
tulingika,to lie,General,verb,T
tuma,"to send,send for",General,verb,T
tumbisa,cause to rise,General,noun,T
tumiriiza,to keep on sending,General,verb,T
tuna,to stretch(e.g. limbs),General,verb,T
tunda,to sell,General,verb,T
tundubaale,"tarpaulin, ground sheet",General,noun,T
tunduka,";to protrude, stick out",General,noun,T
tunguka,to grow tall,General,verb,T
tungununa,to taste sour,General,verb,T
tunguuta,"to shake, wooble",General,verb,T
tunguutana,to perspire,General,verb,T
tuntumuka,to grow very fast,General,verb,T
tunuurra,"to gaze at, behold",General,verb,T
turuukana,to pass right through,General,verb,T
tutubara,to swell when soaked,General,verb,T
tuuba,"to be gluttonous, voracious",General,verb,T
tuukuurra,"to undo (beadwork), untie",General,verb,T
tuumma,to heap up,General,verb,T
tuumuuka,ascend (smoke),General,noun,T
tuurra,to infect,General,verb,T
tuutu,"sweat, perspiration",General,noun,T
tuuya,to sweat,General,verb,T
tuuza,to die,General,verb,T
twekwa,to conceive (by fornication),General,verb,T
tyangya,to brandish,General,verb,T
tyetyemura,"to cut, tear",General,verb,T
uuh,indicates an affirmative response,General,interjection,U
uma,fork,General,noun,U
waabu,relative,General,noun,W
waizikya,moster,General,noun,W
wamala,chwezi god for plenty,Culture And Tradition,noun,W
wamara,accomplished,General,noun,W
webare,thank you,General,noun,W
Waanyu,your relative,General,noun,W
waaro,"cotton plant, raw cotton",General,noun,W
wadibu,beer four days old,General,noun,W
wabimbiri,viper,Common Animals,noun,W
waiburu,very large carrion-eating bird,General,noun,W
wakonga,"pangolin, scaly ant eater",Common Animals,noun,W
walifu,the alphabet,General,noun,W
warairaha,to bring to nothing,General,verb,W
weebale,"wwell done, thank you",General,noun,W
weewe,you there,General,noun,W
weza,that was the truth,General,noun,W
wezaakwo,"so, that is it",General,noun,W
wiitwale,"colonialist, parish chief",Governance And Administration,noun,W
wooruganda,member of the clan,General,noun,W
wiidi,undiluted banana juice,General,noun,W
wandandara,big and not shaped,General,adjective,W
wambuba,a shrub,Nature & Environment,noun,W
wakame,See: AKAME,General,noun,W
wiiki,week,General,noun,W
yamba,"to help, aid",General,verb,Y
yangoromora,south wind,General,noun,Y
yesu,Jesus,General,noun,Y
yonjo,clean,General,noun,Y
Yekaru,the Jewish Temple,General,noun,Y
yoojwa,grass,General,noun,Y
yooka,to go all together,General,verb,Y
yuga,to become loose,General,verb,Y
yunganiza,to join together,General,verb,Y
zaana,to play,General,verb,Z
zaaranwa,to have common percentage,General,verb,Z
zabbuli,psalm,General,noun,Z
zaitura,"to beat, flog",General,verb,Z
zamba,to be spoilt,General,verb,Z
zengazenga,to stagger about,General,verb,Z
zengeerra,"to be dizzy,giddy",General,verb,Z
zibiiriza,to shut (eyes),General,verb,Z
zibuurra,"regain sight, open (eyes)",General,noun,Z
zigaija,to bear the first-born,General,verb,Z
zigati,courtyard compound,General,noun,Z
zigiisiirra,rub,General,noun,Z
zigi zigi,to be black,General,verb,Z
zigusura,to swing around,General,verb,Z
ziguza,"to put round, surround",General,verb,Z
ziha,to swim be deep,General,verb,Z
ziika,;to bury,General,noun,Z
ziikiira,to bury (beer),General,verb,Z
ziikura,"to dig up, exhume",General,verb,Z
zisuura,leer at,General,noun,Z
zina,"to sing, dance",General,verb,Z
zinguurra,"to untwist, unwind, unroll",General,verb,Z
zirikubona,woe unto thee! curse,General,noun,Z
ziringitiirra,"; to wind'eyes,sticks)",General,noun,Z
ziringura,throw(in wrestling),General,noun,Z
zirwaitura,"to beat, flog",General,verb,Z
zitira,to enclose,General,verb,Z
zizambuka,"to feel sick, retch",General,verb,Z
zizimbura,"to make sick, nauseate",General,verb,Z
zibure-nkurye,a leather bag,General,noun,Z
zinu,these ones,General,noun,Z
zoona,all of them,General,noun,Z
